source_layer,source_pos,source_feature,source_type,target_layer,target_pos,target_feature,target_type,original_activation,modified_activation,activation_change,steering_scale,reduction_ratio,target_node_str,steering_nodes_count
0,3,10273,lorsa,0,3,13486,transcoder,2.0739755630493164,0.821141242980957,-1.2528343200683594,0.0,-0.6040738099278022,"Node(id=1_13486_3, type=transcoder, layer=0, feature=13486, pos=3)",1
0,3,10273,lorsa,1,3,853,transcoder,1.2332260608673096,0.5415614247322083,-0.6916646361351013,0.0,-0.5608579465541491,"Node(id=3_853_3, type=transcoder, layer=1, feature=853, pos=3)",1
0,3,10273,lorsa,2,3,1,transcoder,0.9149532318115234,0.5819225907325745,-0.333030641078949,0.0,-0.36398651810823035,"Node(id=5_1_3, type=transcoder, layer=2, feature=1, pos=3)",1
0,3,10273,lorsa,2,43,16294,transcoder,0.3670580983161926,0.287579745054245,-0.07947835326194763,0.0,-0.2165279927797236,"Node(id=5_16294_43, type=transcoder, layer=2, feature=16294, pos=43)",1
0,3,10273,lorsa,13,57,4451,transcoder,0.19393160939216614,0.1384410411119461,-0.05549056828022003,0.0,-0.28613472787722644,"Node(id=27_4451_57, type=transcoder, layer=13, feature=4451, pos=57)",1
0,3,10273,lorsa,14,36,8968,lorsa,0.9133227467536926,0.7046177387237549,-0.20870500802993774,0.0,-0.22851178159282381,"Node(id=28_8968_36, type=lorsa, layer=14, feature=8968, pos=36)",1
0,9,7465,lorsa,0,9,12663,transcoder,1.3602796792984009,0.42390087246894836,-0.9363788068294525,0.0,-0.6883722671740666,"Node(id=1_12663_9, type=transcoder, layer=0, feature=12663, pos=9)",1
0,9,7465,lorsa,1,9,10107,transcoder,0.8327892422676086,0.4054836630821228,-0.42730557918548584,0.0,-0.513101703886054,"Node(id=3_10107_9, type=transcoder, layer=1, feature=10107, pos=9)",1
0,14,8352,lorsa,0,14,8178,transcoder,0.499489426612854,0.09023014456033707,-0.40925928205251694,0.0,-0.8193552460715591,"Node(id=1_8178_14, type=transcoder, layer=0, feature=8178, pos=14)",1
0,14,8352,lorsa,1,14,8308,lorsa,1.677754521369934,0.0,-1.677754521369934,0.0,-1.0,"Node(id=2_8308_14, type=lorsa, layer=1, feature=8308, pos=14)",1
0,14,8352,lorsa,2,14,7624,lorsa,4.371225357055664,3.475221633911133,-0.8960037231445312,0.0,-0.20497770074889354,"Node(id=4_7624_14, type=lorsa, layer=2, feature=7624, pos=14)",1
0,18,13967,lorsa,0,18,3216,transcoder,1.4331992864608765,0.6992015838623047,-0.7339977025985718,0.0,-0.5121393162364015,"Node(id=1_3216_18, type=transcoder, layer=0, feature=3216, pos=18)",1
0,18,13967,lorsa,1,18,14853,transcoder,0.5421252250671387,0.281039834022522,-0.2610853910446167,0.0,-0.481596094356766,"Node(id=3_14853_18, type=transcoder, layer=1, feature=14853, pos=18)",1
0,20,10079,lorsa,0,20,4675,transcoder,1.4636274576187134,1.1406975984573364,-0.32292985916137695,0.0,-0.22063665004397776,"Node(id=1_4675_20, type=transcoder, layer=0, feature=4675, pos=20)",1
0,21,13967,lorsa,0,21,3216,transcoder,1.5138540267944336,0.7793757319450378,-0.7344782948493958,0.0,-0.4851711471842791,"Node(id=1_3216_21, type=transcoder, layer=0, feature=3216, pos=21)",1
0,21,13967,lorsa,1,21,612,transcoder,0.636751115322113,0.48649540543556213,-0.1502557098865509,0.0,-0.23597243298198403,"Node(id=3_612_21, type=transcoder, layer=1, feature=612, pos=21)",1
0,21,13967,lorsa,1,21,14853,transcoder,0.7213744521141052,0.43336114287376404,-0.2880133092403412,0.0,-0.3992563202041205,"Node(id=3_14853_21, type=transcoder, layer=1, feature=14853, pos=21)",1
0,21,13967,lorsa,1,36,9415,transcoder,0.25213298201560974,0.18141601979732513,-0.0707169622182846,0.0,-0.28047485756507046,"Node(id=3_9415_36, type=transcoder, layer=1, feature=9415, pos=36)",1
0,27,5613,lorsa,0,27,1858,transcoder,0.13156788051128387,0.0,-0.13156788051128387,0.0,-1.0,"Node(id=1_1858_27, type=transcoder, layer=0, feature=1858, pos=27)",1
0,27,5613,lorsa,0,27,2299,transcoder,0.2060469388961792,0.1285231113433838,-0.07752382755279541,0.0,-0.37624352959622137,"Node(id=1_2299_27, type=transcoder, layer=0, feature=2299, pos=27)",1
0,27,5613,lorsa,1,36,11610,lorsa,2.015192985534668,1.3665038347244263,-0.6486891508102417,0.0,-0.3218992699292929,"Node(id=2_11610_36, type=lorsa, layer=1, feature=11610, pos=36)",1
0,27,5613,lorsa,1,36,4185,transcoder,0.18272526562213898,0.13447421789169312,-0.04825104773044586,0.0,-0.264063360729901,"Node(id=3_4185_36, type=transcoder, layer=1, feature=4185, pos=36)",1
0,27,6051,lorsa,0,27,2299,transcoder,0.2060469388961792,0.1444104164838791,-0.06163652241230011,0.0,-0.29913825821676915,"Node(id=1_2299_27, type=transcoder, layer=0, feature=2299, pos=27)",1
0,27,6051,lorsa,1,36,11570,lorsa,1.0531909465789795,0.803806483745575,-0.24938446283340454,0.0,-0.23678940997685743,"Node(id=2_11570_36, type=lorsa, layer=1, feature=11570, pos=36)",1
0,27,6051,lorsa,1,36,11610,lorsa,2.015192985534668,1.602832555770874,-0.41236042976379395,0.0,-0.20462577664956844,"Node(id=2_11610_36, type=lorsa, layer=1, feature=11610, pos=36)",1
0,27,7213,lorsa,0,27,1858,transcoder,0.13156788051128387,0.0,-0.13156788051128387,0.0,-1.0,"Node(id=1_1858_27, type=transcoder, layer=0, feature=1858, pos=27)",1
0,27,7213,lorsa,0,27,2299,transcoder,0.2060469388961792,0.1352510303258896,-0.07079590857028961,0.0,-0.3435911688353765,"Node(id=1_2299_27, type=transcoder, layer=0, feature=2299, pos=27)",1
0,27,7213,lorsa,0,27,3225,transcoder,0.5350053906440735,0.0,-0.5350053906440735,0.0,-1.0,"Node(id=1_3225_27, type=transcoder, layer=0, feature=3225, pos=27)",1
0,27,7213,lorsa,1,27,717,lorsa,1.5373047590255737,0.0,-1.5373047590255737,0.0,-1.0,"Node(id=2_717_27, type=lorsa, layer=1, feature=717, pos=27)",1
0,27,7213,lorsa,1,36,11610,lorsa,2.015192985534668,0.0,-2.015192985534668,0.0,-1.0,"Node(id=2_11610_36, type=lorsa, layer=1, feature=11610, pos=36)",1
0,27,7213,lorsa,1,27,10637,transcoder,0.4732305109500885,0.2082650363445282,-0.2649654746055603,0.0,-0.5599078429528948,"Node(id=3_10637_27, type=transcoder, layer=1, feature=10637, pos=27)",1
0,27,7213,lorsa,1,36,2693,transcoder,0.40440571308135986,0.24167820811271667,-0.1627275049686432,0.0,-0.4023867608811576,"Node(id=3_2693_36, type=transcoder, layer=1, feature=2693, pos=36)",1
0,27,7213,lorsa,1,36,3332,transcoder,0.6595491766929626,0.44227170944213867,-0.21727746725082397,0.0,-0.3294333082792586,"Node(id=3_3332_36, type=transcoder, layer=1, feature=3332, pos=36)",1
0,27,7213,lorsa,1,36,4185,transcoder,0.18272526562213898,0.0,-0.18272526562213898,0.0,-1.0,"Node(id=3_4185_36, type=transcoder, layer=1, feature=4185, pos=36)",1
0,27,7213,lorsa,1,36,9415,transcoder,0.25213298201560974,0.0,-0.25213298201560974,0.0,-1.0,"Node(id=3_9415_36, type=transcoder, layer=1, feature=9415, pos=36)",1
0,27,7213,lorsa,2,36,3155,lorsa,4.220008850097656,2.0785868167877197,-2.1414220333099365,0.0,-0.5074449152542373,"Node(id=4_3155_36, type=lorsa, layer=2, feature=3155, pos=36)",1
0,27,7213,lorsa,2,36,8480,transcoder,0.4812658429145813,0.3806462287902832,-0.1006196141242981,0.0,-0.20907283491165365,"Node(id=5_8480_36, type=transcoder, layer=2, feature=8480, pos=36)",1
0,27,7213,lorsa,2,36,13998,transcoder,0.6966379284858704,0.5055398344993591,-0.19109809398651123,0.0,-0.27431479994472796,"Node(id=5_13998_36, type=transcoder, layer=2, feature=13998, pos=36)",1
0,27,7213,lorsa,2,36,15667,transcoder,0.26635974645614624,0.20388220250606537,-0.06247754395008087,0.0,-0.2345607577020548,"Node(id=5_15667_36, type=transcoder, layer=2, feature=15667, pos=36)",1
0,27,7213,lorsa,2,43,16294,transcoder,0.3670580983161926,0.2720077335834503,-0.09505036473274231,0.0,-0.25895182579751624,"Node(id=5_16294_43, type=transcoder, layer=2, feature=16294, pos=43)",1
0,27,7213,lorsa,3,36,13706,transcoder,0.7337140440940857,0.5286722183227539,-0.2050418257713318,0.0,-0.27945740908434735,"Node(id=7_13706_36, type=transcoder, layer=3, feature=13706, pos=36)",1
0,27,7213,lorsa,11,42,4503,lorsa,3.0655462741851807,2.1458168029785156,-0.919729471206665,0.0,-0.3000213955182028,"Node(id=22_4503_42, type=lorsa, layer=11, feature=4503, pos=42)",1
0,27,7213,lorsa,12,52,13529,lorsa,1.9571092128753662,1.5358030796051025,-0.42130613327026367,0.0,-0.21526960810290435,"Node(id=24_13529_52, type=lorsa, layer=12, feature=13529, pos=52)",1
0,27,7213,lorsa,13,57,4451,transcoder,0.19393160939216614,0.13947653770446777,-0.054455071687698364,0.0,-0.28079523424971936,"Node(id=27_4451_57, type=transcoder, layer=13, feature=4451, pos=57)",1
0,27,7213,lorsa,14,36,8968,lorsa,0.9133227467536926,0.6684916615486145,-0.24483108520507812,0.0,-0.2680663391723286,"Node(id=28_8968_36, type=lorsa, layer=14, feature=8968, pos=36)",1
0,27,7465,lorsa,0,27,3225,transcoder,0.5350053906440735,0.1978999227285385,-0.337105467915535,0.0,-0.6300973295048597,"Node(id=1_3225_27, type=transcoder, layer=0, feature=3225, pos=27)",1
0,27,7465,lorsa,0,27,12663,transcoder,1.3561315536499023,0.4014173150062561,-0.9547142386436462,0.0,-0.7039982486021518,"Node(id=1_12663_27, type=transcoder, layer=0, feature=12663, pos=27)",1
0,27,7465,lorsa,1,27,10331,lorsa,1.7965729236602783,0.7369283437728882,-1.0596445798873901,0.0,-0.5898143993668263,"Node(id=2_10331_27, type=lorsa, layer=1, feature=10331, pos=27)",1
0,27,7465,lorsa,1,36,11570,lorsa,1.0531909465789795,0.0,-1.0531909465789795,0.0,-1.0,"Node(id=2_11570_36, type=lorsa, layer=1, feature=11570, pos=36)",1
0,27,7465,lorsa,1,36,11610,lorsa,2.015192985534668,0.0,-2.015192985534668,0.0,-1.0,"Node(id=2_11610_36, type=lorsa, layer=1, feature=11610, pos=36)",1
0,27,7465,lorsa,1,36,11614,lorsa,4.405508518218994,3.064826011657715,-1.3406825065612793,0.0,-0.30431958104651996,"Node(id=2_11614_36, type=lorsa, layer=1, feature=11614, pos=36)",1
0,27,7465,lorsa,1,27,6145,transcoder,0.32217714190483093,0.2470274269580841,-0.07514971494674683,0.0,-0.23325588681566234,"Node(id=3_6145_27, type=transcoder, layer=1, feature=6145, pos=27)",1
0,27,7465,lorsa,1,27,10637,transcoder,0.4732305109500885,0.0,-0.4732305109500885,0.0,-1.0,"Node(id=3_10637_27, type=transcoder, layer=1, feature=10637, pos=27)",1
0,27,7465,lorsa,1,27,12270,transcoder,0.4896550476551056,0.0,-0.4896550476551056,0.0,-1.0,"Node(id=3_12270_27, type=transcoder, layer=1, feature=12270, pos=27)",1
0,27,7465,lorsa,1,36,3332,transcoder,0.6595491766929626,0.319833368062973,-0.3397158086299896,0.0,-0.515072750652733,"Node(id=3_3332_36, type=transcoder, layer=1, feature=3332, pos=36)",1
0,27,7465,lorsa,1,36,4098,transcoder,0.3550102114677429,0.23518259823322296,-0.11982761323451996,0.0,-0.3375328634607678,"Node(id=3_4098_36, type=transcoder, layer=1, feature=4098, pos=36)",1
0,27,7465,lorsa,1,36,4185,transcoder,0.18272526562213898,0.0,-0.18272526562213898,0.0,-1.0,"Node(id=3_4185_36, type=transcoder, layer=1, feature=4185, pos=36)",1
0,27,7465,lorsa,1,36,4314,transcoder,0.5429596900939941,0.18913280963897705,-0.3538268804550171,0.0,-0.6516632577158068,"Node(id=3_4314_36, type=transcoder, layer=1, feature=4314, pos=36)",1
0,27,7465,lorsa,1,36,9415,transcoder,0.25213298201560974,0.0,-0.25213298201560974,0.0,-1.0,"Node(id=3_9415_36, type=transcoder, layer=1, feature=9415, pos=36)",1
0,27,7465,lorsa,1,36,10566,transcoder,0.5374178886413574,0.30092036724090576,-0.23649752140045166,0.0,-0.4400626149574951,"Node(id=3_10566_36, type=transcoder, layer=1, feature=10566, pos=36)",1
0,27,7465,lorsa,2,27,11240,lorsa,2.4353044033050537,1.0246514081954956,-1.410652995109558,0.0,-0.5792511988214294,"Node(id=4_11240_27, type=lorsa, layer=2, feature=11240, pos=27)",1
0,27,7465,lorsa,2,36,3083,lorsa,2.1323702335357666,0.0,-2.1323702335357666,0.0,-1.0,"Node(id=4_3083_36, type=lorsa, layer=2, feature=3083, pos=36)",1
0,27,7465,lorsa,2,36,3155,lorsa,4.220008850097656,0.7950783967971802,-3.424930453300476,0.0,-0.8115931920903955,"Node(id=4_3155_36, type=lorsa, layer=2, feature=3155, pos=36)",1
0,27,7465,lorsa,2,36,12490,lorsa,3.5559499263763428,1.4304814338684082,-2.1254684925079346,0.0,-0.5977217161417886,"Node(id=4_12490_36, type=lorsa, layer=2, feature=12490, pos=36)",1
0,27,7465,lorsa,2,3,1,transcoder,0.9149532318115234,0.6376650929450989,-0.27728813886642456,0.0,-0.3030626366742478,"Node(id=5_1_3, type=transcoder, layer=2, feature=1, pos=3)",1
0,27,7465,lorsa,2,27,12270,transcoder,0.32696858048439026,0.0,-0.32696858048439026,0.0,-1.0,"Node(id=5_12270_27, type=transcoder, layer=2, feature=12270, pos=27)",1
0,27,7465,lorsa,2,36,8480,transcoder,0.4812658429145813,0.28216424584388733,-0.19910159707069397,0.0,-0.41370398502607225,"Node(id=5_8480_36, type=transcoder, layer=2, feature=8480, pos=36)",1
0,27,7465,lorsa,2,36,13998,transcoder,0.6966379284858704,0.1861821860074997,-0.5104557424783707,0.0,-0.7327418183902745,"Node(id=5_13998_36, type=transcoder, layer=2, feature=13998, pos=36)",1
0,27,7465,lorsa,2,36,14573,transcoder,0.9372068643569946,0.6322643160820007,-0.3049425482749939,0.0,-0.3253737887250868,"Node(id=5_14573_36, type=transcoder, layer=2, feature=14573, pos=36)",1
0,27,7465,lorsa,2,36,15275,transcoder,0.42236605286598206,0.2531720995903015,-0.16919395327568054,0.0,-0.4005860606637491,"Node(id=5_15275_36, type=transcoder, layer=2, feature=15275, pos=36)",1
0,27,7465,lorsa,2,36,15667,transcoder,0.26635974645614624,0.0,-0.26635974645614624,0.0,-1.0,"Node(id=5_15667_36, type=transcoder, layer=2, feature=15667, pos=36)",1
0,27,7465,lorsa,3,27,1736,lorsa,4.417971134185791,0.0,-4.417971134185791,0.0,-1.0,"Node(id=6_1736_27, type=lorsa, layer=3, feature=1736, pos=27)",1
0,27,7465,lorsa,3,36,5779,lorsa,2.9550795555114746,0.0,-2.9550795555114746,0.0,-1.0,"Node(id=6_5779_36, type=lorsa, layer=3, feature=5779, pos=36)",1
0,27,7465,lorsa,3,27,8452,transcoder,0.9483512043952942,0.44953054189682007,-0.4988206624984741,0.0,-0.5259872715789312,"Node(id=7_8452_27, type=transcoder, layer=3, feature=8452, pos=27)",1
0,27,7465,lorsa,3,27,14691,transcoder,0.7342837452888489,0.0,-0.7342837452888489,0.0,-1.0,"Node(id=7_14691_27, type=transcoder, layer=3, feature=14691, pos=27)",1
0,27,7465,lorsa,3,36,2235,transcoder,1.183021068572998,0.3068341314792633,-0.8761869370937347,0.0,-0.740635108173198,"Node(id=7_2235_36, type=transcoder, layer=3, feature=2235, pos=36)",1
0,27,7465,lorsa,3,36,4451,transcoder,0.9956201910972595,0.0,-0.9956201910972595,0.0,-1.0,"Node(id=7_4451_36, type=transcoder, layer=3, feature=4451, pos=36)",1
0,27,7465,lorsa,3,36,13706,transcoder,0.7337140440940857,0.19082394242286682,-0.5428901016712189,0.0,-0.7399205535741428,"Node(id=7_13706_36, type=transcoder, layer=3, feature=13706, pos=36)",1
0,27,7465,lorsa,3,36,15642,transcoder,0.8003482818603516,0.0,-0.8003482818603516,0.0,-1.0,"Node(id=7_15642_36, type=transcoder, layer=3, feature=15642, pos=36)",1
0,27,7465,lorsa,3,43,5448,transcoder,1.2499865293502808,0.453911155462265,-0.7960753738880157,0.0,-0.6368671623219817,"Node(id=7_5448_43, type=transcoder, layer=3, feature=5448, pos=43)",1
0,27,7465,lorsa,4,27,6509,lorsa,0.8708707094192505,0.0,-0.8708707094192505,0.0,-1.0,"Node(id=8_6509_27, type=lorsa, layer=4, feature=6509, pos=27)",1
0,27,7465,lorsa,4,36,15547,lorsa,1.2095329761505127,0.6528498530387878,-0.5566831231117249,0.0,-0.46024633812253496,"Node(id=8_15547_36, type=lorsa, layer=4, feature=15547, pos=36)",1
0,27,7465,lorsa,4,43,2634,lorsa,1.4697251319885254,0.0,-1.4697251319885254,0.0,-1.0,"Node(id=8_2634_43, type=lorsa, layer=4, feature=2634, pos=43)",1
0,27,7465,lorsa,4,27,3261,transcoder,0.34043648838996887,0.0,-0.34043648838996887,0.0,-1.0,"Node(id=9_3261_27, type=transcoder, layer=4, feature=3261, pos=27)",1
0,27,7465,lorsa,4,27,16070,transcoder,0.49171632528305054,0.16061970591545105,-0.3310966193675995,0.0,-0.6733488443301282,"Node(id=9_16070_27, type=transcoder, layer=4, feature=16070, pos=27)",1
0,27,7465,lorsa,4,36,2320,transcoder,2.2965035438537598,1.52218759059906,-0.7743159532546997,0.0,-0.33717167793058184,"Node(id=9_2320_36, type=transcoder, layer=4, feature=2320, pos=36)",1
0,27,7465,lorsa,4,36,7015,transcoder,0.4674502909183502,0.0,-0.4674502909183502,0.0,-1.0,"Node(id=9_7015_36, type=transcoder, layer=4, feature=7015, pos=36)",1
0,27,7465,lorsa,4,36,8219,transcoder,0.37231943011283875,0.2134622037410736,-0.15885722637176514,0.0,-0.42666918114808117,"Node(id=9_8219_36, type=transcoder, layer=4, feature=8219, pos=36)",1
0,27,7465,lorsa,4,36,11907,transcoder,1.1186275482177734,0.3885783851146698,-0.7300491631031036,0.0,-0.6526293441156862,"Node(id=9_11907_36, type=transcoder, layer=4, feature=11907, pos=36)",1
0,27,7465,lorsa,4,43,16362,transcoder,0.41338375210762024,0.19314835965633392,-0.22023539245128632,0.0,-0.5327625755207482,"Node(id=9_16362_43, type=transcoder, layer=4, feature=16362, pos=43)",1
0,27,7465,lorsa,5,36,10628,lorsa,3.798208475112915,1.9546558856964111,-1.843552589416504,0.0,-0.4853742498591255,"Node(id=10_10628_36, type=lorsa, layer=5, feature=10628, pos=36)",1
0,27,7465,lorsa,5,36,13320,lorsa,2.290212869644165,0.0,-2.290212869644165,0.0,-1.0,"Node(id=10_13320_36, type=lorsa, layer=5, feature=13320, pos=36)",1
0,27,7465,lorsa,5,36,13425,lorsa,2.609438896179199,0.0,-2.609438896179199,0.0,-1.0,"Node(id=10_13425_36, type=lorsa, layer=5, feature=13425, pos=36)",1
0,27,7465,lorsa,5,36,2716,transcoder,0.4400579631328583,0.0,-0.4400579631328583,0.0,-1.0,"Node(id=11_2716_36, type=transcoder, layer=5, feature=2716, pos=36)",1
0,27,7465,lorsa,5,36,4087,transcoder,0.5863869190216064,0.0,-0.5863869190216064,0.0,-1.0,"Node(id=11_4087_36, type=transcoder, layer=5, feature=4087, pos=36)",1
0,27,7465,lorsa,5,36,4127,transcoder,0.6348527073860168,0.13317866623401642,-0.5016740411520004,0.0,-0.7902211573100558,"Node(id=11_4127_36, type=transcoder, layer=5, feature=4127, pos=36)",1
0,27,7465,lorsa,5,36,4487,transcoder,0.6274858713150024,0.0,-0.6274858713150024,0.0,-1.0,"Node(id=11_4487_36, type=transcoder, layer=5, feature=4487, pos=36)",1
0,27,7465,lorsa,5,36,12500,transcoder,0.3900949954986572,0.0,-0.3900949954986572,0.0,-1.0,"Node(id=11_12500_36, type=transcoder, layer=5, feature=12500, pos=36)",1
0,27,7465,lorsa,5,43,7776,transcoder,0.5750432014465332,0.0,-0.5750432014465332,0.0,-1.0,"Node(id=11_7776_43, type=transcoder, layer=5, feature=7776, pos=43)",1
0,27,7465,lorsa,6,3,15700,lorsa,2.893019676208496,2.2233407497406006,-0.6696789264678955,0.0,-0.23148094427949292,"Node(id=12_15700_3, type=lorsa, layer=6, feature=15700, pos=3)",1
0,27,7465,lorsa,6,3,6259,transcoder,0.9025176763534546,0.7011880278587341,-0.20132964849472046,0.0,-0.22307557377510395,"Node(id=13_6259_3, type=transcoder, layer=6, feature=6259, pos=3)",1
0,27,7465,lorsa,6,27,1692,transcoder,1.108183741569519,0.0,-1.108183741569519,0.0,-1.0,"Node(id=13_1692_27, type=transcoder, layer=6, feature=1692, pos=27)",1
0,27,7465,lorsa,6,36,8540,transcoder,0.6434565186500549,0.0,-0.6434565186500549,0.0,-1.0,"Node(id=13_8540_36, type=transcoder, layer=6, feature=8540, pos=36)",1
0,27,7465,lorsa,6,36,11513,transcoder,0.44179219007492065,0.1655328869819641,-0.27625930309295654,0.0,-0.62531504471844,"Node(id=13_11513_36, type=transcoder, layer=6, feature=11513, pos=36)",1
0,27,7465,lorsa,6,36,12696,transcoder,1.0120266675949097,0.0,-1.0120266675949097,0.0,-1.0,"Node(id=13_12696_36, type=transcoder, layer=6, feature=12696, pos=36)",1
0,27,7465,lorsa,6,36,13247,transcoder,0.976347804069519,0.0,-0.976347804069519,0.0,-1.0,"Node(id=13_13247_36, type=transcoder, layer=6, feature=13247, pos=36)",1
0,27,7465,lorsa,7,27,4537,lorsa,1.9889576435089111,1.1368827819824219,-0.8520748615264893,0.0,-0.4284027185331419,"Node(id=14_4537_27, type=lorsa, layer=7, feature=4537, pos=27)",1
0,27,7465,lorsa,7,27,5451,lorsa,5.721136569976807,0.0,-5.721136569976807,0.0,-1.0,"Node(id=14_5451_27, type=lorsa, layer=7, feature=5451, pos=27)",1
0,27,7465,lorsa,7,36,269,lorsa,1.5879327058792114,0.0,-1.5879327058792114,0.0,-1.0,"Node(id=14_269_36, type=lorsa, layer=7, feature=269, pos=36)",1
0,27,7465,lorsa,7,36,5459,lorsa,3.490706443786621,0.0,-3.490706443786621,0.0,-1.0,"Node(id=14_5459_36, type=lorsa, layer=7, feature=5459, pos=36)",1
0,27,7465,lorsa,7,27,14870,transcoder,0.5193299651145935,0.0,-0.5193299651145935,0.0,-1.0,"Node(id=15_14870_27, type=transcoder, layer=7, feature=14870, pos=27)",1
0,27,7465,lorsa,7,36,69,transcoder,0.8792385458946228,0.0,-0.8792385458946228,0.0,-1.0,"Node(id=15_69_36, type=transcoder, layer=7, feature=69, pos=36)",1
0,27,7465,lorsa,7,36,10198,transcoder,0.8630536198616028,0.0,-0.8630536198616028,0.0,-1.0,"Node(id=15_10198_36, type=transcoder, layer=7, feature=10198, pos=36)",1
0,27,7465,lorsa,7,36,14452,transcoder,3.3299098014831543,2.5924534797668457,-0.7374563217163086,0.0,-0.2214643535953565,"Node(id=15_14452_36, type=transcoder, layer=7, feature=14452, pos=36)",1
0,27,7465,lorsa,8,36,1417,lorsa,4.8791351318359375,0.0,-4.8791351318359375,0.0,-1.0,"Node(id=16_1417_36, type=lorsa, layer=8, feature=1417, pos=36)",1
0,27,7465,lorsa,8,36,1468,lorsa,3.8707199096679688,0.0,-3.8707199096679688,0.0,-1.0,"Node(id=16_1468_36, type=lorsa, layer=8, feature=1468, pos=36)",1
0,27,7465,lorsa,8,36,1476,lorsa,1.4948394298553467,0.0,-1.4948394298553467,0.0,-1.0,"Node(id=16_1476_36, type=lorsa, layer=8, feature=1476, pos=36)",1
0,27,7465,lorsa,8,36,1492,lorsa,2.96148419380188,0.0,-2.96148419380188,0.0,-1.0,"Node(id=16_1492_36, type=lorsa, layer=8, feature=1492, pos=36)",1
0,27,7465,lorsa,8,36,8441,lorsa,9.023415565490723,6.757327556610107,-2.2660880088806152,0.0,-0.25113417335527294,"Node(id=16_8441_36, type=lorsa, layer=8, feature=8441, pos=36)",1
0,27,7465,lorsa,8,3,16029,transcoder,0.8002055287361145,0.611944854259491,-0.18826067447662354,0.0,-0.23526540084517045,"Node(id=17_16029_3, type=transcoder, layer=8, feature=16029, pos=3)",1
0,27,7465,lorsa,8,35,15741,transcoder,0.5565544962882996,0.0,-0.5565544962882996,0.0,-1.0,"Node(id=17_15741_35, type=transcoder, layer=8, feature=15741, pos=35)",1
0,27,7465,lorsa,8,36,776,transcoder,0.732367753982544,0.0,-0.732367753982544,0.0,-1.0,"Node(id=17_776_36, type=transcoder, layer=8, feature=776, pos=36)",1
0,27,7465,lorsa,8,36,7078,transcoder,0.5934697985649109,0.0,-0.5934697985649109,0.0,-1.0,"Node(id=17_7078_36, type=transcoder, layer=8, feature=7078, pos=36)",1
0,27,7465,lorsa,8,36,9408,transcoder,0.7017480134963989,0.0,-0.7017480134963989,0.0,-1.0,"Node(id=17_9408_36, type=transcoder, layer=8, feature=9408, pos=36)",1
0,27,7465,lorsa,8,36,11574,transcoder,0.6268920302391052,0.1772143393754959,-0.4496776908636093,0.0,-0.7173128213036878,"Node(id=17_11574_36, type=transcoder, layer=8, feature=11574, pos=36)",1
0,27,7465,lorsa,9,3,13118,lorsa,3.4335744380950928,1.9317278861999512,-1.5018465518951416,0.0,-0.4374003182317342,"Node(id=18_13118_3, type=lorsa, layer=9, feature=13118, pos=3)",1
0,27,7465,lorsa,9,36,4521,lorsa,3.1571714878082275,1.4333860874176025,-1.723785400390625,0.0,-0.545990424355223,"Node(id=18_4521_36, type=lorsa, layer=9, feature=4521, pos=36)",1
0,27,7465,lorsa,9,36,8265,lorsa,3.591033697128296,0.0,-3.591033697128296,0.0,-1.0,"Node(id=18_8265_36, type=lorsa, layer=9, feature=8265, pos=36)",1
0,27,7465,lorsa,9,3,4628,transcoder,1.040234088897705,0.503917396068573,-0.5363166928291321,0.0,-0.5155730797069394,"Node(id=19_4628_3, type=transcoder, layer=9, feature=4628, pos=3)",1
0,27,7465,lorsa,9,36,3901,transcoder,0.5146542191505432,0.0,-0.5146542191505432,0.0,-1.0,"Node(id=19_3901_36, type=transcoder, layer=9, feature=3901, pos=36)",1
0,27,7465,lorsa,9,36,5162,transcoder,0.35064274072647095,0.0,-0.35064274072647095,0.0,-1.0,"Node(id=19_5162_36, type=transcoder, layer=9, feature=5162, pos=36)",1
0,27,7465,lorsa,9,36,8460,transcoder,0.8671631813049316,0.0,-0.8671631813049316,0.0,-1.0,"Node(id=19_8460_36, type=transcoder, layer=9, feature=8460, pos=36)",1
0,27,7465,lorsa,10,36,11001,transcoder,0.587298572063446,0.0,-0.587298572063446,0.0,-1.0,"Node(id=21_11001_36, type=transcoder, layer=10, feature=11001, pos=36)",1
0,27,7465,lorsa,10,52,6575,transcoder,0.6553995609283447,0.34766581654548645,-0.3077337443828583,0.0,-0.46953608566195393,"Node(id=21_6575_52, type=transcoder, layer=10, feature=6575, pos=52)",1
0,27,7465,lorsa,11,36,14840,lorsa,1.7748255729675293,0.0,-1.7748255729675293,0.0,-1.0,"Node(id=22_14840_36, type=lorsa, layer=11, feature=14840, pos=36)",1
0,27,7465,lorsa,11,52,1680,lorsa,2.564471960067749,1.6475670337677002,-0.9169049263000488,0.0,-0.35754141225853986,"Node(id=22_1680_52, type=lorsa, layer=11, feature=1680, pos=52)",1
0,27,7465,lorsa,11,36,2240,transcoder,0.3820026218891144,0.0,-0.3820026218891144,0.0,-1.0,"Node(id=23_2240_36, type=transcoder, layer=11, feature=2240, pos=36)",1
0,27,7465,lorsa,11,36,13284,transcoder,0.3360329270362854,0.0,-0.3360329270362854,0.0,-1.0,"Node(id=23_13284_36, type=transcoder, layer=11, feature=13284, pos=36)",1
0,27,7465,lorsa,12,36,9871,lorsa,1.8985333442687988,1.2485193014144897,-0.6500140428543091,0.0,-0.34237694313694317,"Node(id=24_9871_36, type=lorsa, layer=12, feature=9871, pos=36)",1
0,27,7465,lorsa,12,36,11652,lorsa,2.5469629764556885,0.0,-2.5469629764556885,0.0,-1.0,"Node(id=24_11652_36, type=lorsa, layer=12, feature=11652, pos=36)",1
0,27,7465,lorsa,12,36,8564,transcoder,0.5210015177726746,0.0,-0.5210015177726746,0.0,-1.0,"Node(id=25_8564_36, type=transcoder, layer=12, feature=8564, pos=36)",1
0,27,7465,lorsa,12,36,9355,transcoder,0.5506256818771362,0.0,-0.5506256818771362,0.0,-1.0,"Node(id=25_9355_36, type=transcoder, layer=12, feature=9355, pos=36)",1
0,27,7465,lorsa,13,36,5534,lorsa,1.6633868217468262,0.0,-1.6633868217468262,0.0,-1.0,"Node(id=26_5534_36, type=lorsa, layer=13, feature=5534, pos=36)",1
0,27,7465,lorsa,13,36,8145,lorsa,2.33288836479187,1.6643227338790894,-0.6685656309127808,0.0,-0.28658277910028807,"Node(id=26_8145_36, type=lorsa, layer=13, feature=8145, pos=36)",1
0,27,7465,lorsa,13,36,9238,lorsa,2.624382734298706,0.0,-2.624382734298706,0.0,-1.0,"Node(id=26_9238_36, type=lorsa, layer=13, feature=9238, pos=36)",1
0,27,7465,lorsa,13,36,9260,lorsa,2.7596147060394287,0.0,-2.7596147060394287,0.0,-1.0,"Node(id=26_9260_36, type=lorsa, layer=13, feature=9260, pos=36)",1
0,27,7465,lorsa,13,36,3932,transcoder,0.7543947100639343,0.0,-0.7543947100639343,0.0,-1.0,"Node(id=27_3932_36, type=transcoder, layer=13, feature=3932, pos=36)",1
0,27,7465,lorsa,13,36,6705,transcoder,0.18148913979530334,0.0,-0.18148913979530334,0.0,-1.0,"Node(id=27_6705_36, type=transcoder, layer=13, feature=6705, pos=36)",1
0,27,7465,lorsa,13,36,7930,transcoder,0.6133290529251099,0.0,-0.6133290529251099,0.0,-1.0,"Node(id=27_7930_36, type=transcoder, layer=13, feature=7930, pos=36)",1
0,27,7465,lorsa,13,57,4451,transcoder,0.19393160939216614,0.0,-0.19393160939216614,0.0,-1.0,"Node(id=27_4451_57, type=transcoder, layer=13, feature=4451, pos=57)",1
0,27,7465,lorsa,13,57,12931,transcoder,0.38083311915397644,0.3020394444465637,-0.07879367470741272,0.0,-0.20689816810694786,"Node(id=27_12931_57, type=transcoder, layer=13, feature=12931, pos=57)",1
0,27,7465,lorsa,14,7,6541,lorsa,1.711766004562378,0.0,-1.711766004562378,0.0,-1.0,"Node(id=28_6541_7, type=lorsa, layer=14, feature=6541, pos=7)",1
0,27,7465,lorsa,14,14,6541,lorsa,1.2900267839431763,0.0,-1.2900267839431763,0.0,-1.0,"Node(id=28_6541_14, type=lorsa, layer=14, feature=6541, pos=14)",1
0,27,7465,lorsa,14,36,3897,lorsa,3.076256036758423,1.6002304553985596,-1.4760255813598633,0.0,-0.47981233152335784,"Node(id=28_3897_36, type=lorsa, layer=14, feature=3897, pos=36)",1
0,27,7465,lorsa,14,36,8968,lorsa,0.9133227467536926,0.0,-0.9133227467536926,0.0,-1.0,"Node(id=28_8968_36, type=lorsa, layer=14, feature=8968, pos=36)",1
0,27,7465,lorsa,14,21,969,transcoder,1.0221160650253296,0.618862509727478,-0.40325355529785156,0.0,-0.3945281451846257,"Node(id=29_969_21, type=transcoder, layer=14, feature=969, pos=21)",1
0,27,7465,lorsa,14,36,138,transcoder,5.686919212341309,1.6725742816925049,-4.014344930648804,0.0,-0.7058909720287894,"Node(id=29_138_36, type=transcoder, layer=14, feature=138, pos=36)",1
0,27,7465,lorsa,14,36,1214,transcoder,1.765131950378418,0.0,-1.765131950378418,0.0,-1.0,"Node(id=29_1214_36, type=transcoder, layer=14, feature=1214, pos=36)",1
0,27,7465,lorsa,14,36,8599,transcoder,0.7293266654014587,0.0,-0.7293266654014587,0.0,-1.0,"Node(id=29_8599_36, type=transcoder, layer=14, feature=8599, pos=36)",1
0,27,7465,lorsa,14,36,10638,transcoder,1.1475523710250854,0.0,-1.1475523710250854,0.0,-1.0,"Node(id=29_10638_36, type=transcoder, layer=14, feature=10638, pos=36)",1
0,27,7465,lorsa,14,36,12029,transcoder,1.2375859022140503,0.0,-1.2375859022140503,0.0,-1.0,"Node(id=29_12029_36, type=transcoder, layer=14, feature=12029, pos=36)",1
0,27,7465,lorsa,14,36,14940,transcoder,1.4348654747009277,0.0,-1.4348654747009277,0.0,-1.0,"Node(id=29_14940_36, type=transcoder, layer=14, feature=14940, pos=36)",1
0,27,7465,lorsa,14,36,15619,transcoder,0.42063450813293457,0.0,-0.42063450813293457,0.0,-1.0,"Node(id=29_15619_36, type=transcoder, layer=14, feature=15619, pos=36)",1
0,33,12046,lorsa,0,33,11076,transcoder,1.3967576026916504,1.080043077468872,-0.3167145252227783,0.0,-0.22674981300438035,"Node(id=1_11076_33, type=transcoder, layer=0, feature=11076, pos=33)",1
0,36,2635,lorsa,0,36,6985,transcoder,0.2559208869934082,0.15203377604484558,-0.10388711094856262,0.0,-0.4059344751772389,"Node(id=1_6985_36, type=transcoder, layer=0, feature=6985, pos=36)",1
0,36,8102,lorsa,0,36,1507,transcoder,0.29098913073539734,0.23243418335914612,-0.05855494737625122,0.0,-0.2012272665589578,"Node(id=1_1507_36, type=transcoder, layer=0, feature=1507, pos=36)",1
0,36,8102,lorsa,0,36,6985,transcoder,0.2559208869934082,0.0,-0.2559208869934082,0.0,-1.0,"Node(id=1_6985_36, type=transcoder, layer=0, feature=6985, pos=36)",1
0,36,8102,lorsa,1,36,15480,lorsa,2.7868831157684326,0.0,-2.7868831157684326,0.0,-1.0,"Node(id=2_15480_36, type=lorsa, layer=1, feature=15480, pos=36)",1
0,36,8102,lorsa,1,36,4098,transcoder,0.3550102114677429,0.27343302965164185,-0.08157718181610107,0.0,-0.22978826856509554,"Node(id=3_4098_36, type=transcoder, layer=1, feature=4098, pos=36)",1
0,36,8102,lorsa,1,36,4314,transcoder,0.5429596900939941,0.4191651940345764,-0.12379449605941772,0.0,-0.22799942301055004,"Node(id=3_4314_36, type=transcoder, layer=1, feature=4314, pos=36)",1
0,36,8102,lorsa,1,36,6470,transcoder,0.5331307053565979,0.4039374887943268,-0.12919321656227112,0.0,-0.24232934862728828,"Node(id=3_6470_36, type=transcoder, layer=1, feature=6470, pos=36)",1
0,36,8102,lorsa,1,36,9415,transcoder,0.25213298201560974,0.0,-0.25213298201560974,0.0,-1.0,"Node(id=3_9415_36, type=transcoder, layer=1, feature=9415, pos=36)",1
0,36,8102,lorsa,2,36,13998,transcoder,0.6966379284858704,0.5452525615692139,-0.1513853669166565,0.0,-0.2173085339262101,"Node(id=5_13998_36, type=transcoder, layer=2, feature=13998, pos=36)",1
0,36,8102,lorsa,5,59,15061,lorsa,1.0584943294525146,0.8427460193634033,-0.21574831008911133,0.0,-0.20382566451792225,"Node(id=10_15061_59, type=lorsa, layer=5, feature=15061, pos=59)",1
0,36,14802,lorsa,0,36,1507,transcoder,0.29098913073539734,0.0,-0.29098913073539734,0.0,-1.0,"Node(id=1_1507_36, type=transcoder, layer=0, feature=1507, pos=36)",1
0,36,14802,lorsa,0,36,6985,transcoder,0.2559208869934082,0.17153091728687286,-0.08438996970653534,0.0,-0.329750223586514,"Node(id=1_6985_36, type=transcoder, layer=0, feature=6985, pos=36)",1
0,36,14802,lorsa,1,36,11570,lorsa,1.0531909465789795,0.0,-1.0531909465789795,0.0,-1.0,"Node(id=2_11570_36, type=lorsa, layer=1, feature=11570, pos=36)",1
0,36,14802,lorsa,1,36,11610,lorsa,2.015192985534668,0.0,-2.015192985534668,0.0,-1.0,"Node(id=2_11610_36, type=lorsa, layer=1, feature=11610, pos=36)",1
0,36,14802,lorsa,1,36,11614,lorsa,4.405508518218994,0.0,-4.405508518218994,0.0,-1.0,"Node(id=2_11614_36, type=lorsa, layer=1, feature=11614, pos=36)",1
0,36,14802,lorsa,1,36,2693,transcoder,0.40440571308135986,0.3084412217140198,-0.09596449136734009,0.0,-0.23729756594223383,"Node(id=3_2693_36, type=transcoder, layer=1, feature=2693, pos=36)",1
0,36,14802,lorsa,1,36,4098,transcoder,0.3550102114677429,0.2804955840110779,-0.07451462745666504,0.0,-0.20989432148611764,"Node(id=3_4098_36, type=transcoder, layer=1, feature=4098, pos=36)",1
0,36,14802,lorsa,1,36,4185,transcoder,0.18272526562213898,0.0,-0.18272526562213898,0.0,-1.0,"Node(id=3_4185_36, type=transcoder, layer=1, feature=4185, pos=36)",1
0,36,14802,lorsa,1,36,4314,transcoder,0.5429596900939941,0.3202705681324005,-0.22268912196159363,0.0,-0.41013932714423595,"Node(id=3_4314_36, type=transcoder, layer=1, feature=4314, pos=36)",1
0,36,14802,lorsa,1,36,6470,transcoder,0.5331307053565979,0.39362919330596924,-0.13950151205062866,0.0,-0.261664748717333,"Node(id=3_6470_36, type=transcoder, layer=1, feature=6470, pos=36)",1
0,36,14802,lorsa,1,36,9415,transcoder,0.25213298201560974,0.0,-0.25213298201560974,0.0,-1.0,"Node(id=3_9415_36, type=transcoder, layer=1, feature=9415, pos=36)",1
0,36,14802,lorsa,1,36,10566,transcoder,0.5374178886413574,0.33058345317840576,-0.20683443546295166,0.0,-0.38486704636097696,"Node(id=3_10566_36, type=transcoder, layer=1, feature=10566, pos=36)",1
0,36,14802,lorsa,2,36,13998,transcoder,0.6966379284858704,0.4701102375984192,-0.22652769088745117,0.0,-0.32517277860509963,"Node(id=5_13998_36, type=transcoder, layer=2, feature=13998, pos=36)",1
0,36,14802,lorsa,2,36,15275,transcoder,0.42236605286598206,0.3328327238559723,-0.08953332901000977,0.0,-0.21198040988966257,"Node(id=5_15275_36, type=transcoder, layer=2, feature=15275, pos=36)",1
0,43,3608,lorsa,1,36,7425,lorsa,0.64013671875,0.0,-0.64013671875,0.0,-1.0,"Node(id=2_7425_36, type=lorsa, layer=1, feature=7425, pos=36)",1
0,43,11262,lorsa,1,36,7425,lorsa,0.64013671875,0.0,-0.64013671875,0.0,-1.0,"Node(id=2_7425_36, type=lorsa, layer=1, feature=7425, pos=36)",1
0,45,7934,lorsa,0,45,11382,transcoder,0.5477586984634399,0.2072952389717102,-0.34046345949172974,0.0,-0.6215573763534745,"Node(id=1_11382_45, type=transcoder, layer=0, feature=11382, pos=45)",1
0,47,12046,lorsa,0,47,11076,transcoder,1.223260521888733,0.901370108127594,-0.3218904137611389,0.0,-0.263141340704869,"Node(id=1_11076_47, type=transcoder, layer=0, feature=11076, pos=47)",1
0,47,12046,lorsa,1,63,5902,lorsa,1.760977864265442,1.3662439584732056,-0.39473390579223633,0.0,-0.22415608611689847,"Node(id=2_5902_63, type=lorsa, layer=1, feature=5902, pos=63)",1
0,47,12046,lorsa,13,57,4451,transcoder,0.19393160939216614,0.15005294978618622,-0.04387865960597992,0.0,-0.22625842039628016,"Node(id=27_4451_57, type=transcoder, layer=13, feature=4451, pos=57)",1
0,47,15755,lorsa,1,47,12275,lorsa,1.992720127105713,1.5781883001327515,-0.4145318269729614,0.0,-0.20802310436591015,"Node(id=2_12275_47, type=lorsa, layer=1, feature=12275, pos=47)",1
0,50,12046,lorsa,0,50,11076,transcoder,1.357581615447998,1.0001341104507446,-0.3574475049972534,0.0,-0.26329724926283476,"Node(id=1_11076_50, type=transcoder, layer=0, feature=11076, pos=50)",1
0,54,11059,lorsa,0,54,13386,transcoder,1.4800972938537598,0.8095002770423889,-0.6705970168113708,0.0,-0.4530763076157809,"Node(id=1_13386_54, type=transcoder, layer=0, feature=13386, pos=54)",1
0,54,11059,lorsa,1,36,4185,transcoder,0.18272526562213898,0.0,-0.18272526562213898,0.0,-1.0,"Node(id=3_4185_36, type=transcoder, layer=1, feature=4185, pos=36)",1
0,54,11059,lorsa,1,54,8956,transcoder,1.1849182844161987,0.0,-1.1849182844161987,0.0,-1.0,"Node(id=3_8956_54, type=transcoder, layer=1, feature=8956, pos=54)",1
0,54,11059,lorsa,2,27,14055,lorsa,3.287790536880493,0.9927158355712891,-2.295074701309204,0.0,-0.6980598902406985,"Node(id=4_14055_27, type=lorsa, layer=2, feature=14055, pos=27)",1
0,54,11059,lorsa,2,36,12490,lorsa,3.5559499263763428,2.570233106613159,-0.9857168197631836,0.0,-0.27720210918933524,"Node(id=4_12490_36, type=lorsa, layer=2, feature=12490, pos=36)",1
0,54,11059,lorsa,2,45,14055,lorsa,3.8383095264434814,2.447700262069702,-1.3906092643737793,0.0,-0.36229732250444546,"Node(id=4_14055_45, type=lorsa, layer=2, feature=14055, pos=45)",1
0,54,11059,lorsa,2,54,3004,transcoder,0.7483957409858704,0.2104632407426834,-0.537932500243187,0.0,-0.7187808144586209,"Node(id=5_3004_54, type=transcoder, layer=2, feature=3004, pos=54)",1
0,54,11059,lorsa,4,45,895,lorsa,1.8530043363571167,1.2298349142074585,-0.6231694221496582,0.0,-0.3363021931048299,"Node(id=8_895_45, type=lorsa, layer=4, feature=895, pos=45)",1
0,54,11059,lorsa,8,36,1476,lorsa,1.4948394298553467,0.0,-1.4948394298553467,0.0,-1.0,"Node(id=16_1476_36, type=lorsa, layer=8, feature=1476, pos=36)",1
0,54,11059,lorsa,9,36,4521,lorsa,3.1571714878082275,2.3989927768707275,-0.7581787109375,0.0,-0.24014492524884767,"Node(id=18_4521_36, type=lorsa, layer=9, feature=4521, pos=36)",1
0,54,11059,lorsa,9,36,3901,transcoder,0.5146542191505432,0.3434727191925049,-0.17118149995803833,0.0,-0.33261458584868897,"Node(id=19_3901_36, type=transcoder, layer=9, feature=3901, pos=36)",1
0,54,11059,lorsa,10,35,13771,transcoder,0.726324200630188,0.5808649659156799,-0.14545923471450806,0.0,-0.20026764162381178,"Node(id=21_13771_35, type=transcoder, layer=10, feature=13771, pos=35)",1
0,54,11059,lorsa,12,52,13529,lorsa,1.9571092128753662,1.3717939853668213,-0.5853152275085449,0.0,-0.299071315825347,"Node(id=24_13529_52, type=lorsa, layer=12, feature=13529, pos=52)",1
0,54,11059,lorsa,13,36,9238,lorsa,2.624382734298706,1.5693198442459106,-1.0550628900527954,0.0,-0.40202325532168687,"Node(id=26_9238_36, type=lorsa, layer=13, feature=9238, pos=36)",1
0,54,11059,lorsa,13,36,6705,transcoder,0.18148913979530334,0.14423152804374695,-0.037257611751556396,0.0,-0.20528838140716432,"Node(id=27_6705_36, type=transcoder, layer=13, feature=6705, pos=36)",1
0,54,11059,lorsa,14,36,8599,transcoder,0.7293266654014587,0.5622391700744629,-0.16708749532699585,0.0,-0.22909829470587414,"Node(id=29_8599_36, type=transcoder, layer=14, feature=8599, pos=36)",1
0,56,6922,lorsa,0,56,488,transcoder,1.5981926918029785,0.9474087953567505,-0.650783896446228,0.0,-0.4071998950965389,"Node(id=1_488_56, type=transcoder, layer=0, feature=488, pos=56)",1
0,56,6922,lorsa,1,56,12883,transcoder,0.7333300709724426,0.0,-0.7333300709724426,0.0,-1.0,"Node(id=3_12883_56, type=transcoder, layer=1, feature=12883, pos=56)",1
0,56,6922,lorsa,2,56,14723,transcoder,1.0594019889831543,0.8203988075256348,-0.23900318145751953,0.0,-0.22560197540021795,"Node(id=5_14723_56, type=transcoder, layer=2, feature=14723, pos=56)",1
0,56,6922,lorsa,3,56,15348,transcoder,1.9667108058929443,1.5091232061386108,-0.4575875997543335,0.0,-0.2326664390022382,"Node(id=7_15348_56, type=transcoder, layer=3, feature=15348, pos=56)",1
0,56,6922,lorsa,14,36,8968,lorsa,0.9133227467536926,0.6757557392120361,-0.2375670075416565,0.0,-0.26011287727811755,"Node(id=28_8968_36, type=lorsa, layer=14, feature=8968, pos=36)",1
0,58,11059,lorsa,0,58,13386,transcoder,1.4000824689865112,0.8119248747825623,-0.588157594203949,0.0,-0.4200878214193363,"Node(id=1_13386_58, type=transcoder, layer=0, feature=13386, pos=58)",1
0,58,11059,lorsa,1,49,8213,lorsa,2.5499539375305176,1.8061473369598389,-0.7438066005706787,0.0,-0.2916941320481311,"Node(id=2_8213_49, type=lorsa, layer=1, feature=8213, pos=49)",1
0,58,11059,lorsa,1,58,8956,transcoder,1.176414966583252,0.1450718343257904,-1.0313431322574615,0.0,-0.8766831105973318,"Node(id=3_8956_58, type=transcoder, layer=1, feature=8956, pos=58)",1
0,58,11059,lorsa,2,58,3004,transcoder,0.9341632127761841,0.441080778837204,-0.4930824339389801,0.0,-0.5278332813744803,"Node(id=5_3004_58, type=transcoder, layer=2, feature=3004, pos=58)",1
0,58,11059,lorsa,3,58,10967,lorsa,2.4667601585388184,1.7691346406936646,-0.6976255178451538,0.0,-0.282810436770793,"Node(id=6_10967_58, type=lorsa, layer=3, feature=10967, pos=58)",1
0,58,11059,lorsa,3,58,9594,transcoder,1.3094115257263184,0.7109584212303162,-0.5984531044960022,0.0,-0.4570397409355671,"Node(id=7_9594_58, type=transcoder, layer=3, feature=9594, pos=58)",1
0,58,11059,lorsa,8,35,15741,transcoder,0.5565544962882996,0.3519971966743469,-0.20455729961395264,0.0,-0.36754226401576023,"Node(id=17_15741_35, type=transcoder, layer=8, feature=15741, pos=35)",1
0,60,7285,lorsa,0,60,4905,transcoder,1.475679874420166,0.8834806680679321,-0.5921992063522339,0.0,-0.4013060126505586,"Node(id=1_4905_60, type=transcoder, layer=0, feature=4905, pos=60)",1
0,60,7285,lorsa,0,60,13116,transcoder,0.5529286861419678,0.34430786967277527,-0.2086208164691925,0.0,-0.3773014887775742,"Node(id=1_13116_60, type=transcoder, layer=0, feature=13116, pos=60)",1
0,60,7285,lorsa,1,59,11215,lorsa,4.212584495544434,2.5214335918426514,-1.6911509037017822,0.0,-0.401452102738943,"Node(id=2_11215_59, type=lorsa, layer=1, feature=11215, pos=59)",1
0,60,7285,lorsa,1,60,15260,transcoder,1.4774868488311768,0.7657023072242737,-0.7117845416069031,0.0,-0.4817535548082799,"Node(id=3_15260_60, type=transcoder, layer=1, feature=15260, pos=60)",1
0,62,2952,lorsa,0,62,5593,transcoder,1.4238938093185425,0.9366186261177063,-0.4872751832008362,0.0,-0.3422131482080394,"Node(id=1_5593_62, type=transcoder, layer=0, feature=5593, pos=62)",1
0,62,2952,lorsa,1,62,7268,transcoder,0.7161532640457153,0.3870142698287964,-0.32913899421691895,0.0,-0.4595929541080867,"Node(id=3_7268_62, type=transcoder, layer=1, feature=7268, pos=62)",1
0,62,11059,lorsa,0,62,5593,transcoder,1.4238938093185425,1.1177562475204468,-0.3061375617980957,0.0,-0.21500027585948228,"Node(id=1_5593_62, type=transcoder, layer=0, feature=5593, pos=62)",1
0,62,11059,lorsa,1,45,1574,lorsa,3.4861481189727783,2.1390268802642822,-1.347121238708496,0.0,-0.3864211137148803,"Node(id=2_1574_45, type=lorsa, layer=1, feature=1574, pos=45)",1
0,62,11059,lorsa,1,62,7268,transcoder,0.7161532640457153,0.4438481330871582,-0.27230513095855713,0.0,-0.38023303757668087,"Node(id=3_7268_62, type=transcoder, layer=1, feature=7268, pos=62)",1
0,63,6922,lorsa,0,63,488,transcoder,1.4112060070037842,0.8300818800926208,-0.5811241269111633,0.0,-0.41179255475604354,"Node(id=1_488_63, type=transcoder, layer=0, feature=488, pos=63)",1
0,63,6922,lorsa,1,63,5902,lorsa,1.760977864265442,1.3921207189559937,-0.36885714530944824,0.0,-0.20946154565282393,"Node(id=2_5902_63, type=lorsa, layer=1, feature=5902, pos=63)",1
0,63,6922,lorsa,1,63,7261,lorsa,2.394057512283325,0.0,-2.394057512283325,0.0,-1.0,"Node(id=2_7261_63, type=lorsa, layer=1, feature=7261, pos=63)",1
0,63,6922,lorsa,1,63,12883,transcoder,0.8133741617202759,0.0,-0.8133741617202759,0.0,-1.0,"Node(id=3_12883_63, type=transcoder, layer=1, feature=12883, pos=63)",1
0,63,6922,lorsa,2,47,15503,lorsa,3.2687530517578125,2.0369768142700195,-1.231776237487793,0.0,-0.37683367877098883,"Node(id=4_15503_47, type=lorsa, layer=2, feature=15503, pos=47)",1
0,63,6922,lorsa,2,47,10249,transcoder,0.8494049310684204,0.6376163959503174,-0.21178853511810303,0.0,-0.2493375389894496,"Node(id=5_10249_47, type=transcoder, layer=2, feature=10249, pos=47)",1
0,63,6922,lorsa,2,63,14723,transcoder,0.8590875864028931,0.4368985891342163,-0.42218899726867676,0.0,-0.4914388287653355,"Node(id=5_14723_63, type=transcoder, layer=2, feature=14723, pos=63)",1
0,63,6922,lorsa,3,38,1861,lorsa,5.552481174468994,3.537522077560425,-2.0149590969085693,0.0,-0.36289345854491223,"Node(id=6_1861_38, type=lorsa, layer=3, feature=1861, pos=38)",1
0,63,6922,lorsa,3,63,15348,transcoder,1.223423719406128,0.0,-1.223423719406128,0.0,-1.0,"Node(id=7_15348_63, type=transcoder, layer=3, feature=15348, pos=63)",1
0,63,6922,lorsa,4,38,7697,lorsa,4.6510419845581055,2.2028920650482178,-2.4481499195098877,0.0,-0.5263659041646956,"Node(id=8_7697_38, type=lorsa, layer=4, feature=7697, pos=38)",1
0,63,6922,lorsa,4,43,16362,transcoder,0.41338375210762024,0.3076000213623047,-0.10578373074531555,0.0,-0.2558971662673763,"Node(id=9_16362_43, type=transcoder, layer=4, feature=16362, pos=43)",1
0,63,6922,lorsa,5,63,13852,transcoder,2.2029168605804443,1.302013874053955,-0.9009029865264893,0.0,-0.40895914078623524,"Node(id=11_13852_63, type=transcoder, layer=5, feature=13852, pos=63)",1
0,63,6922,lorsa,6,36,8540,transcoder,0.6434565186500549,0.5012168288230896,-0.14223968982696533,0.0,-0.22105563577998757,"Node(id=13_8540_36, type=transcoder, layer=6, feature=8540, pos=36)",1
0,63,6922,lorsa,6,63,3210,transcoder,1.8999005556106567,1.0365533828735352,-0.8633471727371216,0.0,-0.4544170326112825,"Node(id=13_3210_63, type=transcoder, layer=6, feature=3210, pos=63)",1
0,63,6922,lorsa,8,39,12437,lorsa,4.935873985290527,2.867048978805542,-2.0688250064849854,0.0,-0.41914056409266565,"Node(id=16_12437_39, type=lorsa, layer=8, feature=12437, pos=39)",1
0,63,6922,lorsa,9,36,5162,transcoder,0.35064274072647095,0.2749260365962982,-0.07571670413017273,0.0,-0.2159368934126537,"Node(id=19_5162_36, type=transcoder, layer=9, feature=5162, pos=36)",1
0,63,6922,lorsa,11,42,4503,lorsa,3.0655462741851807,1.4534177780151367,-1.612128496170044,0.0,-0.5258862049304887,"Node(id=22_4503_42, type=lorsa, layer=11, feature=4503, pos=42)",1
0,63,6922,lorsa,12,36,9871,lorsa,1.8985333442687988,1.056057333946228,-0.8424760103225708,0.0,-0.4437509685388444,"Node(id=24_9871_36, type=lorsa, layer=12, feature=9871, pos=36)",1
0,63,6922,lorsa,12,36,11652,lorsa,2.5469629764556885,2.0087509155273438,-0.5382120609283447,0.0,-0.211315227548895,"Node(id=24_11652_36, type=lorsa, layer=12, feature=11652, pos=36)",1
0,63,6922,lorsa,12,36,8564,transcoder,0.5210015177726746,0.35370224714279175,-0.1672992706298828,0.0,-0.32111090836184375,"Node(id=25_8564_36, type=transcoder, layer=12, feature=8564, pos=36)",1
0,63,6922,lorsa,12,36,9355,transcoder,0.5506256818771362,0.3423648774623871,-0.20826080441474915,0.0,-0.3782257371373742,"Node(id=25_9355_36, type=transcoder, layer=12, feature=9355, pos=36)",1
0,63,6922,lorsa,13,36,5534,lorsa,1.6633868217468262,0.936356246471405,-0.7270305752754211,0.0,-0.4370784749346042,"Node(id=26_5534_36, type=lorsa, layer=13, feature=5534, pos=36)",1
0,63,6922,lorsa,13,36,6705,transcoder,0.18148913979530334,0.0,-0.18148913979530334,0.0,-1.0,"Node(id=27_6705_36, type=transcoder, layer=13, feature=6705, pos=36)",1
0,63,6922,lorsa,14,36,1214,transcoder,1.765131950378418,1.3980404138565063,-0.3670915365219116,0.0,-0.2079683257918552,"Node(id=29_1214_36, type=transcoder, layer=14, feature=1214, pos=36)",1
0,63,6922,lorsa,14,36,8599,transcoder,0.7293266654014587,0.5632501840591431,-0.16607648134231567,0.0,-0.2277120654170771,"Node(id=29_8599_36, type=transcoder, layer=14, feature=8599, pos=36)",1
0,3,13486,transcoder,1,3,853,transcoder,1.2332260608673096,0.0,-1.2332260608673096,0.0,-1.0,"Node(id=3_853_3, type=transcoder, layer=1, feature=853, pos=3)",1
0,3,13486,transcoder,2,3,1,transcoder,0.9149532318115234,0.0,-0.9149532318115234,0.0,-1.0,"Node(id=5_1_3, type=transcoder, layer=2, feature=1, pos=3)",1
0,3,13486,transcoder,2,27,12270,transcoder,0.32696858048439026,0.1704454869031906,-0.15652309358119965,0.0,-0.47870989117461143,"Node(id=5_12270_27, type=transcoder, layer=2, feature=12270, pos=27)",1
0,3,13486,transcoder,2,43,16294,transcoder,0.3670580983161926,0.1886986345052719,-0.17835946381092072,0.0,-0.4859161659396971,"Node(id=5_16294_43, type=transcoder, layer=2, feature=16294, pos=43)",1
0,3,13486,transcoder,3,3,4062,lorsa,1.6329549551010132,0.0,-1.6329549551010132,0.0,-1.0,"Node(id=6_4062_3, type=lorsa, layer=3, feature=4062, pos=3)",1
0,3,13486,transcoder,3,3,5514,transcoder,0.8981991410255432,0.0,-0.8981991410255432,0.0,-1.0,"Node(id=7_5514_3, type=transcoder, layer=3, feature=5514, pos=3)",1
0,3,13486,transcoder,3,3,10005,transcoder,0.6649407744407654,0.0,-0.6649407744407654,0.0,-1.0,"Node(id=7_10005_3, type=transcoder, layer=3, feature=10005, pos=3)",1
0,3,13486,transcoder,4,27,6509,lorsa,0.8708707094192505,0.0,-0.8708707094192505,0.0,-1.0,"Node(id=8_6509_27, type=lorsa, layer=4, feature=6509, pos=27)",1
0,3,13486,transcoder,4,43,2634,lorsa,1.4697251319885254,0.0,-1.4697251319885254,0.0,-1.0,"Node(id=8_2634_43, type=lorsa, layer=4, feature=2634, pos=43)",1
0,3,13486,transcoder,4,3,8453,transcoder,1.2023983001708984,0.0,-1.2023983001708984,0.0,-1.0,"Node(id=9_8453_3, type=transcoder, layer=4, feature=8453, pos=3)",1
0,3,13486,transcoder,4,27,3261,transcoder,0.34043648838996887,0.0,-0.34043648838996887,0.0,-1.0,"Node(id=9_3261_27, type=transcoder, layer=4, feature=3261, pos=27)",1
0,3,13486,transcoder,4,27,16070,transcoder,0.49171632528305054,0.23596198856830597,-0.25575433671474457,0.0,-0.5201257789590832,"Node(id=9_16070_27, type=transcoder, layer=4, feature=16070, pos=27)",1
0,3,13486,transcoder,4,43,12716,transcoder,0.6625145673751831,0.0,-0.6625145673751831,0.0,-1.0,"Node(id=9_12716_43, type=transcoder, layer=4, feature=12716, pos=43)",1
0,3,13486,transcoder,4,43,16362,transcoder,0.41338375210762024,0.2601437270641327,-0.15324002504348755,0.0,-0.3706967781442776,"Node(id=9_16362_43, type=transcoder, layer=4, feature=16362, pos=43)",1
0,3,13486,transcoder,4,61,7216,transcoder,1.426080584526062,1.1014124155044556,-0.32466816902160645,0.0,-0.2276646723505498,"Node(id=9_7216_61, type=transcoder, layer=4, feature=7216, pos=61)",1
0,3,13486,transcoder,5,36,10628,lorsa,3.798208475112915,0.0,-3.798208475112915,0.0,-1.0,"Node(id=10_10628_36, type=lorsa, layer=5, feature=10628, pos=36)",1
0,3,13486,transcoder,5,36,13320,lorsa,2.290212869644165,0.0,-2.290212869644165,0.0,-1.0,"Node(id=10_13320_36, type=lorsa, layer=5, feature=13320, pos=36)",1
0,3,13486,transcoder,5,59,15061,lorsa,1.0584943294525146,0.0,-1.0584943294525146,0.0,-1.0,"Node(id=10_15061_59, type=lorsa, layer=5, feature=15061, pos=59)",1
0,3,13486,transcoder,5,36,2716,transcoder,0.4400579631328583,0.3391402065753937,-0.1009177565574646,0.0,-0.22932832720265178,"Node(id=11_2716_36, type=transcoder, layer=5, feature=2716, pos=36)",1
0,3,13486,transcoder,5,36,4087,transcoder,0.5863869190216064,0.26854994893074036,-0.3178369700908661,0.0,-0.5420260237407425,"Node(id=11_4087_36, type=transcoder, layer=5, feature=4087, pos=36)",1
0,3,13486,transcoder,5,36,4127,transcoder,0.6348527073860168,0.24475674331188202,-0.3900959640741348,0.0,-0.614466882688964,"Node(id=11_4127_36, type=transcoder, layer=5, feature=4127, pos=36)",1
0,3,13486,transcoder,5,43,7776,transcoder,0.5750432014465332,0.4255771040916443,-0.14946609735488892,0.0,-0.2599215102081093,"Node(id=11_7776_43, type=transcoder, layer=5, feature=7776, pos=43)",1
0,3,13486,transcoder,6,3,15700,lorsa,2.893019676208496,1.2998932600021362,-1.5931264162063599,0.0,-0.5506794265202728,"Node(id=12_15700_3, type=lorsa, layer=6, feature=15700, pos=3)",1
0,3,13486,transcoder,6,3,6259,transcoder,0.9025176763534546,0.0,-0.9025176763534546,0.0,-1.0,"Node(id=13_6259_3, type=transcoder, layer=6, feature=6259, pos=3)",1
0,3,13486,transcoder,6,3,15671,transcoder,2.865147590637207,0.0,-2.865147590637207,0.0,-1.0,"Node(id=13_15671_3, type=transcoder, layer=6, feature=15671, pos=3)",1
0,3,13486,transcoder,6,3,16038,transcoder,1.9081240892410278,0.0,-1.9081240892410278,0.0,-1.0,"Node(id=13_16038_3, type=transcoder, layer=6, feature=16038, pos=3)",1
0,3,13486,transcoder,6,27,1692,transcoder,1.108183741569519,0.3177359104156494,-0.7904478311538696,0.0,-0.7132822847900291,"Node(id=13_1692_27, type=transcoder, layer=6, feature=1692, pos=27)",1
0,3,13486,transcoder,6,36,8540,transcoder,0.6434565186500549,0.3287146985530853,-0.3147418200969696,0.0,-0.4891423289288993,"Node(id=13_8540_36, type=transcoder, layer=6, feature=8540, pos=36)",1
0,3,13486,transcoder,6,36,12696,transcoder,1.0120266675949097,0.7236937880516052,-0.28833287954330444,0.0,-0.28490640491572233,"Node(id=13_12696_36, type=transcoder, layer=6, feature=12696, pos=36)",1
0,3,13486,transcoder,6,36,13247,transcoder,0.976347804069519,0.7389535903930664,-0.23739421367645264,0.0,-0.2431451299290774,"Node(id=13_13247_36, type=transcoder, layer=6, feature=13247, pos=36)",1
0,3,13486,transcoder,7,27,4537,lorsa,1.9889576435089111,0.0,-1.9889576435089111,0.0,-1.0,"Node(id=14_4537_27, type=lorsa, layer=7, feature=4537, pos=27)",1
0,3,13486,transcoder,7,27,5451,lorsa,5.721136569976807,4.072071075439453,-1.6490654945373535,0.0,-0.28824088961470795,"Node(id=14_5451_27, type=lorsa, layer=7, feature=5451, pos=27)",1
0,3,13486,transcoder,7,36,5459,lorsa,3.490706443786621,0.0,-3.490706443786621,0.0,-1.0,"Node(id=14_5459_36, type=lorsa, layer=7, feature=5459, pos=36)",1
0,3,13486,transcoder,7,59,6370,lorsa,2.355545997619629,0.0,-2.355545997619629,0.0,-1.0,"Node(id=14_6370_59, type=lorsa, layer=7, feature=6370, pos=59)",1
0,3,13486,transcoder,7,3,11946,transcoder,3.222217082977295,0.0,-3.222217082977295,0.0,-1.0,"Node(id=15_11946_3, type=transcoder, layer=7, feature=11946, pos=3)",1
0,3,13486,transcoder,7,27,14870,transcoder,0.5193299651145935,0.20683042705059052,-0.312499538064003,0.0,-0.6017360041896446,"Node(id=15_14870_27, type=transcoder, layer=7, feature=14870, pos=27)",1
0,3,13486,transcoder,7,36,10198,transcoder,0.8630536198616028,0.6682487726211548,-0.194804847240448,0.0,-0.22571581041707053,"Node(id=15_10198_36, type=transcoder, layer=7, feature=10198, pos=36)",1
0,3,13486,transcoder,7,36,10671,transcoder,0.8758847713470459,0.6957789063453674,-0.18010586500167847,0.0,-0.20562735064418233,"Node(id=15_10671_36, type=transcoder, layer=7, feature=10671, pos=36)",1
0,3,13486,transcoder,7,59,10622,transcoder,0.7834378480911255,0.32017239928245544,-0.46326544880867004,0.0,-0.5913238043546568,"Node(id=15_10622_59, type=transcoder, layer=7, feature=10622, pos=59)",1
0,3,13486,transcoder,8,36,1417,lorsa,4.8791351318359375,0.0,-4.8791351318359375,0.0,-1.0,"Node(id=16_1417_36, type=lorsa, layer=8, feature=1417, pos=36)",1
0,3,13486,transcoder,8,36,1468,lorsa,3.8707199096679688,3.014106512069702,-0.8566133975982666,0.0,-0.22130596312553835,"Node(id=16_1468_36, type=lorsa, layer=8, feature=1468, pos=36)",1
0,3,13486,transcoder,8,36,1492,lorsa,2.96148419380188,0.0,-2.96148419380188,0.0,-1.0,"Node(id=16_1492_36, type=lorsa, layer=8, feature=1492, pos=36)",1
0,3,13486,transcoder,8,3,16029,transcoder,0.8002055287361145,0.4416615664958954,-0.3585439622402191,0.0,-0.4480648400499329,"Node(id=17_16029_3, type=transcoder, layer=8, feature=16029, pos=3)",1
0,3,13486,transcoder,8,36,776,transcoder,0.732367753982544,0.25859230756759644,-0.4737754464149475,0.0,-0.6469092117158397,"Node(id=17_776_36, type=transcoder, layer=8, feature=776, pos=36)",1
0,3,13486,transcoder,8,36,7078,transcoder,0.5934697985649109,0.43350473046302795,-0.15996506810188293,0.0,-0.26954205334239384,"Node(id=17_7078_36, type=transcoder, layer=8, feature=7078, pos=36)",1
0,3,13486,transcoder,8,36,11574,transcoder,0.6268920302391052,0.4683647155761719,-0.15852731466293335,0.0,-0.2528781784041326,"Node(id=17_11574_36, type=transcoder, layer=8, feature=11574, pos=36)",1
0,3,13486,transcoder,8,59,7304,transcoder,0.7314049601554871,0.4715457558631897,-0.25985920429229736,0.0,-0.3552877249247185,"Node(id=17_7304_59, type=transcoder, layer=8, feature=7304, pos=59)",1
0,3,13486,transcoder,9,3,13118,lorsa,3.4335744380950928,0.7399359941482544,-2.6936384439468384,0.0,-0.7844997953331799,"Node(id=18_13118_3, type=lorsa, layer=9, feature=13118, pos=3)",1
0,3,13486,transcoder,9,36,4521,lorsa,3.1571714878082275,0.0,-3.1571714878082275,0.0,-1.0,"Node(id=18_4521_36, type=lorsa, layer=9, feature=4521, pos=36)",1
0,3,13486,transcoder,9,36,8265,lorsa,3.591033697128296,0.0,-3.591033697128296,0.0,-1.0,"Node(id=18_8265_36, type=lorsa, layer=9, feature=8265, pos=36)",1
0,3,13486,transcoder,9,3,4628,transcoder,1.040234088897705,0.4927734136581421,-0.547460675239563,0.0,-0.5262860360783652,"Node(id=19_4628_3, type=transcoder, layer=9, feature=4628, pos=3)",1
0,3,13486,transcoder,9,3,6254,transcoder,4.30410623550415,0.3008226752281189,-4.0032835602760315,0.0,-0.9301079808981799,"Node(id=19_6254_3, type=transcoder, layer=9, feature=6254, pos=3)",1
0,3,13486,transcoder,9,36,3901,transcoder,0.5146542191505432,0.2740173935890198,-0.24063682556152344,0.0,-0.4675699073422615,"Node(id=19_3901_36, type=transcoder, layer=9, feature=3901, pos=36)",1
0,3,13486,transcoder,10,3,11113,transcoder,0.9943823218345642,0.0,-0.9943823218345642,0.0,-1.0,"Node(id=21_11113_3, type=transcoder, layer=10, feature=11113, pos=3)",1
0,3,13486,transcoder,10,36,11001,transcoder,0.587298572063446,0.32831302285194397,-0.2589855492115021,0.0,-0.44097765860653887,"Node(id=21_11001_36, type=transcoder, layer=10, feature=11001, pos=36)",1
0,3,13486,transcoder,10,52,6575,transcoder,0.6553995609283447,0.4446156620979309,-0.21078389883041382,0.0,-0.32161129087704554,"Node(id=21_6575_52, type=transcoder, layer=10, feature=6575, pos=52)",1
0,3,13486,transcoder,11,36,14840,lorsa,1.7748255729675293,1.2085400819778442,-0.5662854909896851,0.0,-0.31906543359235523,"Node(id=22_14840_36, type=lorsa, layer=11, feature=14840, pos=36)",1
0,3,13486,transcoder,11,42,4503,lorsa,3.0655462741851807,0.6147370338439941,-2.4508092403411865,0.0,-0.7994690085024436,"Node(id=22_4503_42, type=lorsa, layer=11, feature=4503, pos=42)",1
0,3,13486,transcoder,11,36,2240,transcoder,0.3820026218891144,0.14606225490570068,-0.2359403669834137,0.0,-0.6176407005182838,"Node(id=23_2240_36, type=transcoder, layer=11, feature=2240, pos=36)",1
0,3,13486,transcoder,12,36,9871,lorsa,1.8985333442687988,1.0904444456100464,-0.8080888986587524,0.0,-0.4256385072709796,"Node(id=24_9871_36, type=lorsa, layer=12, feature=9871, pos=36)",1
0,3,13486,transcoder,12,36,11652,lorsa,2.5469629764556885,0.0,-2.5469629764556885,0.0,-1.0,"Node(id=24_11652_36, type=lorsa, layer=12, feature=11652, pos=36)",1
0,3,13486,transcoder,12,36,8564,transcoder,0.5210015177726746,0.0,-0.5210015177726746,0.0,-1.0,"Node(id=25_8564_36, type=transcoder, layer=12, feature=8564, pos=36)",1
0,3,13486,transcoder,12,36,9355,transcoder,0.5506256818771362,0.0,-0.5506256818771362,0.0,-1.0,"Node(id=25_9355_36, type=transcoder, layer=12, feature=9355, pos=36)",1
0,3,13486,transcoder,13,36,5534,lorsa,1.6633868217468262,0.0,-1.6633868217468262,0.0,-1.0,"Node(id=26_5534_36, type=lorsa, layer=13, feature=5534, pos=36)",1
0,3,13486,transcoder,13,36,9238,lorsa,2.624382734298706,0.0,-2.624382734298706,0.0,-1.0,"Node(id=26_9238_36, type=lorsa, layer=13, feature=9238, pos=36)",1
0,3,13486,transcoder,13,36,9260,lorsa,2.7596147060394287,2.1160948276519775,-0.6435198783874512,0.0,-0.23319192964840532,"Node(id=26_9260_36, type=lorsa, layer=13, feature=9260, pos=36)",1
0,3,13486,transcoder,13,36,3932,transcoder,0.7543947100639343,0.0,-0.7543947100639343,0.0,-1.0,"Node(id=27_3932_36, type=transcoder, layer=13, feature=3932, pos=36)",1
0,3,13486,transcoder,13,36,6705,transcoder,0.18148913979530334,0.0,-0.18148913979530334,0.0,-1.0,"Node(id=27_6705_36, type=transcoder, layer=13, feature=6705, pos=36)",1
0,3,13486,transcoder,13,36,7930,transcoder,0.6133290529251099,0.3679836094379425,-0.24534544348716736,0.0,-0.40002253654389514,"Node(id=27_7930_36, type=transcoder, layer=13, feature=7930, pos=36)",1
0,3,13486,transcoder,13,57,4451,transcoder,0.19393160939216614,0.0,-0.19393160939216614,0.0,-1.0,"Node(id=27_4451_57, type=transcoder, layer=13, feature=4451, pos=57)",1
0,3,13486,transcoder,13,57,12931,transcoder,0.38083311915397644,0.0,-0.38083311915397644,0.0,-1.0,"Node(id=27_12931_57, type=transcoder, layer=13, feature=12931, pos=57)",1
0,3,13486,transcoder,14,7,6541,lorsa,1.711766004562378,0.0,-1.711766004562378,0.0,-1.0,"Node(id=28_6541_7, type=lorsa, layer=14, feature=6541, pos=7)",1
0,3,13486,transcoder,14,14,6541,lorsa,1.2900267839431763,0.0,-1.2900267839431763,0.0,-1.0,"Node(id=28_6541_14, type=lorsa, layer=14, feature=6541, pos=14)",1
0,3,13486,transcoder,14,14,7558,lorsa,1.3172794580459595,0.7007677555084229,-0.6165117025375366,0.0,-0.468018914871765,"Node(id=28_7558_14, type=lorsa, layer=14, feature=7558, pos=14)",1
0,3,13486,transcoder,14,21,10843,lorsa,3.2089242935180664,2.300077199935913,-0.9088470935821533,0.0,-0.2832248474724062,"Node(id=28_10843_21, type=lorsa, layer=14, feature=10843, pos=21)",1
0,3,13486,transcoder,14,36,3897,lorsa,3.076256036758423,2.1001501083374023,-0.9761059284210205,0.0,-0.3173032142830294,"Node(id=28_3897_36, type=lorsa, layer=14, feature=3897, pos=36)",1
0,3,13486,transcoder,14,36,8968,lorsa,0.9133227467536926,0.0,-0.9133227467536926,0.0,-1.0,"Node(id=28_8968_36, type=lorsa, layer=14, feature=8968, pos=36)",1
0,3,13486,transcoder,14,21,969,transcoder,1.0221160650253296,0.20071092247962952,-0.8214051425457001,0.0,-0.8036319657350698,"Node(id=29_969_21, type=transcoder, layer=14, feature=969, pos=21)",1
0,3,13486,transcoder,14,36,138,transcoder,5.686919212341309,3.4559454917907715,-2.230973720550537,0.0,-0.392299175924471,"Node(id=29_138_36, type=transcoder, layer=14, feature=138, pos=36)",1
0,3,13486,transcoder,14,36,1214,transcoder,1.765131950378418,0.0,-1.765131950378418,0.0,-1.0,"Node(id=29_1214_36, type=transcoder, layer=14, feature=1214, pos=36)",1
0,3,13486,transcoder,14,36,8599,transcoder,0.7293266654014587,0.317044198513031,-0.41228246688842773,0.0,-0.5652919143734946,"Node(id=29_8599_36, type=transcoder, layer=14, feature=8599, pos=36)",1
0,3,13486,transcoder,14,36,10638,transcoder,1.1475523710250854,0.737589955329895,-0.40996241569519043,0.0,-0.35724941714771524,"Node(id=29_10638_36, type=transcoder, layer=14, feature=10638, pos=36)",1
0,3,13486,transcoder,14,36,12029,transcoder,1.2375859022140503,0.7346537709236145,-0.5029321312904358,0.0,-0.4063815937064946,"Node(id=29_12029_36, type=transcoder, layer=14, feature=12029, pos=36)",1
0,3,13486,transcoder,14,36,14940,transcoder,1.4348654747009277,0.5243645906448364,-0.9105008840560913,0.0,-0.6345548764743044,"Node(id=29_14940_36, type=transcoder, layer=14, feature=14940, pos=36)",1
0,3,13486,transcoder,14,36,15619,transcoder,0.42063450813293457,0.0,-0.42063450813293457,0.0,-1.0,"Node(id=29_15619_36, type=transcoder, layer=14, feature=15619, pos=36)",1
0,9,12663,transcoder,1,9,10107,transcoder,0.8327892422676086,0.09367363154888153,-0.7391156107187271,0.0,-0.8875182017315487,"Node(id=3_10107_9, type=transcoder, layer=1, feature=10107, pos=9)",1
0,9,12663,transcoder,7,0,6104,transcoder,8.469114303588867,6.680651664733887,-1.7884626388549805,0.0,-0.21117469604786213,"Node(id=15_6104_0, type=transcoder, layer=7, feature=6104, pos=0)",1
0,9,12663,transcoder,8,32,11854,transcoder,11.953476905822754,9.216161727905273,-2.7373151779174805,0.0,-0.22899740380843375,"Node(id=17_11854_32, type=transcoder, layer=8, feature=11854, pos=32)",1
0,9,12663,transcoder,8,35,15741,transcoder,0.5565544962882996,0.4092557728290558,-0.14729872345924377,0.0,-0.26466181558425844,"Node(id=17_15741_35, type=transcoder, layer=8, feature=15741, pos=35)",1
0,9,12663,transcoder,9,52,6548,transcoder,0.38875845074653625,0.23943264782428741,-0.14932580292224884,0.0,-0.384109471152324,"Node(id=19_6548_52, type=transcoder, layer=9, feature=6548, pos=52)",1
0,9,12663,transcoder,13,57,4451,transcoder,0.19393160939216614,0.0,-0.19393160939216614,0.0,-1.0,"Node(id=27_4451_57, type=transcoder, layer=13, feature=4451, pos=57)",1
0,9,12663,transcoder,13,57,12931,transcoder,0.38083311915397644,0.22174705564975739,-0.15908606350421906,0.0,-0.4177316927099983,"Node(id=27_12931_57, type=transcoder, layer=13, feature=12931, pos=57)",1
0,9,12663,transcoder,14,36,8968,lorsa,0.9133227467536926,0.0,-0.9133227467536926,0.0,-1.0,"Node(id=28_8968_36, type=lorsa, layer=14, feature=8968, pos=36)",1
0,9,12663,transcoder,14,36,15619,transcoder,0.42063450813293457,0.2903951108455658,-0.13023939728736877,0.0,-0.3096260405867813,"Node(id=29_15619_36, type=transcoder, layer=14, feature=15619, pos=36)",1
0,14,8178,transcoder,1,14,8308,lorsa,1.677754521369934,0.4014793634414673,-1.2762751579284668,0.0,-0.7607043471927896,"Node(id=2_8308_14, type=lorsa, layer=1, feature=8308, pos=14)",1
0,18,3216,transcoder,1,18,14853,transcoder,0.5421252250671387,0.0,-0.5421252250671387,0.0,-1.0,"Node(id=3_14853_18, type=transcoder, layer=1, feature=14853, pos=18)",1
0,18,3216,transcoder,2,18,9335,lorsa,3.4980318546295166,0.3541991710662842,-3.1438326835632324,0.0,-0.8987432974352378,"Node(id=4_9335_18, type=lorsa, layer=2, feature=9335, pos=18)",1
0,18,3216,transcoder,2,18,15753,transcoder,0.674092710018158,0.0,-0.674092710018158,0.0,-1.0,"Node(id=5_15753_18, type=transcoder, layer=2, feature=15753, pos=18)",1
0,18,3216,transcoder,3,35,13736,lorsa,3.5879011154174805,0.0,-3.5879011154174805,0.0,-1.0,"Node(id=6_13736_35, type=lorsa, layer=3, feature=13736, pos=35)",1
0,18,3216,transcoder,3,36,13736,lorsa,3.7523114681243896,2.2746448516845703,-1.4776666164398193,0.0,-0.3938016950331785,"Node(id=6_13736_36, type=lorsa, layer=3, feature=13736, pos=36)",1
0,18,3216,transcoder,3,18,11376,transcoder,1.2894928455352783,0.0,-1.2894928455352783,0.0,-1.0,"Node(id=7_11376_18, type=transcoder, layer=3, feature=11376, pos=18)",1
0,18,3216,transcoder,4,18,14280,transcoder,0.9238331317901611,0.0,-0.9238331317901611,0.0,-1.0,"Node(id=9_14280_18, type=transcoder, layer=4, feature=14280, pos=18)",1
0,18,3216,transcoder,5,59,15061,lorsa,1.0584943294525146,0.8049635887145996,-0.25353074073791504,0.0,-0.23952016905848594,"Node(id=10_15061_59, type=lorsa, layer=5, feature=15061, pos=59)",1
0,18,3216,transcoder,5,18,14977,transcoder,1.3535345792770386,0.0,-1.3535345792770386,0.0,-1.0,"Node(id=11_14977_18, type=transcoder, layer=5, feature=14977, pos=18)",1
0,18,3216,transcoder,6,18,14977,transcoder,1.793497920036316,0.0,-1.793497920036316,0.0,-1.0,"Node(id=13_14977_18, type=transcoder, layer=6, feature=14977, pos=18)",1
0,18,3216,transcoder,7,18,2868,lorsa,3.1723361015319824,0.0,-3.1723361015319824,0.0,-1.0,"Node(id=14_2868_18, type=lorsa, layer=7, feature=2868, pos=18)",1
0,18,3216,transcoder,7,35,12765,lorsa,3.486405611038208,0.0,-3.486405611038208,0.0,-1.0,"Node(id=14_12765_35, type=lorsa, layer=7, feature=12765, pos=35)",1
0,18,3216,transcoder,7,36,2492,lorsa,1.8267388343811035,1.3151772022247314,-0.5115616321563721,0.0,-0.280040924585527,"Node(id=14_2492_36, type=lorsa, layer=7, feature=2492, pos=36)",1
0,18,3216,transcoder,7,45,11217,lorsa,2.0944316387176514,0.0,-2.0944316387176514,0.0,-1.0,"Node(id=14_11217_45, type=lorsa, layer=7, feature=11217, pos=45)",1
0,18,3216,transcoder,7,18,14977,transcoder,1.8477169275283813,0.0,-1.8477169275283813,0.0,-1.0,"Node(id=15_14977_18, type=transcoder, layer=7, feature=14977, pos=18)",1
0,18,3216,transcoder,8,6,11854,transcoder,7.1796770095825195,5.69092321395874,-1.4887537956237793,0.0,-0.20735665318046761,"Node(id=17_11854_6, type=transcoder, layer=8, feature=11854, pos=6)",1
0,18,3216,transcoder,8,18,8746,transcoder,0.7706036567687988,0.0,-0.7706036567687988,0.0,-1.0,"Node(id=17_8746_18, type=transcoder, layer=8, feature=8746, pos=18)",1
0,18,3216,transcoder,8,35,15741,transcoder,0.5565544962882996,0.37828707695007324,-0.17826741933822632,0.0,-0.3203054157806721,"Node(id=17_15741_35, type=transcoder, layer=8, feature=15741, pos=35)",1
0,18,3216,transcoder,9,35,12732,lorsa,2.9757447242736816,0.0,-2.9757447242736816,0.0,-1.0,"Node(id=18_12732_35, type=lorsa, layer=9, feature=12732, pos=35)",1
0,18,3216,transcoder,9,36,5162,transcoder,0.35064274072647095,0.2672268748283386,-0.08341586589813232,0.0,-0.23789417606452973,"Node(id=19_5162_36, type=transcoder, layer=9, feature=5162, pos=36)",1
0,18,3216,transcoder,10,18,5512,transcoder,0.5710054636001587,0.0,-0.5710054636001587,0.0,-1.0,"Node(id=21_5512_18, type=transcoder, layer=10, feature=5512, pos=18)",1
0,18,3216,transcoder,10,35,3129,transcoder,0.6713854074478149,0.0,-0.6713854074478149,0.0,-1.0,"Node(id=21_3129_35, type=transcoder, layer=10, feature=3129, pos=35)",1
0,18,3216,transcoder,10,35,13771,transcoder,0.726324200630188,0.0,-0.726324200630188,0.0,-1.0,"Node(id=21_13771_35, type=transcoder, layer=10, feature=13771, pos=35)",1
0,18,3216,transcoder,11,52,1680,lorsa,2.564471960067749,0.0,-2.564471960067749,0.0,-1.0,"Node(id=22_1680_52, type=lorsa, layer=11, feature=1680, pos=52)",1
0,18,3216,transcoder,12,52,13529,lorsa,1.9571092128753662,0.0,-1.9571092128753662,0.0,-1.0,"Node(id=24_13529_52, type=lorsa, layer=12, feature=13529, pos=52)",1
0,18,3216,transcoder,12,36,8564,transcoder,0.5210015177726746,0.388866662979126,-0.13213485479354858,0.0,-0.25361702468437375,"Node(id=25_8564_36, type=transcoder, layer=12, feature=8564, pos=36)",1
0,18,3216,transcoder,13,36,9238,lorsa,2.624382734298706,2.092072010040283,-0.5323107242584229,0.0,-0.20283273369448843,"Node(id=26_9238_36, type=lorsa, layer=13, feature=9238, pos=36)",1
0,18,3216,transcoder,13,36,3932,transcoder,0.7543947100639343,0.5416873097419739,-0.21270740032196045,0.0,-0.2819577039504077,"Node(id=27_3932_36, type=transcoder, layer=13, feature=3932, pos=36)",1
0,18,3216,transcoder,13,57,4451,transcoder,0.19393160939216614,0.0,-0.19393160939216614,0.0,-1.0,"Node(id=27_4451_57, type=transcoder, layer=13, feature=4451, pos=57)",1
0,18,3216,transcoder,14,7,6541,lorsa,1.711766004562378,1.1989667415618896,-0.5127992630004883,0.0,-0.2995732253320384,"Node(id=28_6541_7, type=lorsa, layer=14, feature=6541, pos=7)",1
0,18,3216,transcoder,14,14,6541,lorsa,1.2900267839431763,0.5590144395828247,-0.7310123443603516,0.0,-0.566664470427423,"Node(id=28_6541_14, type=lorsa, layer=14, feature=6541, pos=14)",1
0,18,3216,transcoder,14,14,7558,lorsa,1.3172794580459595,0.7029967904090881,-0.6142826676368713,0.0,-0.4663267645182084,"Node(id=28_7558_14, type=lorsa, layer=14, feature=7558, pos=14)",1
0,18,3216,transcoder,14,36,3897,lorsa,3.076256036758423,2.110071897506714,-0.966184139251709,0.0,-0.314077933600682,"Node(id=28_3897_36, type=lorsa, layer=14, feature=3897, pos=36)",1
0,18,3216,transcoder,14,36,8968,lorsa,0.9133227467536926,0.0,-0.9133227467536926,0.0,-1.0,"Node(id=28_8968_36, type=lorsa, layer=14, feature=8968, pos=36)",1
0,18,3216,transcoder,14,21,969,transcoder,1.0221160650253296,0.5546018481254578,-0.4675142168998718,0.0,-0.45739836491884717,"Node(id=29_969_21, type=transcoder, layer=14, feature=969, pos=21)",1
0,18,3216,transcoder,14,36,1214,transcoder,1.765131950378418,1.3521795272827148,-0.4129524230957031,0.0,-0.23394988856621868,"Node(id=29_1214_36, type=transcoder, layer=14, feature=1214, pos=36)",1
0,18,3216,transcoder,14,36,8599,transcoder,0.7293266654014587,0.5648583769798279,-0.16446828842163086,0.0,-0.22550702754176566,"Node(id=29_8599_36, type=transcoder, layer=14, feature=8599, pos=36)",1
0,18,3216,transcoder,14,36,14940,transcoder,1.4348654747009277,1.142553448677063,-0.29231202602386475,0.0,-0.20372085828101202,"Node(id=29_14940_36, type=transcoder, layer=14, feature=14940, pos=36)",1
0,18,3216,transcoder,14,36,15619,transcoder,0.42063450813293457,0.0,-0.42063450813293457,0.0,-1.0,"Node(id=29_15619_36, type=transcoder, layer=14, feature=15619, pos=36)",1
0,20,4675,transcoder,1,20,11907,transcoder,0.9953451752662659,0.0,-0.9953451752662659,0.0,-1.0,"Node(id=3_11907_20, type=transcoder, layer=1, feature=11907, pos=20)",1
0,20,4675,transcoder,2,20,10777,lorsa,3.3418948650360107,0.0,-3.3418948650360107,0.0,-1.0,"Node(id=4_10777_20, type=lorsa, layer=2, feature=10777, pos=20)",1
0,20,4675,transcoder,2,20,15512,transcoder,0.8344085216522217,0.0,-0.8344085216522217,0.0,-1.0,"Node(id=5_15512_20, type=transcoder, layer=2, feature=15512, pos=20)",1
0,20,4675,transcoder,3,20,2651,lorsa,3.3821523189544678,0.0,-3.3821523189544678,0.0,-1.0,"Node(id=6_2651_20, type=lorsa, layer=3, feature=2651, pos=20)",1
0,20,4675,transcoder,3,34,11060,lorsa,2.1169443130493164,0.0,-2.1169443130493164,0.0,-1.0,"Node(id=6_11060_34, type=lorsa, layer=3, feature=11060, pos=34)",1
0,20,4675,transcoder,3,20,1599,transcoder,1.0415526628494263,0.0,-1.0415526628494263,0.0,-1.0,"Node(id=7_1599_20, type=transcoder, layer=3, feature=1599, pos=20)",1
0,20,4675,transcoder,4,20,8194,transcoder,1.2885198593139648,0.0,-1.2885198593139648,0.0,-1.0,"Node(id=9_8194_20, type=transcoder, layer=4, feature=8194, pos=20)",1
0,20,4675,transcoder,4,27,16070,transcoder,0.49171632528305054,0.36320120096206665,-0.1285151243209839,0.0,-0.2613602959938451,"Node(id=9_16070_27, type=transcoder, layer=4, feature=16070, pos=27)",1
0,20,4675,transcoder,4,34,14387,transcoder,0.8890300393104553,0.6266347765922546,-0.2623952627182007,0.0,-0.29514780279158875,"Node(id=9_14387_34, type=transcoder, layer=4, feature=14387, pos=34)",1
0,20,4675,transcoder,4,36,7015,transcoder,0.4674502909183502,0.3616623878479004,-0.10578790307044983,0.0,-0.22630834791570995,"Node(id=9_7015_36, type=transcoder, layer=4, feature=7015, pos=36)",1
0,20,4675,transcoder,5,36,2716,transcoder,0.4400579631328583,0.3126467168331146,-0.12741124629974365,0.0,-0.2895328728803774,"Node(id=11_2716_36, type=transcoder, layer=5, feature=2716, pos=36)",1
0,20,4675,transcoder,6,20,2562,transcoder,1.9573559761047363,0.0,-1.9573559761047363,0.0,-1.0,"Node(id=13_2562_20, type=transcoder, layer=6, feature=2562, pos=20)",1
0,20,4675,transcoder,7,36,2492,lorsa,1.8267388343811035,1.1196393966674805,-0.707099437713623,0.0,-0.38708293950141337,"Node(id=14_2492_36, type=lorsa, layer=7, feature=2492, pos=36)",1
0,20,4675,transcoder,7,38,14502,lorsa,3.504657745361328,0.0,-3.504657745361328,0.0,-1.0,"Node(id=14_14502_38, type=lorsa, layer=7, feature=14502, pos=38)",1
0,20,4675,transcoder,7,1,6104,transcoder,4.072308540344238,2.846972703933716,-1.2253358364105225,0.0,-0.30089464594127807,"Node(id=15_6104_1, type=transcoder, layer=7, feature=6104, pos=1)",1
0,20,4675,transcoder,7,20,10549,transcoder,2.3378570079803467,0.0,-2.3378570079803467,0.0,-1.0,"Node(id=15_10549_20, type=transcoder, layer=7, feature=10549, pos=20)",1
0,20,4675,transcoder,7,20,14452,transcoder,3.8120827674865723,0.386168897151947,-3.4259138703346252,0.0,-0.8986987112542258,"Node(id=15_14452_20, type=transcoder, layer=7, feature=14452, pos=20)",1
0,20,4675,transcoder,7,36,10671,transcoder,0.8758847713470459,0.6936818957328796,-0.18220287561416626,0.0,-0.20802151330243102,"Node(id=15_10671_36, type=transcoder, layer=7, feature=10671, pos=36)",1
0,20,4675,transcoder,8,36,1468,lorsa,3.8707199096679688,2.940323829650879,-0.9303960800170898,0.0,-0.24036770981367636,"Node(id=16_1468_36, type=lorsa, layer=8, feature=1468, pos=36)",1
0,20,4675,transcoder,8,38,9586,lorsa,4.022851943969727,0.0,-4.022851943969727,0.0,-1.0,"Node(id=16_9586_38, type=lorsa, layer=8, feature=9586, pos=38)",1
0,20,4675,transcoder,8,35,15741,transcoder,0.5565544962882996,0.31385326385498047,-0.2427012324333191,0.0,-0.4360781092452049,"Node(id=17_15741_35, type=transcoder, layer=8, feature=15741, pos=35)",1
0,20,4675,transcoder,8,36,776,transcoder,0.732367753982544,0.47068917751312256,-0.2616785764694214,0.0,-0.3573048854847022,"Node(id=17_776_36, type=transcoder, layer=8, feature=776, pos=36)",1
0,20,4675,transcoder,8,36,7078,transcoder,0.5934697985649109,0.41091808676719666,-0.18255171179771423,0.0,-0.3076006769664583,"Node(id=17_7078_36, type=transcoder, layer=8, feature=7078, pos=36)",1
0,20,4675,transcoder,8,59,7304,transcoder,0.7314049601554871,0.5474501848220825,-0.18395477533340454,0.0,-0.25150878836574775,"Node(id=17_7304_59, type=transcoder, layer=8, feature=7304, pos=59)",1
0,20,4675,transcoder,9,36,3901,transcoder,0.5146542191505432,0.29137468338012695,-0.22327953577041626,0.0,-0.43384378765794984,"Node(id=19_3901_36, type=transcoder, layer=9, feature=3901, pos=36)",1
0,20,4675,transcoder,10,35,3129,transcoder,0.6713854074478149,0.5192649960517883,-0.1521204113960266,0.0,-0.22657688074319748,"Node(id=21_3129_35, type=transcoder, layer=10, feature=3129, pos=35)",1
0,20,4675,transcoder,10,35,13771,transcoder,0.726324200630188,0.5709509253501892,-0.15537327527999878,0.0,-0.2139172495494308,"Node(id=21_13771_35, type=transcoder, layer=10, feature=13771, pos=35)",1
0,20,4675,transcoder,10,52,6575,transcoder,0.6553995609283447,0.5095557570457458,-0.14584380388259888,0.0,-0.22252655109505648,"Node(id=21_6575_52, type=transcoder, layer=10, feature=6575, pos=52)",1
0,20,4675,transcoder,11,36,14840,lorsa,1.7748255729675293,0.8773536086082458,-0.8974719643592834,0.0,-0.5056676994228225,"Node(id=22_14840_36, type=lorsa, layer=11, feature=14840, pos=36)",1
0,20,4675,transcoder,11,42,4503,lorsa,3.0655462741851807,2.2468056678771973,-0.8187406063079834,0.0,-0.2670782082797311,"Node(id=22_4503_42, type=lorsa, layer=11, feature=4503, pos=42)",1
0,20,4675,transcoder,11,52,1680,lorsa,2.564471960067749,1.9120279550552368,-0.6524440050125122,0.0,-0.25441650958635387,"Node(id=22_1680_52, type=lorsa, layer=11, feature=1680, pos=52)",1
0,20,4675,transcoder,12,36,9871,lorsa,1.8985333442687988,0.0,-1.8985333442687988,0.0,-1.0,"Node(id=24_9871_36, type=lorsa, layer=12, feature=9871, pos=36)",1
0,20,4675,transcoder,12,36,9878,lorsa,1.8616447448730469,0.0,-1.8616447448730469,0.0,-1.0,"Node(id=24_9878_36, type=lorsa, layer=12, feature=9878, pos=36)",1
0,20,4675,transcoder,12,36,11652,lorsa,2.5469629764556885,1.9521327018737793,-0.5948302745819092,0.0,-0.23354492392726695,"Node(id=24_11652_36, type=lorsa, layer=12, feature=11652, pos=36)",1
0,20,4675,transcoder,12,36,8564,transcoder,0.5210015177726746,0.0,-0.5210015177726746,0.0,-1.0,"Node(id=25_8564_36, type=transcoder, layer=12, feature=8564, pos=36)",1
0,20,4675,transcoder,12,36,9355,transcoder,0.5506256818771362,0.43646958470344543,-0.1141560971736908,0.0,-0.20732069158946895,"Node(id=25_9355_36, type=transcoder, layer=12, feature=9355, pos=36)",1
0,20,4675,transcoder,13,36,5534,lorsa,1.6633868217468262,0.0,-1.6633868217468262,0.0,-1.0,"Node(id=26_5534_36, type=lorsa, layer=13, feature=5534, pos=36)",1
0,20,4675,transcoder,13,36,9238,lorsa,2.624382734298706,1.4081498384475708,-1.2162328958511353,0.0,-0.46343579385578454,"Node(id=26_9238_36, type=lorsa, layer=13, feature=9238, pos=36)",1
0,20,4675,transcoder,13,36,9260,lorsa,2.7596147060394287,2.1483147144317627,-0.611299991607666,0.0,-0.22151642773530425,"Node(id=26_9260_36, type=lorsa, layer=13, feature=9260, pos=36)",1
0,20,4675,transcoder,13,36,3932,transcoder,0.7543947100639343,0.0,-0.7543947100639343,0.0,-1.0,"Node(id=27_3932_36, type=transcoder, layer=13, feature=3932, pos=36)",1
0,20,4675,transcoder,13,36,6705,transcoder,0.18148913979530334,0.0,-0.18148913979530334,0.0,-1.0,"Node(id=27_6705_36, type=transcoder, layer=13, feature=6705, pos=36)",1
0,20,4675,transcoder,13,36,7930,transcoder,0.6133290529251099,0.0,-0.6133290529251099,0.0,-1.0,"Node(id=27_7930_36, type=transcoder, layer=13, feature=7930, pos=36)",1
0,20,4675,transcoder,13,57,4451,transcoder,0.19393160939216614,0.0,-0.19393160939216614,0.0,-1.0,"Node(id=27_4451_57, type=transcoder, layer=13, feature=4451, pos=57)",1
0,20,4675,transcoder,13,57,12931,transcoder,0.38083311915397644,0.0,-0.38083311915397644,0.0,-1.0,"Node(id=27_12931_57, type=transcoder, layer=13, feature=12931, pos=57)",1
0,20,4675,transcoder,14,7,6541,lorsa,1.711766004562378,0.0,-1.711766004562378,0.0,-1.0,"Node(id=28_6541_7, type=lorsa, layer=14, feature=6541, pos=7)",1
0,20,4675,transcoder,14,14,6541,lorsa,1.2900267839431763,0.0,-1.2900267839431763,0.0,-1.0,"Node(id=28_6541_14, type=lorsa, layer=14, feature=6541, pos=14)",1
0,20,4675,transcoder,14,21,10843,lorsa,3.2089242935180664,1.447638750076294,-1.7612855434417725,0.0,-0.5488710179294407,"Node(id=28_10843_21, type=lorsa, layer=14, feature=10843, pos=21)",1
0,20,4675,transcoder,14,36,8968,lorsa,0.9133227467536926,0.0,-0.9133227467536926,0.0,-1.0,"Node(id=28_8968_36, type=lorsa, layer=14, feature=8968, pos=36)",1
0,20,4675,transcoder,14,21,969,transcoder,1.0221160650253296,0.0,-1.0221160650253296,0.0,-1.0,"Node(id=29_969_21, type=transcoder, layer=14, feature=969, pos=21)",1
0,20,4675,transcoder,14,21,1034,transcoder,0.982692539691925,0.3389784097671509,-0.6437141299247742,0.0,-0.6550514061362256,"Node(id=29_1034_21, type=transcoder, layer=14, feature=1034, pos=21)",1
0,20,4675,transcoder,14,36,138,transcoder,5.686919212341309,3.953657388687134,-1.7332618236541748,0.0,-0.30478045474829063,"Node(id=29_138_36, type=transcoder, layer=14, feature=138, pos=36)",1
0,20,4675,transcoder,14,36,1214,transcoder,1.765131950378418,0.0,-1.765131950378418,0.0,-1.0,"Node(id=29_1214_36, type=transcoder, layer=14, feature=1214, pos=36)",1
0,20,4675,transcoder,14,36,8599,transcoder,0.7293266654014587,0.0,-0.7293266654014587,0.0,-1.0,"Node(id=29_8599_36, type=transcoder, layer=14, feature=8599, pos=36)",1
0,20,4675,transcoder,14,36,12029,transcoder,1.2375859022140503,0.7006548047065735,-0.5369310975074768,0.0,-0.4338535988062753,"Node(id=29_12029_36, type=transcoder, layer=14, feature=12029, pos=36)",1
0,20,4675,transcoder,14,36,14940,transcoder,1.4348654747009277,0.4449383318424225,-0.9899271428585052,0.0,-0.6899093749989615,"Node(id=29_14940_36, type=transcoder, layer=14, feature=14940, pos=36)",1
0,20,4675,transcoder,14,36,15619,transcoder,0.42063450813293457,0.0,-0.42063450813293457,0.0,-1.0,"Node(id=29_15619_36, type=transcoder, layer=14, feature=15619, pos=36)",1
0,21,3216,transcoder,1,21,612,transcoder,0.636751115322113,0.0,-0.636751115322113,0.0,-1.0,"Node(id=3_612_21, type=transcoder, layer=1, feature=612, pos=21)",1
0,21,3216,transcoder,1,21,14853,transcoder,0.7213744521141052,0.0,-0.7213744521141052,0.0,-1.0,"Node(id=3_14853_21, type=transcoder, layer=1, feature=14853, pos=21)",1
0,21,3216,transcoder,1,36,4098,transcoder,0.3550102114677429,0.0,-0.3550102114677429,0.0,-1.0,"Node(id=3_4098_36, type=transcoder, layer=1, feature=4098, pos=36)",1
0,21,3216,transcoder,1,36,4185,transcoder,0.18272526562213898,0.0,-0.18272526562213898,0.0,-1.0,"Node(id=3_4185_36, type=transcoder, layer=1, feature=4185, pos=36)",1
0,21,3216,transcoder,1,36,6470,transcoder,0.5331307053565979,0.38635674118995667,-0.14677396416664124,0.0,-0.2753057790368082,"Node(id=3_6470_36, type=transcoder, layer=1, feature=6470, pos=36)",1
0,21,3216,transcoder,1,36,9415,transcoder,0.25213298201560974,0.0,-0.25213298201560974,0.0,-1.0,"Node(id=3_9415_36, type=transcoder, layer=1, feature=9415, pos=36)",1
0,21,3216,transcoder,1,36,10566,transcoder,0.5374178886413574,0.22848868370056152,-0.3089292049407959,0.0,-0.5748398247810429,"Node(id=3_10566_36, type=transcoder, layer=1, feature=10566, pos=36)",1
0,21,3216,transcoder,2,21,9335,lorsa,3.3572487831115723,0.0,-3.3572487831115723,0.0,-1.0,"Node(id=4_9335_21, type=lorsa, layer=2, feature=9335, pos=21)",1
0,21,3216,transcoder,2,36,14549,lorsa,1.2103852033615112,0.0,-1.2103852033615112,0.0,-1.0,"Node(id=4_14549_36, type=lorsa, layer=2, feature=14549, pos=36)",1
0,21,3216,transcoder,2,36,14795,lorsa,4.014857292175293,0.0,-4.014857292175293,0.0,-1.0,"Node(id=4_14795_36, type=lorsa, layer=2, feature=14795, pos=36)",1
0,21,3216,transcoder,2,21,15753,transcoder,0.7718446254730225,0.0,-0.7718446254730225,0.0,-1.0,"Node(id=5_15753_21, type=transcoder, layer=2, feature=15753, pos=21)",1
0,21,3216,transcoder,2,36,5542,transcoder,0.2800012230873108,0.0,-0.2800012230873108,0.0,-1.0,"Node(id=5_5542_36, type=transcoder, layer=2, feature=5542, pos=36)",1
0,21,3216,transcoder,2,36,8480,transcoder,0.4812658429145813,0.2976415455341339,-0.1836242973804474,0.0,-0.3815444209969383,"Node(id=5_8480_36, type=transcoder, layer=2, feature=8480, pos=36)",1
0,21,3216,transcoder,2,36,10873,transcoder,0.6764044165611267,0.0,-0.6764044165611267,0.0,-1.0,"Node(id=5_10873_36, type=transcoder, layer=2, feature=10873, pos=36)",1
0,21,3216,transcoder,2,36,13998,transcoder,0.6966379284858704,0.0,-0.6966379284858704,0.0,-1.0,"Node(id=5_13998_36, type=transcoder, layer=2, feature=13998, pos=36)",1
0,21,3216,transcoder,2,36,14573,transcoder,0.9372068643569946,0.6369805932044983,-0.30022627115249634,0.0,-0.3203415196478289,"Node(id=5_14573_36, type=transcoder, layer=2, feature=14573, pos=36)",1
0,21,3216,transcoder,2,36,15252,transcoder,0.285544753074646,0.0,-0.285544753074646,0.0,-1.0,"Node(id=5_15252_36, type=transcoder, layer=2, feature=15252, pos=36)",1
0,21,3216,transcoder,2,36,15275,transcoder,0.42236605286598206,0.1502750962972641,-0.27209095656871796,0.0,-0.6442064998416271,"Node(id=5_15275_36, type=transcoder, layer=2, feature=15275, pos=36)",1
0,21,3216,transcoder,2,36,15667,transcoder,0.26635974645614624,0.0,-0.26635974645614624,0.0,-1.0,"Node(id=5_15667_36, type=transcoder, layer=2, feature=15667, pos=36)",1
0,21,3216,transcoder,3,27,1736,lorsa,4.417971134185791,0.0,-4.417971134185791,0.0,-1.0,"Node(id=6_1736_27, type=lorsa, layer=3, feature=1736, pos=27)",1
0,21,3216,transcoder,3,35,13736,lorsa,3.5879011154174805,1.641753911972046,-1.9461472034454346,0.0,-0.5424194092425496,"Node(id=6_13736_35, type=lorsa, layer=3, feature=13736, pos=35)",1
0,21,3216,transcoder,3,36,13719,lorsa,2.6054978370666504,0.0,-2.6054978370666504,0.0,-1.0,"Node(id=6_13719_36, type=lorsa, layer=3, feature=13719, pos=36)",1
0,21,3216,transcoder,3,36,13736,lorsa,3.7523114681243896,0.0,-3.7523114681243896,0.0,-1.0,"Node(id=6_13736_36, type=lorsa, layer=3, feature=13736, pos=36)",1
0,21,3216,transcoder,3,21,11376,transcoder,1.1531273126602173,0.0,-1.1531273126602173,0.0,-1.0,"Node(id=7_11376_21, type=transcoder, layer=3, feature=11376, pos=21)",1
0,21,3216,transcoder,3,27,8452,transcoder,0.9483512043952942,0.5431631207466125,-0.40518808364868164,0.0,-0.4272553055985682,"Node(id=7_8452_27, type=transcoder, layer=3, feature=8452, pos=27)",1
0,21,3216,transcoder,3,27,14691,transcoder,0.7342837452888489,0.0,-0.7342837452888489,0.0,-1.0,"Node(id=7_14691_27, type=transcoder, layer=3, feature=14691, pos=27)",1
0,21,3216,transcoder,3,36,2235,transcoder,1.183021068572998,0.0,-1.183021068572998,0.0,-1.0,"Node(id=7_2235_36, type=transcoder, layer=3, feature=2235, pos=36)",1
0,21,3216,transcoder,3,36,4451,transcoder,0.9956201910972595,0.4266650378704071,-0.5689551532268524,0.0,-0.5714580301950432,"Node(id=7_4451_36, type=transcoder, layer=3, feature=4451, pos=36)",1
0,21,3216,transcoder,3,36,13706,transcoder,0.7337140440940857,0.0,-0.7337140440940857,0.0,-1.0,"Node(id=7_13706_36, type=transcoder, layer=3, feature=13706, pos=36)",1
0,21,3216,transcoder,3,36,15642,transcoder,0.8003482818603516,0.2536546587944031,-0.5466936230659485,0.0,-0.6830696528706213,"Node(id=7_15642_36, type=transcoder, layer=3, feature=15642, pos=36)",1
0,21,3216,transcoder,3,43,5448,transcoder,1.2499865293502808,0.4467178285121918,-0.803268700838089,0.0,-0.6426218858979327,"Node(id=7_5448_43, type=transcoder, layer=3, feature=5448, pos=43)",1
0,21,3216,transcoder,3,56,15348,transcoder,1.9667108058929443,1.275829553604126,-0.6908812522888184,0.0,-0.35128766782523374,"Node(id=7_15348_56, type=transcoder, layer=3, feature=15348, pos=56)",1
0,21,3216,transcoder,4,36,11693,lorsa,1.4066872596740723,0.0,-1.4066872596740723,0.0,-1.0,"Node(id=8_11693_36, type=lorsa, layer=4, feature=11693, pos=36)",1
0,21,3216,transcoder,4,43,2634,lorsa,1.4697251319885254,1.0286730527877808,-0.44105207920074463,0.0,-0.30009154065699684,"Node(id=8_2634_43, type=lorsa, layer=4, feature=2634, pos=43)",1
0,21,3216,transcoder,4,21,14280,transcoder,0.7836771607398987,0.0,-0.7836771607398987,0.0,-1.0,"Node(id=9_14280_21, type=transcoder, layer=4, feature=14280, pos=21)",1
0,21,3216,transcoder,4,27,3261,transcoder,0.34043648838996887,0.0,-0.34043648838996887,0.0,-1.0,"Node(id=9_3261_27, type=transcoder, layer=4, feature=3261, pos=27)",1
0,21,3216,transcoder,4,27,16070,transcoder,0.49171632528305054,0.0,-0.49171632528305054,0.0,-1.0,"Node(id=9_16070_27, type=transcoder, layer=4, feature=16070, pos=27)",1
0,21,3216,transcoder,4,34,14387,transcoder,0.8890300393104553,0.5637392997741699,-0.3252907395362854,0.0,-0.3658939801275845,"Node(id=9_14387_34, type=transcoder, layer=4, feature=14387, pos=34)",1
0,21,3216,transcoder,4,36,2320,transcoder,2.2965035438537598,0.1718726009130478,-2.124630942940712,0.0,-0.9251590090626951,"Node(id=9_2320_36, type=transcoder, layer=4, feature=2320, pos=36)",1
0,21,3216,transcoder,4,36,7015,transcoder,0.4674502909183502,0.0,-0.4674502909183502,0.0,-1.0,"Node(id=9_7015_36, type=transcoder, layer=4, feature=7015, pos=36)",1
0,21,3216,transcoder,4,36,8219,transcoder,0.37231943011283875,0.0,-0.37231943011283875,0.0,-1.0,"Node(id=9_8219_36, type=transcoder, layer=4, feature=8219, pos=36)",1
0,21,3216,transcoder,4,36,11907,transcoder,1.1186275482177734,0.0,-1.1186275482177734,0.0,-1.0,"Node(id=9_11907_36, type=transcoder, layer=4, feature=11907, pos=36)",1
0,21,3216,transcoder,4,43,16362,transcoder,0.41338375210762024,0.0,-0.41338375210762024,0.0,-1.0,"Node(id=9_16362_43, type=transcoder, layer=4, feature=16362, pos=43)",1
0,21,3216,transcoder,5,36,5460,lorsa,3.0665171146392822,0.0,-3.0665171146392822,0.0,-1.0,"Node(id=10_5460_36, type=lorsa, layer=5, feature=5460, pos=36)",1
0,21,3216,transcoder,5,36,10628,lorsa,3.798208475112915,2.3072590827941895,-1.4909493923187256,0.0,-0.3925401678417354,"Node(id=10_10628_36, type=lorsa, layer=5, feature=10628, pos=36)",1
0,21,3216,transcoder,5,36,13320,lorsa,2.290212869644165,1.3181538581848145,-0.9720590114593506,0.0,-0.4244404633052216,"Node(id=10_13320_36, type=lorsa, layer=5, feature=13320, pos=36)",1
0,21,3216,transcoder,5,59,15061,lorsa,1.0584943294525146,0.0,-1.0584943294525146,0.0,-1.0,"Node(id=10_15061_59, type=lorsa, layer=5, feature=15061, pos=59)",1
0,21,3216,transcoder,5,21,14977,transcoder,1.2401914596557617,0.0,-1.2401914596557617,0.0,-1.0,"Node(id=11_14977_21, type=transcoder, layer=5, feature=14977, pos=21)",1
0,21,3216,transcoder,5,36,2716,transcoder,0.4400579631328583,0.0,-0.4400579631328583,0.0,-1.0,"Node(id=11_2716_36, type=transcoder, layer=5, feature=2716, pos=36)",1
0,21,3216,transcoder,5,36,4087,transcoder,0.5863869190216064,0.21253909170627594,-0.3738478273153305,0.0,-0.6375446231629792,"Node(id=11_4087_36, type=transcoder, layer=5, feature=4087, pos=36)",1
0,21,3216,transcoder,5,36,4127,transcoder,0.6348527073860168,0.14618714153766632,-0.4886655658483505,0.0,-0.7697306165085338,"Node(id=11_4127_36, type=transcoder, layer=5, feature=4127, pos=36)",1
0,21,3216,transcoder,5,36,4487,transcoder,0.6274858713150024,0.0,-0.6274858713150024,0.0,-1.0,"Node(id=11_4487_36, type=transcoder, layer=5, feature=4487, pos=36)",1
0,21,3216,transcoder,5,36,12500,transcoder,0.3900949954986572,0.0,-0.3900949954986572,0.0,-1.0,"Node(id=11_12500_36, type=transcoder, layer=5, feature=12500, pos=36)",1
0,21,3216,transcoder,5,43,7776,transcoder,0.5750432014465332,0.13923324644565582,-0.4358099550008774,0.0,-0.7578734152574769,"Node(id=11_7776_43, type=transcoder, layer=5, feature=7776, pos=43)",1
0,21,3216,transcoder,5,60,12930,transcoder,1.6677312850952148,1.293314814567566,-0.3744164705276489,0.0,-0.22450647407880975,"Node(id=11_12930_60, type=transcoder, layer=5, feature=12930, pos=60)",1
0,21,3216,transcoder,6,3,15700,lorsa,2.893019676208496,0.6459111571311951,-2.247108519077301,0.0,-0.7767346131645718,"Node(id=12_15700_3, type=lorsa, layer=6, feature=15700, pos=3)",1
0,21,3216,transcoder,6,36,3634,lorsa,3.72269344329834,2.800856828689575,-0.9218366146087646,0.0,-0.2476262492868629,"Node(id=12_3634_36, type=lorsa, layer=6, feature=3634, pos=36)",1
0,21,3216,transcoder,6,3,6259,transcoder,0.9025176763534546,0.15673667192459106,-0.7457810044288635,0.0,-0.8263339588451363,"Node(id=13_6259_3, type=transcoder, layer=6, feature=6259, pos=3)",1
0,21,3216,transcoder,6,21,14977,transcoder,2.1387689113616943,0.0,-2.1387689113616943,0.0,-1.0,"Node(id=13_14977_21, type=transcoder, layer=6, feature=14977, pos=21)",1
0,21,3216,transcoder,6,27,1692,transcoder,1.108183741569519,0.30171382427215576,-0.8064699172973633,0.0,-0.7277402537553574,"Node(id=13_1692_27, type=transcoder, layer=6, feature=1692, pos=27)",1
0,21,3216,transcoder,6,27,15671,transcoder,2.847353935241699,0.9824365377426147,-1.8649173974990845,0.0,-0.6549650798297332,"Node(id=13_15671_27, type=transcoder, layer=6, feature=15671, pos=27)",1
0,21,3216,transcoder,6,36,8540,transcoder,0.6434565186500549,0.0,-0.6434565186500549,0.0,-1.0,"Node(id=13_8540_36, type=transcoder, layer=6, feature=8540, pos=36)",1
0,21,3216,transcoder,6,36,11513,transcoder,0.44179219007492065,0.0,-0.44179219007492065,0.0,-1.0,"Node(id=13_11513_36, type=transcoder, layer=6, feature=11513, pos=36)",1
0,21,3216,transcoder,6,36,12696,transcoder,1.0120266675949097,0.2823652923107147,-0.729661375284195,0.0,-0.7209902650275428,"Node(id=13_12696_36, type=transcoder, layer=6, feature=12696, pos=36)",1
0,21,3216,transcoder,6,36,13247,transcoder,0.976347804069519,0.0,-0.976347804069519,0.0,-1.0,"Node(id=13_13247_36, type=transcoder, layer=6, feature=13247, pos=36)",1
0,21,3216,transcoder,7,18,2868,lorsa,3.1723361015319824,0.0,-3.1723361015319824,0.0,-1.0,"Node(id=14_2868_18, type=lorsa, layer=7, feature=2868, pos=18)",1
0,21,3216,transcoder,7,27,4537,lorsa,1.9889576435089111,1.1058179140090942,-0.8831397294998169,0.0,-0.4440213859666641,"Node(id=14_4537_27, type=lorsa, layer=7, feature=4537, pos=27)",1
0,21,3216,transcoder,7,27,5451,lorsa,5.721136569976807,0.0,-5.721136569976807,0.0,-1.0,"Node(id=14_5451_27, type=lorsa, layer=7, feature=5451, pos=27)",1
0,21,3216,transcoder,7,36,2492,lorsa,1.8267388343811035,0.0,-1.8267388343811035,0.0,-1.0,"Node(id=14_2492_36, type=lorsa, layer=7, feature=2492, pos=36)",1
0,21,3216,transcoder,7,36,5459,lorsa,3.490706443786621,0.0,-3.490706443786621,0.0,-1.0,"Node(id=14_5459_36, type=lorsa, layer=7, feature=5459, pos=36)",1
0,21,3216,transcoder,7,36,12765,lorsa,3.38031005859375,0.0,-3.38031005859375,0.0,-1.0,"Node(id=14_12765_36, type=lorsa, layer=7, feature=12765, pos=36)",1
0,21,3216,transcoder,7,45,11217,lorsa,2.0944316387176514,1.6500474214553833,-0.44438421726226807,0.0,-0.21217413309051675,"Node(id=14_11217_45, type=lorsa, layer=7, feature=11217, pos=45)",1
0,21,3216,transcoder,7,59,6370,lorsa,2.355545997619629,0.0,-2.355545997619629,0.0,-1.0,"Node(id=14_6370_59, type=lorsa, layer=7, feature=6370, pos=59)",1
0,21,3216,transcoder,7,21,14452,transcoder,3.8845551013946533,1.5212739706039429,-2.3632811307907104,0.0,-0.6083788411038971,"Node(id=15_14452_21, type=transcoder, layer=7, feature=14452, pos=21)",1
0,21,3216,transcoder,7,21,14977,transcoder,1.6010267734527588,0.0,-1.6010267734527588,0.0,-1.0,"Node(id=15_14977_21, type=transcoder, layer=7, feature=14977, pos=21)",1
0,21,3216,transcoder,7,27,14452,transcoder,3.3764636516571045,2.408731698989868,-0.9677319526672363,0.0,-0.28661109743985896,"Node(id=15_14452_27, type=transcoder, layer=7, feature=14452, pos=27)",1
0,21,3216,transcoder,7,27,14870,transcoder,0.5193299651145935,0.0,-0.5193299651145935,0.0,-1.0,"Node(id=15_14870_27, type=transcoder, layer=7, feature=14870, pos=27)",1
0,21,3216,transcoder,7,36,69,transcoder,0.8792385458946228,0.2114853858947754,-0.6677531599998474,0.0,-0.7594675678378163,"Node(id=15_69_36, type=transcoder, layer=7, feature=69, pos=36)",1
0,21,3216,transcoder,7,36,10198,transcoder,0.8630536198616028,0.0,-0.8630536198616028,0.0,-1.0,"Node(id=15_10198_36, type=transcoder, layer=7, feature=10198, pos=36)",1
0,21,3216,transcoder,7,36,10671,transcoder,0.8758847713470459,0.0,-0.8758847713470459,0.0,-1.0,"Node(id=15_10671_36, type=transcoder, layer=7, feature=10671, pos=36)",1
0,21,3216,transcoder,7,36,14452,transcoder,3.3299098014831543,0.9206669330596924,-2.409242868423462,0.0,-0.723515954501343,"Node(id=15_14452_36, type=transcoder, layer=7, feature=14452, pos=36)",1
0,21,3216,transcoder,7,59,10622,transcoder,0.7834378480911255,0.14798372983932495,-0.6354541182518005,0.0,-0.8111098025198902,"Node(id=15_10622_59, type=transcoder, layer=7, feature=10622, pos=59)",1
0,21,3216,transcoder,8,36,1417,lorsa,4.8791351318359375,1.3739374876022339,-3.5051976442337036,0.0,-0.7184055267013595,"Node(id=16_1417_36, type=lorsa, layer=8, feature=1417, pos=36)",1
0,21,3216,transcoder,8,36,1468,lorsa,3.8707199096679688,2.377250909805298,-1.493468999862671,0.0,-0.3858375275701054,"Node(id=16_1468_36, type=lorsa, layer=8, feature=1468, pos=36)",1
0,21,3216,transcoder,8,36,1492,lorsa,2.96148419380188,0.0,-2.96148419380188,0.0,-1.0,"Node(id=16_1492_36, type=lorsa, layer=8, feature=1492, pos=36)",1
0,21,3216,transcoder,8,36,3757,lorsa,3.8240530490875244,0.0,-3.8240530490875244,0.0,-1.0,"Node(id=16_3757_36, type=lorsa, layer=8, feature=3757, pos=36)",1
0,21,3216,transcoder,8,36,8441,lorsa,9.023415565490723,0.0,-9.023415565490723,0.0,-1.0,"Node(id=16_8441_36, type=lorsa, layer=8, feature=8441, pos=36)",1
0,21,3216,transcoder,8,53,2184,lorsa,3.2365097999572754,2.2148780822753906,-1.0216317176818848,0.0,-0.3156584657013463,"Node(id=16_2184_53, type=lorsa, layer=8, feature=2184, pos=53)",1
0,21,3216,transcoder,8,3,16029,transcoder,0.8002055287361145,0.4120529294013977,-0.3881525993347168,0.0,-0.4850661303825092,"Node(id=17_16029_3, type=transcoder, layer=8, feature=16029, pos=3)",1
0,21,3216,transcoder,8,18,8746,transcoder,0.7706036567687988,0.0,-0.7706036567687988,0.0,-1.0,"Node(id=17_8746_18, type=transcoder, layer=8, feature=8746, pos=18)",1
0,21,3216,transcoder,8,35,15741,transcoder,0.5565544962882996,0.0,-0.5565544962882996,0.0,-1.0,"Node(id=17_15741_35, type=transcoder, layer=8, feature=15741, pos=35)",1
0,21,3216,transcoder,8,36,776,transcoder,0.732367753982544,0.0,-0.732367753982544,0.0,-1.0,"Node(id=17_776_36, type=transcoder, layer=8, feature=776, pos=36)",1
0,21,3216,transcoder,8,36,2195,transcoder,0.42090585827827454,0.0,-0.42090585827827454,0.0,-1.0,"Node(id=17_2195_36, type=transcoder, layer=8, feature=2195, pos=36)",1
0,21,3216,transcoder,8,36,7078,transcoder,0.5934697985649109,0.0,-0.5934697985649109,0.0,-1.0,"Node(id=17_7078_36, type=transcoder, layer=8, feature=7078, pos=36)",1
0,21,3216,transcoder,8,36,8745,transcoder,5.316267967224121,0.0,-5.316267967224121,0.0,-1.0,"Node(id=17_8745_36, type=transcoder, layer=8, feature=8745, pos=36)",1
0,21,3216,transcoder,8,36,9408,transcoder,0.7017480134963989,0.0,-0.7017480134963989,0.0,-1.0,"Node(id=17_9408_36, type=transcoder, layer=8, feature=9408, pos=36)",1
0,21,3216,transcoder,8,36,11574,transcoder,0.6268920302391052,0.0,-0.6268920302391052,0.0,-1.0,"Node(id=17_11574_36, type=transcoder, layer=8, feature=11574, pos=36)",1
0,21,3216,transcoder,8,59,7304,transcoder,0.7314049601554871,0.40114060044288635,-0.3302643597126007,0.0,-0.451547880728606,"Node(id=17_7304_59, type=transcoder, layer=8, feature=7304, pos=59)",1
0,21,3216,transcoder,9,3,13118,lorsa,3.4335744380950928,0.0,-3.4335744380950928,0.0,-1.0,"Node(id=18_13118_3, type=lorsa, layer=9, feature=13118, pos=3)",1
0,21,3216,transcoder,9,35,12732,lorsa,2.9757447242736816,0.0,-2.9757447242736816,0.0,-1.0,"Node(id=18_12732_35, type=lorsa, layer=9, feature=12732, pos=35)",1
0,21,3216,transcoder,9,36,4521,lorsa,3.1571714878082275,0.0,-3.1571714878082275,0.0,-1.0,"Node(id=18_4521_36, type=lorsa, layer=9, feature=4521, pos=36)",1
0,21,3216,transcoder,9,36,8265,lorsa,3.591033697128296,1.0264743566513062,-2.5645593404769897,0.0,-0.7141563006016444,"Node(id=18_8265_36, type=lorsa, layer=9, feature=8265, pos=36)",1
0,21,3216,transcoder,9,3,4628,transcoder,1.040234088897705,0.352877676486969,-0.6873564124107361,0.0,-0.6607708973843575,"Node(id=19_4628_3, type=transcoder, layer=9, feature=4628, pos=3)",1
0,21,3216,transcoder,9,3,6254,transcoder,4.30410623550415,3.405698776245117,-0.8984074592590332,0.0,-0.2087326404372081,"Node(id=19_6254_3, type=transcoder, layer=9, feature=6254, pos=3)",1
0,21,3216,transcoder,9,21,786,transcoder,0.7339487671852112,0.0,-0.7339487671852112,0.0,-1.0,"Node(id=19_786_21, type=transcoder, layer=9, feature=786, pos=21)",1
0,21,3216,transcoder,9,36,3901,transcoder,0.5146542191505432,0.0,-0.5146542191505432,0.0,-1.0,"Node(id=19_3901_36, type=transcoder, layer=9, feature=3901, pos=36)",1
0,21,3216,transcoder,9,36,5162,transcoder,0.35064274072647095,0.0,-0.35064274072647095,0.0,-1.0,"Node(id=19_5162_36, type=transcoder, layer=9, feature=5162, pos=36)",1
0,21,3216,transcoder,9,36,6254,transcoder,4.378200531005859,1.9548555612564087,-2.4233449697494507,0.0,-0.5535025069289609,"Node(id=19_6254_36, type=transcoder, layer=9, feature=6254, pos=36)",1
0,21,3216,transcoder,9,36,8460,transcoder,0.8671631813049316,0.20015943050384521,-0.6670037508010864,0.0,-0.7691790486276877,"Node(id=19_8460_36, type=transcoder, layer=9, feature=8460, pos=36)",1
0,21,3216,transcoder,9,52,6548,transcoder,0.38875845074653625,0.24118560552597046,-0.1475728452205658,0.0,-0.3796003532197959,"Node(id=19_6548_52, type=transcoder, layer=9, feature=6548, pos=52)",1
0,21,3216,transcoder,10,21,5512,transcoder,0.5156635642051697,0.0,-0.5156635642051697,0.0,-1.0,"Node(id=21_5512_21, type=transcoder, layer=10, feature=5512, pos=21)",1
0,21,3216,transcoder,10,35,3129,transcoder,0.6713854074478149,0.0,-0.6713854074478149,0.0,-1.0,"Node(id=21_3129_35, type=transcoder, layer=10, feature=3129, pos=35)",1
0,21,3216,transcoder,10,35,13771,transcoder,0.726324200630188,0.4704743027687073,-0.2558498978614807,0.0,-0.3522530264577376,"Node(id=21_13771_35, type=transcoder, layer=10, feature=13771, pos=35)",1
0,21,3216,transcoder,10,36,11001,transcoder,0.587298572063446,0.15683430433273315,-0.4304642677307129,0.0,-0.7329564351200393,"Node(id=21_11001_36, type=transcoder, layer=10, feature=11001, pos=36)",1
0,21,3216,transcoder,10,52,6575,transcoder,0.6553995609283447,0.36957940459251404,-0.2858201563358307,0.0,-0.4361006222387134,"Node(id=21_6575_52, type=transcoder, layer=10, feature=6575, pos=52)",1
0,21,3216,transcoder,11,36,14840,lorsa,1.7748255729675293,1.232859492301941,-0.5419660806655884,0.0,-0.3053630108334616,"Node(id=22_14840_36, type=lorsa, layer=11, feature=14840, pos=36)",1
0,21,3216,transcoder,11,42,4503,lorsa,3.0655462741851807,0.0,-3.0655462741851807,0.0,-1.0,"Node(id=22_4503_42, type=lorsa, layer=11, feature=4503, pos=42)",1
0,21,3216,transcoder,11,52,1680,lorsa,2.564471960067749,1.3196369409561157,-1.2448350191116333,0.0,-0.48541572631534907,"Node(id=22_1680_52, type=lorsa, layer=11, feature=1680, pos=52)",1
0,21,3216,transcoder,11,21,11974,transcoder,3.620283603668213,2.8437881469726562,-0.7764954566955566,0.0,-0.21448470388032062,"Node(id=23_11974_21, type=transcoder, layer=11, feature=11974, pos=21)",1
0,21,3216,transcoder,11,36,2240,transcoder,0.3820026218891144,0.0,-0.3820026218891144,0.0,-1.0,"Node(id=23_2240_36, type=transcoder, layer=11, feature=2240, pos=36)",1
0,21,3216,transcoder,11,36,11974,transcoder,4.111536026000977,2.341132879257202,-1.7704031467437744,0.0,-0.4305940980567621,"Node(id=23_11974_36, type=transcoder, layer=11, feature=11974, pos=36)",1
0,21,3216,transcoder,11,36,13284,transcoder,0.3360329270362854,0.18335194885730743,-0.15268097817897797,0.0,-0.4543631468665308,"Node(id=23_13284_36, type=transcoder, layer=11, feature=13284, pos=36)",1
0,21,3216,transcoder,12,36,9871,lorsa,1.8985333442687988,0.0,-1.8985333442687988,0.0,-1.0,"Node(id=24_9871_36, type=lorsa, layer=12, feature=9871, pos=36)",1
0,21,3216,transcoder,12,36,9878,lorsa,1.8616447448730469,0.0,-1.8616447448730469,0.0,-1.0,"Node(id=24_9878_36, type=lorsa, layer=12, feature=9878, pos=36)",1
0,21,3216,transcoder,12,36,9890,lorsa,5.06459903717041,0.0,-5.06459903717041,0.0,-1.0,"Node(id=24_9890_36, type=lorsa, layer=12, feature=9890, pos=36)",1
0,21,3216,transcoder,12,36,11652,lorsa,2.5469629764556885,0.4562622904777527,-2.090700685977936,0.0,-0.8208602580031691,"Node(id=24_11652_36, type=lorsa, layer=12, feature=11652, pos=36)",1
0,21,3216,transcoder,12,49,11663,lorsa,3.366370677947998,2.6841821670532227,-0.6821885108947754,0.0,-0.20264806706034216,"Node(id=24_11663_49, type=lorsa, layer=12, feature=11663, pos=49)",1
0,21,3216,transcoder,12,52,13529,lorsa,1.9571092128753662,0.0,-1.9571092128753662,0.0,-1.0,"Node(id=24_13529_52, type=lorsa, layer=12, feature=13529, pos=52)",1
0,21,3216,transcoder,12,21,9376,transcoder,0.6619082689285278,0.0,-0.6619082689285278,0.0,-1.0,"Node(id=25_9376_21, type=transcoder, layer=12, feature=9376, pos=21)",1
0,21,3216,transcoder,12,36,8564,transcoder,0.5210015177726746,0.0,-0.5210015177726746,0.0,-1.0,"Node(id=25_8564_36, type=transcoder, layer=12, feature=8564, pos=36)",1
0,21,3216,transcoder,12,36,9355,transcoder,0.5506256818771362,0.0,-0.5506256818771362,0.0,-1.0,"Node(id=25_9355_36, type=transcoder, layer=12, feature=9355, pos=36)",1
0,21,3216,transcoder,12,36,15847,transcoder,3.4133987426757812,0.0,-3.4133987426757812,0.0,-1.0,"Node(id=25_15847_36, type=transcoder, layer=12, feature=15847, pos=36)",1
0,21,3216,transcoder,12,57,11982,transcoder,0.7521829009056091,0.5487653613090515,-0.20341753959655762,0.0,-0.2704362720179468,"Node(id=25_11982_57, type=transcoder, layer=12, feature=11982, pos=57)",1
0,21,3216,transcoder,13,36,5534,lorsa,1.6633868217468262,0.0,-1.6633868217468262,0.0,-1.0,"Node(id=26_5534_36, type=lorsa, layer=13, feature=5534, pos=36)",1
0,21,3216,transcoder,13,36,8145,lorsa,2.33288836479187,0.0,-2.33288836479187,0.0,-1.0,"Node(id=26_8145_36, type=lorsa, layer=13, feature=8145, pos=36)",1
0,21,3216,transcoder,13,36,9238,lorsa,2.624382734298706,0.0,-2.624382734298706,0.0,-1.0,"Node(id=26_9238_36, type=lorsa, layer=13, feature=9238, pos=36)",1
0,21,3216,transcoder,13,36,9260,lorsa,2.7596147060394287,0.8852066397666931,-1.8744080662727356,0.0,-0.6792281770968192,"Node(id=26_9260_36, type=lorsa, layer=13, feature=9260, pos=36)",1
0,21,3216,transcoder,13,21,15426,transcoder,1.4143426418304443,0.0,-1.4143426418304443,0.0,-1.0,"Node(id=27_15426_21, type=transcoder, layer=13, feature=15426, pos=21)",1
0,21,3216,transcoder,13,36,3932,transcoder,0.7543947100639343,0.0,-0.7543947100639343,0.0,-1.0,"Node(id=27_3932_36, type=transcoder, layer=13, feature=3932, pos=36)",1
0,21,3216,transcoder,13,36,6705,transcoder,0.18148913979530334,0.0,-0.18148913979530334,0.0,-1.0,"Node(id=27_6705_36, type=transcoder, layer=13, feature=6705, pos=36)",1
0,21,3216,transcoder,13,36,7930,transcoder,0.6133290529251099,0.0,-0.6133290529251099,0.0,-1.0,"Node(id=27_7930_36, type=transcoder, layer=13, feature=7930, pos=36)",1
0,21,3216,transcoder,13,36,12356,transcoder,3.575575590133667,0.0,-3.575575590133667,0.0,-1.0,"Node(id=27_12356_36, type=transcoder, layer=13, feature=12356, pos=36)",1
0,21,3216,transcoder,13,57,4451,transcoder,0.19393160939216614,0.0,-0.19393160939216614,0.0,-1.0,"Node(id=27_4451_57, type=transcoder, layer=13, feature=4451, pos=57)",1
0,21,3216,transcoder,13,57,12931,transcoder,0.38083311915397644,0.1559697985649109,-0.22486332058906555,0.0,-0.5904510644678201,"Node(id=27_12931_57, type=transcoder, layer=13, feature=12931, pos=57)",1
0,21,3216,transcoder,14,7,6541,lorsa,1.711766004562378,0.5512766242027283,-1.1604893803596497,0.0,-0.6779486082014667,"Node(id=28_6541_7, type=lorsa, layer=14, feature=6541, pos=7)",1
0,21,3216,transcoder,14,14,6541,lorsa,1.2900267839431763,0.0,-1.2900267839431763,0.0,-1.0,"Node(id=28_6541_14, type=lorsa, layer=14, feature=6541, pos=14)",1
0,21,3216,transcoder,14,14,7558,lorsa,1.3172794580459595,0.0,-1.3172794580459595,0.0,-1.0,"Node(id=28_7558_14, type=lorsa, layer=14, feature=7558, pos=14)",1
0,21,3216,transcoder,14,21,10843,lorsa,3.2089242935180664,0.0,-3.2089242935180664,0.0,-1.0,"Node(id=28_10843_21, type=lorsa, layer=14, feature=10843, pos=21)",1
0,21,3216,transcoder,14,36,3897,lorsa,3.076256036758423,0.0,-3.076256036758423,0.0,-1.0,"Node(id=28_3897_36, type=lorsa, layer=14, feature=3897, pos=36)",1
0,21,3216,transcoder,14,36,8968,lorsa,0.9133227467536926,0.0,-0.9133227467536926,0.0,-1.0,"Node(id=28_8968_36, type=lorsa, layer=14, feature=8968, pos=36)",1
0,21,3216,transcoder,14,21,138,transcoder,4.292585849761963,1.055503487586975,-3.237082362174988,0.0,-0.7541101041355979,"Node(id=29_138_21, type=transcoder, layer=14, feature=138, pos=21)",1
0,21,3216,transcoder,14,21,969,transcoder,1.0221160650253296,0.0,-1.0221160650253296,0.0,-1.0,"Node(id=29_969_21, type=transcoder, layer=14, feature=969, pos=21)",1
0,21,3216,transcoder,14,21,1034,transcoder,0.982692539691925,0.0,-0.982692539691925,0.0,-1.0,"Node(id=29_1034_21, type=transcoder, layer=14, feature=1034, pos=21)",1
0,21,3216,transcoder,14,21,7496,transcoder,3.442617177963257,0.0,-3.442617177963257,0.0,-1.0,"Node(id=29_7496_21, type=transcoder, layer=14, feature=7496, pos=21)",1
0,21,3216,transcoder,14,36,138,transcoder,5.686919212341309,0.16275236010551453,-5.524166852235794,0.0,-0.9713812779769542,"Node(id=29_138_36, type=transcoder, layer=14, feature=138, pos=36)",1
0,21,3216,transcoder,14,36,1214,transcoder,1.765131950378418,0.0,-1.765131950378418,0.0,-1.0,"Node(id=29_1214_36, type=transcoder, layer=14, feature=1214, pos=36)",1
0,21,3216,transcoder,14,36,8599,transcoder,0.7293266654014587,0.0,-0.7293266654014587,0.0,-1.0,"Node(id=29_8599_36, type=transcoder, layer=14, feature=8599, pos=36)",1
0,21,3216,transcoder,14,36,10638,transcoder,1.1475523710250854,0.0,-1.1475523710250854,0.0,-1.0,"Node(id=29_10638_36, type=transcoder, layer=14, feature=10638, pos=36)",1
0,21,3216,transcoder,14,36,12029,transcoder,1.2375859022140503,0.0,-1.2375859022140503,0.0,-1.0,"Node(id=29_12029_36, type=transcoder, layer=14, feature=12029, pos=36)",1
0,21,3216,transcoder,14,36,14940,transcoder,1.4348654747009277,0.0,-1.4348654747009277,0.0,-1.0,"Node(id=29_14940_36, type=transcoder, layer=14, feature=14940, pos=36)",1
0,21,3216,transcoder,14,36,15619,transcoder,0.42063450813293457,0.1965543031692505,-0.22408020496368408,0.0,-0.5327195002576138,"Node(id=29_15619_36, type=transcoder, layer=14, feature=15619, pos=36)",1
0,27,3225,transcoder,1,27,717,lorsa,1.5373047590255737,0.0,-1.5373047590255737,0.0,-1.0,"Node(id=2_717_27, type=lorsa, layer=1, feature=717, pos=27)",1
0,27,3225,transcoder,1,36,11610,lorsa,2.015192985534668,1.272825837135315,-0.742367148399353,0.0,-0.36838513915449606,"Node(id=2_11610_36, type=lorsa, layer=1, feature=11610, pos=36)",1
0,27,3225,transcoder,1,27,10637,transcoder,0.4732305109500885,0.332156777381897,-0.14107373356819153,0.0,-0.29810785717295085,"Node(id=3_10637_27, type=transcoder, layer=1, feature=10637, pos=27)",1
0,27,3225,transcoder,1,36,4185,transcoder,0.18272526562213898,0.14593134820461273,-0.036793917417526245,0.0,-0.20136195885254907,"Node(id=3_4185_36, type=transcoder, layer=1, feature=4185, pos=36)",1
0,27,3225,transcoder,2,36,3155,lorsa,4.220008850097656,3.1286168098449707,-1.0913920402526855,0.0,-0.2586231638418079,"Node(id=4_3155_36, type=lorsa, layer=2, feature=3155, pos=36)",1
0,27,12663,transcoder,1,27,10331,lorsa,1.7965729236602783,0.5903924703598022,-1.206180453300476,0.0,-0.6713785103935798,"Node(id=2_10331_27, type=lorsa, layer=1, feature=10331, pos=27)",1
0,27,12663,transcoder,1,36,11570,lorsa,1.0531909465789795,0.0,-1.0531909465789795,0.0,-1.0,"Node(id=2_11570_36, type=lorsa, layer=1, feature=11570, pos=36)",1
0,27,12663,transcoder,1,36,11610,lorsa,2.015192985534668,0.0,-2.015192985534668,0.0,-1.0,"Node(id=2_11610_36, type=lorsa, layer=1, feature=11610, pos=36)",1
0,27,12663,transcoder,1,36,11614,lorsa,4.405508518218994,2.903219223022461,-1.5022892951965332,0.0,-0.34100247201516265,"Node(id=2_11614_36, type=lorsa, layer=1, feature=11614, pos=36)",1
0,27,12663,transcoder,1,27,10637,transcoder,0.4732305109500885,0.0,-0.4732305109500885,0.0,-1.0,"Node(id=3_10637_27, type=transcoder, layer=1, feature=10637, pos=27)",1
0,27,12663,transcoder,1,27,12270,transcoder,0.4896550476551056,0.0,-0.4896550476551056,0.0,-1.0,"Node(id=3_12270_27, type=transcoder, layer=1, feature=12270, pos=27)",1
0,27,12663,transcoder,1,36,2693,transcoder,0.40440571308135986,0.26328402757644653,-0.14112168550491333,0.0,-0.3489606623745247,"Node(id=3_2693_36, type=transcoder, layer=1, feature=2693, pos=36)",1
0,27,12663,transcoder,1,36,3332,transcoder,0.6595491766929626,0.11210817098617554,-0.5474410057067871,0.0,-0.8300230294452102,"Node(id=3_3332_36, type=transcoder, layer=1, feature=3332, pos=36)",1
0,27,12663,transcoder,1,36,4098,transcoder,0.3550102114677429,0.18195033073425293,-0.17305988073349,0.0,-0.48747859960984424,"Node(id=3_4098_36, type=transcoder, layer=1, feature=4098, pos=36)",1
0,27,12663,transcoder,1,36,4185,transcoder,0.18272526562213898,0.0,-0.18272526562213898,0.0,-1.0,"Node(id=3_4185_36, type=transcoder, layer=1, feature=4185, pos=36)",1
0,27,12663,transcoder,1,36,4314,transcoder,0.5429596900939941,0.0,-0.5429596900939941,0.0,-1.0,"Node(id=3_4314_36, type=transcoder, layer=1, feature=4314, pos=36)",1
0,27,12663,transcoder,1,36,9415,transcoder,0.25213298201560974,0.0,-0.25213298201560974,0.0,-1.0,"Node(id=3_9415_36, type=transcoder, layer=1, feature=9415, pos=36)",1
0,27,12663,transcoder,1,36,10566,transcoder,0.5374178886413574,0.2536630630493164,-0.283754825592041,0.0,-0.5279966141607226,"Node(id=3_10566_36, type=transcoder, layer=1, feature=10566, pos=36)",1
0,27,12663,transcoder,2,27,11240,lorsa,2.4353044033050537,0.5484974980354309,-1.8868069052696228,0.0,-0.7747725100439017,"Node(id=4_11240_27, type=lorsa, layer=2, feature=11240, pos=27)",1
0,27,12663,transcoder,2,36,3083,lorsa,2.1323702335357666,0.0,-2.1323702335357666,0.0,-1.0,"Node(id=4_3083_36, type=lorsa, layer=2, feature=3083, pos=36)",1
0,27,12663,transcoder,2,36,3155,lorsa,4.220008850097656,0.0,-4.220008850097656,0.0,-1.0,"Node(id=4_3155_36, type=lorsa, layer=2, feature=3155, pos=36)",1
0,27,12663,transcoder,2,36,12490,lorsa,3.5559499263763428,0.0,-3.5559499263763428,0.0,-1.0,"Node(id=4_12490_36, type=lorsa, layer=2, feature=12490, pos=36)",1
0,27,12663,transcoder,2,3,1,transcoder,0.9149532318115234,0.6061842441558838,-0.30876898765563965,0.0,-0.33746969453761627,"Node(id=5_1_3, type=transcoder, layer=2, feature=1, pos=3)",1
0,27,12663,transcoder,2,27,12270,transcoder,0.32696858048439026,0.0,-0.32696858048439026,0.0,-1.0,"Node(id=5_12270_27, type=transcoder, layer=2, feature=12270, pos=27)",1
0,27,12663,transcoder,2,36,8480,transcoder,0.4812658429145813,0.19427239894866943,-0.28699344396591187,0.0,-0.5963303820355471,"Node(id=5_8480_36, type=transcoder, layer=2, feature=8480, pos=36)",1
0,27,12663,transcoder,2,36,13998,transcoder,0.6966379284858704,0.0,-0.6966379284858704,0.0,-1.0,"Node(id=5_13998_36, type=transcoder, layer=2, feature=13998, pos=36)",1
0,27,12663,transcoder,2,36,14573,transcoder,0.9372068643569946,0.5327609777450562,-0.4044458866119385,0.0,-0.4315438800050014,"Node(id=5_14573_36, type=transcoder, layer=2, feature=14573, pos=36)",1
0,27,12663,transcoder,2,36,15275,transcoder,0.42236605286598206,0.19561713933944702,-0.22674891352653503,0.0,-0.5368540203170237,"Node(id=5_15275_36, type=transcoder, layer=2, feature=15275, pos=36)",1
0,27,12663,transcoder,2,36,15667,transcoder,0.26635974645614624,0.0,-0.26635974645614624,0.0,-1.0,"Node(id=5_15667_36, type=transcoder, layer=2, feature=15667, pos=36)",1
0,27,12663,transcoder,3,27,1736,lorsa,4.417971134185791,0.0,-4.417971134185791,0.0,-1.0,"Node(id=6_1736_27, type=lorsa, layer=3, feature=1736, pos=27)",1
0,27,12663,transcoder,3,36,5779,lorsa,2.9550795555114746,0.0,-2.9550795555114746,0.0,-1.0,"Node(id=6_5779_36, type=lorsa, layer=3, feature=5779, pos=36)",1
0,27,12663,transcoder,3,27,8452,transcoder,0.9483512043952942,0.33381614089012146,-0.6145350635051727,0.0,-0.6480036727501436,"Node(id=7_8452_27, type=transcoder, layer=3, feature=8452, pos=27)",1
0,27,12663,transcoder,3,27,14691,transcoder,0.7342837452888489,0.0,-0.7342837452888489,0.0,-1.0,"Node(id=7_14691_27, type=transcoder, layer=3, feature=14691, pos=27)",1
0,27,12663,transcoder,3,36,2235,transcoder,1.183021068572998,0.0,-1.183021068572998,0.0,-1.0,"Node(id=7_2235_36, type=transcoder, layer=3, feature=2235, pos=36)",1
0,27,12663,transcoder,3,36,4451,transcoder,0.9956201910972595,0.0,-0.9956201910972595,0.0,-1.0,"Node(id=7_4451_36, type=transcoder, layer=3, feature=4451, pos=36)",1
0,27,12663,transcoder,3,36,13706,transcoder,0.7337140440940857,0.0,-0.7337140440940857,0.0,-1.0,"Node(id=7_13706_36, type=transcoder, layer=3, feature=13706, pos=36)",1
0,27,12663,transcoder,3,36,15642,transcoder,0.8003482818603516,0.0,-0.8003482818603516,0.0,-1.0,"Node(id=7_15642_36, type=transcoder, layer=3, feature=15642, pos=36)",1
0,27,12663,transcoder,3,43,5448,transcoder,1.2499865293502808,0.20589835941791534,-1.0440881699323654,0.0,-0.8352795373523446,"Node(id=7_5448_43, type=transcoder, layer=3, feature=5448, pos=43)",1
0,27,12663,transcoder,4,27,6509,lorsa,0.8708707094192505,0.0,-0.8708707094192505,0.0,-1.0,"Node(id=8_6509_27, type=lorsa, layer=4, feature=6509, pos=27)",1
0,27,12663,transcoder,4,36,15547,lorsa,1.2095329761505127,0.0,-1.2095329761505127,0.0,-1.0,"Node(id=8_15547_36, type=lorsa, layer=4, feature=15547, pos=36)",1
0,27,12663,transcoder,4,43,2634,lorsa,1.4697251319885254,0.0,-1.4697251319885254,0.0,-1.0,"Node(id=8_2634_43, type=lorsa, layer=4, feature=2634, pos=43)",1
0,27,12663,transcoder,4,45,895,lorsa,1.8530043363571167,1.4519180059432983,-0.40108633041381836,0.0,-0.21645191138749703,"Node(id=8_895_45, type=lorsa, layer=4, feature=895, pos=45)",1
0,27,12663,transcoder,4,27,3261,transcoder,0.34043648838996887,0.0,-0.34043648838996887,0.0,-1.0,"Node(id=9_3261_27, type=transcoder, layer=4, feature=3261, pos=27)",1
0,27,12663,transcoder,4,27,16070,transcoder,0.49171632528305054,0.0,-0.49171632528305054,0.0,-1.0,"Node(id=9_16070_27, type=transcoder, layer=4, feature=16070, pos=27)",1
0,27,12663,transcoder,4,36,2320,transcoder,2.2965035438537598,1.2858649492263794,-1.0106385946273804,0.0,-0.44007708907404036,"Node(id=9_2320_36, type=transcoder, layer=4, feature=2320, pos=36)",1
0,27,12663,transcoder,4,36,7015,transcoder,0.4674502909183502,0.0,-0.4674502909183502,0.0,-1.0,"Node(id=9_7015_36, type=transcoder, layer=4, feature=7015, pos=36)",1
0,27,12663,transcoder,4,36,8219,transcoder,0.37231943011283875,0.0,-0.37231943011283875,0.0,-1.0,"Node(id=9_8219_36, type=transcoder, layer=4, feature=8219, pos=36)",1
0,27,12663,transcoder,4,36,11907,transcoder,1.1186275482177734,0.15978200733661652,-0.9588455408811569,0.0,-0.8571624598453834,"Node(id=9_11907_36, type=transcoder, layer=4, feature=11907, pos=36)",1
0,27,12663,transcoder,4,43,16362,transcoder,0.41338375210762024,0.18199747800827026,-0.23138627409934998,0.0,-0.559737224599749,"Node(id=9_16362_43, type=transcoder, layer=4, feature=16362, pos=43)",1
0,27,12663,transcoder,5,36,10628,lorsa,3.798208475112915,1.4507495164871216,-2.3474589586257935,0.0,-0.61804373667404,"Node(id=10_10628_36, type=lorsa, layer=5, feature=10628, pos=36)",1
0,27,12663,transcoder,5,36,13320,lorsa,2.290212869644165,0.0,-2.290212869644165,0.0,-1.0,"Node(id=10_13320_36, type=lorsa, layer=5, feature=13320, pos=36)",1
0,27,12663,transcoder,5,36,13425,lorsa,2.609438896179199,0.0,-2.609438896179199,0.0,-1.0,"Node(id=10_13425_36, type=lorsa, layer=5, feature=13425, pos=36)",1
0,27,12663,transcoder,5,36,2716,transcoder,0.4400579631328583,0.0,-0.4400579631328583,0.0,-1.0,"Node(id=11_2716_36, type=transcoder, layer=5, feature=2716, pos=36)",1
0,27,12663,transcoder,5,36,4087,transcoder,0.5863869190216064,0.0,-0.5863869190216064,0.0,-1.0,"Node(id=11_4087_36, type=transcoder, layer=5, feature=4087, pos=36)",1
0,27,12663,transcoder,5,36,4127,transcoder,0.6348527073860168,0.0,-0.6348527073860168,0.0,-1.0,"Node(id=11_4127_36, type=transcoder, layer=5, feature=4127, pos=36)",1
0,27,12663,transcoder,5,36,4487,transcoder,0.6274858713150024,0.0,-0.6274858713150024,0.0,-1.0,"Node(id=11_4487_36, type=transcoder, layer=5, feature=4487, pos=36)",1
0,27,12663,transcoder,5,36,12500,transcoder,0.3900949954986572,0.0,-0.3900949954986572,0.0,-1.0,"Node(id=11_12500_36, type=transcoder, layer=5, feature=12500, pos=36)",1
0,27,12663,transcoder,5,43,7776,transcoder,0.5750432014465332,0.0,-0.5750432014465332,0.0,-1.0,"Node(id=11_7776_43, type=transcoder, layer=5, feature=7776, pos=43)",1
0,27,12663,transcoder,6,3,15700,lorsa,2.893019676208496,1.8015495538711548,-1.0914701223373413,0.0,-0.37727711681788106,"Node(id=12_15700_3, type=lorsa, layer=6, feature=15700, pos=3)",1
0,27,12663,transcoder,6,36,3634,lorsa,3.72269344329834,2.820514440536499,-0.9021790027618408,0.0,-0.2423457683269515,"Node(id=12_3634_36, type=lorsa, layer=6, feature=3634, pos=36)",1
0,27,12663,transcoder,6,3,6259,transcoder,0.9025176763534546,0.5696303844451904,-0.33288729190826416,0.0,-0.36884296078639345,"Node(id=13_6259_3, type=transcoder, layer=6, feature=6259, pos=3)",1
0,27,12663,transcoder,6,27,1692,transcoder,1.108183741569519,0.0,-1.108183741569519,0.0,-1.0,"Node(id=13_1692_27, type=transcoder, layer=6, feature=1692, pos=27)",1
0,27,12663,transcoder,6,36,8540,transcoder,0.6434565186500549,0.17845377326011658,-0.46500274538993835,0.0,-0.7226638194069349,"Node(id=13_8540_36, type=transcoder, layer=6, feature=8540, pos=36)",1
0,27,12663,transcoder,6,36,11513,transcoder,0.44179219007492065,0.15241551399230957,-0.2893766760826111,0.0,-0.6550063187706817,"Node(id=13_11513_36, type=transcoder, layer=6, feature=11513, pos=36)",1
0,27,12663,transcoder,6,36,12696,transcoder,1.0120266675949097,0.0,-1.0120266675949097,0.0,-1.0,"Node(id=13_12696_36, type=transcoder, layer=6, feature=12696, pos=36)",1
0,27,12663,transcoder,6,36,13247,transcoder,0.976347804069519,0.0,-0.976347804069519,0.0,-1.0,"Node(id=13_13247_36, type=transcoder, layer=6, feature=13247, pos=36)",1
0,27,12663,transcoder,7,27,4537,lorsa,1.9889576435089111,1.13090980052948,-0.8580478429794312,0.0,-0.43140578975109123,"Node(id=14_4537_27, type=lorsa, layer=7, feature=4537, pos=27)",1
0,27,12663,transcoder,7,27,5451,lorsa,5.721136569976807,0.0,-5.721136569976807,0.0,-1.0,"Node(id=14_5451_27, type=lorsa, layer=7, feature=5451, pos=27)",1
0,27,12663,transcoder,7,36,269,lorsa,1.5879327058792114,0.0,-1.5879327058792114,0.0,-1.0,"Node(id=14_269_36, type=lorsa, layer=7, feature=269, pos=36)",1
0,27,12663,transcoder,7,36,5459,lorsa,3.490706443786621,0.0,-3.490706443786621,0.0,-1.0,"Node(id=14_5459_36, type=lorsa, layer=7, feature=5459, pos=36)",1
0,27,12663,transcoder,7,27,14870,transcoder,0.5193299651145935,0.0,-0.5193299651145935,0.0,-1.0,"Node(id=15_14870_27, type=transcoder, layer=7, feature=14870, pos=27)",1
0,27,12663,transcoder,7,36,69,transcoder,0.8792385458946228,0.0,-0.8792385458946228,0.0,-1.0,"Node(id=15_69_36, type=transcoder, layer=7, feature=69, pos=36)",1
0,27,12663,transcoder,7,36,10198,transcoder,0.8630536198616028,0.0,-0.8630536198616028,0.0,-1.0,"Node(id=15_10198_36, type=transcoder, layer=7, feature=10198, pos=36)",1
0,27,12663,transcoder,7,36,14452,transcoder,3.3299098014831543,2.6118392944335938,-0.7180705070495605,0.0,-0.21564262993842334,"Node(id=15_14452_36, type=transcoder, layer=7, feature=14452, pos=36)",1
0,27,12663,transcoder,8,36,1417,lorsa,4.8791351318359375,0.0,-4.8791351318359375,0.0,-1.0,"Node(id=16_1417_36, type=lorsa, layer=8, feature=1417, pos=36)",1
0,27,12663,transcoder,8,36,1468,lorsa,3.8707199096679688,0.0,-3.8707199096679688,0.0,-1.0,"Node(id=16_1468_36, type=lorsa, layer=8, feature=1468, pos=36)",1
0,27,12663,transcoder,8,36,1476,lorsa,1.4948394298553467,0.0,-1.4948394298553467,0.0,-1.0,"Node(id=16_1476_36, type=lorsa, layer=8, feature=1476, pos=36)",1
0,27,12663,transcoder,8,36,1492,lorsa,2.96148419380188,0.0,-2.96148419380188,0.0,-1.0,"Node(id=16_1492_36, type=lorsa, layer=8, feature=1492, pos=36)",1
0,27,12663,transcoder,8,36,8441,lorsa,9.023415565490723,6.0507493019104,-2.9726662635803223,0.0,-0.32943913998032287,"Node(id=16_8441_36, type=lorsa, layer=8, feature=8441, pos=36)",1
0,27,12663,transcoder,8,3,16029,transcoder,0.8002055287361145,0.5409126877784729,-0.2592928409576416,0.0,-0.32403280363131454,"Node(id=17_16029_3, type=transcoder, layer=8, feature=16029, pos=3)",1
0,27,12663,transcoder,8,35,15741,transcoder,0.5565544962882996,0.0,-0.5565544962882996,0.0,-1.0,"Node(id=17_15741_35, type=transcoder, layer=8, feature=15741, pos=35)",1
0,27,12663,transcoder,8,36,776,transcoder,0.732367753982544,0.0,-0.732367753982544,0.0,-1.0,"Node(id=17_776_36, type=transcoder, layer=8, feature=776, pos=36)",1
0,27,12663,transcoder,8,36,2195,transcoder,0.42090585827827454,0.3131335973739624,-0.10777226090431213,0.0,-0.25604837467731417,"Node(id=17_2195_36, type=transcoder, layer=8, feature=2195, pos=36)",1
0,27,12663,transcoder,8,36,7078,transcoder,0.5934697985649109,0.0,-0.5934697985649109,0.0,-1.0,"Node(id=17_7078_36, type=transcoder, layer=8, feature=7078, pos=36)",1
0,27,12663,transcoder,8,36,9408,transcoder,0.7017480134963989,0.0,-0.7017480134963989,0.0,-1.0,"Node(id=17_9408_36, type=transcoder, layer=8, feature=9408, pos=36)",1
0,27,12663,transcoder,8,36,11574,transcoder,0.6268920302391052,0.14262646436691284,-0.4842655658721924,0.0,-0.772486397199031,"Node(id=17_11574_36, type=transcoder, layer=8, feature=11574, pos=36)",1
0,27,12663,transcoder,9,3,13118,lorsa,3.4335744380950928,1.762266993522644,-1.6713074445724487,0.0,-0.48675439391367054,"Node(id=18_13118_3, type=lorsa, layer=9, feature=13118, pos=3)",1
0,27,12663,transcoder,9,36,4521,lorsa,3.1571714878082275,1.4167615175247192,-1.7404099702835083,0.0,-0.5512560774745043,"Node(id=18_4521_36, type=lorsa, layer=9, feature=4521, pos=36)",1
0,27,12663,transcoder,9,36,8265,lorsa,3.591033697128296,0.0,-3.591033697128296,0.0,-1.0,"Node(id=18_8265_36, type=lorsa, layer=9, feature=8265, pos=36)",1
0,27,12663,transcoder,9,3,4628,transcoder,1.040234088897705,0.4648752808570862,-0.5753588080406189,0.0,-0.5531051271837322,"Node(id=19_4628_3, type=transcoder, layer=9, feature=4628, pos=3)",1
0,27,12663,transcoder,9,36,3901,transcoder,0.5146542191505432,0.0,-0.5146542191505432,0.0,-1.0,"Node(id=19_3901_36, type=transcoder, layer=9, feature=3901, pos=36)",1
0,27,12663,transcoder,9,36,5162,transcoder,0.35064274072647095,0.0,-0.35064274072647095,0.0,-1.0,"Node(id=19_5162_36, type=transcoder, layer=9, feature=5162, pos=36)",1
0,27,12663,transcoder,9,36,8460,transcoder,0.8671631813049316,0.0,-0.8671631813049316,0.0,-1.0,"Node(id=19_8460_36, type=transcoder, layer=9, feature=8460, pos=36)",1
0,27,12663,transcoder,10,36,11001,transcoder,0.587298572063446,0.0,-0.587298572063446,0.0,-1.0,"Node(id=21_11001_36, type=transcoder, layer=10, feature=11001, pos=36)",1
0,27,12663,transcoder,10,52,6575,transcoder,0.6553995609283447,0.3490722179412842,-0.30632734298706055,0.0,-0.4673902169741483,"Node(id=21_6575_52, type=transcoder, layer=10, feature=6575, pos=52)",1
0,27,12663,transcoder,11,36,14840,lorsa,1.7748255729675293,0.0,-1.7748255729675293,0.0,-1.0,"Node(id=22_14840_36, type=lorsa, layer=11, feature=14840, pos=36)",1
0,27,12663,transcoder,11,52,1680,lorsa,2.564471960067749,1.5585062503814697,-1.0059657096862793,0.0,-0.3922701146085853,"Node(id=22_1680_52, type=lorsa, layer=11, feature=1680, pos=52)",1
0,27,12663,transcoder,11,36,2240,transcoder,0.3820026218891144,0.0,-0.3820026218891144,0.0,-1.0,"Node(id=23_2240_36, type=transcoder, layer=11, feature=2240, pos=36)",1
0,27,12663,transcoder,11,36,13284,transcoder,0.3360329270362854,0.0,-0.3360329270362854,0.0,-1.0,"Node(id=23_13284_36, type=transcoder, layer=11, feature=13284, pos=36)",1
0,27,12663,transcoder,12,36,9871,lorsa,1.8985333442687988,1.2177157402038574,-0.6808176040649414,0.0,-0.3586018681842807,"Node(id=24_9871_36, type=lorsa, layer=12, feature=9871, pos=36)",1
0,27,12663,transcoder,12,36,11652,lorsa,2.5469629764556885,0.0,-2.5469629764556885,0.0,-1.0,"Node(id=24_11652_36, type=lorsa, layer=12, feature=11652, pos=36)",1
0,27,12663,transcoder,12,36,8564,transcoder,0.5210015177726746,0.0,-0.5210015177726746,0.0,-1.0,"Node(id=25_8564_36, type=transcoder, layer=12, feature=8564, pos=36)",1
0,27,12663,transcoder,12,36,9355,transcoder,0.5506256818771362,0.0,-0.5506256818771362,0.0,-1.0,"Node(id=25_9355_36, type=transcoder, layer=12, feature=9355, pos=36)",1
0,27,12663,transcoder,13,36,5534,lorsa,1.6633868217468262,0.0,-1.6633868217468262,0.0,-1.0,"Node(id=26_5534_36, type=lorsa, layer=13, feature=5534, pos=36)",1
0,27,12663,transcoder,13,36,8145,lorsa,2.33288836479187,1.6548410654067993,-0.6780472993850708,0.0,-0.2906471263769894,"Node(id=26_8145_36, type=lorsa, layer=13, feature=8145, pos=36)",1
0,27,12663,transcoder,13,36,9238,lorsa,2.624382734298706,0.0,-2.624382734298706,0.0,-1.0,"Node(id=26_9238_36, type=lorsa, layer=13, feature=9238, pos=36)",1
0,27,12663,transcoder,13,36,9260,lorsa,2.7596147060394287,0.0,-2.7596147060394287,0.0,-1.0,"Node(id=26_9260_36, type=lorsa, layer=13, feature=9260, pos=36)",1
0,27,12663,transcoder,13,36,3932,transcoder,0.7543947100639343,0.0,-0.7543947100639343,0.0,-1.0,"Node(id=27_3932_36, type=transcoder, layer=13, feature=3932, pos=36)",1
0,27,12663,transcoder,13,36,6705,transcoder,0.18148913979530334,0.0,-0.18148913979530334,0.0,-1.0,"Node(id=27_6705_36, type=transcoder, layer=13, feature=6705, pos=36)",1
0,27,12663,transcoder,13,36,7930,transcoder,0.6133290529251099,0.0,-0.6133290529251099,0.0,-1.0,"Node(id=27_7930_36, type=transcoder, layer=13, feature=7930, pos=36)",1
0,27,12663,transcoder,13,57,4451,transcoder,0.19393160939216614,0.0,-0.19393160939216614,0.0,-1.0,"Node(id=27_4451_57, type=transcoder, layer=13, feature=4451, pos=57)",1
0,27,12663,transcoder,13,57,12931,transcoder,0.38083311915397644,0.28564170002937317,-0.09519141912460327,0.0,-0.24995572689705062,"Node(id=27_12931_57, type=transcoder, layer=13, feature=12931, pos=57)",1
0,27,12663,transcoder,14,7,6541,lorsa,1.711766004562378,0.0,-1.711766004562378,0.0,-1.0,"Node(id=28_6541_7, type=lorsa, layer=14, feature=6541, pos=7)",1
0,27,12663,transcoder,14,14,6541,lorsa,1.2900267839431763,0.0,-1.2900267839431763,0.0,-1.0,"Node(id=28_6541_14, type=lorsa, layer=14, feature=6541, pos=14)",1
0,27,12663,transcoder,14,36,3897,lorsa,3.076256036758423,1.5864864587783813,-1.4897695779800415,0.0,-0.48428009898352703,"Node(id=28_3897_36, type=lorsa, layer=14, feature=3897, pos=36)",1
0,27,12663,transcoder,14,36,8968,lorsa,0.9133227467536926,0.0,-0.9133227467536926,0.0,-1.0,"Node(id=28_8968_36, type=lorsa, layer=14, feature=8968, pos=36)",1
0,27,12663,transcoder,14,21,969,transcoder,1.0221160650253296,0.5369045734405518,-0.48521149158477783,0.0,-0.4747127143263848,"Node(id=29_969_21, type=transcoder, layer=14, feature=969, pos=21)",1
0,27,12663,transcoder,14,36,138,transcoder,5.686919212341309,1.5402840375900269,-4.146635174751282,0.0,-0.7291531706222549,"Node(id=29_138_36, type=transcoder, layer=14, feature=138, pos=36)",1
0,27,12663,transcoder,14,36,1214,transcoder,1.765131950378418,0.0,-1.765131950378418,0.0,-1.0,"Node(id=29_1214_36, type=transcoder, layer=14, feature=1214, pos=36)",1
0,27,12663,transcoder,14,36,8599,transcoder,0.7293266654014587,0.0,-0.7293266654014587,0.0,-1.0,"Node(id=29_8599_36, type=transcoder, layer=14, feature=8599, pos=36)",1
0,27,12663,transcoder,14,36,10638,transcoder,1.1475523710250854,0.0,-1.1475523710250854,0.0,-1.0,"Node(id=29_10638_36, type=transcoder, layer=14, feature=10638, pos=36)",1
0,27,12663,transcoder,14,36,12029,transcoder,1.2375859022140503,0.0,-1.2375859022140503,0.0,-1.0,"Node(id=29_12029_36, type=transcoder, layer=14, feature=12029, pos=36)",1
0,27,12663,transcoder,14,36,14940,transcoder,1.4348654747009277,0.0,-1.4348654747009277,0.0,-1.0,"Node(id=29_14940_36, type=transcoder, layer=14, feature=14940, pos=36)",1
0,27,12663,transcoder,14,36,15619,transcoder,0.42063450813293457,0.0,-0.42063450813293457,0.0,-1.0,"Node(id=29_15619_36, type=transcoder, layer=14, feature=15619, pos=36)",1
0,33,11076,transcoder,4,44,7732,lorsa,2.335597515106201,1.75442373752594,-0.5811737775802612,0.0,-0.2488330175988541,"Node(id=8_7732_44, type=lorsa, layer=4, feature=7732, pos=44)",1
0,33,11076,transcoder,6,36,11513,transcoder,0.44179219007492065,0.29216501116752625,-0.1496271789073944,0.0,-0.3386822634461241,"Node(id=13_11513_36, type=transcoder, layer=6, feature=11513, pos=36)",1
0,33,11076,transcoder,7,18,2868,lorsa,3.1723361015319824,2.3221304416656494,-0.850205659866333,0.0,-0.268006173575288,"Node(id=14_2868_18, type=lorsa, layer=7, feature=2868, pos=18)",1
0,33,11076,transcoder,7,36,10198,transcoder,0.8630536198616028,0.6874098181724548,-0.17564380168914795,0.0,-0.2035143560574067,"Node(id=15_10198_36, type=transcoder, layer=7, feature=10198, pos=36)",1
0,33,11076,transcoder,8,36,3757,lorsa,3.8240530490875244,2.2869715690612793,-1.5370814800262451,0.0,-0.40195087785014266,"Node(id=16_3757_36, type=lorsa, layer=8, feature=3757, pos=36)",1
0,33,11076,transcoder,8,53,2184,lorsa,3.2365097999572754,1.8547261953353882,-1.3817836046218872,0.0,-0.4269363264835867,"Node(id=16_2184_53, type=lorsa, layer=8, feature=2184, pos=53)",1
0,33,11076,transcoder,8,35,15741,transcoder,0.5565544962882996,0.3686125576496124,-0.18794193863868713,0.0,-0.3376882944834422,"Node(id=17_15741_35, type=transcoder, layer=8, feature=15741, pos=35)",1
0,33,11076,transcoder,9,0,11430,transcoder,13.911474227905273,11.077844619750977,-2.833629608154297,0.0,-0.20369010226610412,"Node(id=19_11430_0, type=transcoder, layer=9, feature=11430, pos=0)",1
0,33,11076,transcoder,9,36,5162,transcoder,0.35064274072647095,0.2663121223449707,-0.08433061838150024,0.0,-0.24050296380521619,"Node(id=19_5162_36, type=transcoder, layer=9, feature=5162, pos=36)",1
0,33,11076,transcoder,11,42,4503,lorsa,3.0655462741851807,1.887441635131836,-1.1781046390533447,0.0,-0.38430496025263355,"Node(id=22_4503_42, type=lorsa, layer=11, feature=4503, pos=42)",1
0,33,11076,transcoder,11,57,13296,transcoder,0.6590584516525269,0.5124292969703674,-0.14662915468215942,0.0,-0.2224827772324301,"Node(id=23_13296_57, type=transcoder, layer=11, feature=13296, pos=57)",1
0,33,11076,transcoder,12,36,9871,lorsa,1.8985333442687988,0.0,-1.8985333442687988,0.0,-1.0,"Node(id=24_9871_36, type=lorsa, layer=12, feature=9871, pos=36)",1
0,33,11076,transcoder,12,36,11652,lorsa,2.5469629764556885,1.7676167488098145,-0.779346227645874,0.0,-0.3059904030212482,"Node(id=24_11652_36, type=lorsa, layer=12, feature=11652, pos=36)",1
0,33,11076,transcoder,12,36,8564,transcoder,0.5210015177726746,0.11353623121976852,-0.40746528655290604,0.0,-0.7820808052438206,"Node(id=25_8564_36, type=transcoder, layer=12, feature=8564, pos=36)",1
0,33,11076,transcoder,12,36,9355,transcoder,0.5506256818771362,0.41610103845596313,-0.1345246434211731,0.0,-0.24431233022507334,"Node(id=25_9355_36, type=transcoder, layer=12, feature=9355, pos=36)",1
0,33,11076,transcoder,13,36,5534,lorsa,1.6633868217468262,0.8277170658111572,-0.835669755935669,0.0,-0.5023905113412406,"Node(id=26_5534_36, type=lorsa, layer=13, feature=5534, pos=36)",1
0,33,11076,transcoder,13,36,3932,transcoder,0.7543947100639343,0.5445489883422852,-0.20984572172164917,0.0,-0.2781643600123666,"Node(id=27_3932_36, type=transcoder, layer=13, feature=3932, pos=36)",1
0,33,11076,transcoder,13,36,6705,transcoder,0.18148913979530334,0.14040564000606537,-0.041083499789237976,0.0,-0.22636891571349632,"Node(id=27_6705_36, type=transcoder, layer=13, feature=6705, pos=36)",1
0,33,11076,transcoder,14,14,7558,lorsa,1.3172794580459595,0.5078808069229126,-0.8093986511230469,0.0,-0.6144471821671778,"Node(id=28_7558_14, type=lorsa, layer=14, feature=7558, pos=14)",1
0,33,11076,transcoder,14,21,969,transcoder,1.0221160650253296,0.5137922167778015,-0.5083238482475281,0.0,-0.49732497672358866,"Node(id=29_969_21, type=transcoder, layer=14, feature=969, pos=21)",1
0,33,11076,transcoder,14,36,1214,transcoder,1.765131950378418,0.8105241060256958,-0.9546078443527222,0.0,-0.5408138718173837,"Node(id=29_1214_36, type=transcoder, layer=14, feature=1214, pos=36)",1
0,33,11076,transcoder,14,36,8599,transcoder,0.7293266654014587,0.5229727029800415,-0.20635396242141724,0.0,-0.2829376357819434,"Node(id=29_8599_36, type=transcoder, layer=14, feature=8599, pos=36)",1
0,33,11076,transcoder,14,36,14940,transcoder,1.4348654747009277,1.1045929193496704,-0.3302725553512573,0.0,-0.23017666894528685,"Node(id=29_14940_36, type=transcoder, layer=14, feature=14940, pos=36)",1
0,37,12663,transcoder,1,36,11885,lorsa,1.693833827972412,0.7848325371742249,-0.9090012907981873,0.0,-0.5366531685615812,"Node(id=2_11885_36, type=lorsa, layer=1, feature=11885, pos=36)",1
0,37,12663,transcoder,2,37,11240,lorsa,2.6383132934570312,0.6925473809242249,-1.9457659125328064,0.0,-0.7375037367087034,"Node(id=4_11240_37, type=lorsa, layer=2, feature=11240, pos=37)",1
0,37,12663,transcoder,3,36,4451,transcoder,0.9956201910972595,0.7859978675842285,-0.209622323513031,0.0,-0.21054446804861307,"Node(id=7_4451_36, type=transcoder, layer=3, feature=4451, pos=36)",1
0,37,12663,transcoder,3,36,15642,transcoder,0.8003482818603516,0.6038538217544556,-0.196494460105896,0.0,-0.24551119126433166,"Node(id=7_15642_36, type=transcoder, layer=3, feature=15642, pos=36)",1
0,37,12663,transcoder,4,36,7015,transcoder,0.4674502909183502,0.3469259440898895,-0.1205243468284607,0.0,-0.2578335048025732,"Node(id=9_7015_36, type=transcoder, layer=4, feature=7015, pos=36)",1
0,37,12663,transcoder,5,36,4127,transcoder,0.6348527073860168,0.44413483142852783,-0.190717875957489,0.0,-0.30041279455633574,"Node(id=11_4127_36, type=transcoder, layer=5, feature=4127, pos=36)",1
0,37,12663,transcoder,5,36,12500,transcoder,0.3900949954986572,0.19922053813934326,-0.19087445735931396,0.0,-0.4893025021131577,"Node(id=11_12500_36, type=transcoder, layer=5, feature=12500, pos=36)",1
0,37,12663,transcoder,6,36,3634,lorsa,3.72269344329834,0.0,-3.72269344329834,0.0,-1.0,"Node(id=12_3634_36, type=lorsa, layer=6, feature=3634, pos=36)",1
0,37,12663,transcoder,6,36,12696,transcoder,1.0120266675949097,0.5589715242385864,-0.45305514335632324,0.0,-0.4476711512286655,"Node(id=13_12696_36, type=transcoder, layer=6, feature=12696, pos=36)",1
0,37,12663,transcoder,7,27,4537,lorsa,1.9889576435089111,1.3740109205245972,-0.614946722984314,0.0,-0.3091804015994164,"Node(id=14_4537_27, type=lorsa, layer=7, feature=4537, pos=27)",1
0,37,12663,transcoder,7,36,69,transcoder,0.8792385458946228,0.5288985967636108,-0.35033994913101196,0.0,-0.3984583600967381,"Node(id=15_69_36, type=transcoder, layer=7, feature=69, pos=36)",1
0,37,12663,transcoder,7,36,10198,transcoder,0.8630536198616028,0.25795337557792664,-0.6051002442836761,0.0,-0.7011154699527343,"Node(id=15_10198_36, type=transcoder, layer=7, feature=10198, pos=36)",1
0,37,12663,transcoder,7,36,10671,transcoder,0.8758847713470459,0.5439541339874268,-0.33193063735961914,0.0,-0.3789661017272105,"Node(id=15_10671_36, type=transcoder, layer=7, feature=10671, pos=36)",1
0,37,12663,transcoder,7,59,10622,transcoder,0.7834378480911255,0.5409247279167175,-0.24251312017440796,0.0,-0.30954991613604055,"Node(id=15_10622_59, type=transcoder, layer=7, feature=10622, pos=59)",1
0,37,12663,transcoder,8,39,12437,lorsa,4.935873985290527,2.695143461227417,-2.2407305240631104,0.0,-0.4539683409140398,"Node(id=16_12437_39, type=lorsa, layer=8, feature=12437, pos=39)",1
0,37,12663,transcoder,8,6,11854,transcoder,7.1796770095825195,3.695091485977173,-3.4845855236053467,0.0,-0.4853401509503234,"Node(id=17_11854_6, type=transcoder, layer=8, feature=11854, pos=6)",1
0,37,12663,transcoder,8,36,776,transcoder,0.732367753982544,0.21452750265598297,-0.517840251326561,0.0,-0.7070768046662302,"Node(id=17_776_36, type=transcoder, layer=8, feature=776, pos=36)",1
0,37,12663,transcoder,8,36,7078,transcoder,0.5934697985649109,0.0,-0.5934697985649109,0.0,-1.0,"Node(id=17_7078_36, type=transcoder, layer=8, feature=7078, pos=36)",1
0,37,12663,transcoder,8,36,9408,transcoder,0.7017480134963989,0.5149952173233032,-0.1867527961730957,0.0,-0.26612515116732005,"Node(id=17_9408_36, type=transcoder, layer=8, feature=9408, pos=36)",1
0,37,12663,transcoder,8,36,11574,transcoder,0.6268920302391052,0.4381837844848633,-0.18870824575424194,0.0,-0.30102192507099834,"Node(id=17_11574_36, type=transcoder, layer=8, feature=11574, pos=36)",1
0,37,12663,transcoder,9,36,4521,lorsa,3.1571714878082275,2.5210258960723877,-0.6361455917358398,0.0,-0.2014922515905099,"Node(id=18_4521_36, type=lorsa, layer=9, feature=4521, pos=36)",1
0,37,12663,transcoder,9,36,8265,lorsa,3.591033697128296,2.7248010635375977,-0.8662326335906982,0.0,-0.2412209705198293,"Node(id=18_8265_36, type=lorsa, layer=9, feature=8265, pos=36)",1
0,37,12663,transcoder,9,36,3901,transcoder,0.5146542191505432,0.0,-0.5146542191505432,0.0,-1.0,"Node(id=19_3901_36, type=transcoder, layer=9, feature=3901, pos=36)",1
0,37,12663,transcoder,9,52,6548,transcoder,0.38875845074653625,0.28264319896698,-0.10611525177955627,0.0,-0.27295934422977103,"Node(id=19_6548_52, type=transcoder, layer=9, feature=6548, pos=52)",1
0,37,12663,transcoder,10,35,13771,transcoder,0.726324200630188,0.4121103882789612,-0.3142138123512268,0.0,-0.4326082100508317,"Node(id=21_13771_35, type=transcoder, layer=10, feature=13771, pos=35)",1
0,37,12663,transcoder,11,36,14840,lorsa,1.7748255729675293,1.4132428169250488,-0.36158275604248047,0.0,-0.20372861510999632,"Node(id=22_14840_36, type=lorsa, layer=11, feature=14840, pos=36)",1
0,37,12663,transcoder,11,42,4503,lorsa,3.0655462741851807,1.2257602214813232,-1.8397860527038574,0.0,-0.6001494964198089,"Node(id=22_4503_42, type=lorsa, layer=11, feature=4503, pos=42)",1
0,37,12663,transcoder,12,36,9871,lorsa,1.8985333442687988,1.128407597541809,-0.7701257467269897,0.0,-0.4056424655652261,"Node(id=24_9871_36, type=lorsa, layer=12, feature=9871, pos=36)",1
0,37,12663,transcoder,12,49,11663,lorsa,3.366370677947998,1.185756802558899,-2.180613875389099,0.0,-0.6477640414567514,"Node(id=24_11663_49, type=lorsa, layer=12, feature=11663, pos=49)",1
0,37,12663,transcoder,12,52,13529,lorsa,1.9571092128753662,1.411597728729248,-0.5455114841461182,0.0,-0.2787332871141401,"Node(id=24_13529_52, type=lorsa, layer=12, feature=13529, pos=52)",1
0,37,12663,transcoder,12,36,8564,transcoder,0.5210015177726746,0.11115338653326035,-0.4098481312394142,0.0,-0.7866543901667495,"Node(id=25_8564_36, type=transcoder, layer=12, feature=8564, pos=36)",1
0,37,12663,transcoder,12,36,9355,transcoder,0.5506256818771362,0.42496994137763977,-0.12565574049949646,0.0,-0.22820537551231515,"Node(id=25_9355_36, type=transcoder, layer=12, feature=9355, pos=36)",1
0,37,12663,transcoder,13,36,5534,lorsa,1.6633868217468262,0.0,-1.6633868217468262,0.0,-1.0,"Node(id=26_5534_36, type=lorsa, layer=13, feature=5534, pos=36)",1
0,37,12663,transcoder,13,36,9238,lorsa,2.624382734298706,1.5695850849151611,-1.054797649383545,0.0,-0.40192218749122754,"Node(id=26_9238_36, type=lorsa, layer=13, feature=9238, pos=36)",1
0,37,12663,transcoder,13,36,3932,transcoder,0.7543947100639343,0.44643494486808777,-0.30795976519584656,0.0,-0.4082210029942379,"Node(id=27_3932_36, type=transcoder, layer=13, feature=3932, pos=36)",1
0,37,12663,transcoder,13,36,6705,transcoder,0.18148913979530334,0.0,-0.18148913979530334,0.0,-1.0,"Node(id=27_6705_36, type=transcoder, layer=13, feature=6705, pos=36)",1
0,37,12663,transcoder,13,57,4451,transcoder,0.19393160939216614,0.0,-0.19393160939216614,0.0,-1.0,"Node(id=27_4451_57, type=transcoder, layer=13, feature=4451, pos=57)",1
0,37,12663,transcoder,13,57,12931,transcoder,0.38083311915397644,0.1295018345117569,-0.25133128464221954,0.0,-0.6599512279828861,"Node(id=27_12931_57, type=transcoder, layer=13, feature=12931, pos=57)",1
0,37,12663,transcoder,14,7,6541,lorsa,1.711766004562378,0.0,-1.711766004562378,0.0,-1.0,"Node(id=28_6541_7, type=lorsa, layer=14, feature=6541, pos=7)",1
0,37,12663,transcoder,14,14,6541,lorsa,1.2900267839431763,0.6806538105010986,-0.6093729734420776,0.0,-0.47237234220783403,"Node(id=28_6541_14, type=lorsa, layer=14, feature=6541, pos=14)",1
0,37,12663,transcoder,14,36,8968,lorsa,0.9133227467536926,0.0,-0.9133227467536926,0.0,-1.0,"Node(id=28_8968_36, type=lorsa, layer=14, feature=8968, pos=36)",1
0,37,12663,transcoder,14,21,1034,transcoder,0.982692539691925,0.7005063891410828,-0.2821861505508423,0.0,-0.2871560932367594,"Node(id=29_1034_21, type=transcoder, layer=14, feature=1034, pos=21)",1
0,37,12663,transcoder,14,36,15619,transcoder,0.42063450813293457,0.0,-0.42063450813293457,0.0,-1.0,"Node(id=29_15619_36, type=transcoder, layer=14, feature=15619, pos=36)",1
0,39,8135,transcoder,1,36,4098,transcoder,0.3550102114677429,0.2426636666059494,-0.11234654486179352,0.0,-0.31646003757838836,"Node(id=3_4098_36, type=transcoder, layer=1, feature=4098, pos=36)",1
0,39,8135,transcoder,1,39,13537,transcoder,1.2144615650177002,0.0,-1.2144615650177002,0.0,-1.0,"Node(id=3_13537_39, type=transcoder, layer=1, feature=13537, pos=39)",1
0,39,8135,transcoder,2,39,12879,lorsa,3.12951397895813,0.0,-3.12951397895813,0.0,-1.0,"Node(id=4_12879_39, type=lorsa, layer=2, feature=12879, pos=39)",1
0,39,8135,transcoder,2,59,8892,lorsa,2.757359743118286,1.4643468856811523,-1.2930128574371338,0.0,-0.46893150618601226,"Node(id=4_8892_59, type=lorsa, layer=2, feature=8892, pos=59)",1
0,39,8135,transcoder,2,14,2057,transcoder,0.5836755037307739,0.4373103082180023,-0.1463651955127716,0.0,-0.2507646707412343,"Node(id=5_2057_14, type=transcoder, layer=2, feature=2057, pos=14)",1
0,39,8135,transcoder,2,36,8480,transcoder,0.4812658429145813,0.37873077392578125,-0.10253506898880005,0.0,-0.21305286983975455,"Node(id=5_8480_36, type=transcoder, layer=2, feature=8480, pos=36)",1
0,39,8135,transcoder,2,36,10873,transcoder,0.6764044165611267,0.41822299361228943,-0.2581814229488373,0.0,-0.38169683199504273,"Node(id=5_10873_36, type=transcoder, layer=2, feature=10873, pos=36)",1
0,39,8135,transcoder,2,36,13998,transcoder,0.6966379284858704,0.49426236748695374,-0.20237556099891663,0.0,-0.2905032194252991,"Node(id=5_13998_36, type=transcoder, layer=2, feature=13998, pos=36)",1
0,39,8135,transcoder,2,36,15252,transcoder,0.285544753074646,0.1334734857082367,-0.1520712673664093,0.0,-0.5325654410699517,"Node(id=5_15252_36, type=transcoder, layer=2, feature=15252, pos=36)",1
0,39,8135,transcoder,2,36,15667,transcoder,0.26635974645614624,0.19813230633735657,-0.06822744011878967,0.0,-0.25614771385894347,"Node(id=5_15667_36, type=transcoder, layer=2, feature=15667, pos=36)",1
0,39,8135,transcoder,2,39,13354,transcoder,1.0723226070404053,0.46828022599220276,-0.6040423810482025,0.0,-0.5633028503570867,"Node(id=5_13354_39, type=transcoder, layer=2, feature=13354, pos=39)",1
0,39,8135,transcoder,2,45,7972,transcoder,0.8607460856437683,0.31929126381874084,-0.5414548218250275,0.0,-0.6290529005659818,"Node(id=5_7972_45, type=transcoder, layer=2, feature=7972, pos=45)",1
0,39,8135,transcoder,2,47,10249,transcoder,0.8494049310684204,0.646950364112854,-0.2024545669555664,0.0,-0.23834870690108872,"Node(id=5_10249_47, type=transcoder, layer=2, feature=10249, pos=47)",1
0,39,8135,transcoder,3,3,4062,lorsa,1.6329549551010132,1.2075729370117188,-0.42538201808929443,0.0,-0.2604983173359982,"Node(id=6_4062_3, type=lorsa, layer=3, feature=4062, pos=3)",1
0,39,8135,transcoder,3,27,1736,lorsa,4.417971134185791,2.6043097972869873,-1.8136613368988037,0.0,-0.410519055424533,"Node(id=6_1736_27, type=lorsa, layer=3, feature=1736, pos=27)",1
0,39,8135,transcoder,3,38,1861,lorsa,5.552481174468994,3.3501720428466797,-2.2023091316223145,0.0,-0.3966351370534687,"Node(id=6_1861_38, type=lorsa, layer=3, feature=1861, pos=38)",1
0,39,8135,transcoder,3,39,2945,lorsa,2.4895384311676025,0.0,-2.4895384311676025,0.0,-1.0,"Node(id=6_2945_39, type=lorsa, layer=3, feature=2945, pos=39)",1
0,39,8135,transcoder,3,59,2992,lorsa,2.4769415855407715,1.921602487564087,-0.5553390979766846,0.0,-0.22420355054737462,"Node(id=6_2992_59, type=lorsa, layer=3, feature=2992, pos=59)",1
0,39,8135,transcoder,3,3,10005,transcoder,0.6649407744407654,0.44345515966415405,-0.22148561477661133,0.0,-0.33309074024357616,"Node(id=7_10005_3, type=transcoder, layer=3, feature=10005, pos=3)",1
0,39,8135,transcoder,3,14,4185,transcoder,0.7747831344604492,0.5980349183082581,-0.17674821615219116,0.0,-0.22812605010468737,"Node(id=7_4185_14, type=transcoder, layer=3, feature=4185, pos=14)",1
0,39,8135,transcoder,3,27,14691,transcoder,0.7342837452888489,0.2943495512008667,-0.4399341940879822,0.0,-0.5991337775220982,"Node(id=7_14691_27, type=transcoder, layer=3, feature=14691, pos=27)",1
0,39,8135,transcoder,3,36,2235,transcoder,1.183021068572998,0.8521233201026917,-0.3308977484703064,0.0,-0.27970571045657455,"Node(id=7_2235_36, type=transcoder, layer=3, feature=2235, pos=36)",1
0,39,8135,transcoder,3,36,4451,transcoder,0.9956201910972595,0.7021294236183167,-0.29349076747894287,0.0,-0.2947818556747937,"Node(id=7_4451_36, type=transcoder, layer=3, feature=4451, pos=36)",1
0,39,8135,transcoder,3,36,13706,transcoder,0.7337140440940857,0.3902606964111328,-0.3434533476829529,0.0,-0.4681024582363196,"Node(id=7_13706_36, type=transcoder, layer=3, feature=13706, pos=36)",1
0,39,8135,transcoder,3,36,15642,transcoder,0.8003482818603516,0.5104942917823792,-0.2898539900779724,0.0,-0.36215982047743994,"Node(id=7_15642_36, type=transcoder, layer=3, feature=15642, pos=36)",1
0,39,8135,transcoder,3,39,15009,transcoder,0.8709929585456848,0.0,-0.8709929585456848,0.0,-1.0,"Node(id=7_15009_39, type=transcoder, layer=3, feature=15009, pos=39)",1
0,39,8135,transcoder,3,43,5448,transcoder,1.2499865293502808,0.927687406539917,-0.32229912281036377,0.0,-0.25784207688853156,"Node(id=7_5448_43, type=transcoder, layer=3, feature=5448, pos=43)",1
0,39,8135,transcoder,3,58,9594,transcoder,1.3094115257263184,1.033807635307312,-0.27560389041900635,0.0,-0.21047920001019652,"Node(id=7_9594_58, type=transcoder, layer=3, feature=9594, pos=58)",1
0,39,8135,transcoder,4,27,6509,lorsa,0.8708707094192505,0.0,-0.8708707094192505,0.0,-1.0,"Node(id=8_6509_27, type=lorsa, layer=4, feature=6509, pos=27)",1
0,39,8135,transcoder,4,43,2634,lorsa,1.4697251319885254,0.8919115662574768,-0.5778135657310486,0.0,-0.3931439649189858,"Node(id=8_2634_43, type=lorsa, layer=4, feature=2634, pos=43)",1
0,39,8135,transcoder,4,44,7732,lorsa,2.335597515106201,1.5398893356323242,-0.795708179473877,0.0,-0.340687200738735,"Node(id=8_7732_44, type=lorsa, layer=4, feature=7732, pos=44)",1
0,39,8135,transcoder,4,61,4743,lorsa,2.1845638751983643,1.4171419143676758,-0.7674219608306885,0.0,-0.35129298325552716,"Node(id=8_4743_61, type=lorsa, layer=4, feature=4743, pos=61)",1
0,39,8135,transcoder,4,34,14387,transcoder,0.8890300393104553,0.6476271748542786,-0.24140286445617676,0.0,-0.2715351043069505,"Node(id=9_14387_34, type=transcoder, layer=4, feature=14387, pos=34)",1
0,39,8135,transcoder,4,36,2320,transcoder,2.2965035438537598,1.4780550003051758,-0.818448543548584,0.0,-0.3563889747695083,"Node(id=9_2320_36, type=transcoder, layer=4, feature=2320, pos=36)",1
0,39,8135,transcoder,4,36,7015,transcoder,0.4674502909183502,0.22513803839683533,-0.2423122525215149,0.0,-0.5183700967336433,"Node(id=9_7015_36, type=transcoder, layer=4, feature=7015, pos=36)",1
0,39,8135,transcoder,4,36,8219,transcoder,0.37231943011283875,0.22289124131202698,-0.14942818880081177,0.0,-0.40134405221753966,"Node(id=9_8219_36, type=transcoder, layer=4, feature=8219, pos=36)",1
0,39,8135,transcoder,4,36,11907,transcoder,1.1186275482177734,0.7955461740493774,-0.323081374168396,0.0,-0.2888194329588411,"Node(id=9_11907_36, type=transcoder, layer=4, feature=11907, pos=36)",1
0,39,8135,transcoder,4,39,3675,transcoder,0.7347319722175598,0.0,-0.7347319722175598,0.0,-1.0,"Node(id=9_3675_39, type=transcoder, layer=4, feature=3675, pos=39)",1
0,39,8135,transcoder,4,45,805,transcoder,0.7300322651863098,0.5723653435707092,-0.15766692161560059,0.0,-0.21597253865945606,"Node(id=9_805_45, type=transcoder, layer=4, feature=805, pos=45)",1
0,39,8135,transcoder,5,36,13320,lorsa,2.290212869644165,1.5367563962936401,-0.7534564733505249,0.0,-0.32898971241375957,"Node(id=10_13320_36, type=lorsa, layer=5, feature=13320, pos=36)",1
0,39,8135,transcoder,5,59,15061,lorsa,1.0584943294525146,0.0,-1.0584943294525146,0.0,-1.0,"Node(id=10_15061_59, type=lorsa, layer=5, feature=15061, pos=59)",1
0,39,8135,transcoder,5,36,2716,transcoder,0.4400579631328583,0.11486583948135376,-0.3251921236515045,0.0,-0.7389756597889935,"Node(id=11_2716_36, type=transcoder, layer=5, feature=2716, pos=36)",1
0,39,8135,transcoder,5,36,4087,transcoder,0.5863869190216064,0.44270944595336914,-0.1436774730682373,0.0,-0.24502162037987626,"Node(id=11_4087_36, type=transcoder, layer=5, feature=4087, pos=36)",1
0,39,8135,transcoder,5,36,4127,transcoder,0.6348527073860168,0.46414583921432495,-0.1707068681716919,0.0,-0.26889208502326667,"Node(id=11_4127_36, type=transcoder, layer=5, feature=4127, pos=36)",1
0,39,8135,transcoder,5,36,4487,transcoder,0.6274858713150024,0.39976269006729126,-0.22772318124771118,0.0,-0.36291363942661986,"Node(id=11_4487_36, type=transcoder, layer=5, feature=4487, pos=36)",1
0,39,8135,transcoder,5,36,12500,transcoder,0.3900949954986572,0.20428967475891113,-0.1858053207397461,0.0,-0.47630788111555167,"Node(id=11_12500_36, type=transcoder, layer=5, feature=12500, pos=36)",1
0,39,8135,transcoder,5,39,4945,transcoder,0.8593589067459106,0.0,-0.8593589067459106,0.0,-1.0,"Node(id=11_4945_39, type=transcoder, layer=5, feature=4945, pos=39)",1
0,39,8135,transcoder,5,43,7776,transcoder,0.5750432014465332,0.3170391321182251,-0.2580040693283081,0.0,-0.44866901943939774,"Node(id=11_7776_43, type=transcoder, layer=5, feature=7776, pos=43)",1
0,39,8135,transcoder,6,36,3634,lorsa,3.72269344329834,2.5824029445648193,-1.1402904987335205,0.0,-0.30630792357783104,"Node(id=12_3634_36, type=lorsa, layer=6, feature=3634, pos=36)",1
0,39,8135,transcoder,6,3,6259,transcoder,0.9025176763534546,0.6591514945030212,-0.24336618185043335,0.0,-0.26965253781370085,"Node(id=13_6259_3, type=transcoder, layer=6, feature=6259, pos=3)",1
0,39,8135,transcoder,6,3,16038,transcoder,1.9081240892410278,1.4604942798614502,-0.44762980937957764,0.0,-0.23459156136833118,"Node(id=13_16038_3, type=transcoder, layer=6, feature=16038, pos=3)",1
0,39,8135,transcoder,6,36,8540,transcoder,0.6434565186500549,0.5037712454795837,-0.1396852731704712,0.0,-0.2170858000840913,"Node(id=13_8540_36, type=transcoder, layer=6, feature=8540, pos=36)",1
0,39,8135,transcoder,6,36,11513,transcoder,0.44179219007492065,0.32519862055778503,-0.11659356951713562,0.0,-0.26391043602958053,"Node(id=13_11513_36, type=transcoder, layer=6, feature=11513, pos=36)",1
0,39,8135,transcoder,6,39,4099,transcoder,2.1563220024108887,0.0,-2.1563220024108887,0.0,-1.0,"Node(id=13_4099_39, type=transcoder, layer=6, feature=4099, pos=39)",1
0,39,8135,transcoder,6,39,15671,transcoder,4.099458694458008,2.2089931964874268,-1.890465497970581,0.0,-0.4611500295212807,"Node(id=13_15671_39, type=transcoder, layer=6, feature=15671, pos=39)",1
0,39,8135,transcoder,6,62,1735,transcoder,1.6790945529937744,1.285570740699768,-0.39352381229400635,0.0,-0.23436667791719376,"Node(id=13_1735_62, type=transcoder, layer=6, feature=1735, pos=62)",1
0,39,8135,transcoder,7,18,2868,lorsa,3.1723361015319824,2.359776735305786,-0.8125593662261963,0.0,-0.2561391164806893,"Node(id=14_2868_18, type=lorsa, layer=7, feature=2868, pos=18)",1
0,39,8135,transcoder,7,27,4537,lorsa,1.9889576435089111,1.477067232131958,-0.5118904113769531,0.0,-0.2573661701884602,"Node(id=14_4537_27, type=lorsa, layer=7, feature=4537, pos=27)",1
0,39,8135,transcoder,7,27,5451,lorsa,5.721136569976807,3.723276376724243,-1.9978601932525635,0.0,-0.3492068697917244,"Node(id=14_5451_27, type=lorsa, layer=7, feature=5451, pos=27)",1
0,39,8135,transcoder,7,36,5459,lorsa,3.490706443786621,2.366657257080078,-1.124049186706543,0.0,-0.3220119493884469,"Node(id=14_5459_36, type=lorsa, layer=7, feature=5459, pos=36)",1
0,39,8135,transcoder,7,45,11217,lorsa,2.0944316387176514,0.0,-2.0944316387176514,0.0,-1.0,"Node(id=14_11217_45, type=lorsa, layer=7, feature=11217, pos=45)",1
0,39,8135,transcoder,7,53,6874,lorsa,4.199068546295166,0.0,-4.199068546295166,0.0,-1.0,"Node(id=14_6874_53, type=lorsa, layer=7, feature=6874, pos=53)",1
0,39,8135,transcoder,7,0,6104,transcoder,8.469114303588867,2.455159902572632,-6.013954401016235,0.0,-0.7101042901815323,"Node(id=15_6104_0, type=transcoder, layer=7, feature=6104, pos=0)",1
0,39,8135,transcoder,7,1,6104,transcoder,4.072308540344238,2.5788002014160156,-1.4935083389282227,0.0,-0.36674734346184246,"Node(id=15_6104_1, type=transcoder, layer=7, feature=6104, pos=1)",1
0,39,8135,transcoder,7,27,14870,transcoder,0.5193299651145935,0.36932751536369324,-0.15000244975090027,0.0,-0.28883842610121924,"Node(id=15_14870_27, type=transcoder, layer=7, feature=14870, pos=27)",1
0,39,8135,transcoder,7,36,69,transcoder,0.8792385458946228,0.5190562009811401,-0.36018234491348267,0.0,-0.409652586997307,"Node(id=15_69_36, type=transcoder, layer=7, feature=69, pos=36)",1
0,39,8135,transcoder,7,36,10198,transcoder,0.8630536198616028,0.5916919708251953,-0.27136164903640747,0.0,-0.3144203822236704,"Node(id=15_10198_36, type=transcoder, layer=7, feature=10198, pos=36)",1
0,39,8135,transcoder,7,36,10671,transcoder,0.8758847713470459,0.6396456360816956,-0.23623913526535034,0.0,-0.2697148563298253,"Node(id=15_10671_36, type=transcoder, layer=7, feature=10671, pos=36)",1
0,39,8135,transcoder,7,39,7600,transcoder,1.7896348237991333,0.0,-1.7896348237991333,0.0,-1.0,"Node(id=15_7600_39, type=transcoder, layer=7, feature=7600, pos=39)",1
0,39,8135,transcoder,7,39,10442,transcoder,0.7531685829162598,0.0,-0.7531685829162598,0.0,-1.0,"Node(id=15_10442_39, type=transcoder, layer=7, feature=10442, pos=39)",1
0,39,8135,transcoder,7,39,14452,transcoder,3.499417781829834,2.0844454765319824,-1.4149723052978516,0.0,-0.4043450635259581,"Node(id=15_14452_39, type=transcoder, layer=7, feature=14452, pos=39)",1
0,39,8135,transcoder,7,45,15440,transcoder,0.7087522149085999,0.25074121356010437,-0.4580110013484955,0.0,-0.6462216155579285,"Node(id=15_15440_45, type=transcoder, layer=7, feature=15440, pos=45)",1
0,39,8135,transcoder,7,59,10622,transcoder,0.7834378480911255,0.5256751179695129,-0.25776273012161255,0.0,-0.329014906223462,"Node(id=15_10622_59, type=transcoder, layer=7, feature=10622, pos=59)",1
0,39,8135,transcoder,8,36,1476,lorsa,1.4948394298553467,0.0,-1.4948394298553467,0.0,-1.0,"Node(id=16_1476_36, type=lorsa, layer=8, feature=1476, pos=36)",1
0,39,8135,transcoder,8,36,3757,lorsa,3.8240530490875244,2.8029215335845947,-1.0211315155029297,0.0,-0.267028595679808,"Node(id=16_3757_36, type=lorsa, layer=8, feature=3757, pos=36)",1
0,39,8135,transcoder,8,39,12437,lorsa,4.935873985290527,2.5535783767700195,-2.382295608520508,0.0,-0.48264919558725017,"Node(id=16_12437_39, type=lorsa, layer=8, feature=12437, pos=39)",1
0,39,8135,transcoder,8,53,2184,lorsa,3.2365097999572754,0.0,-3.2365097999572754,0.0,-1.0,"Node(id=16_2184_53, type=lorsa, layer=8, feature=2184, pos=53)",1
0,39,8135,transcoder,8,0,11854,transcoder,18.983810424804688,4.121008396148682,-14.862802028656006,0.0,-0.7829198509713268,"Node(id=17_11854_0, type=transcoder, layer=8, feature=11854, pos=0)",1
0,39,8135,transcoder,8,3,16029,transcoder,0.8002055287361145,0.4037948548793793,-0.39641067385673523,0.0,-0.4953860722292765,"Node(id=17_16029_3, type=transcoder, layer=8, feature=16029, pos=3)",1
0,39,8135,transcoder,8,6,11854,transcoder,7.1796770095825195,1.7078180313110352,-5.471858978271484,0.0,-0.7621316350259689,"Node(id=17_11854_6, type=transcoder, layer=8, feature=11854, pos=6)",1
0,39,8135,transcoder,8,32,11854,transcoder,11.953476905822754,7.143104076385498,-4.810372829437256,0.0,-0.40242457214218874,"Node(id=17_11854_32, type=transcoder, layer=8, feature=11854, pos=32)",1
0,39,8135,transcoder,8,35,15741,transcoder,0.5565544962882996,0.30832114815711975,-0.2482333481311798,0.0,-0.4460180445700559,"Node(id=17_15741_35, type=transcoder, layer=8, feature=15741, pos=35)",1
0,39,8135,transcoder,8,36,776,transcoder,0.732367753982544,0.3999674320220947,-0.3324003219604492,0.0,-0.4538707775607117,"Node(id=17_776_36, type=transcoder, layer=8, feature=776, pos=36)",1
0,39,8135,transcoder,8,36,2195,transcoder,0.42090585827827454,0.0,-0.42090585827827454,0.0,-1.0,"Node(id=17_2195_36, type=transcoder, layer=8, feature=2195, pos=36)",1
0,39,8135,transcoder,8,36,7078,transcoder,0.5934697985649109,0.2954561114311218,-0.29801368713378906,0.0,-0.5021547648328961,"Node(id=17_7078_36, type=transcoder, layer=8, feature=7078, pos=36)",1
0,39,8135,transcoder,8,36,9408,transcoder,0.7017480134963989,0.20997707545757294,-0.491770938038826,0.0,-0.7007799503252168,"Node(id=17_9408_36, type=transcoder, layer=8, feature=9408, pos=36)",1
0,39,8135,transcoder,9,36,4521,lorsa,3.1571714878082275,2.240732431411743,-0.9164390563964844,0.0,-0.29027218189934145,"Node(id=18_4521_36, type=lorsa, layer=9, feature=4521, pos=36)",1
0,39,8135,transcoder,9,0,11430,transcoder,13.911474227905273,0.0,-13.911474227905273,0.0,-1.0,"Node(id=19_11430_0, type=transcoder, layer=9, feature=11430, pos=0)",1
0,39,8135,transcoder,9,3,4628,transcoder,1.040234088897705,0.723953127861023,-0.31628096103668213,0.0,-0.3040478719283585,"Node(id=19_4628_3, type=transcoder, layer=9, feature=4628, pos=3)",1
0,39,8135,transcoder,9,36,3901,transcoder,0.5146542191505432,0.30938661098480225,-0.20526760816574097,0.0,-0.39884567254601183,"Node(id=19_3901_36, type=transcoder, layer=9, feature=3901, pos=36)",1
0,39,8135,transcoder,9,36,5162,transcoder,0.35064274072647095,0.0,-0.35064274072647095,0.0,-1.0,"Node(id=19_5162_36, type=transcoder, layer=9, feature=5162, pos=36)",1
0,39,8135,transcoder,9,36,8460,transcoder,0.8671631813049316,0.684498131275177,-0.18266505002975464,0.0,-0.2106466856155898,"Node(id=19_8460_36, type=transcoder, layer=9, feature=8460, pos=36)",1
0,39,8135,transcoder,9,52,6548,transcoder,0.38875845074653625,0.25492191314697266,-0.1338365375995636,0.0,-0.3442665679486996,"Node(id=19_6548_52, type=transcoder, layer=9, feature=6548, pos=52)",1
0,39,8135,transcoder,10,0,54,transcoder,21.911865234375,0.35990822315216064,-21.55195701122284,0.0,-0.9835747336293607,"Node(id=21_54_0, type=transcoder, layer=10, feature=54, pos=0)",1
0,39,8135,transcoder,10,0,5090,transcoder,18.274608612060547,0.5280370712280273,-17.74657154083252,0.0,-0.9711054237911534,"Node(id=21_5090_0, type=transcoder, layer=10, feature=5090, pos=0)",1
0,39,8135,transcoder,10,0,10273,transcoder,28.406965255737305,0.1301276981830597,-28.276837557554245,0.0,-0.9954191622719439,"Node(id=21_10273_0, type=transcoder, layer=10, feature=10273, pos=0)",1
0,39,8135,transcoder,10,35,13771,transcoder,0.726324200630188,0.2666788697242737,-0.4596453309059143,0.0,-0.6328376921863647,"Node(id=21_13771_35, type=transcoder, layer=10, feature=13771, pos=35)",1
0,39,8135,transcoder,10,52,6575,transcoder,0.6553995609283447,0.20554599165916443,-0.4498535692691803,0.0,-0.6863806387541402,"Node(id=21_6575_52, type=transcoder, layer=10, feature=6575, pos=52)",1
0,39,8135,transcoder,11,36,14840,lorsa,1.7748255729675293,1.1419116258621216,-0.6329139471054077,0.0,-0.35660628105959064,"Node(id=22_14840_36, type=lorsa, layer=11, feature=14840, pos=36)",1
0,39,8135,transcoder,11,52,1680,lorsa,2.564471960067749,1.8533774614334106,-0.7110944986343384,0.0,-0.27728690728813915,"Node(id=22_1680_52, type=lorsa, layer=11, feature=1680, pos=52)",1
0,39,8135,transcoder,11,36,13284,transcoder,0.3360329270362854,0.2256423383951187,-0.11039058864116669,0.0,-0.3285112254170453,"Node(id=23_13284_36, type=transcoder, layer=11, feature=13284, pos=36)",1
0,39,8135,transcoder,12,36,9871,lorsa,1.8985333442687988,1.0567210912704468,-0.841812252998352,0.0,-0.44340135270184977,"Node(id=24_9871_36, type=lorsa, layer=12, feature=9871, pos=36)",1
0,39,8135,transcoder,12,36,9878,lorsa,1.8616447448730469,0.0,-1.8616447448730469,0.0,-1.0,"Node(id=24_9878_36, type=lorsa, layer=12, feature=9878, pos=36)",1
0,39,8135,transcoder,12,36,11652,lorsa,2.5469629764556885,1.7503207921981812,-0.7966421842575073,0.0,-0.31278121889549465,"Node(id=24_11652_36, type=lorsa, layer=12, feature=11652, pos=36)",1
0,39,8135,transcoder,12,49,11663,lorsa,3.366370677947998,2.1397366523742676,-1.2266340255737305,0.0,-0.364378775518992,"Node(id=24_11663_49, type=lorsa, layer=12, feature=11663, pos=49)",1
0,39,8135,transcoder,12,52,13529,lorsa,1.9571092128753662,1.5612469911575317,-0.3958622217178345,0.0,-0.2022688458638634,"Node(id=24_13529_52, type=lorsa, layer=12, feature=13529, pos=52)",1
0,39,8135,transcoder,12,36,8564,transcoder,0.5210015177726746,0.0,-0.5210015177726746,0.0,-1.0,"Node(id=25_8564_36, type=transcoder, layer=12, feature=8564, pos=36)",1
0,39,8135,transcoder,12,36,9355,transcoder,0.5506256818771362,0.0,-0.5506256818771362,0.0,-1.0,"Node(id=25_9355_36, type=transcoder, layer=12, feature=9355, pos=36)",1
0,39,8135,transcoder,12,57,11982,transcoder,0.7521829009056091,0.0,-0.7521829009056091,0.0,-1.0,"Node(id=25_11982_57, type=transcoder, layer=12, feature=11982, pos=57)",1
0,39,8135,transcoder,13,36,5534,lorsa,1.6633868217468262,0.0,-1.6633868217468262,0.0,-1.0,"Node(id=26_5534_36, type=lorsa, layer=13, feature=5534, pos=36)",1
0,39,8135,transcoder,13,36,9238,lorsa,2.624382734298706,0.0,-2.624382734298706,0.0,-1.0,"Node(id=26_9238_36, type=lorsa, layer=13, feature=9238, pos=36)",1
0,39,8135,transcoder,13,36,9260,lorsa,2.7596147060394287,2.0800833702087402,-0.6795313358306885,0.0,-0.2462413808505699,"Node(id=26_9260_36, type=lorsa, layer=13, feature=9260, pos=36)",1
0,39,8135,transcoder,13,36,3932,transcoder,0.7543947100639343,0.0,-0.7543947100639343,0.0,-1.0,"Node(id=27_3932_36, type=transcoder, layer=13, feature=3932, pos=36)",1
0,39,8135,transcoder,13,36,6705,transcoder,0.18148913979530334,0.0,-0.18148913979530334,0.0,-1.0,"Node(id=27_6705_36, type=transcoder, layer=13, feature=6705, pos=36)",1
0,39,8135,transcoder,13,36,7930,transcoder,0.6133290529251099,0.3565673828125,-0.25676167011260986,0.0,-0.41863607942270686,"Node(id=27_7930_36, type=transcoder, layer=13, feature=7930, pos=36)",1
0,39,8135,transcoder,13,36,12356,transcoder,3.575575590133667,2.6753334999084473,-0.9002420902252197,0.0,-0.2517754323833399,"Node(id=27_12356_36, type=transcoder, layer=13, feature=12356, pos=36)",1
0,39,8135,transcoder,13,57,4451,transcoder,0.19393160939216614,0.0,-0.19393160939216614,0.0,-1.0,"Node(id=27_4451_57, type=transcoder, layer=13, feature=4451, pos=57)",1
0,39,8135,transcoder,13,57,12931,transcoder,0.38083311915397644,0.0,-0.38083311915397644,0.0,-1.0,"Node(id=27_12931_57, type=transcoder, layer=13, feature=12931, pos=57)",1
0,39,8135,transcoder,14,7,6541,lorsa,1.711766004562378,0.0,-1.711766004562378,0.0,-1.0,"Node(id=28_6541_7, type=lorsa, layer=14, feature=6541, pos=7)",1
0,39,8135,transcoder,14,14,6541,lorsa,1.2900267839431763,0.0,-1.2900267839431763,0.0,-1.0,"Node(id=28_6541_14, type=lorsa, layer=14, feature=6541, pos=14)",1
0,39,8135,transcoder,14,21,10843,lorsa,3.2089242935180664,1.207761287689209,-2.0011630058288574,0.0,-0.6236242499927931,"Node(id=28_10843_21, type=lorsa, layer=14, feature=10843, pos=21)",1
0,39,8135,transcoder,14,36,3897,lorsa,3.076256036758423,0.0,-3.076256036758423,0.0,-1.0,"Node(id=28_3897_36, type=lorsa, layer=14, feature=3897, pos=36)",1
0,39,8135,transcoder,14,36,8968,lorsa,0.9133227467536926,0.0,-0.9133227467536926,0.0,-1.0,"Node(id=28_8968_36, type=lorsa, layer=14, feature=8968, pos=36)",1
0,39,8135,transcoder,14,21,969,transcoder,1.0221160650253296,0.33058634400367737,-0.6915297210216522,0.0,-0.6765667272869985,"Node(id=29_969_21, type=transcoder, layer=14, feature=969, pos=21)",1
0,39,8135,transcoder,14,21,1034,transcoder,0.982692539691925,0.18657106161117554,-0.7961214780807495,0.0,-0.810142995824853,"Node(id=29_1034_21, type=transcoder, layer=14, feature=1034, pos=21)",1
0,39,8135,transcoder,14,21,7496,transcoder,3.442617177963257,2.74534010887146,-0.6972770690917969,0.0,-0.20254272637549678,"Node(id=29_7496_21, type=transcoder, layer=14, feature=7496, pos=21)",1
0,39,8135,transcoder,14,36,138,transcoder,5.686919212341309,3.4912726879119873,-2.1956465244293213,0.0,-0.38608716643354113,"Node(id=29_138_36, type=transcoder, layer=14, feature=138, pos=36)",1
0,39,8135,transcoder,14,36,1214,transcoder,1.765131950378418,0.0,-1.765131950378418,0.0,-1.0,"Node(id=29_1214_36, type=transcoder, layer=14, feature=1214, pos=36)",1
0,39,8135,transcoder,14,36,8599,transcoder,0.7293266654014587,0.36227869987487793,-0.3670479655265808,0.0,-0.5032696361438243,"Node(id=29_8599_36, type=transcoder, layer=14, feature=8599, pos=36)",1
0,39,8135,transcoder,14,36,10638,transcoder,1.1475523710250854,0.4923001527786255,-0.65525221824646,0.0,-0.570999838256738,"Node(id=29_10638_36, type=transcoder, layer=14, feature=10638, pos=36)",1
0,39,8135,transcoder,14,36,14940,transcoder,1.4348654747009277,0.0,-1.4348654747009277,0.0,-1.0,"Node(id=29_14940_36, type=transcoder, layer=14, feature=14940, pos=36)",1
0,39,8135,transcoder,14,36,15619,transcoder,0.42063450813293457,0.24601522088050842,-0.17461928725242615,0.0,-0.41513305227264097,"Node(id=29_15619_36, type=transcoder, layer=14, feature=15619, pos=36)",1
0,43,3464,transcoder,1,36,7425,lorsa,0.64013671875,0.0,-0.64013671875,0.0,-1.0,"Node(id=2_7425_36, type=lorsa, layer=1, feature=7425, pos=36)",1
0,43,5043,transcoder,1,36,7425,lorsa,0.64013671875,0.0,-0.64013671875,0.0,-1.0,"Node(id=2_7425_36, type=lorsa, layer=1, feature=7425, pos=36)",1
0,47,11076,transcoder,1,47,12275,lorsa,1.992720127105713,1.260593056678772,-0.7321270704269409,0.0,-0.36740085096159714,"Node(id=2_12275_47, type=lorsa, layer=1, feature=12275, pos=47)",1
0,47,11076,transcoder,1,63,5902,lorsa,1.760977864265442,0.8415912389755249,-0.919386625289917,0.0,-0.5220886894415459,"Node(id=2_5902_63, type=lorsa, layer=1, feature=5902, pos=63)",1
0,47,11076,transcoder,2,38,835,lorsa,3.5047080516815186,0.0,-3.5047080516815186,0.0,-1.0,"Node(id=4_835_38, type=lorsa, layer=2, feature=835, pos=38)",1
0,47,11076,transcoder,2,47,10249,transcoder,0.8494049310684204,0.32856467366218567,-0.5208402574062347,0.0,-0.6131825214990193,"Node(id=5_10249_47, type=transcoder, layer=2, feature=10249, pos=47)",1
0,47,11076,transcoder,2,63,14723,transcoder,0.8590875864028931,0.6483629941940308,-0.2107245922088623,0.0,-0.24528883380935868,"Node(id=5_14723_63, type=transcoder, layer=2, feature=14723, pos=63)",1
0,47,11076,transcoder,3,38,1861,lorsa,5.552481174468994,0.0,-5.552481174468994,0.0,-1.0,"Node(id=6_1861_38, type=lorsa, layer=3, feature=1861, pos=38)",1
0,47,11076,transcoder,4,38,7697,lorsa,4.6510419845581055,1.5008422136306763,-3.150199770927429,0.0,-0.6773105427528685,"Node(id=8_7697_38, type=lorsa, layer=4, feature=7697, pos=38)",1
0,47,11076,transcoder,4,43,16362,transcoder,0.41338375210762024,0.31773456931114197,-0.09564918279647827,0.0,-0.23138108914250935,"Node(id=9_16362_43, type=transcoder, layer=4, feature=16362, pos=43)",1
0,47,11076,transcoder,5,59,15061,lorsa,1.0584943294525146,0.5978588461875916,-0.4606354832649231,0.0,-0.4351799253409111,"Node(id=10_15061_59, type=lorsa, layer=5, feature=15061, pos=59)",1
0,47,11076,transcoder,5,36,2716,transcoder,0.4400579631328583,0.275797039270401,-0.16426092386245728,0.0,-0.3732711088626866,"Node(id=11_2716_36, type=transcoder, layer=5, feature=2716, pos=36)",1
0,47,11076,transcoder,6,36,3634,lorsa,3.72269344329834,2.9665348529815674,-0.7561585903167725,0.0,-0.20312136946920054,"Node(id=12_3634_36, type=lorsa, layer=6, feature=3634, pos=36)",1
0,47,11076,transcoder,6,3,6259,transcoder,0.9025176763534546,0.6970181465148926,-0.205499529838562,0.0,-0.2276958504224153,"Node(id=13_6259_3, type=transcoder, layer=6, feature=6259, pos=3)",1
0,47,11076,transcoder,6,27,15671,transcoder,2.847353935241699,2.107832431793213,-0.7395215034484863,0.0,-0.2597223668949015,"Node(id=13_15671_27, type=transcoder, layer=6, feature=15671, pos=27)",1
0,47,11076,transcoder,6,36,8540,transcoder,0.6434565186500549,0.24272207915782928,-0.40073443949222565,0.0,-0.6227840232824898,"Node(id=13_8540_36, type=transcoder, layer=6, feature=8540, pos=36)",1
0,47,11076,transcoder,6,36,11513,transcoder,0.44179219007492065,0.2818030118942261,-0.15998917818069458,0.0,-0.36213672802491836,"Node(id=13_11513_36, type=transcoder, layer=6, feature=11513, pos=36)",1
0,47,11076,transcoder,6,36,13247,transcoder,0.976347804069519,0.683607816696167,-0.29273998737335205,0.0,-0.2998316646518601,"Node(id=13_13247_36, type=transcoder, layer=6, feature=13247, pos=36)",1
0,47,11076,transcoder,6,47,4801,transcoder,1.6615501642227173,0.0,-1.6615501642227173,0.0,-1.0,"Node(id=13_4801_47, type=transcoder, layer=6, feature=4801, pos=47)",1
0,47,11076,transcoder,6,47,15671,transcoder,5.260394096374512,2.2393393516540527,-3.021054744720459,0.0,-0.5743019799224899,"Node(id=13_15671_47, type=transcoder, layer=6, feature=15671, pos=47)",1
0,47,11076,transcoder,7,36,5459,lorsa,3.490706443786621,2.7681686878204346,-0.7225377559661865,0.0,-0.2069889770456887,"Node(id=14_5459_36, type=lorsa, layer=7, feature=5459, pos=36)",1
0,47,11076,transcoder,7,45,11217,lorsa,2.0944316387176514,0.0,-2.0944316387176514,0.0,-1.0,"Node(id=14_11217_45, type=lorsa, layer=7, feature=11217, pos=45)",1
0,47,11076,transcoder,7,36,69,transcoder,0.8792385458946228,0.5629525780677795,-0.31628596782684326,0.0,-0.3597271403803426,"Node(id=15_69_36, type=transcoder, layer=7, feature=69, pos=36)",1
0,47,11076,transcoder,7,36,10198,transcoder,0.8630536198616028,0.624358594417572,-0.23869502544403076,0.0,-0.27657033114849494,"Node(id=15_10198_36, type=transcoder, layer=7, feature=10198, pos=36)",1
0,47,11076,transcoder,7,36,10671,transcoder,0.8758847713470459,0.4424041211605072,-0.4334806501865387,0.0,-0.49490602459028665,"Node(id=15_10671_36, type=transcoder, layer=7, feature=10671, pos=36)",1
0,47,11076,transcoder,7,39,10442,transcoder,0.7531685829162598,0.4042193591594696,-0.34894922375679016,0.0,-0.46330825750280624,"Node(id=15_10442_39, type=transcoder, layer=7, feature=10442, pos=39)",1
0,47,11076,transcoder,7,45,15440,transcoder,0.7087522149085999,0.5334999561309814,-0.1752522587776184,0.0,-0.2472687281834016,"Node(id=15_15440_45, type=transcoder, layer=7, feature=15440, pos=45)",1
0,47,11076,transcoder,7,47,14452,transcoder,3.313931703567505,2.5606822967529297,-0.7532494068145752,0.0,-0.22729780641034006,"Node(id=15_14452_47, type=transcoder, layer=7, feature=14452, pos=47)",1
0,47,11076,transcoder,7,59,10622,transcoder,0.7834378480911255,0.3865724205970764,-0.3968654274940491,0.0,-0.5065691279289429,"Node(id=15_10622_59, type=transcoder, layer=7, feature=10622, pos=59)",1
0,47,11076,transcoder,8,36,3757,lorsa,3.8240530490875244,2.6385552883148193,-1.185497760772705,0.0,-0.3100108041272028,"Node(id=16_3757_36, type=lorsa, layer=8, feature=3757, pos=36)",1
0,47,11076,transcoder,8,39,12437,lorsa,4.935873985290527,0.0,-4.935873985290527,0.0,-1.0,"Node(id=16_12437_39, type=lorsa, layer=8, feature=12437, pos=39)",1
0,47,11076,transcoder,8,3,16029,transcoder,0.8002055287361145,0.40393730998039246,-0.39626821875572205,0.0,-0.49520804908909877,"Node(id=17_16029_3, type=transcoder, layer=8, feature=16029, pos=3)",1
0,47,11076,transcoder,8,6,11854,transcoder,7.1796770095825195,3.9473533630371094,-3.23232364654541,0.0,-0.4502046042226295,"Node(id=17_11854_6, type=transcoder, layer=8, feature=11854, pos=6)",1
0,47,11076,transcoder,8,36,2195,transcoder,0.42090585827827454,0.2363695204257965,-0.18453633785247803,0.0,-0.4384266320438692,"Node(id=17_2195_36, type=transcoder, layer=8, feature=2195, pos=36)",1
0,47,11076,transcoder,8,36,7078,transcoder,0.5934697985649109,0.32147082686424255,-0.27199897170066833,0.0,-0.4583198207531337,"Node(id=17_7078_36, type=transcoder, layer=8, feature=7078, pos=36)",1
0,47,11076,transcoder,8,36,9408,transcoder,0.7017480134963989,0.5238734483718872,-0.17787456512451172,0.0,-0.2534735570369014,"Node(id=17_9408_36, type=transcoder, layer=8, feature=9408, pos=36)",1
0,47,11076,transcoder,8,59,7304,transcoder,0.7314049601554871,0.3056175410747528,-0.42578741908073425,0.0,-0.5821500294313255,"Node(id=17_7304_59, type=transcoder, layer=8, feature=7304, pos=59)",1
0,47,11076,transcoder,9,36,4521,lorsa,3.1571714878082275,1.4008831977844238,-1.7562882900238037,0.0,-0.556285363910674,"Node(id=18_4521_36, type=lorsa, layer=9, feature=4521, pos=36)",1
0,47,11076,transcoder,9,3,4628,transcoder,1.040234088897705,0.7690845727920532,-0.27114951610565186,0.0,-0.26066201732821337,"Node(id=19_4628_3, type=transcoder, layer=9, feature=4628, pos=3)",1
0,47,11076,transcoder,9,36,3901,transcoder,0.5146542191505432,0.3567748963832855,-0.1578793227672577,0.0,-0.3067677615231517,"Node(id=19_3901_36, type=transcoder, layer=9, feature=3901, pos=36)",1
0,47,11076,transcoder,9,36,5162,transcoder,0.35064274072647095,0.09227113425731659,-0.25837160646915436,0.0,-0.7368514344082904,"Node(id=19_5162_36, type=transcoder, layer=9, feature=5162, pos=36)",1
0,47,11076,transcoder,9,36,8460,transcoder,0.8671631813049316,0.5667425394058228,-0.3004206418991089,0.0,-0.3464407257778489,"Node(id=19_8460_36, type=transcoder, layer=9, feature=8460, pos=36)",1
0,47,11076,transcoder,10,35,13771,transcoder,0.726324200630188,0.4611169695854187,-0.2652072310447693,0.0,-0.36513616208115446,"Node(id=21_13771_35, type=transcoder, layer=10, feature=13771, pos=35)",1
0,47,11076,transcoder,11,36,14840,lorsa,1.7748255729675293,1.3423656225204468,-0.4324599504470825,0.0,-0.24366335319588864,"Node(id=22_14840_36, type=lorsa, layer=11, feature=14840, pos=36)",1
0,47,11076,transcoder,11,42,4503,lorsa,3.0655462741851807,0.5335144400596619,-2.532031834125519,0.0,-0.8259643168487256,"Node(id=22_4503_42, type=lorsa, layer=11, feature=4503, pos=42)",1
0,47,11076,transcoder,11,52,1680,lorsa,2.564471960067749,1.082214593887329,-1.48225736618042,0.0,-0.577997103989104,"Node(id=22_1680_52, type=lorsa, layer=11, feature=1680, pos=52)",1
0,47,11076,transcoder,11,36,2240,transcoder,0.3820026218891144,0.2149394452571869,-0.1670631766319275,0.0,-0.4373351570357066,"Node(id=23_2240_36, type=transcoder, layer=11, feature=2240, pos=36)",1
0,47,11076,transcoder,12,36,9871,lorsa,1.8985333442687988,0.0,-1.8985333442687988,0.0,-1.0,"Node(id=24_9871_36, type=lorsa, layer=12, feature=9871, pos=36)",1
0,47,11076,transcoder,12,36,9878,lorsa,1.8616447448730469,0.0,-1.8616447448730469,0.0,-1.0,"Node(id=24_9878_36, type=lorsa, layer=12, feature=9878, pos=36)",1
0,47,11076,transcoder,12,36,11652,lorsa,2.5469629764556885,1.692960262298584,-0.8540027141571045,0.0,-0.3353023667998192,"Node(id=24_11652_36, type=lorsa, layer=12, feature=11652, pos=36)",1
0,47,11076,transcoder,12,49,11663,lorsa,3.366370677947998,2.150501251220703,-1.215869426727295,0.0,-0.3611810887886058,"Node(id=24_11663_49, type=lorsa, layer=12, feature=11663, pos=49)",1
0,47,11076,transcoder,12,52,13529,lorsa,1.9571092128753662,0.0,-1.9571092128753662,0.0,-1.0,"Node(id=24_13529_52, type=lorsa, layer=12, feature=13529, pos=52)",1
0,47,11076,transcoder,12,36,8564,transcoder,0.5210015177726746,0.0,-0.5210015177726746,0.0,-1.0,"Node(id=25_8564_36, type=transcoder, layer=12, feature=8564, pos=36)",1
0,47,11076,transcoder,12,36,9355,transcoder,0.5506256818771362,0.0,-0.5506256818771362,0.0,-1.0,"Node(id=25_9355_36, type=transcoder, layer=12, feature=9355, pos=36)",1
0,47,11076,transcoder,13,14,7277,lorsa,4.959795951843262,3.8521995544433594,-1.1075963973999023,0.0,-0.2233149121766339,"Node(id=26_7277_14, type=lorsa, layer=13, feature=7277, pos=14)",1
0,47,11076,transcoder,13,36,5534,lorsa,1.6633868217468262,0.0,-1.6633868217468262,0.0,-1.0,"Node(id=26_5534_36, type=lorsa, layer=13, feature=5534, pos=36)",1
0,47,11076,transcoder,13,36,9238,lorsa,2.624382734298706,0.0,-2.624382734298706,0.0,-1.0,"Node(id=26_9238_36, type=lorsa, layer=13, feature=9238, pos=36)",1
0,47,11076,transcoder,13,36,9260,lorsa,2.7596147060394287,1.1747748851776123,-1.5848398208618164,0.0,-0.5742974979055546,"Node(id=26_9260_36, type=lorsa, layer=13, feature=9260, pos=36)",1
0,47,11076,transcoder,13,36,3932,transcoder,0.7543947100639343,0.0,-0.7543947100639343,0.0,-1.0,"Node(id=27_3932_36, type=transcoder, layer=13, feature=3932, pos=36)",1
0,47,11076,transcoder,13,36,6705,transcoder,0.18148913979530334,0.0,-0.18148913979530334,0.0,-1.0,"Node(id=27_6705_36, type=transcoder, layer=13, feature=6705, pos=36)",1
0,47,11076,transcoder,13,36,7930,transcoder,0.6133290529251099,0.2820420265197754,-0.3312870264053345,0.0,-0.5401456605151005,"Node(id=27_7930_36, type=transcoder, layer=13, feature=7930, pos=36)",1
0,47,11076,transcoder,13,57,4451,transcoder,0.19393160939216614,0.0,-0.19393160939216614,0.0,-1.0,"Node(id=27_4451_57, type=transcoder, layer=13, feature=4451, pos=57)",1
0,47,11076,transcoder,13,57,12931,transcoder,0.38083311915397644,0.0,-0.38083311915397644,0.0,-1.0,"Node(id=27_12931_57, type=transcoder, layer=13, feature=12931, pos=57)",1
0,47,11076,transcoder,14,7,6541,lorsa,1.711766004562378,0.0,-1.711766004562378,0.0,-1.0,"Node(id=28_6541_7, type=lorsa, layer=14, feature=6541, pos=7)",1
0,47,11076,transcoder,14,14,6541,lorsa,1.2900267839431763,0.0,-1.2900267839431763,0.0,-1.0,"Node(id=28_6541_14, type=lorsa, layer=14, feature=6541, pos=14)",1
0,47,11076,transcoder,14,14,7558,lorsa,1.3172794580459595,0.0,-1.3172794580459595,0.0,-1.0,"Node(id=28_7558_14, type=lorsa, layer=14, feature=7558, pos=14)",1
0,47,11076,transcoder,14,21,10843,lorsa,3.2089242935180664,1.5787153244018555,-1.630208969116211,0.0,-0.5080235056991483,"Node(id=28_10843_21, type=lorsa, layer=14, feature=10843, pos=21)",1
0,47,11076,transcoder,14,36,3897,lorsa,3.076256036758423,1.224401831626892,-1.8518542051315308,0.0,-0.6019831194164532,"Node(id=28_3897_36, type=lorsa, layer=14, feature=3897, pos=36)",1
0,47,11076,transcoder,14,36,8968,lorsa,0.9133227467536926,0.0,-0.9133227467536926,0.0,-1.0,"Node(id=28_8968_36, type=lorsa, layer=14, feature=8968, pos=36)",1
0,47,11076,transcoder,14,21,969,transcoder,1.0221160650253296,0.0,-1.0221160650253296,0.0,-1.0,"Node(id=29_969_21, type=transcoder, layer=14, feature=969, pos=21)",1
0,47,11076,transcoder,14,36,138,transcoder,5.686919212341309,3.2048070430755615,-2.482112169265747,0.0,-0.4364598962262838,"Node(id=29_138_36, type=transcoder, layer=14, feature=138, pos=36)",1
0,47,11076,transcoder,14,36,1214,transcoder,1.765131950378418,0.0,-1.765131950378418,0.0,-1.0,"Node(id=29_1214_36, type=transcoder, layer=14, feature=1214, pos=36)",1
0,47,11076,transcoder,14,36,8599,transcoder,0.7293266654014587,0.0,-0.7293266654014587,0.0,-1.0,"Node(id=29_8599_36, type=transcoder, layer=14, feature=8599, pos=36)",1
0,47,11076,transcoder,14,36,10638,transcoder,1.1475523710250854,0.0,-1.1475523710250854,0.0,-1.0,"Node(id=29_10638_36, type=transcoder, layer=14, feature=10638, pos=36)",1
0,47,11076,transcoder,14,36,12029,transcoder,1.2375859022140503,0.36357009410858154,-0.8740158081054688,0.0,-0.7062263771281234,"Node(id=29_12029_36, type=transcoder, layer=14, feature=12029, pos=36)",1
0,47,11076,transcoder,14,36,14940,transcoder,1.4348654747009277,0.0,-1.4348654747009277,0.0,-1.0,"Node(id=29_14940_36, type=transcoder, layer=14, feature=14940, pos=36)",1
0,47,11076,transcoder,14,36,15619,transcoder,0.42063450813293457,0.0,-0.42063450813293457,0.0,-1.0,"Node(id=29_15619_36, type=transcoder, layer=14, feature=15619, pos=36)",1
0,50,11076,transcoder,4,43,12716,transcoder,0.6625145673751831,0.49096250534057617,-0.17155206203460693,0.0,-0.2589408150137425,"Node(id=9_12716_43, type=transcoder, layer=4, feature=12716, pos=43)",1
0,50,11076,transcoder,4,43,16362,transcoder,0.41338375210762024,0.0,-0.41338375210762024,0.0,-1.0,"Node(id=9_16362_43, type=transcoder, layer=4, feature=16362, pos=43)",1
0,50,11076,transcoder,5,36,10628,lorsa,3.798208475112915,2.341043710708618,-1.4571647644042969,0.0,-0.3836452827568865,"Node(id=10_10628_36, type=lorsa, layer=5, feature=10628, pos=36)",1
0,50,11076,transcoder,5,36,4127,transcoder,0.6348527073860168,0.45276495814323425,-0.1820877492427826,0.0,-0.2868188906250748,"Node(id=11_4127_36, type=transcoder, layer=5, feature=4127, pos=36)",1
0,50,11076,transcoder,6,36,8540,transcoder,0.6434565186500549,0.4201340079307556,-0.22332251071929932,0.0,-0.3470669800467958,"Node(id=13_8540_36, type=transcoder, layer=6, feature=8540, pos=36)",1
0,50,11076,transcoder,6,36,13247,transcoder,0.976347804069519,0.6983838677406311,-0.27796393632888794,0.0,-0.2846976611923593,"Node(id=13_13247_36, type=transcoder, layer=6, feature=13247, pos=36)",1
0,50,11076,transcoder,7,18,2868,lorsa,3.1723361015319824,2.4615533351898193,-0.7107827663421631,0.0,-0.2240565764765317,"Node(id=14_2868_18, type=lorsa, layer=7, feature=2868, pos=18)",1
0,50,11076,transcoder,7,36,69,transcoder,0.8792385458946228,0.6727856397628784,-0.20645290613174438,0.0,-0.2348087525231041,"Node(id=15_69_36, type=transcoder, layer=7, feature=69, pos=36)",1
0,50,11076,transcoder,7,36,10671,transcoder,0.8758847713470459,0.5811892747879028,-0.29469549655914307,0.0,-0.3364546412947941,"Node(id=15_10671_36, type=transcoder, layer=7, feature=10671, pos=36)",1
0,50,11076,transcoder,7,39,10442,transcoder,0.7531685829162598,0.5906665921211243,-0.1625019907951355,0.0,-0.21575779245322438,"Node(id=15_10442_39, type=transcoder, layer=7, feature=10442, pos=39)",1
0,50,11076,transcoder,8,36,1476,lorsa,1.4948394298553467,0.9992506504058838,-0.4955887794494629,0.0,-0.33153311957888365,"Node(id=16_1476_36, type=lorsa, layer=8, feature=1476, pos=36)",1
0,50,11076,transcoder,8,36,1492,lorsa,2.96148419380188,2.0381674766540527,-0.9233167171478271,0.0,-0.31177499413309245,"Node(id=16_1492_36, type=lorsa, layer=8, feature=1492, pos=36)",1
0,50,11076,transcoder,8,36,3757,lorsa,3.8240530490875244,2.6404857635498047,-1.1835672855377197,0.0,-0.30950597974056254,"Node(id=16_3757_36, type=lorsa, layer=8, feature=3757, pos=36)",1
0,50,11076,transcoder,8,43,5077,lorsa,4.179364204406738,0.0,-4.179364204406738,0.0,-1.0,"Node(id=16_5077_43, type=lorsa, layer=8, feature=5077, pos=43)",1
0,50,11076,transcoder,8,32,11854,transcoder,11.953476905822754,6.002251625061035,-5.951225280761719,0.0,-0.49786562751986996,"Node(id=17_11854_32, type=transcoder, layer=8, feature=11854, pos=32)",1
0,50,11076,transcoder,8,36,776,transcoder,0.732367753982544,0.5380679965019226,-0.19429975748062134,0.0,-0.26530353968213144,"Node(id=17_776_36, type=transcoder, layer=8, feature=776, pos=36)",1
0,50,11076,transcoder,9,52,6548,transcoder,0.38875845074653625,0.25171664357185364,-0.13704180717468262,0.0,-0.3525114551504155,"Node(id=19_6548_52, type=transcoder, layer=9, feature=6548, pos=52)",1
0,50,11076,transcoder,10,35,3129,transcoder,0.6713854074478149,0.520618736743927,-0.15076667070388794,0.0,-0.2245605415777623,"Node(id=21_3129_35, type=transcoder, layer=10, feature=3129, pos=35)",1
0,50,11076,transcoder,10,35,13771,transcoder,0.726324200630188,0.43168312311172485,-0.29464107751846313,0.0,-0.4056605538722525,"Node(id=21_13771_35, type=transcoder, layer=10, feature=13771, pos=35)",1
0,50,11076,transcoder,10,52,6575,transcoder,0.6553995609283447,0.2347870022058487,-0.42061255872249603,0.0,-0.6417650907893756,"Node(id=21_6575_52, type=transcoder, layer=10, feature=6575, pos=52)",1
0,50,11076,transcoder,11,36,14840,lorsa,1.7748255729675293,1.2006518840789795,-0.5741736888885498,0.0,-0.3235099255013126,"Node(id=22_14840_36, type=lorsa, layer=11, feature=14840, pos=36)",1
0,50,11076,transcoder,11,57,13296,transcoder,0.6590584516525269,0.48986396193504333,-0.16919448971748352,0.0,-0.25672152339939547,"Node(id=23_13296_57, type=transcoder, layer=11, feature=13296, pos=57)",1
0,50,11076,transcoder,12,36,9871,lorsa,1.8985333442687988,1.1015422344207764,-0.7969911098480225,0.0,-0.4197930535452226,"Node(id=24_9871_36, type=lorsa, layer=12, feature=9871, pos=36)",1
0,50,11076,transcoder,12,36,11652,lorsa,2.5469629764556885,1.9004814624786377,-0.6464815139770508,0.0,-0.25382446464796427,"Node(id=24_11652_36, type=lorsa, layer=12, feature=11652, pos=36)",1
0,50,11076,transcoder,12,52,13529,lorsa,1.9571092128753662,0.0,-1.9571092128753662,0.0,-1.0,"Node(id=24_13529_52, type=lorsa, layer=12, feature=13529, pos=52)",1
0,50,11076,transcoder,12,36,8564,transcoder,0.5210015177726746,0.12832485139369965,-0.3926766663789749,0.0,-0.753695820422368,"Node(id=25_8564_36, type=transcoder, layer=12, feature=8564, pos=36)",1
0,50,11076,transcoder,12,36,9355,transcoder,0.5506256818771362,0.26010966300964355,-0.2905160188674927,0.0,-0.5276107316264208,"Node(id=25_9355_36, type=transcoder, layer=12, feature=9355, pos=36)",1
0,50,11076,transcoder,13,36,5534,lorsa,1.6633868217468262,0.0,-1.6633868217468262,0.0,-1.0,"Node(id=26_5534_36, type=lorsa, layer=13, feature=5534, pos=36)",1
0,50,11076,transcoder,13,36,9238,lorsa,2.624382734298706,1.026147723197937,-1.598235011100769,0.0,-0.6089946371819327,"Node(id=26_9238_36, type=lorsa, layer=13, feature=9238, pos=36)",1
0,50,11076,transcoder,13,36,3932,transcoder,0.7543947100639343,0.37914666533470154,-0.3752480447292328,0.0,-0.49741606048302067,"Node(id=27_3932_36, type=transcoder, layer=13, feature=3932, pos=36)",1
0,50,11076,transcoder,13,36,6705,transcoder,0.18148913979530334,0.0,-0.18148913979530334,0.0,-1.0,"Node(id=27_6705_36, type=transcoder, layer=13, feature=6705, pos=36)",1
0,50,11076,transcoder,13,36,7930,transcoder,0.6133290529251099,0.4402657449245453,-0.17306330800056458,0.0,-0.2821704062039539,"Node(id=27_7930_36, type=transcoder, layer=13, feature=7930, pos=36)",1
0,50,11076,transcoder,14,7,6541,lorsa,1.711766004562378,0.6203340291976929,-1.091431975364685,0.0,-0.6376058248941072,"Node(id=28_6541_7, type=lorsa, layer=14, feature=6541, pos=7)",1
0,50,11076,transcoder,14,14,6541,lorsa,1.2900267839431763,0.4755312502384186,-0.8144955337047577,0.0,-0.6313787774352404,"Node(id=28_6541_14, type=lorsa, layer=14, feature=6541, pos=14)",1
0,50,11076,transcoder,14,36,8968,lorsa,0.9133227467536926,0.6505626440048218,-0.26276010274887085,0.0,-0.287696877892096,"Node(id=28_8968_36, type=lorsa, layer=14, feature=8968, pos=36)",1
0,50,11076,transcoder,14,21,969,transcoder,1.0221160650253296,0.5939692854881287,-0.4281467795372009,0.0,-0.4188827415862902,"Node(id=29_969_21, type=transcoder, layer=14, feature=969, pos=21)",1
0,50,11076,transcoder,14,36,1214,transcoder,1.765131950378418,0.9626955389976501,-0.8024364113807678,0.0,-0.45460420746944014,"Node(id=29_1214_36, type=transcoder, layer=14, feature=1214, pos=36)",1
0,50,11076,transcoder,14,36,14940,transcoder,1.4348654747009277,0.9324799180030823,-0.5023855566978455,0.0,-0.3501272875790386,"Node(id=29_14940_36, type=transcoder, layer=14, feature=14940, pos=36)",1
0,54,13386,transcoder,1,36,4185,transcoder,0.18272526562213898,0.0,-0.18272526562213898,0.0,-1.0,"Node(id=3_4185_36, type=transcoder, layer=1, feature=4185, pos=36)",1
0,54,13386,transcoder,1,54,8956,transcoder,1.1849182844161987,0.0,-1.1849182844161987,0.0,-1.0,"Node(id=3_8956_54, type=transcoder, layer=1, feature=8956, pos=54)",1
0,54,13386,transcoder,2,27,14055,lorsa,3.287790536880493,0.0,-3.287790536880493,0.0,-1.0,"Node(id=4_14055_27, type=lorsa, layer=2, feature=14055, pos=27)",1
0,54,13386,transcoder,2,36,12490,lorsa,3.5559499263763428,1.9911348819732666,-1.5648150444030762,0.0,-0.4400554217020953,"Node(id=4_12490_36, type=lorsa, layer=2, feature=12490, pos=36)",1
0,54,13386,transcoder,2,45,14055,lorsa,3.8383095264434814,1.511588215827942,-2.3267213106155396,0.0,-0.606183866774143,"Node(id=4_14055_45, type=lorsa, layer=2, feature=14055, pos=45)",1
0,54,13386,transcoder,2,36,14573,transcoder,0.9372068643569946,0.711959719657898,-0.22524714469909668,0.0,-0.2403387696628063,"Node(id=5_14573_36, type=transcoder, layer=2, feature=14573, pos=36)",1
0,54,13386,transcoder,2,54,3004,transcoder,0.7483957409858704,0.0,-0.7483957409858704,0.0,-1.0,"Node(id=5_3004_54, type=transcoder, layer=2, feature=3004, pos=54)",1
0,54,13386,transcoder,3,61,8330,transcoder,1.7861706018447876,1.3057376146316528,-0.48043298721313477,0.0,-0.2689737400878367,"Node(id=7_8330_61, type=transcoder, layer=3, feature=8330, pos=61)",1
0,54,13386,transcoder,4,36,15547,lorsa,1.2095329761505127,0.9365654587745667,-0.27296751737594604,0.0,-0.22568009534117764,"Node(id=8_15547_36, type=lorsa, layer=4, feature=15547, pos=36)",1
0,54,13386,transcoder,4,45,895,lorsa,1.8530043363571167,0.0,-1.8530043363571167,0.0,-1.0,"Node(id=8_895_45, type=lorsa, layer=4, feature=895, pos=45)",1
0,54,13386,transcoder,4,61,7216,transcoder,1.426080584526062,0.8237926959991455,-0.6022878885269165,0.0,-0.4223379064704667,"Node(id=9_7216_61, type=transcoder, layer=4, feature=7216, pos=61)",1
0,54,13386,transcoder,5,36,13425,lorsa,2.609438896179199,1.7514090538024902,-0.858029842376709,0.0,-0.328817756044434,"Node(id=10_13425_36, type=lorsa, layer=5, feature=13425, pos=36)",1
0,54,13386,transcoder,5,59,15061,lorsa,1.0584943294525146,0.8063991069793701,-0.25209522247314453,0.0,-0.23816398015427803,"Node(id=10_15061_59, type=lorsa, layer=5, feature=15061, pos=59)",1
0,54,13386,transcoder,5,60,4691,lorsa,2.293004035949707,1.060210943222046,-1.2327930927276611,0.0,-0.5376323257176772,"Node(id=10_4691_60, type=lorsa, layer=5, feature=4691, pos=60)",1
0,54,13386,transcoder,5,63,13852,transcoder,2.2029168605804443,1.5945863723754883,-0.608330488204956,0.0,-0.2761477289908561,"Node(id=11_13852_63, type=transcoder, layer=5, feature=13852, pos=63)",1
0,54,13386,transcoder,6,27,1692,transcoder,1.108183741569519,0.866489052772522,-0.24169468879699707,0.0,-0.2180998328442224,"Node(id=13_1692_27, type=transcoder, layer=6, feature=1692, pos=27)",1
0,54,13386,transcoder,6,36,8540,transcoder,0.6434565186500549,0.4143903851509094,-0.2290661334991455,0.0,-0.35599318191649804,"Node(id=13_8540_36, type=transcoder, layer=6, feature=8540, pos=36)",1
0,54,13386,transcoder,7,27,5451,lorsa,5.721136569976807,3.6838908195495605,-2.037245750427246,0.0,-0.3560910888088632,"Node(id=14_5451_27, type=lorsa, layer=7, feature=5451, pos=27)",1
0,54,13386,transcoder,7,36,5459,lorsa,3.490706443786621,2.1880686283111572,-1.3026378154754639,0.0,-0.3731731202416433,"Node(id=14_5459_36, type=lorsa, layer=7, feature=5459, pos=36)",1
0,54,13386,transcoder,7,27,14870,transcoder,0.5193299651145935,0.4043157398700714,-0.1150142252445221,0.0,-0.22146656840635695,"Node(id=15_14870_27, type=transcoder, layer=7, feature=14870, pos=27)",1
0,54,13386,transcoder,7,36,69,transcoder,0.8792385458946228,0.619756817817688,-0.2594817280769348,0.0,-0.29512096494008105,"Node(id=15_69_36, type=transcoder, layer=7, feature=69, pos=36)",1
0,54,13386,transcoder,7,36,10198,transcoder,0.8630536198616028,0.6572439670562744,-0.20580965280532837,0.0,-0.23846682068065655,"Node(id=15_10198_36, type=transcoder, layer=7, feature=10198, pos=36)",1
0,54,13386,transcoder,7,36,10671,transcoder,0.8758847713470459,0.5948876738548279,-0.280997097492218,0.0,-0.3208151422247761,"Node(id=15_10671_36, type=transcoder, layer=7, feature=10671, pos=36)",1
0,54,13386,transcoder,8,36,1476,lorsa,1.4948394298553467,0.0,-1.4948394298553467,0.0,-1.0,"Node(id=16_1476_36, type=lorsa, layer=8, feature=1476, pos=36)",1
0,54,13386,transcoder,8,36,1492,lorsa,2.96148419380188,1.6232103109359741,-1.3382738828659058,0.0,-0.45189296828488656,"Node(id=16_1492_36, type=lorsa, layer=8, feature=1492, pos=36)",1
0,54,13386,transcoder,8,36,3757,lorsa,3.8240530490875244,2.849255323410034,-0.9747977256774902,0.0,-0.2549121869295436,"Node(id=16_3757_36, type=lorsa, layer=8, feature=3757, pos=36)",1
0,54,13386,transcoder,8,39,12437,lorsa,4.935873985290527,3.4361915588378906,-1.4996824264526367,0.0,-0.30383320784158246,"Node(id=16_12437_39, type=lorsa, layer=8, feature=12437, pos=39)",1
0,54,13386,transcoder,8,35,15741,transcoder,0.5565544962882996,0.40120941400527954,-0.15534508228302002,0.0,-0.2791192656227326,"Node(id=17_15741_35, type=transcoder, layer=8, feature=15741, pos=35)",1
0,54,13386,transcoder,8,36,2195,transcoder,0.42090585827827454,0.31691640615463257,-0.10398945212364197,0.0,-0.2470610709696779,"Node(id=17_2195_36, type=transcoder, layer=8, feature=2195, pos=36)",1
0,54,13386,transcoder,8,36,7078,transcoder,0.5934697985649109,0.22925546765327454,-0.36421433091163635,0.0,-0.6137032276829506,"Node(id=17_7078_36, type=transcoder, layer=8, feature=7078, pos=36)",1
0,54,13386,transcoder,8,36,9408,transcoder,0.7017480134963989,0.3896658420562744,-0.3120821714401245,0.0,-0.4447211327114444,"Node(id=17_9408_36, type=transcoder, layer=8, feature=9408, pos=36)",1
0,54,13386,transcoder,9,36,4521,lorsa,3.1571714878082275,1.1702440977096558,-1.9869273900985718,0.0,-0.6293378100528638,"Node(id=18_4521_36, type=lorsa, layer=9, feature=4521, pos=36)",1
0,54,13386,transcoder,9,36,8265,lorsa,3.591033697128296,2.782996654510498,-0.8080370426177979,0.0,-0.2250151657624307,"Node(id=18_8265_36, type=lorsa, layer=9, feature=8265, pos=36)",1
0,54,13386,transcoder,9,0,11430,transcoder,13.911474227905273,10.892190933227539,-3.0192832946777344,0.0,-0.21703546620683092,"Node(id=19_11430_0, type=transcoder, layer=9, feature=11430, pos=0)",1
0,54,13386,transcoder,9,36,3901,transcoder,0.5146542191505432,0.0,-0.5146542191505432,0.0,-1.0,"Node(id=19_3901_36, type=transcoder, layer=9, feature=3901, pos=36)",1
0,54,13386,transcoder,9,36,5162,transcoder,0.35064274072647095,0.15987364947795868,-0.19076909124851227,0.0,-0.5440554418815909,"Node(id=19_5162_36, type=transcoder, layer=9, feature=5162, pos=36)",1
0,54,13386,transcoder,10,35,13771,transcoder,0.726324200630188,0.3158058226108551,-0.4105183780193329,0.0,-0.5651999171487756,"Node(id=21_13771_35, type=transcoder, layer=10, feature=13771, pos=35)",1
0,54,13386,transcoder,11,36,14840,lorsa,1.7748255729675293,1.15851891040802,-0.6163066625595093,0.0,-0.34724914489993364,"Node(id=22_14840_36, type=lorsa, layer=11, feature=14840, pos=36)",1
0,54,13386,transcoder,11,42,4503,lorsa,3.0655462741851807,1.0579451322555542,-2.0076011419296265,0.0,-0.6548918079741742,"Node(id=22_4503_42, type=lorsa, layer=11, feature=4503, pos=42)",1
0,54,13386,transcoder,11,52,1680,lorsa,2.564471960067749,1.1187796592712402,-1.4456923007965088,0.0,-0.5637387826062703,"Node(id=22_1680_52, type=lorsa, layer=11, feature=1680, pos=52)",1
0,54,13386,transcoder,11,57,13296,transcoder,0.6590584516525269,0.3279680609703064,-0.33109039068222046,0.0,-0.5023687805718029,"Node(id=23_13296_57, type=transcoder, layer=11, feature=13296, pos=57)",1
0,54,13386,transcoder,12,36,9871,lorsa,1.8985333442687988,0.0,-1.8985333442687988,0.0,-1.0,"Node(id=24_9871_36, type=lorsa, layer=12, feature=9871, pos=36)",1
0,54,13386,transcoder,12,36,9878,lorsa,1.8616447448730469,1.1580870151519775,-0.7035577297210693,0.0,-0.3779226577243919,"Node(id=24_9878_36, type=lorsa, layer=12, feature=9878, pos=36)",1
0,54,13386,transcoder,12,36,11652,lorsa,2.5469629764556885,1.1664786338806152,-1.3804843425750732,0.0,-0.5420119394495998,"Node(id=24_11652_36, type=lorsa, layer=12, feature=11652, pos=36)",1
0,54,13386,transcoder,12,52,13529,lorsa,1.9571092128753662,0.0,-1.9571092128753662,0.0,-1.0,"Node(id=24_13529_52, type=lorsa, layer=12, feature=13529, pos=52)",1
0,54,13386,transcoder,12,36,8564,transcoder,0.5210015177726746,0.0,-0.5210015177726746,0.0,-1.0,"Node(id=25_8564_36, type=transcoder, layer=12, feature=8564, pos=36)",1
0,54,13386,transcoder,12,36,9355,transcoder,0.5506256818771362,0.0,-0.5506256818771362,0.0,-1.0,"Node(id=25_9355_36, type=transcoder, layer=12, feature=9355, pos=36)",1
0,54,13386,transcoder,13,36,5534,lorsa,1.6633868217468262,0.0,-1.6633868217468262,0.0,-1.0,"Node(id=26_5534_36, type=lorsa, layer=13, feature=5534, pos=36)",1
0,54,13386,transcoder,13,36,9238,lorsa,2.624382734298706,0.0,-2.624382734298706,0.0,-1.0,"Node(id=26_9238_36, type=lorsa, layer=13, feature=9238, pos=36)",1
0,54,13386,transcoder,13,36,9260,lorsa,2.7596147060394287,1.2441234588623047,-1.515491247177124,0.0,-0.5491676949903422,"Node(id=26_9260_36, type=lorsa, layer=13, feature=9260, pos=36)",1
0,54,13386,transcoder,13,36,3932,transcoder,0.7543947100639343,0.5346527099609375,-0.21974200010299683,0.0,-0.2912825304466595,"Node(id=27_3932_36, type=transcoder, layer=13, feature=3932, pos=36)",1
0,54,13386,transcoder,13,36,6705,transcoder,0.18148913979530334,0.0,-0.18148913979530334,0.0,-1.0,"Node(id=27_6705_36, type=transcoder, layer=13, feature=6705, pos=36)",1
0,54,13386,transcoder,13,36,7930,transcoder,0.6133290529251099,0.39594873785972595,-0.2173803150653839,0.0,-0.35442690025630824,"Node(id=27_7930_36, type=transcoder, layer=13, feature=7930, pos=36)",1
0,54,13386,transcoder,14,14,7558,lorsa,1.3172794580459595,0.9851325750350952,-0.33214688301086426,0.0,-0.25214610383704605,"Node(id=28_7558_14, type=lorsa, layer=14, feature=7558, pos=14)",1
0,54,13386,transcoder,14,36,3897,lorsa,3.076256036758423,2.1786773204803467,-0.8975787162780762,0.0,-0.2917763364144071,"Node(id=28_3897_36, type=lorsa, layer=14, feature=3897, pos=36)",1
0,54,13386,transcoder,14,36,8968,lorsa,0.9133227467536926,0.0,-0.9133227467536926,0.0,-1.0,"Node(id=28_8968_36, type=lorsa, layer=14, feature=8968, pos=36)",1
0,54,13386,transcoder,14,21,969,transcoder,1.0221160650253296,0.5219794511795044,-0.5001366138458252,0.0,-0.48931489383588844,"Node(id=29_969_21, type=transcoder, layer=14, feature=969, pos=21)",1
0,54,13386,transcoder,14,21,1034,transcoder,0.982692539691925,0.3948177099227905,-0.5878748297691345,0.0,-0.5982286483557042,"Node(id=29_1034_21, type=transcoder, layer=14, feature=1034, pos=21)",1
0,54,13386,transcoder,14,36,1214,transcoder,1.765131950378418,0.48979878425598145,-1.2753331661224365,0.0,-0.7225143513203215,"Node(id=29_1214_36, type=transcoder, layer=14, feature=1214, pos=36)",1
0,54,13386,transcoder,14,36,8599,transcoder,0.7293266654014587,0.5005864500999451,-0.22874021530151367,0.0,-0.3136320474112973,"Node(id=29_8599_36, type=transcoder, layer=14, feature=8599, pos=36)",1
0,54,13386,transcoder,14,36,10638,transcoder,1.1475523710250854,0.8209957480430603,-0.32655662298202515,0.0,-0.28456794759642967,"Node(id=29_10638_36, type=transcoder, layer=14, feature=10638, pos=36)",1
0,54,13386,transcoder,14,36,15619,transcoder,0.42063450813293457,0.20253731310367584,-0.21809719502925873,0.0,-0.5184957268421085,"Node(id=29_15619_36, type=transcoder, layer=14, feature=15619, pos=36)",1
0,56,488,transcoder,1,56,12883,transcoder,0.7333300709724426,0.0,-0.7333300709724426,0.0,-1.0,"Node(id=3_12883_56, type=transcoder, layer=1, feature=12883, pos=56)",1
0,56,488,transcoder,1,63,12883,transcoder,0.8133741617202759,0.5233898162841797,-0.2899843454360962,0.0,-0.35652023273370653,"Node(id=3_12883_63, type=transcoder, layer=1, feature=12883, pos=63)",1
0,56,488,transcoder,2,56,14723,transcoder,1.0594019889831543,0.0,-1.0594019889831543,0.0,-1.0,"Node(id=5_14723_56, type=transcoder, layer=2, feature=14723, pos=56)",1
0,56,488,transcoder,3,56,15348,transcoder,1.9667108058929443,0.0,-1.9667108058929443,0.0,-1.0,"Node(id=7_15348_56, type=transcoder, layer=3, feature=15348, pos=56)",1
0,56,488,transcoder,4,27,16070,transcoder,0.49171632528305054,0.3715197443962097,-0.12019658088684082,0.0,-0.24444293326574243,"Node(id=9_16070_27, type=transcoder, layer=4, feature=16070, pos=27)",1
0,56,488,transcoder,4,34,14387,transcoder,0.8890300393104553,0.709646999835968,-0.1793830394744873,0.0,-0.20177387888222473,"Node(id=9_14387_34, type=transcoder, layer=4, feature=14387, pos=34)",1
0,56,488,transcoder,4,43,16362,transcoder,0.41338375210762024,0.24991685152053833,-0.1634669005870819,0.0,-0.3954362012383229,"Node(id=9_16362_43, type=transcoder, layer=4, feature=16362, pos=43)",1
0,56,488,transcoder,5,56,13852,transcoder,2.265216827392578,0.0,-2.265216827392578,0.0,-1.0,"Node(id=11_13852_56, type=transcoder, layer=5, feature=13852, pos=56)",1
0,56,488,transcoder,6,36,8540,transcoder,0.6434565186500549,0.40425434708595276,-0.23920217156410217,0.0,-0.37174566521750124,"Node(id=13_8540_36, type=transcoder, layer=6, feature=8540, pos=36)",1
0,56,488,transcoder,6,56,3210,transcoder,2.4339599609375,0.0,-2.4339599609375,0.0,-1.0,"Node(id=13_3210_56, type=transcoder, layer=6, feature=3210, pos=56)",1
0,56,488,transcoder,7,36,10671,transcoder,0.8758847713470459,0.6969588398933411,-0.17892593145370483,0.0,-0.2042802173378697,"Node(id=15_10671_36, type=transcoder, layer=7, feature=10671, pos=36)",1
0,56,488,transcoder,7,39,10442,transcoder,0.7531685829162598,0.550312876701355,-0.20285570621490479,0.0,-0.26933638871320137,"Node(id=15_10442_39, type=transcoder, layer=7, feature=10442, pos=39)",1
0,56,488,transcoder,7,59,10622,transcoder,0.7834378480911255,0.3023761212825775,-0.481061726808548,0.0,-0.6140394263318681,"Node(id=15_10622_59, type=transcoder, layer=7, feature=10622, pos=59)",1
0,56,488,transcoder,8,36,3757,lorsa,3.8240530490875244,2.470825672149658,-1.3532273769378662,0.0,-0.35387254297132886,"Node(id=16_3757_36, type=lorsa, layer=8, feature=3757, pos=36)",1
0,56,488,transcoder,8,6,11854,transcoder,7.1796770095825195,5.064630031585693,-2.115046977996826,0.0,-0.2945880399875831,"Node(id=17_11854_6, type=transcoder, layer=8, feature=11854, pos=6)",1
0,56,488,transcoder,8,36,2195,transcoder,0.42090585827827454,0.29626744985580444,-0.12463840842247009,0.0,-0.29611944327006157,"Node(id=17_2195_36, type=transcoder, layer=8, feature=2195, pos=36)",1
0,56,488,transcoder,8,59,7304,transcoder,0.7314049601554871,0.5164444446563721,-0.214960515499115,0.0,-0.29390081720722433,"Node(id=17_7304_59, type=transcoder, layer=8, feature=7304, pos=59)",1
0,56,488,transcoder,9,36,5162,transcoder,0.35064274072647095,0.2741926312446594,-0.07645010948181152,0.0,-0.21802849625068568,"Node(id=19_5162_36, type=transcoder, layer=9, feature=5162, pos=36)",1
0,56,488,transcoder,9,52,6548,transcoder,0.38875845074653625,0.2613092064857483,-0.12744924426078796,0.0,-0.3278365885450106,"Node(id=19_6548_52, type=transcoder, layer=9, feature=6548, pos=52)",1
0,56,488,transcoder,10,35,13771,transcoder,0.726324200630188,0.23591181635856628,-0.4904123842716217,0.0,-0.6751976374270887,"Node(id=21_13771_35, type=transcoder, layer=10, feature=13771, pos=35)",1
0,56,488,transcoder,11,36,14840,lorsa,1.7748255729675293,1.2910680770874023,-0.48375749588012695,0.0,-0.27256621904048783,"Node(id=22_14840_36, type=lorsa, layer=11, feature=14840, pos=36)",1
0,56,488,transcoder,11,52,1680,lorsa,2.564471960067749,1.9564683437347412,-0.6080036163330078,0.0,-0.2370872545305371,"Node(id=22_1680_52, type=lorsa, layer=11, feature=1680, pos=52)",1
0,56,488,transcoder,11,36,13284,transcoder,0.3360329270362854,0.22570982575416565,-0.11032310128211975,0.0,-0.3283103898630948,"Node(id=23_13284_36, type=transcoder, layer=11, feature=13284, pos=36)",1
0,56,488,transcoder,11,57,13296,transcoder,0.6590584516525269,0.37534281611442566,-0.2837156355381012,0.0,-0.43048630182453623,"Node(id=23_13296_57, type=transcoder, layer=11, feature=13296, pos=57)",1
0,56,488,transcoder,12,36,9871,lorsa,1.8985333442687988,0.0,-1.8985333442687988,0.0,-1.0,"Node(id=24_9871_36, type=lorsa, layer=12, feature=9871, pos=36)",1
0,56,488,transcoder,12,49,11663,lorsa,3.366370677947998,1.3395209312438965,-2.0268497467041016,0.0,-0.6020875122223873,"Node(id=24_11663_49, type=lorsa, layer=12, feature=11663, pos=49)",1
0,56,488,transcoder,12,52,13529,lorsa,1.9571092128753662,0.8161256313323975,-1.1409835815429688,0.0,-0.5829943337023316,"Node(id=24_13529_52, type=lorsa, layer=12, feature=13529, pos=52)",1
0,56,488,transcoder,12,36,8564,transcoder,0.5210015177726746,0.36174094676971436,-0.1592605710029602,0.0,-0.3056815874237998,"Node(id=25_8564_36, type=transcoder, layer=12, feature=8564, pos=36)",1
0,56,488,transcoder,13,36,5534,lorsa,1.6633868217468262,0.9566047787666321,-0.7067820429801941,0.0,-0.42490540007883326,"Node(id=26_5534_36, type=lorsa, layer=13, feature=5534, pos=36)",1
0,56,488,transcoder,13,36,9238,lorsa,2.624382734298706,1.581559658050537,-1.042823076248169,0.0,-0.39735937240374913,"Node(id=26_9238_36, type=lorsa, layer=13, feature=9238, pos=36)",1
0,56,488,transcoder,13,36,3932,transcoder,0.7543947100639343,0.42419299483299255,-0.3302017152309418,0.0,-0.4377041763759948,"Node(id=27_3932_36, type=transcoder, layer=13, feature=3932, pos=36)",1
0,56,488,transcoder,13,36,6705,transcoder,0.18148913979530334,0.0,-0.18148913979530334,0.0,-1.0,"Node(id=27_6705_36, type=transcoder, layer=13, feature=6705, pos=36)",1
0,56,488,transcoder,13,36,7930,transcoder,0.6133290529251099,0.43344637751579285,-0.17988267540931702,0.0,-0.2932890176185433,"Node(id=27_7930_36, type=transcoder, layer=13, feature=7930, pos=36)",1
0,56,488,transcoder,14,7,6541,lorsa,1.711766004562378,0.7876521944999695,-0.9241138100624084,0.0,-0.5398598918306379,"Node(id=28_6541_7, type=lorsa, layer=14, feature=6541, pos=7)",1
0,56,488,transcoder,14,14,6541,lorsa,1.2900267839431763,0.4171770513057709,-0.8728497326374054,0.0,-0.676613651361097,"Node(id=28_6541_14, type=lorsa, layer=14, feature=6541, pos=14)",1
0,56,488,transcoder,14,14,7558,lorsa,1.3172794580459595,0.48773840069770813,-0.8295410573482513,0.0,-0.6297380956496392,"Node(id=28_7558_14, type=lorsa, layer=14, feature=7558, pos=14)",1
0,56,488,transcoder,14,36,8968,lorsa,0.9133227467536926,0.0,-0.9133227467536926,0.0,-1.0,"Node(id=28_8968_36, type=lorsa, layer=14, feature=8968, pos=36)",1
0,56,488,transcoder,14,21,969,transcoder,1.0221160650253296,0.7085345387458801,-0.31358152627944946,0.0,-0.30679639720923324,"Node(id=29_969_21, type=transcoder, layer=14, feature=969, pos=21)",1
0,56,488,transcoder,14,21,1034,transcoder,0.982692539691925,0.564100444316864,-0.41859209537506104,0.0,-0.4259644583302627,"Node(id=29_1034_21, type=transcoder, layer=14, feature=1034, pos=21)",1
0,56,488,transcoder,14,36,1214,transcoder,1.765131950378418,0.8566268086433411,-0.9085051417350769,0.0,-0.5146953130276221,"Node(id=29_1214_36, type=transcoder, layer=14, feature=1214, pos=36)",1
0,56,488,transcoder,14,36,14940,transcoder,1.4348654747009277,0.950910210609436,-0.4839552640914917,0.0,-0.3372826739679994,"Node(id=29_14940_36, type=transcoder, layer=14, feature=14940, pos=36)",1
0,58,13386,transcoder,1,45,8213,lorsa,1.7723816633224487,1.3821715116500854,-0.3902101516723633,0.0,-0.22016146959052155,"Node(id=2_8213_45, type=lorsa, layer=1, feature=8213, pos=45)",1
0,58,13386,transcoder,1,49,8213,lorsa,2.5499539375305176,1.7392690181732178,-0.8106849193572998,0.0,-0.3179213974909684,"Node(id=2_8213_49, type=lorsa, layer=1, feature=8213, pos=49)",1
0,58,13386,transcoder,1,58,8956,transcoder,1.176414966583252,0.0,-1.176414966583252,0.0,-1.0,"Node(id=3_8956_58, type=transcoder, layer=1, feature=8956, pos=58)",1
0,58,13386,transcoder,2,58,3004,transcoder,0.9341632127761841,0.0,-0.9341632127761841,0.0,-1.0,"Node(id=5_3004_58, type=transcoder, layer=2, feature=3004, pos=58)",1
0,58,13386,transcoder,3,36,13719,lorsa,2.6054978370666504,1.9137998819351196,-0.6916979551315308,0.0,-0.26547631139477956,"Node(id=6_13719_36, type=lorsa, layer=3, feature=13719, pos=36)",1
0,58,13386,transcoder,3,58,10967,lorsa,2.4667601585388184,0.0,-2.4667601585388184,0.0,-1.0,"Node(id=6_10967_58, type=lorsa, layer=3, feature=10967, pos=58)",1
0,58,13386,transcoder,3,58,9594,transcoder,1.3094115257263184,0.0,-1.3094115257263184,0.0,-1.0,"Node(id=7_9594_58, type=transcoder, layer=3, feature=9594, pos=58)",1
0,58,13386,transcoder,4,43,16362,transcoder,0.41338375210762024,0.30096951127052307,-0.11241424083709717,0.0,-0.27193676641609094,"Node(id=9_16362_43, type=transcoder, layer=4, feature=16362, pos=43)",1
0,58,13386,transcoder,4,58,15812,transcoder,0.725627601146698,0.0,-0.725627601146698,0.0,-1.0,"Node(id=9_15812_58, type=transcoder, layer=4, feature=15812, pos=58)",1
0,58,13386,transcoder,6,36,11513,transcoder,0.44179219007492065,0.3361252546310425,-0.10566693544387817,0.0,-0.23917791626411233,"Node(id=13_11513_36, type=transcoder, layer=6, feature=11513, pos=36)",1
0,58,13386,transcoder,6,58,4091,transcoder,1.5473531484603882,0.0,-1.5473531484603882,0.0,-1.0,"Node(id=13_4091_58, type=transcoder, layer=6, feature=4091, pos=58)",1
0,58,13386,transcoder,7,1,6104,transcoder,4.072308540344238,3.1941521167755127,-0.8781564235687256,0.0,-0.21564093556980182,"Node(id=15_6104_1, type=transcoder, layer=7, feature=6104, pos=1)",1
0,58,13386,transcoder,7,39,10442,transcoder,0.7531685829162598,0.4562767744064331,-0.29689180850982666,0.0,-0.394190378149159,"Node(id=15_10442_39, type=transcoder, layer=7, feature=10442, pos=39)",1
0,58,13386,transcoder,7,58,7919,transcoder,1.4488893747329712,0.0,-1.4488893747329712,0.0,-1.0,"Node(id=15_7919_58, type=transcoder, layer=7, feature=7919, pos=58)",1
0,58,13386,transcoder,8,36,3757,lorsa,3.8240530490875244,1.9559742212295532,-1.8680788278579712,0.0,-0.4885075609251086,"Node(id=16_3757_36, type=lorsa, layer=8, feature=3757, pos=36)",1
0,58,13386,transcoder,8,43,5077,lorsa,4.179364204406738,3.214848041534424,-0.9645161628723145,0.0,-0.23078059621014238,"Node(id=16_5077_43, type=lorsa, layer=8, feature=5077, pos=43)",1
0,58,13386,transcoder,8,6,11854,transcoder,7.1796770095825195,5.733100891113281,-1.4465761184692383,0.0,-0.20148206061895715,"Node(id=17_11854_6, type=transcoder, layer=8, feature=11854, pos=6)",1
0,58,13386,transcoder,8,18,8746,transcoder,0.7706036567687988,0.5486106872558594,-0.22199296951293945,0.0,-0.2880767143563441,"Node(id=17_8746_18, type=transcoder, layer=8, feature=8746, pos=18)",1
0,58,13386,transcoder,8,32,11854,transcoder,11.953476905822754,9.35671615600586,-2.5967607498168945,0.0,-0.21723894815507325,"Node(id=17_11854_32, type=transcoder, layer=8, feature=11854, pos=32)",1
0,58,13386,transcoder,8,35,15741,transcoder,0.5565544962882996,0.0,-0.5565544962882996,0.0,-1.0,"Node(id=17_15741_35, type=transcoder, layer=8, feature=15741, pos=35)",1
0,58,13386,transcoder,8,36,776,transcoder,0.732367753982544,0.45936328172683716,-0.2730044722557068,0.0,-0.37276965127305955,"Node(id=17_776_36, type=transcoder, layer=8, feature=776, pos=36)",1
0,58,13386,transcoder,8,36,11574,transcoder,0.6268920302391052,0.4647907018661499,-0.16210132837295532,0.0,-0.2585793415033968,"Node(id=17_11574_36, type=transcoder, layer=8, feature=11574, pos=36)",1
0,58,13386,transcoder,9,35,12732,lorsa,2.9757447242736816,1.6528385877609253,-1.3229061365127563,0.0,-0.4445630452510172,"Node(id=18_12732_35, type=lorsa, layer=9, feature=12732, pos=35)",1
0,58,13386,transcoder,9,3,4628,transcoder,1.040234088897705,0.7810055613517761,-0.25922852754592896,0.0,-0.24920210778770302,"Node(id=19_4628_3, type=transcoder, layer=9, feature=4628, pos=3)",1
0,58,13386,transcoder,9,36,3901,transcoder,0.5146542191505432,0.4032409191131592,-0.11141330003738403,0.0,-0.21648185498464584,"Node(id=19_3901_36, type=transcoder, layer=9, feature=3901, pos=36)",1
0,58,13386,transcoder,9,36,5162,transcoder,0.35064274072647095,0.1929139643907547,-0.15772877633571625,0.0,-0.44982758236753906,"Node(id=19_5162_36, type=transcoder, layer=9, feature=5162, pos=36)",1
0,58,13386,transcoder,10,35,13771,transcoder,0.726324200630188,0.5209173560142517,-0.20540684461593628,0.0,-0.282803250170815,"Node(id=21_13771_35, type=transcoder, layer=10, feature=13771, pos=35)",1
0,58,13386,transcoder,10,49,9278,transcoder,7.553187847137451,5.776120185852051,-1.7770676612854004,0.0,-0.23527386015679239,"Node(id=21_9278_49, type=transcoder, layer=10, feature=9278, pos=49)",1
0,58,13386,transcoder,10,52,6575,transcoder,0.6553995609283447,0.48376941680908203,-0.1716301441192627,0.0,-0.2618710086960634,"Node(id=21_6575_52, type=transcoder, layer=10, feature=6575, pos=52)",1
0,58,13386,transcoder,11,42,4503,lorsa,3.0655462741851807,1.7959551811218262,-1.2695910930633545,0.0,-0.41414840276740256,"Node(id=22_4503_42, type=lorsa, layer=11, feature=4503, pos=42)",1
0,58,13386,transcoder,12,36,9871,lorsa,1.8985333442687988,0.0,-1.8985333442687988,0.0,-1.0,"Node(id=24_9871_36, type=lorsa, layer=12, feature=9871, pos=36)",1
0,58,13386,transcoder,12,36,9878,lorsa,1.8616447448730469,0.0,-1.8616447448730469,0.0,-1.0,"Node(id=24_9878_36, type=lorsa, layer=12, feature=9878, pos=36)",1
0,58,13386,transcoder,12,49,11663,lorsa,3.366370677947998,1.938544750213623,-1.427825927734375,0.0,-0.42414400086348164,"Node(id=24_11663_49, type=lorsa, layer=12, feature=11663, pos=49)",1
0,58,13386,transcoder,12,52,13529,lorsa,1.9571092128753662,1.5160802602767944,-0.4410289525985718,0.0,-0.22534713428210593,"Node(id=24_13529_52, type=lorsa, layer=12, feature=13529, pos=52)",1
0,58,13386,transcoder,12,36,8564,transcoder,0.5210015177726746,0.283226877450943,-0.23777464032173157,0.0,-0.4563799378900818,"Node(id=25_8564_36, type=transcoder, layer=12, feature=8564, pos=36)",1
0,58,13386,transcoder,13,36,5534,lorsa,1.6633868217468262,0.8956400156021118,-0.7677468061447144,0.0,-0.4615563837030136,"Node(id=26_5534_36, type=lorsa, layer=13, feature=5534, pos=36)",1
0,58,13386,transcoder,13,36,3932,transcoder,0.7543947100639343,0.4654245376586914,-0.2889701724052429,0.0,-0.3830490438894421,"Node(id=27_3932_36, type=transcoder, layer=13, feature=3932, pos=36)",1
0,58,13386,transcoder,13,36,6705,transcoder,0.18148913979530334,0.0,-0.18148913979530334,0.0,-1.0,"Node(id=27_6705_36, type=transcoder, layer=13, feature=6705, pos=36)",1
0,58,13386,transcoder,13,57,4451,transcoder,0.19393160939216614,0.0,-0.19393160939216614,0.0,-1.0,"Node(id=27_4451_57, type=transcoder, layer=13, feature=4451, pos=57)",1
0,58,13386,transcoder,13,57,12931,transcoder,0.38083311915397644,0.29619333148002625,-0.0846397876739502,0.0,-0.22224902041602396,"Node(id=27_12931_57, type=transcoder, layer=13, feature=12931, pos=57)",1
0,58,13386,transcoder,14,14,7558,lorsa,1.3172794580459595,0.8999389410018921,-0.4173405170440674,0.0,-0.31682002971726786,"Node(id=28_7558_14, type=lorsa, layer=14, feature=7558, pos=14)",1
0,58,13386,transcoder,14,21,1034,transcoder,0.982692539691925,0.34853246808052063,-0.6341600716114044,0.0,-0.6453290790324043,"Node(id=29_1034_21, type=transcoder, layer=14, feature=1034, pos=21)",1
0,58,13386,transcoder,14,36,1214,transcoder,1.765131950378418,1.3192049264907837,-0.4459270238876343,0.0,-0.25263098534476935,"Node(id=29_1214_36, type=transcoder, layer=14, feature=1214, pos=36)",1
0,60,4905,transcoder,1,36,1822,lorsa,1.5588611364364624,1.0982791185379028,-0.46058201789855957,0.0,-0.29546058153162025,"Node(id=2_1822_36, type=lorsa, layer=1, feature=1822, pos=36)",1
0,60,4905,transcoder,1,59,11215,lorsa,4.212584495544434,1.8991206884384155,-2.313463807106018,0.0,-0.5491792056759746,"Node(id=2_11215_59, type=lorsa, layer=1, feature=11215, pos=59)",1
0,60,4905,transcoder,1,60,15260,transcoder,1.4774868488311768,0.0,-1.4774868488311768,0.0,-1.0,"Node(id=3_15260_60, type=transcoder, layer=1, feature=15260, pos=60)",1
0,60,4905,transcoder,2,60,14106,transcoder,1.297499656677246,0.0,-1.297499656677246,0.0,-1.0,"Node(id=5_14106_60, type=transcoder, layer=2, feature=14106, pos=60)",1
0,60,4905,transcoder,3,60,1264,lorsa,5.1879987716674805,2.1905384063720703,-2.99746036529541,0.0,-0.5777681331894365,"Node(id=6_1264_60, type=lorsa, layer=3, feature=1264, pos=60)",1
0,60,4905,transcoder,3,60,10866,transcoder,2.0926074981689453,0.0,-2.0926074981689453,0.0,-1.0,"Node(id=7_10866_60, type=transcoder, layer=3, feature=10866, pos=60)",1
0,60,4905,transcoder,4,61,4743,lorsa,2.1845638751983643,0.0,-2.1845638751983643,0.0,-1.0,"Node(id=8_4743_61, type=lorsa, layer=4, feature=4743, pos=61)",1
0,60,4905,transcoder,4,60,11919,transcoder,0.7781699895858765,0.0,-0.7781699895858765,0.0,-1.0,"Node(id=9_11919_60, type=transcoder, layer=4, feature=11919, pos=60)",1
0,60,4905,transcoder,4,61,7216,transcoder,1.426080584526062,0.8715324401855469,-0.5545481443405151,0.0,-0.3888617167625289,"Node(id=9_7216_61, type=transcoder, layer=4, feature=7216, pos=61)",1
0,60,4905,transcoder,5,60,4691,lorsa,2.293004035949707,0.0,-2.293004035949707,0.0,-1.0,"Node(id=10_4691_60, type=lorsa, layer=5, feature=4691, pos=60)",1
0,60,4905,transcoder,5,60,12930,transcoder,1.6677312850952148,0.0,-1.6677312850952148,0.0,-1.0,"Node(id=11_12930_60, type=transcoder, layer=5, feature=12930, pos=60)",1
0,60,4905,transcoder,6,44,13484,lorsa,3.0402538776397705,2.2384133338928223,-0.8018405437469482,0.0,-0.2637413110938743,"Node(id=12_13484_44, type=lorsa, layer=6, feature=13484, pos=44)",1
0,60,4905,transcoder,7,60,3804,transcoder,1.427456021308899,0.0,-1.427456021308899,0.0,-1.0,"Node(id=15_3804_60, type=transcoder, layer=7, feature=3804, pos=60)",1
0,60,4905,transcoder,8,36,8441,lorsa,9.023415565490723,6.839969635009766,-2.183445930480957,0.0,-0.24197554846430416,"Node(id=16_8441_36, type=lorsa, layer=8, feature=8441, pos=36)",1
0,60,4905,transcoder,8,59,7304,transcoder,0.7314049601554871,0.5064148902893066,-0.22499006986618042,0.0,-0.3076135412294039,"Node(id=17_7304_59, type=transcoder, layer=8, feature=7304, pos=59)",1
0,60,4905,transcoder,11,57,13296,transcoder,0.6590584516525269,0.46798810362815857,-0.1910703480243683,0.0,-0.28991411542523643,"Node(id=23_13296_57, type=transcoder, layer=11, feature=13296, pos=57)",1
0,60,4905,transcoder,12,36,11652,lorsa,2.5469629764556885,1.5030254125595093,-1.0439375638961792,0.0,-0.40987543735280574,"Node(id=24_11652_36, type=lorsa, layer=12, feature=11652, pos=36)",1
0,60,4905,transcoder,13,36,9238,lorsa,2.624382734298706,1.46959388256073,-1.154788851737976,0.0,-0.440023033472121,"Node(id=26_9238_36, type=lorsa, layer=13, feature=9238, pos=36)",1
0,60,4905,transcoder,13,36,3932,transcoder,0.7543947100639343,0.4698787331581116,-0.28451597690582275,0.0,-0.3771447136495831,"Node(id=27_3932_36, type=transcoder, layer=13, feature=3932, pos=36)",1
0,60,4905,transcoder,13,36,7930,transcoder,0.6133290529251099,0.4461052119731903,-0.16722384095191956,0.0,-0.27264946957002917,"Node(id=27_7930_36, type=transcoder, layer=13, feature=7930, pos=36)",1
0,60,4905,transcoder,13,57,4451,transcoder,0.19393160939216614,0.0,-0.19393160939216614,0.0,-1.0,"Node(id=27_4451_57, type=transcoder, layer=13, feature=4451, pos=57)",1
0,60,4905,transcoder,13,57,12931,transcoder,0.38083311915397644,0.29655447602272034,-0.0842786431312561,0.0,-0.2213007191141404,"Node(id=27_12931_57, type=transcoder, layer=13, feature=12931, pos=57)",1
0,60,4905,transcoder,14,7,6541,lorsa,1.711766004562378,0.4591180980205536,-1.2526479065418243,0.0,-0.7317868816199972,"Node(id=28_6541_7, type=lorsa, layer=14, feature=6541, pos=7)",1
0,60,4905,transcoder,14,14,6541,lorsa,1.2900267839431763,0.0,-1.2900267839431763,0.0,-1.0,"Node(id=28_6541_14, type=lorsa, layer=14, feature=6541, pos=14)",1
0,60,4905,transcoder,14,36,3897,lorsa,3.076256036758423,1.9213818311691284,-1.1548742055892944,0.0,-0.3754155024125472,"Node(id=28_3897_36, type=lorsa, layer=14, feature=3897, pos=36)",1
0,60,4905,transcoder,14,36,8968,lorsa,0.9133227467536926,0.0,-0.9133227467536926,0.0,-1.0,"Node(id=28_8968_36, type=lorsa, layer=14, feature=8968, pos=36)",1
0,60,4905,transcoder,14,36,15619,transcoder,0.42063450813293457,0.3306370973587036,-0.08999741077423096,0.0,-0.21395631845257157,"Node(id=29_15619_36, type=transcoder, layer=14, feature=15619, pos=36)",1
0,62,5593,transcoder,1,45,1574,lorsa,3.4861481189727783,0.8954541087150574,-2.590694010257721,0.0,-0.7431393967910606,"Node(id=2_1574_45, type=lorsa, layer=1, feature=1574, pos=45)",1
0,62,5593,transcoder,1,62,7268,transcoder,0.7161532640457153,0.0,-0.7161532640457153,0.0,-1.0,"Node(id=3_7268_62, type=transcoder, layer=1, feature=7268, pos=62)",1
0,62,5593,transcoder,2,62,14622,lorsa,3.9266576766967773,0.5893571972846985,-3.337300479412079,0.0,-0.8499086893206124,"Node(id=4_14622_62, type=lorsa, layer=2, feature=14622, pos=62)",1
0,62,5593,transcoder,2,45,7972,transcoder,0.8607460856437683,0.3037150204181671,-0.5570310652256012,0.0,-0.6471491122831968,"Node(id=5_7972_45, type=transcoder, layer=2, feature=7972, pos=45)",1
0,62,5593,transcoder,2,62,12759,transcoder,0.800830066204071,0.0,-0.800830066204071,0.0,-1.0,"Node(id=5_12759_62, type=transcoder, layer=2, feature=12759, pos=62)",1
0,62,5593,transcoder,3,45,4566,lorsa,3.5311343669891357,0.0,-3.5311343669891357,0.0,-1.0,"Node(id=6_4566_45, type=lorsa, layer=3, feature=4566, pos=45)",1
0,62,5593,transcoder,3,62,3742,lorsa,2.45440673828125,0.0,-2.45440673828125,0.0,-1.0,"Node(id=6_3742_62, type=lorsa, layer=3, feature=3742, pos=62)",1
0,62,5593,transcoder,3,62,6487,transcoder,1.4240492582321167,0.0,-1.4240492582321167,0.0,-1.0,"Node(id=7_6487_62, type=transcoder, layer=3, feature=6487, pos=62)",1
0,62,5593,transcoder,4,43,16362,transcoder,0.41338375210762024,0.3125855624675751,-0.10079818964004517,0.0,-0.2438368443997368,"Node(id=9_16362_43, type=transcoder, layer=4, feature=16362, pos=43)",1
0,62,5593,transcoder,4,45,805,transcoder,0.7300322651863098,0.0,-0.7300322651863098,0.0,-1.0,"Node(id=9_805_45, type=transcoder, layer=4, feature=805, pos=45)",1
0,62,5593,transcoder,4,62,3019,transcoder,0.8848817944526672,0.0,-0.8848817944526672,0.0,-1.0,"Node(id=9_3019_62, type=transcoder, layer=4, feature=3019, pos=62)",1
0,62,5593,transcoder,5,59,15061,lorsa,1.0584943294525146,0.7153602242469788,-0.3431341052055359,0.0,-0.3241718879901938,"Node(id=10_15061_59, type=lorsa, layer=5, feature=15061, pos=59)",1
0,62,5593,transcoder,5,62,13299,transcoder,0.9039543271064758,0.0,-0.9039543271064758,0.0,-1.0,"Node(id=11_13299_62, type=transcoder, layer=5, feature=13299, pos=62)",1
0,62,5593,transcoder,6,36,12696,transcoder,1.0120266675949097,0.7632614970207214,-0.24876517057418823,0.0,-0.2458089085393183,"Node(id=13_12696_36, type=transcoder, layer=6, feature=12696, pos=36)",1
0,62,5593,transcoder,6,36,13247,transcoder,0.976347804069519,0.7425156235694885,-0.23383218050003052,0.0,-0.23949680587736635,"Node(id=13_13247_36, type=transcoder, layer=6, feature=13247, pos=36)",1
0,62,5593,transcoder,6,62,1735,transcoder,1.6790945529937744,0.0,-1.6790945529937744,0.0,-1.0,"Node(id=13_1735_62, type=transcoder, layer=6, feature=1735, pos=62)",1
0,62,5593,transcoder,7,36,10198,transcoder,0.8630536198616028,0.49489083886146545,-0.36816278100013733,0.0,-0.4265815848836542,"Node(id=15_10198_36, type=transcoder, layer=7, feature=10198, pos=36)",1
0,62,5593,transcoder,7,36,10671,transcoder,0.8758847713470459,0.5688051581382751,-0.30707961320877075,0.0,-0.3505936205929292,"Node(id=15_10671_36, type=transcoder, layer=7, feature=10671, pos=36)",1
0,62,5593,transcoder,7,45,15440,transcoder,0.7087522149085999,0.0,-0.7087522149085999,0.0,-1.0,"Node(id=15_15440_45, type=transcoder, layer=7, feature=15440, pos=45)",1
0,62,5593,transcoder,7,62,3543,transcoder,1.7134315967559814,0.0,-1.7134315967559814,0.0,-1.0,"Node(id=15_3543_62, type=transcoder, layer=7, feature=3543, pos=62)",1
0,62,5593,transcoder,8,36,1476,lorsa,1.4948394298553467,1.1210488080978394,-0.3737906217575073,0.0,-0.2500540287418552,"Node(id=16_1476_36, type=lorsa, layer=8, feature=1476, pos=36)",1
0,62,5593,transcoder,8,35,15741,transcoder,0.5565544962882996,0.3665231168270111,-0.19003137946128845,0.0,-0.341442537484866,"Node(id=17_15741_35, type=transcoder, layer=8, feature=15741, pos=35)",1
0,62,5593,transcoder,8,36,776,transcoder,0.732367753982544,0.3782513737678528,-0.35411638021469116,0.0,-0.4835226268347303,"Node(id=17_776_36, type=transcoder, layer=8, feature=776, pos=36)",1
0,62,5593,transcoder,8,36,7078,transcoder,0.5934697985649109,0.4107063412666321,-0.1827634572982788,0.0,-0.3079574693442282,"Node(id=17_7078_36, type=transcoder, layer=8, feature=7078, pos=36)",1
0,62,5593,transcoder,8,36,11574,transcoder,0.6268920302391052,0.4377654492855072,-0.18912658095359802,0.0,-0.3016892412581199,"Node(id=17_11574_36, type=transcoder, layer=8, feature=11574, pos=36)",1
0,62,5593,transcoder,9,36,8460,transcoder,0.8671631813049316,0.6846427917480469,-0.18252038955688477,0.0,-0.21047986525698995,"Node(id=19_8460_36, type=transcoder, layer=9, feature=8460, pos=36)",1
0,62,5593,transcoder,10,35,13771,transcoder,0.726324200630188,0.5750292539596558,-0.15129494667053223,0.0,-0.20830222446018276,"Node(id=21_13771_35, type=transcoder, layer=10, feature=13771, pos=35)",1
0,62,5593,transcoder,10,52,6575,transcoder,0.6553995609283447,0.4775134325027466,-0.17788612842559814,0.0,-0.2714163069832245,"Node(id=21_6575_52, type=transcoder, layer=10, feature=6575, pos=52)",1
0,62,5593,transcoder,11,36,14840,lorsa,1.7748255729675293,1.1782780885696411,-0.5965474843978882,0.0,-0.33611611951277764,"Node(id=22_14840_36, type=lorsa, layer=11, feature=14840, pos=36)",1
0,62,5593,transcoder,11,42,4503,lorsa,3.0655462741851807,1.0522278547286987,-2.013318419456482,0.0,-0.6567568189756392,"Node(id=22_4503_42, type=lorsa, layer=11, feature=4503, pos=42)",1
0,62,5593,transcoder,11,57,13296,transcoder,0.6590584516525269,0.4365869164466858,-0.22247153520584106,0.0,-0.33755964231702773,"Node(id=23_13296_57, type=transcoder, layer=11, feature=13296, pos=57)",1
0,62,5593,transcoder,12,36,9871,lorsa,1.8985333442687988,1.3195858001708984,-0.5789475440979004,0.0,-0.30494462783369036,"Node(id=24_9871_36, type=lorsa, layer=12, feature=9871, pos=36)",1
0,62,5593,transcoder,12,36,8564,transcoder,0.5210015177726746,0.35127198696136475,-0.16972953081130981,0.0,-0.32577550164713126,"Node(id=25_8564_36, type=transcoder, layer=12, feature=8564, pos=36)",1
0,62,5593,transcoder,12,36,9355,transcoder,0.5506256818771362,0.39927852153778076,-0.15134716033935547,0.0,-0.27486396897325666,"Node(id=25_9355_36, type=transcoder, layer=12, feature=9355, pos=36)",1
0,62,5593,transcoder,13,36,5534,lorsa,1.6633868217468262,0.7711673974990845,-0.8922194242477417,0.0,-0.5363872146773211,"Node(id=26_5534_36, type=lorsa, layer=13, feature=5534, pos=36)",1
0,62,5593,transcoder,13,36,9238,lorsa,2.624382734298706,1.122241497039795,-1.5021412372589111,0.0,-0.572378875088247,"Node(id=26_9238_36, type=lorsa, layer=13, feature=9238, pos=36)",1
0,62,5593,transcoder,13,36,3932,transcoder,0.7543947100639343,0.4240044057369232,-0.3303903043270111,0.0,-0.4379541636751546,"Node(id=27_3932_36, type=transcoder, layer=13, feature=3932, pos=36)",1
0,62,5593,transcoder,13,36,6705,transcoder,0.18148913979530334,0.0,-0.18148913979530334,0.0,-1.0,"Node(id=27_6705_36, type=transcoder, layer=13, feature=6705, pos=36)",1
0,62,5593,transcoder,13,36,7930,transcoder,0.6133290529251099,0.29791563749313354,-0.3154134154319763,0.0,-0.5142645924364676,"Node(id=27_7930_36, type=transcoder, layer=13, feature=7930, pos=36)",1
0,62,5593,transcoder,14,7,6541,lorsa,1.711766004562378,1.2277662754058838,-0.48399972915649414,0.0,-0.2827487681531748,"Node(id=28_6541_7, type=lorsa, layer=14, feature=6541, pos=7)",1
0,62,5593,transcoder,14,14,6541,lorsa,1.2900267839431763,0.6423882842063904,-0.6476384997367859,0.0,-0.5020349250092108,"Node(id=28_6541_14, type=lorsa, layer=14, feature=6541, pos=14)",1
0,62,5593,transcoder,14,21,969,transcoder,1.0221160650253296,0.8153132200241089,-0.2068028450012207,0.0,-0.202328142642094,"Node(id=29_969_21, type=transcoder, layer=14, feature=969, pos=21)",1
0,62,5593,transcoder,14,36,1214,transcoder,1.765131950378418,0.8964617848396301,-0.8686701655387878,0.0,-0.4921276085635173,"Node(id=29_1214_36, type=transcoder, layer=14, feature=1214, pos=36)",1
0,62,5593,transcoder,14,36,8599,transcoder,0.7293266654014587,0.3532992899417877,-0.376027375459671,0.0,-0.5155815539154684,"Node(id=29_8599_36, type=transcoder, layer=14, feature=8599, pos=36)",1
0,63,488,transcoder,1,63,5902,lorsa,1.760977864265442,1.3779422044754028,-0.38303565979003906,0.0,-0.21751304633793056,"Node(id=2_5902_63, type=lorsa, layer=1, feature=5902, pos=63)",1
0,63,488,transcoder,1,63,7261,lorsa,2.394057512283325,0.0,-2.394057512283325,0.0,-1.0,"Node(id=2_7261_63, type=lorsa, layer=1, feature=7261, pos=63)",1
0,63,488,transcoder,1,56,12883,transcoder,0.7333300709724426,0.514830470085144,-0.21849960088729858,0.0,-0.2979553267160504,"Node(id=3_12883_56, type=transcoder, layer=1, feature=12883, pos=56)",1
0,63,488,transcoder,1,63,12691,transcoder,0.6586669087409973,0.38296809792518616,-0.27569881081581116,0.0,-0.41857091521842665,"Node(id=3_12691_63, type=transcoder, layer=1, feature=12691, pos=63)",1
0,63,488,transcoder,1,63,12883,transcoder,0.8133741617202759,0.0,-0.8133741617202759,0.0,-1.0,"Node(id=3_12883_63, type=transcoder, layer=1, feature=12883, pos=63)",1
0,63,488,transcoder,2,47,15503,lorsa,3.2687530517578125,1.1906946897506714,-2.078058362007141,0.0,-0.6357342782103529,"Node(id=4_15503_47, type=lorsa, layer=2, feature=15503, pos=47)",1
0,63,488,transcoder,2,47,10249,transcoder,0.8494049310684204,0.3806486129760742,-0.4687563180923462,0.0,-0.5518643710988621,"Node(id=5_10249_47, type=transcoder, layer=2, feature=10249, pos=47)",1
0,63,488,transcoder,2,63,14723,transcoder,0.8590875864028931,0.0,-0.8590875864028931,0.0,-1.0,"Node(id=5_14723_63, type=transcoder, layer=2, feature=14723, pos=63)",1
0,63,488,transcoder,3,38,1861,lorsa,5.552481174468994,1.4691317081451416,-4.0833494663238525,0.0,-0.7354098713741897,"Node(id=6_1861_38, type=lorsa, layer=3, feature=1861, pos=38)",1
0,63,488,transcoder,3,63,15348,transcoder,1.223423719406128,0.0,-1.223423719406128,0.0,-1.0,"Node(id=7_15348_63, type=transcoder, layer=3, feature=15348, pos=63)",1
0,63,488,transcoder,4,38,7697,lorsa,4.6510419845581055,0.0,-4.6510419845581055,0.0,-1.0,"Node(id=8_7697_38, type=lorsa, layer=4, feature=7697, pos=38)",1
0,63,488,transcoder,4,36,8219,transcoder,0.37231943011283875,0.2839810848236084,-0.08833834528923035,0.0,-0.23726493474288374,"Node(id=9_8219_36, type=transcoder, layer=4, feature=8219, pos=36)",1
0,63,488,transcoder,4,43,16362,transcoder,0.41338375210762024,0.2260551005601883,-0.18732865154743195,0.0,-0.4531592027803329,"Node(id=9_16362_43, type=transcoder, layer=4, feature=16362, pos=43)",1
0,63,488,transcoder,4,45,805,transcoder,0.7300322651863098,0.5475283861160278,-0.18250387907028198,0.0,-0.2499942643270782,"Node(id=9_805_45, type=transcoder, layer=4, feature=805, pos=45)",1
0,63,488,transcoder,5,59,15061,lorsa,1.0584943294525146,0.7184939980506897,-0.34000033140182495,0.0,-0.321211292249136,"Node(id=10_15061_59, type=lorsa, layer=5, feature=15061, pos=59)",1
0,63,488,transcoder,5,36,4127,transcoder,0.6348527073860168,0.4868721067905426,-0.14798060059547424,0.0,-0.23309438374261493,"Node(id=11_4127_36, type=transcoder, layer=5, feature=4127, pos=36)",1
0,63,488,transcoder,5,63,13852,transcoder,2.2029168605804443,0.0,-2.2029168605804443,0.0,-1.0,"Node(id=11_13852_63, type=transcoder, layer=5, feature=13852, pos=63)",1
0,63,488,transcoder,6,36,8540,transcoder,0.6434565186500549,0.22075827419757843,-0.4226982444524765,0.0,-0.6569181167661179,"Node(id=13_8540_36, type=transcoder, layer=6, feature=8540, pos=36)",1
0,63,488,transcoder,6,36,11513,transcoder,0.44179219007492065,0.32568681240081787,-0.11610537767410278,0.0,-0.2628054100603572,"Node(id=13_11513_36, type=transcoder, layer=6, feature=11513, pos=36)",1
0,63,488,transcoder,6,36,12696,transcoder,1.0120266675949097,0.7501484155654907,-0.26187825202941895,0.0,-0.2587661574687305,"Node(id=13_12696_36, type=transcoder, layer=6, feature=12696, pos=36)",1
0,63,488,transcoder,6,36,13247,transcoder,0.976347804069519,0.6397345066070557,-0.3366132974624634,0.0,-0.3447678133339617,"Node(id=13_13247_36, type=transcoder, layer=6, feature=13247, pos=36)",1
0,63,488,transcoder,6,47,4801,transcoder,1.6615501642227173,0.951577365398407,-0.7099727988243103,0.0,-0.42729543417453164,"Node(id=13_4801_47, type=transcoder, layer=6, feature=4801, pos=47)",1
0,63,488,transcoder,6,63,3210,transcoder,1.8999005556106567,0.0,-1.8999005556106567,0.0,-1.0,"Node(id=13_3210_63, type=transcoder, layer=6, feature=3210, pos=63)",1
0,63,488,transcoder,7,27,4537,lorsa,1.9889576435089111,1.557033658027649,-0.4319239854812622,0.0,-0.2171609772037496,"Node(id=14_4537_27, type=lorsa, layer=7, feature=4537, pos=27)",1
0,63,488,transcoder,7,36,5459,lorsa,3.490706443786621,2.5508947372436523,-0.9398117065429688,0.0,-0.2692325240398867,"Node(id=14_5459_36, type=lorsa, layer=7, feature=5459, pos=36)",1
0,63,488,transcoder,7,36,69,transcoder,0.8792385458946228,0.6551691293716431,-0.22406941652297974,0.0,-0.2548448513423507,"Node(id=15_69_36, type=transcoder, layer=7, feature=69, pos=36)",1
0,63,488,transcoder,7,36,10198,transcoder,0.8630536198616028,0.5684889554977417,-0.2945646643638611,0.0,-0.3413051722222042,"Node(id=15_10198_36, type=transcoder, layer=7, feature=10198, pos=36)",1
0,63,488,transcoder,7,36,10671,transcoder,0.8758847713470459,0.5993276238441467,-0.27655714750289917,0.0,-0.31574603937636087,"Node(id=15_10671_36, type=transcoder, layer=7, feature=10671, pos=36)",1
0,63,488,transcoder,8,36,1468,lorsa,3.8707199096679688,2.8466832637786865,-1.0240366458892822,0.0,-0.2645597381850149,"Node(id=16_1468_36, type=lorsa, layer=8, feature=1468, pos=36)",1
0,63,488,transcoder,8,36,3757,lorsa,3.8240530490875244,2.9120779037475586,-0.9119751453399658,0.0,-0.23848391579127715,"Node(id=16_3757_36, type=lorsa, layer=8, feature=3757, pos=36)",1
0,63,488,transcoder,8,39,12437,lorsa,4.935873985290527,0.0,-4.935873985290527,0.0,-1.0,"Node(id=16_12437_39, type=lorsa, layer=8, feature=12437, pos=39)",1
0,63,488,transcoder,8,6,11854,transcoder,7.1796770095825195,4.462687969207764,-2.716989040374756,0.0,-0.3784277533304722,"Node(id=17_11854_6, type=transcoder, layer=8, feature=11854, pos=6)",1
0,63,488,transcoder,8,36,2195,transcoder,0.42090585827827454,0.2352408468723297,-0.18566501140594482,0.0,-0.4411081664802956,"Node(id=17_2195_36, type=transcoder, layer=8, feature=2195, pos=36)",1
0,63,488,transcoder,8,36,7078,transcoder,0.5934697985649109,0.3183582127094269,-0.275111585855484,0.0,-0.46356459338072553,"Node(id=17_7078_36, type=transcoder, layer=8, feature=7078, pos=36)",1
0,63,488,transcoder,9,36,8265,lorsa,3.591033697128296,2.8032240867614746,-0.7878096103668213,0.0,-0.21938240540511292,"Node(id=18_8265_36, type=lorsa, layer=9, feature=8265, pos=36)",1
0,63,488,transcoder,9,36,5162,transcoder,0.35064274072647095,0.11053571850061417,-0.24010702222585678,0.0,-0.6847625641084046,"Node(id=19_5162_36, type=transcoder, layer=9, feature=5162, pos=36)",1
0,63,488,transcoder,9,36,8460,transcoder,0.8671631813049316,0.5759332180023193,-0.2912299633026123,0.0,-0.3358421685574349,"Node(id=19_8460_36, type=transcoder, layer=9, feature=8460, pos=36)",1
0,63,488,transcoder,10,52,6575,transcoder,0.6553995609283447,0.5093272924423218,-0.14607226848602295,0.0,-0.22287513937164985,"Node(id=21_6575_52, type=transcoder, layer=10, feature=6575, pos=52)",1
0,63,488,transcoder,11,36,14840,lorsa,1.7748255729675293,1.1998099088668823,-0.575015664100647,0.0,-0.32398432435206237,"Node(id=22_14840_36, type=lorsa, layer=11, feature=14840, pos=36)",1
0,63,488,transcoder,11,42,4503,lorsa,3.0655462741851807,0.5111621022224426,-2.554384171962738,0.0,-0.8332557865699454,"Node(id=22_4503_42, type=lorsa, layer=11, feature=4503, pos=42)",1
0,63,488,transcoder,11,52,1680,lorsa,2.564471960067749,1.7405261993408203,-0.8239457607269287,0.0,-0.321292559855153,"Node(id=22_1680_52, type=lorsa, layer=11, feature=1680, pos=52)",1
0,63,488,transcoder,11,57,13296,transcoder,0.6590584516525269,0.0,-0.6590584516525269,0.0,-1.0,"Node(id=23_13296_57, type=transcoder, layer=11, feature=13296, pos=57)",1
0,63,488,transcoder,12,36,9871,lorsa,1.8985333442687988,0.0,-1.8985333442687988,0.0,-1.0,"Node(id=24_9871_36, type=lorsa, layer=12, feature=9871, pos=36)",1
0,63,488,transcoder,12,36,9878,lorsa,1.8616447448730469,1.4523273706436157,-0.40931737422943115,0.0,-0.21986868083004965,"Node(id=24_9878_36, type=lorsa, layer=12, feature=9878, pos=36)",1
0,63,488,transcoder,12,36,11652,lorsa,2.5469629764556885,1.8138000965118408,-0.7331628799438477,0.0,-0.2878576904027498,"Node(id=24_11652_36, type=lorsa, layer=12, feature=11652, pos=36)",1
0,63,488,transcoder,12,49,11663,lorsa,3.366370677947998,2.150131940841675,-1.2162387371063232,0.0,-0.3612907945858454,"Node(id=24_11663_49, type=lorsa, layer=12, feature=11663, pos=49)",1
0,63,488,transcoder,12,36,8564,transcoder,0.5210015177726746,0.0,-0.5210015177726746,0.0,-1.0,"Node(id=25_8564_36, type=transcoder, layer=12, feature=8564, pos=36)",1
0,63,488,transcoder,12,36,9355,transcoder,0.5506256818771362,0.0,-0.5506256818771362,0.0,-1.0,"Node(id=25_9355_36, type=transcoder, layer=12, feature=9355, pos=36)",1
0,63,488,transcoder,13,36,5534,lorsa,1.6633868217468262,0.0,-1.6633868217468262,0.0,-1.0,"Node(id=26_5534_36, type=lorsa, layer=13, feature=5534, pos=36)",1
0,63,488,transcoder,13,36,9238,lorsa,2.624382734298706,1.1347633600234985,-1.4896193742752075,0.0,-0.5676075195919421,"Node(id=26_9238_36, type=lorsa, layer=13, feature=9238, pos=36)",1
0,63,488,transcoder,13,36,3932,transcoder,0.7543947100639343,0.2640067934989929,-0.4903879165649414,0.0,-0.6500415631538315,"Node(id=27_3932_36, type=transcoder, layer=13, feature=3932, pos=36)",1
0,63,488,transcoder,13,36,6705,transcoder,0.18148913979530334,0.0,-0.18148913979530334,0.0,-1.0,"Node(id=27_6705_36, type=transcoder, layer=13, feature=6705, pos=36)",1
0,63,488,transcoder,13,36,7930,transcoder,0.6133290529251099,0.27564719319343567,-0.3376818597316742,0.0,-0.5505720919646483,"Node(id=27_7930_36, type=transcoder, layer=13, feature=7930, pos=36)",1
0,63,488,transcoder,14,14,7558,lorsa,1.3172794580459595,0.6190248131752014,-0.6982546448707581,0.0,-0.530073281417857,"Node(id=28_7558_14, type=lorsa, layer=14, feature=7558, pos=14)",1
0,63,488,transcoder,14,21,10843,lorsa,3.2089242935180664,2.1825618743896484,-1.026362419128418,0.0,-0.31984625539519274,"Node(id=28_10843_21, type=lorsa, layer=14, feature=10843, pos=21)",1
0,63,488,transcoder,14,36,3897,lorsa,3.076256036758423,2.4037487506866455,-0.6725072860717773,0.0,-0.21861226049975535,"Node(id=28_3897_36, type=lorsa, layer=14, feature=3897, pos=36)",1
0,63,488,transcoder,14,36,8968,lorsa,0.9133227467536926,0.0,-0.9133227467536926,0.0,-1.0,"Node(id=28_8968_36, type=lorsa, layer=14, feature=8968, pos=36)",1
0,63,488,transcoder,14,21,969,transcoder,1.0221160650253296,0.16509169340133667,-0.8570243716239929,0.0,-0.8384804827451319,"Node(id=29_969_21, type=transcoder, layer=14, feature=969, pos=21)",1
0,63,488,transcoder,14,21,1034,transcoder,0.982692539691925,0.3625771105289459,-0.6201154291629791,0.0,-0.6310370783494356,"Node(id=29_1034_21, type=transcoder, layer=14, feature=1034, pos=21)",1
0,63,488,transcoder,14,36,1214,transcoder,1.765131950378418,0.0,-1.765131950378418,0.0,-1.0,"Node(id=29_1214_36, type=transcoder, layer=14, feature=1214, pos=36)",1
0,63,488,transcoder,14,36,8599,transcoder,0.7293266654014587,0.0,-0.7293266654014587,0.0,-1.0,"Node(id=29_8599_36, type=transcoder, layer=14, feature=8599, pos=36)",1
0,63,488,transcoder,14,36,10638,transcoder,1.1475523710250854,0.9159541726112366,-0.23159819841384888,0.0,-0.20181928447149378,"Node(id=29_10638_36, type=transcoder, layer=14, feature=10638, pos=36)",1
0,63,488,transcoder,14,36,15619,transcoder,0.42063450813293457,0.2266310155391693,-0.19400349259376526,0.0,-0.4612163026159843,"Node(id=29_15619_36, type=transcoder, layer=14, feature=15619, pos=36)",1
1,27,717,lorsa,1,27,10637,transcoder,0.4732305109500885,0.3104381561279297,-0.1627923548221588,0.0,-0.3440022379269803,"Node(id=3_10637_27, type=transcoder, layer=1, feature=10637, pos=27)",1
1,27,717,lorsa,2,36,3155,lorsa,4.220008850097656,2.3928654193878174,-1.8271434307098389,0.0,-0.4329714689265537,"Node(id=4_3155_36, type=lorsa, layer=2, feature=3155, pos=36)",1
1,27,717,lorsa,2,27,12270,transcoder,0.32696858048439026,0.24012327194213867,-0.08684530854225159,0.0,-0.26560750397972155,"Node(id=5_12270_27, type=transcoder, layer=2, feature=12270, pos=27)",1
1,27,717,lorsa,2,43,16294,transcoder,0.3670580983161926,0.27524426579475403,-0.0918138325214386,0.0,-0.2501343328007654,"Node(id=5_16294_43, type=transcoder, layer=2, feature=16294, pos=43)",1
1,27,10331,lorsa,1,27,12270,transcoder,0.4896550476551056,0.3445303738117218,-0.1451246738433838,0.0,-0.29638145167371804,"Node(id=3_12270_27, type=transcoder, layer=1, feature=12270, pos=27)",1
1,36,1822,lorsa,1,36,4098,transcoder,0.3550102114677429,0.2816721796989441,-0.07333803176879883,0.0,-0.20658006276944094,"Node(id=3_4098_36, type=transcoder, layer=1, feature=4098, pos=36)",1
1,36,1822,lorsa,1,36,9415,transcoder,0.25213298201560974,0.15942759811878204,-0.0927053838968277,0.0,-0.36768447807073584,"Node(id=3_9415_36, type=transcoder, layer=1, feature=9415, pos=36)",1
1,36,11610,lorsa,1,36,2693,transcoder,0.40440571308135986,0.2506680190563202,-0.15373769402503967,0.0,-0.38015707753888767,"Node(id=3_2693_36, type=transcoder, layer=1, feature=2693, pos=36)",1
1,36,11610,lorsa,1,36,3332,transcoder,0.6595491766929626,0.49241524934768677,-0.16713392734527588,0.0,-0.253406316392206,"Node(id=3_3332_36, type=transcoder, layer=1, feature=3332, pos=36)",1
1,36,11610,lorsa,1,36,4185,transcoder,0.18272526562213898,0.0,-0.18272526562213898,0.0,-1.0,"Node(id=3_4185_36, type=transcoder, layer=1, feature=4185, pos=36)",1
1,36,11610,lorsa,1,36,9415,transcoder,0.25213298201560974,0.17769688367843628,-0.07443609833717346,0.0,-0.29522555019225954,"Node(id=3_9415_36, type=transcoder, layer=1, feature=9415, pos=36)",1
1,36,11614,lorsa,1,36,3332,transcoder,0.6595491766929626,0.18047839403152466,-0.479070782661438,0.0,-0.7263609744212568,"Node(id=3_3332_36, type=transcoder, layer=1, feature=3332, pos=36)",1
1,36,11614,lorsa,1,36,4098,transcoder,0.3550102114677429,0.2281852811574936,-0.12682493031024933,0.0,-0.35724304882923896,"Node(id=3_4098_36, type=transcoder, layer=1, feature=4098, pos=36)",1
1,36,11614,lorsa,1,36,4185,transcoder,0.18272526562213898,0.0,-0.18272526562213898,0.0,-1.0,"Node(id=3_4185_36, type=transcoder, layer=1, feature=4185, pos=36)",1
1,36,11614,lorsa,1,36,4314,transcoder,0.5429596900939941,0.0,-0.5429596900939941,0.0,-1.0,"Node(id=3_4314_36, type=transcoder, layer=1, feature=4314, pos=36)",1
1,36,11614,lorsa,1,36,9415,transcoder,0.25213298201560974,0.0,-0.25213298201560974,0.0,-1.0,"Node(id=3_9415_36, type=transcoder, layer=1, feature=9415, pos=36)",1
1,36,11614,lorsa,1,36,10566,transcoder,0.5374178886413574,0.18161694705486298,-0.35580094158649445,0.0,-0.6620563794145231,"Node(id=3_10566_36, type=transcoder, layer=1, feature=10566, pos=36)",1
1,36,11614,lorsa,2,36,3083,lorsa,2.1323702335357666,0.0,-2.1323702335357666,0.0,-1.0,"Node(id=4_3083_36, type=lorsa, layer=2, feature=3083, pos=36)",1
1,36,11614,lorsa,2,36,3155,lorsa,4.220008850097656,0.0,-4.220008850097656,0.0,-1.0,"Node(id=4_3155_36, type=lorsa, layer=2, feature=3155, pos=36)",1
1,36,11614,lorsa,2,36,12490,lorsa,3.5559499263763428,1.8755748271942139,-1.680375099182129,0.0,-0.4725530825723689,"Node(id=4_12490_36, type=lorsa, layer=2, feature=12490, pos=36)",1
1,36,11614,lorsa,2,36,8480,transcoder,0.4812658429145813,0.3189754784107208,-0.16229036450386047,0.0,-0.33721563018272416,"Node(id=5_8480_36, type=transcoder, layer=2, feature=8480, pos=36)",1
1,36,11614,lorsa,2,36,10873,transcoder,0.6764044165611267,0.5214122533798218,-0.15499216318130493,0.0,-0.2291412642887412,"Node(id=5_10873_36, type=transcoder, layer=2, feature=10873, pos=36)",1
1,36,11614,lorsa,2,36,13998,transcoder,0.6966379284858704,0.19480346143245697,-0.5018344670534134,0.0,-0.7203662713917132,"Node(id=5_13998_36, type=transcoder, layer=2, feature=13998, pos=36)",1
1,36,11614,lorsa,2,36,15252,transcoder,0.285544753074646,0.2057468593120575,-0.0797978937625885,0.0,-0.27945844881880233,"Node(id=5_15252_36, type=transcoder, layer=2, feature=15252, pos=36)",1
1,36,11614,lorsa,2,36,15275,transcoder,0.42236605286598206,0.2677302956581116,-0.15463575720787048,0.0,-0.3661178642520706,"Node(id=5_15275_36, type=transcoder, layer=2, feature=15275, pos=36)",1
1,36,11614,lorsa,2,36,15667,transcoder,0.26635974645614624,0.0,-0.26635974645614624,0.0,-1.0,"Node(id=5_15667_36, type=transcoder, layer=2, feature=15667, pos=36)",1
1,36,11614,lorsa,3,27,1736,lorsa,4.417971134185791,2.148125410079956,-2.269845724105835,0.0,-0.513775589555579,"Node(id=6_1736_27, type=lorsa, layer=3, feature=1736, pos=27)",1
1,36,11614,lorsa,3,27,8452,transcoder,0.9483512043952942,0.7521761655807495,-0.19617503881454468,0.0,-0.20685906013019043,"Node(id=7_8452_27, type=transcoder, layer=3, feature=8452, pos=27)",1
1,36,11614,lorsa,3,27,14691,transcoder,0.7342837452888489,0.5014188289642334,-0.23286491632461548,0.0,-0.317132059396211,"Node(id=7_14691_27, type=transcoder, layer=3, feature=14691, pos=27)",1
1,36,11614,lorsa,3,36,2235,transcoder,1.183021068572998,0.8163583874702454,-0.3666626811027527,0.0,-0.30993757494533397,"Node(id=7_2235_36, type=transcoder, layer=3, feature=2235, pos=36)",1
1,36,11614,lorsa,3,36,4451,transcoder,0.9956201910972595,0.6903070211410522,-0.3053131699562073,0.0,-0.30665626579923594,"Node(id=7_4451_36, type=transcoder, layer=3, feature=4451, pos=36)",1
1,36,11614,lorsa,3,36,13706,transcoder,0.7337140440940857,0.3926439583301544,-0.3410700857639313,0.0,-0.4648542419343348,"Node(id=7_13706_36, type=transcoder, layer=3, feature=13706, pos=36)",1
1,36,11614,lorsa,3,43,5448,transcoder,1.2499865293502808,0.8695240020751953,-0.38046252727508545,0.0,-0.3043733019049754,"Node(id=7_5448_43, type=transcoder, layer=3, feature=5448, pos=43)",1
1,36,11614,lorsa,4,27,3261,transcoder,0.34043648838996887,0.25276896357536316,-0.08766752481460571,0.0,-0.25751506611178193,"Node(id=9_3261_27, type=transcoder, layer=4, feature=3261, pos=27)",1
1,36,11614,lorsa,4,27,16070,transcoder,0.49171632528305054,0.39274975657463074,-0.0989665687084198,0.0,-0.20126760821180972,"Node(id=9_16070_27, type=transcoder, layer=4, feature=16070, pos=27)",1
1,36,11614,lorsa,4,36,2320,transcoder,2.2965035438537598,1.7966392040252686,-0.4998643398284912,0.0,-0.2176632129161314,"Node(id=9_2320_36, type=transcoder, layer=4, feature=2320, pos=36)",1
1,36,11614,lorsa,4,36,11907,transcoder,1.1186275482177734,0.8498804569244385,-0.26874709129333496,0.0,-0.24024715976422165,"Node(id=9_11907_36, type=transcoder, layer=4, feature=11907, pos=36)",1
1,36,11614,lorsa,4,43,16362,transcoder,0.41338375210762024,0.2970471978187561,-0.11633655428886414,0.0,-0.2814250770518361,"Node(id=9_16362_43, type=transcoder, layer=4, feature=16362, pos=43)",1
1,36,11614,lorsa,5,59,15061,lorsa,1.0584943294525146,0.5860072374343872,-0.47248709201812744,0.0,-0.446376592553417,"Node(id=10_15061_59, type=lorsa, layer=5, feature=15061, pos=59)",1
1,36,11614,lorsa,5,36,2716,transcoder,0.4400579631328583,0.34882861375808716,-0.09122934937477112,0.0,-0.20731212026091206,"Node(id=11_2716_36, type=transcoder, layer=5, feature=2716, pos=36)",1
1,36,11614,lorsa,5,43,7776,transcoder,0.5750432014465332,0.45437946915626526,-0.12066373229026794,0.0,-0.20983420373762493,"Node(id=11_7776_43, type=transcoder, layer=5, feature=7776, pos=43)",1
1,36,11614,lorsa,6,36,11513,transcoder,0.44179219007492065,0.3383387327194214,-0.10345345735549927,0.0,-0.23416769168770338,"Node(id=13_11513_36, type=transcoder, layer=6, feature=11513, pos=36)",1
1,36,11614,lorsa,7,36,5459,lorsa,3.490706443786621,2.690516233444214,-0.8001902103424072,0.0,-0.2292344610549328,"Node(id=14_5459_36, type=lorsa, layer=7, feature=5459, pos=36)",1
1,36,11614,lorsa,11,42,4503,lorsa,3.0655462741851807,1.8042482137680054,-1.2612980604171753,0.0,-0.41144316464524,"Node(id=22_4503_42, type=lorsa, layer=11, feature=4503, pos=42)",1
1,36,11614,lorsa,12,52,13529,lorsa,1.9571092128753662,1.2323620319366455,-0.7247471809387207,0.0,-0.3703151444849258,"Node(id=24_13529_52, type=lorsa, layer=12, feature=13529, pos=52)",1
1,36,11614,lorsa,12,36,8564,transcoder,0.5210015177726746,0.39989304542541504,-0.12110847234725952,0.0,-0.2324532044839494,"Node(id=25_8564_36, type=transcoder, layer=12, feature=8564, pos=36)",1
1,36,11614,lorsa,13,36,5534,lorsa,1.6633868217468262,1.2308833599090576,-0.43250346183776855,0.0,-0.2600137599885333,"Node(id=26_5534_36, type=lorsa, layer=13, feature=5534, pos=36)",1
1,36,11614,lorsa,13,36,6705,transcoder,0.18148913979530334,0.0,-0.18148913979530334,0.0,-1.0,"Node(id=27_6705_36, type=transcoder, layer=13, feature=6705, pos=36)",1
1,36,11614,lorsa,13,57,4451,transcoder,0.19393160939216614,0.10779105871915817,-0.08614055067300797,0.0,-0.4441800433822812,"Node(id=27_4451_57, type=transcoder, layer=13, feature=4451, pos=57)",1
1,36,11614,lorsa,14,7,6541,lorsa,1.711766004562378,1.2319272756576538,-0.4798387289047241,0.0,-0.28031794510803915,"Node(id=28_6541_7, type=lorsa, layer=14, feature=6541, pos=7)",1
1,36,11614,lorsa,14,14,6541,lorsa,1.2900267839431763,0.836568295955658,-0.4534584879875183,0.0,-0.35151090941030605,"Node(id=28_6541_14, type=lorsa, layer=14, feature=6541, pos=14)",1
1,36,11614,lorsa,14,36,8968,lorsa,0.9133227467536926,0.5306950807571411,-0.3826276659965515,0.0,-0.4189402567236613,"Node(id=28_8968_36, type=lorsa, layer=14, feature=8968, pos=36)",1
1,36,11885,lorsa,1,36,4314,transcoder,0.5429596900939941,0.4196365773677826,-0.12332311272621155,0.0,-0.22713124929193645,"Node(id=3_4314_36, type=transcoder, layer=1, feature=4314, pos=36)",1
1,36,11885,lorsa,2,36,13998,transcoder,0.6966379284858704,0.5362676382064819,-0.16037029027938843,0.0,-0.2302060851437565,"Node(id=5_13998_36, type=transcoder, layer=2, feature=13998, pos=36)",1
1,36,15480,lorsa,1,36,4098,transcoder,0.3550102114677429,0.1984500139951706,-0.15656019747257233,0.0,-0.4410019554798011,"Node(id=3_4098_36, type=transcoder, layer=1, feature=4098, pos=36)",1
1,36,15480,lorsa,1,36,4185,transcoder,0.18272526562213898,0.0,-0.18272526562213898,0.0,-1.0,"Node(id=3_4185_36, type=transcoder, layer=1, feature=4185, pos=36)",1
1,36,15480,lorsa,1,36,9415,transcoder,0.25213298201560974,0.0,-0.25213298201560974,0.0,-1.0,"Node(id=3_9415_36, type=transcoder, layer=1, feature=9415, pos=36)",1
1,36,15480,lorsa,1,36,10566,transcoder,0.5374178886413574,0.17439685761928558,-0.36302103102207184,0.0,-0.6754911563138005,"Node(id=3_10566_36, type=transcoder, layer=1, feature=10566, pos=36)",1
1,36,15480,lorsa,2,36,14549,lorsa,1.2103852033615112,0.0,-1.2103852033615112,0.0,-1.0,"Node(id=4_14549_36, type=lorsa, layer=2, feature=14549, pos=36)",1
1,36,15480,lorsa,2,36,14795,lorsa,4.014857292175293,0.0,-4.014857292175293,0.0,-1.0,"Node(id=4_14795_36, type=lorsa, layer=2, feature=14795, pos=36)",1
1,36,15480,lorsa,2,36,5542,transcoder,0.2800012230873108,0.17393560707569122,-0.10606561601161957,0.0,-0.3788041167896823,"Node(id=5_5542_36, type=transcoder, layer=2, feature=5542, pos=36)",1
1,36,15480,lorsa,2,36,10873,transcoder,0.6764044165611267,0.46963179111480713,-0.20677262544631958,0.0,-0.3056937837537516,"Node(id=5_10873_36, type=transcoder, layer=2, feature=10873, pos=36)",1
1,36,15480,lorsa,2,36,13998,transcoder,0.6966379284858704,0.3928840458393097,-0.30375388264656067,0.0,-0.436028344461181,"Node(id=5_13998_36, type=transcoder, layer=2, feature=13998, pos=36)",1
1,36,15480,lorsa,2,36,15252,transcoder,0.285544753074646,0.13812564313411713,-0.14741910994052887,0.0,-0.5162732228597146,"Node(id=5_15252_36, type=transcoder, layer=2, feature=15252, pos=36)",1
1,36,15480,lorsa,2,36,15275,transcoder,0.42236605286598206,0.3278769850730896,-0.09448906779289246,0.0,-0.22371368899496785,"Node(id=5_15275_36, type=transcoder, layer=2, feature=15275, pos=36)",1
1,36,15480,lorsa,2,36,15667,transcoder,0.26635974645614624,0.0,-0.26635974645614624,0.0,-1.0,"Node(id=5_15667_36, type=transcoder, layer=2, feature=15667, pos=36)",1
1,36,15480,lorsa,3,27,1736,lorsa,4.417971134185791,2.154898166656494,-2.263072967529297,0.0,-0.5122425880101115,"Node(id=6_1736_27, type=lorsa, layer=3, feature=1736, pos=27)",1
1,36,15480,lorsa,3,27,8452,transcoder,0.9483512043952942,0.7089263796806335,-0.23942482471466064,0.0,-0.2524643018377641,"Node(id=7_8452_27, type=transcoder, layer=3, feature=8452, pos=27)",1
1,36,15480,lorsa,3,27,14691,transcoder,0.7342837452888489,0.30857372283935547,-0.4257100224494934,0.0,-0.5797622856025905,"Node(id=7_14691_27, type=transcoder, layer=3, feature=14691, pos=27)",1
1,36,15480,lorsa,3,36,4451,transcoder,0.9956201910972595,0.7100046277046204,-0.28561556339263916,0.0,-0.2868720079670804,"Node(id=7_4451_36, type=transcoder, layer=3, feature=4451, pos=36)",1
1,36,15480,lorsa,3,36,15642,transcoder,0.8003482818603516,0.6276784539222717,-0.17266982793807983,0.0,-0.2157433605488867,"Node(id=7_15642_36, type=transcoder, layer=3, feature=15642, pos=36)",1
1,36,15480,lorsa,3,43,5448,transcoder,1.2499865293502808,0.9528725147247314,-0.2971140146255493,0.0,-0.23769377321208696,"Node(id=7_5448_43, type=transcoder, layer=3, feature=5448, pos=43)",1
1,36,15480,lorsa,4,27,3261,transcoder,0.34043648838996887,0.2289426475763321,-0.11149384081363678,0.0,-0.3275026168344239,"Node(id=9_3261_27, type=transcoder, layer=4, feature=3261, pos=27)",1
1,36,15480,lorsa,4,27,16070,transcoder,0.49171632528305054,0.35159850120544434,-0.1401178240776062,0.0,-0.28495662412052125,"Node(id=9_16070_27, type=transcoder, layer=4, feature=16070, pos=27)",1
1,36,15480,lorsa,4,34,14387,transcoder,0.8890300393104553,0.6592860221862793,-0.22974401712417603,0.0,-0.25842098350508924,"Node(id=9_14387_34, type=transcoder, layer=4, feature=14387, pos=34)",1
1,36,15480,lorsa,5,36,13320,lorsa,2.290212869644165,1.7878421545028687,-0.5023707151412964,0.0,-0.21935546769473474,"Node(id=10_13320_36, type=lorsa, layer=5, feature=13320, pos=36)",1
1,36,15480,lorsa,5,59,15061,lorsa,1.0584943294525146,0.45211416482925415,-0.6063801646232605,0.0,-0.5728704894781049,"Node(id=10_15061_59, type=lorsa, layer=5, feature=15061, pos=59)",1
1,36,15480,lorsa,5,36,2716,transcoder,0.4400579631328583,0.3508010506629944,-0.08925691246986389,0.0,-0.20282989957601621,"Node(id=11_2716_36, type=transcoder, layer=5, feature=2716, pos=36)",1
1,36,15480,lorsa,6,3,6259,transcoder,0.9025176763534546,0.7050392627716064,-0.19747841358184814,0.0,-0.2188083610503262,"Node(id=13_6259_3, type=transcoder, layer=6, feature=6259, pos=3)",1
1,36,15480,lorsa,7,36,5459,lorsa,3.490706443786621,2.6266863346099854,-0.8640201091766357,0.0,-0.24752012897405684,"Node(id=14_5459_36, type=lorsa, layer=7, feature=5459, pos=36)",1
1,36,15480,lorsa,11,42,4503,lorsa,3.0655462741851807,2.2797579765319824,-0.7857882976531982,0.0,-0.25632896305310543,"Node(id=22_4503_42, type=lorsa, layer=11, feature=4503, pos=42)",1
1,36,15480,lorsa,12,52,13529,lorsa,1.9571092128753662,1.3890876770019531,-0.5680215358734131,0.0,-0.2902349711178771,"Node(id=24_13529_52, type=lorsa, layer=12, feature=13529, pos=52)",1
1,36,15480,lorsa,13,36,6705,transcoder,0.18148913979530334,0.0,-0.18148913979530334,0.0,-1.0,"Node(id=27_6705_36, type=transcoder, layer=13, feature=6705, pos=36)",1
1,36,15480,lorsa,13,57,4451,transcoder,0.19393160939216614,0.12695753574371338,-0.06697407364845276,0.0,-0.34534892923524707,"Node(id=27_4451_57, type=transcoder, layer=13, feature=4451, pos=57)",1
1,36,15480,lorsa,14,7,6541,lorsa,1.711766004562378,1.3295117616653442,-0.3822542428970337,0.0,-0.22330986938530714,"Node(id=28_6541_7, type=lorsa, layer=14, feature=6541, pos=7)",1
1,36,15480,lorsa,14,14,6541,lorsa,1.2900267839431763,0.9416187405586243,-0.348408043384552,0.0,-0.27007814699752686,"Node(id=28_6541_14, type=lorsa, layer=14, feature=6541, pos=14)",1
1,36,15480,lorsa,14,36,8968,lorsa,0.9133227467536926,0.6102158427238464,-0.3031069040298462,0.0,-0.3318727198103924,"Node(id=28_8968_36, type=lorsa, layer=14, feature=8968, pos=36)",1
1,45,1574,lorsa,2,45,7972,transcoder,0.8607460856437683,0.26015615463256836,-0.6005899310112,0.0,-0.6977550534685352,"Node(id=5_7972_45, type=transcoder, layer=2, feature=7972, pos=45)",1
1,45,1574,lorsa,3,45,4566,lorsa,3.5311343669891357,2.640597105026245,-0.8905372619628906,0.0,-0.25219580152148613,"Node(id=6_4566_45, type=lorsa, layer=3, feature=4566, pos=45)",1
1,45,1574,lorsa,8,36,1476,lorsa,1.4948394298553467,1.016366958618164,-0.4784724712371826,0.0,-0.32008285417215926,"Node(id=16_1476_36, type=lorsa, layer=8, feature=1476, pos=36)",1
1,45,8213,lorsa,2,45,14055,lorsa,3.8383095264434814,2.2271273136138916,-1.6111822128295898,0.0,-0.419763492685929,"Node(id=4_14055_45, type=lorsa, layer=2, feature=14055, pos=45)",1
1,63,7261,lorsa,1,63,12883,transcoder,0.8133741617202759,0.514552652835846,-0.29882150888442993,0.0,-0.36738505222790246,"Node(id=3_12883_63, type=transcoder, layer=1, feature=12883, pos=63)",1
1,3,853,transcoder,2,3,1,transcoder,0.9149532318115234,0.48483484983444214,-0.4301183819770813,0.0,-0.47009876245312165,"Node(id=5_1_3, type=transcoder, layer=2, feature=1, pos=3)",1
1,3,853,transcoder,3,3,5514,transcoder,0.8981991410255432,0.5286146402359009,-0.36958450078964233,0.0,-0.41147278360526957,"Node(id=7_5514_3, type=transcoder, layer=3, feature=5514, pos=3)",1
1,3,853,transcoder,13,57,4451,transcoder,0.19393160939216614,0.1437956690788269,-0.05013594031333923,0.0,-0.25852381914675365,"Node(id=27_4451_57, type=transcoder, layer=13, feature=4451, pos=57)",1
1,3,853,transcoder,14,36,8968,lorsa,0.9133227467536926,0.6466175317764282,-0.2667052149772644,0.0,-0.2920163939037316,"Node(id=28_8968_36, type=lorsa, layer=14, feature=8968, pos=36)",1
1,18,14853,transcoder,2,18,15753,transcoder,0.674092710018158,0.5050092935562134,-0.16908341646194458,0.0,-0.2508311007508003,"Node(id=5_15753_18, type=transcoder, layer=2, feature=15753, pos=18)",1
1,20,11907,transcoder,2,20,10777,lorsa,3.3418948650360107,1.2078628540039062,-2.1340320110321045,0.0,-0.6385694634978019,"Node(id=4_10777_20, type=lorsa, layer=2, feature=10777, pos=20)",1
1,20,11907,transcoder,2,20,15512,transcoder,0.8344085216522217,0.3329525589942932,-0.5014559626579285,0.0,-0.6009717658024272,"Node(id=5_15512_20, type=transcoder, layer=2, feature=15512, pos=20)",1
1,20,11907,transcoder,3,20,2651,lorsa,3.3821523189544678,1.572434663772583,-1.8097176551818848,0.0,-0.5350786967930903,"Node(id=6_2651_20, type=lorsa, layer=3, feature=2651, pos=20)",1
1,20,11907,transcoder,3,34,11060,lorsa,2.1169443130493164,1.3122496604919434,-0.804694652557373,0.0,-0.38012084096735843,"Node(id=6_11060_34, type=lorsa, layer=3, feature=11060, pos=34)",1
1,20,11907,transcoder,3,20,1599,transcoder,1.0415526628494263,0.0,-1.0415526628494263,0.0,-1.0,"Node(id=7_1599_20, type=transcoder, layer=3, feature=1599, pos=20)",1
1,20,11907,transcoder,4,20,8194,transcoder,1.2885198593139648,0.5486839413642883,-0.7398359179496765,0.0,-0.5741750215193274,"Node(id=9_8194_20, type=transcoder, layer=4, feature=8194, pos=20)",1
1,20,11907,transcoder,4,34,14387,transcoder,0.8890300393104553,0.7094752192497253,-0.17955482006072998,0.0,-0.2019671013591344,"Node(id=9_14387_34, type=transcoder, layer=4, feature=14387, pos=34)",1
1,20,11907,transcoder,6,20,2562,transcoder,1.9573559761047363,0.0,-1.9573559761047363,0.0,-1.0,"Node(id=13_2562_20, type=transcoder, layer=6, feature=2562, pos=20)",1
1,20,11907,transcoder,7,38,14502,lorsa,3.504657745361328,0.0,-3.504657745361328,0.0,-1.0,"Node(id=14_14502_38, type=lorsa, layer=7, feature=14502, pos=38)",1
1,20,11907,transcoder,7,20,10549,transcoder,2.3378570079803467,0.0,-2.3378570079803467,0.0,-1.0,"Node(id=15_10549_20, type=transcoder, layer=7, feature=10549, pos=20)",1
1,20,11907,transcoder,7,20,14452,transcoder,3.8120827674865723,1.9407472610473633,-1.871335506439209,0.0,-0.49089582272449983,"Node(id=15_14452_20, type=transcoder, layer=7, feature=14452, pos=20)",1
1,20,11907,transcoder,8,38,9586,lorsa,4.022851943969727,0.0,-4.022851943969727,0.0,-1.0,"Node(id=16_9586_38, type=lorsa, layer=8, feature=9586, pos=38)",1
1,20,11907,transcoder,8,36,776,transcoder,0.732367753982544,0.5565717816352844,-0.17579597234725952,0.0,-0.24003783808243642,"Node(id=17_776_36, type=transcoder, layer=8, feature=776, pos=36)",1
1,20,11907,transcoder,9,36,3901,transcoder,0.5146542191505432,0.36110979318618774,-0.15354442596435547,0.0,-0.298344830860974,"Node(id=19_3901_36, type=transcoder, layer=9, feature=3901, pos=36)",1
1,20,11907,transcoder,11,36,14840,lorsa,1.7748255729675293,0.986836850643158,-0.7879887223243713,0.0,-0.4439809378038456,"Node(id=22_14840_36, type=lorsa, layer=11, feature=14840, pos=36)",1
1,20,11907,transcoder,11,52,1680,lorsa,2.564471960067749,1.9604555368423462,-0.6040164232254028,0.0,-0.2355324732072507,"Node(id=22_1680_52, type=lorsa, layer=11, feature=1680, pos=52)",1
1,20,11907,transcoder,12,36,9871,lorsa,1.8985333442687988,0.0,-1.8985333442687988,0.0,-1.0,"Node(id=24_9871_36, type=lorsa, layer=12, feature=9871, pos=36)",1
1,20,11907,transcoder,12,36,9878,lorsa,1.8616447448730469,0.0,-1.8616447448730469,0.0,-1.0,"Node(id=24_9878_36, type=lorsa, layer=12, feature=9878, pos=36)",1
1,20,11907,transcoder,12,36,8564,transcoder,0.5210015177726746,0.20730812847614288,-0.3136933892965317,0.0,-0.6020968818624509,"Node(id=25_8564_36, type=transcoder, layer=12, feature=8564, pos=36)",1
1,20,11907,transcoder,13,36,5534,lorsa,1.6633868217468262,1.0232720375061035,-0.6401147842407227,0.0,-0.38482617264485613,"Node(id=26_5534_36, type=lorsa, layer=13, feature=5534, pos=36)",1
1,20,11907,transcoder,13,36,9238,lorsa,2.624382734298706,1.9430187940597534,-0.6813639402389526,0.0,-0.25962826661448385,"Node(id=26_9238_36, type=lorsa, layer=13, feature=9238, pos=36)",1
1,20,11907,transcoder,13,36,3932,transcoder,0.7543947100639343,0.0,-0.7543947100639343,0.0,-1.0,"Node(id=27_3932_36, type=transcoder, layer=13, feature=3932, pos=36)",1
1,20,11907,transcoder,13,36,6705,transcoder,0.18148913979530334,0.0,-0.18148913979530334,0.0,-1.0,"Node(id=27_6705_36, type=transcoder, layer=13, feature=6705, pos=36)",1
1,20,11907,transcoder,13,36,7930,transcoder,0.6133290529251099,0.21829646825790405,-0.3950325846672058,0.0,-0.6440793612877181,"Node(id=27_7930_36, type=transcoder, layer=13, feature=7930, pos=36)",1
1,20,11907,transcoder,13,57,4451,transcoder,0.19393160939216614,0.0,-0.19393160939216614,0.0,-1.0,"Node(id=27_4451_57, type=transcoder, layer=13, feature=4451, pos=57)",1
1,20,11907,transcoder,13,57,12931,transcoder,0.38083311915397644,0.0,-0.38083311915397644,0.0,-1.0,"Node(id=27_12931_57, type=transcoder, layer=13, feature=12931, pos=57)",1
1,20,11907,transcoder,14,7,6541,lorsa,1.711766004562378,0.0,-1.711766004562378,0.0,-1.0,"Node(id=28_6541_7, type=lorsa, layer=14, feature=6541, pos=7)",1
1,20,11907,transcoder,14,14,6541,lorsa,1.2900267839431763,0.0,-1.2900267839431763,0.0,-1.0,"Node(id=28_6541_14, type=lorsa, layer=14, feature=6541, pos=14)",1
1,20,11907,transcoder,14,21,10843,lorsa,3.2089242935180664,1.719294548034668,-1.4896297454833984,0.0,-0.46421467421104545,"Node(id=28_10843_21, type=lorsa, layer=14, feature=10843, pos=21)",1
1,20,11907,transcoder,14,36,8968,lorsa,0.9133227467536926,0.0,-0.9133227467536926,0.0,-1.0,"Node(id=28_8968_36, type=lorsa, layer=14, feature=8968, pos=36)",1
1,20,11907,transcoder,14,21,969,transcoder,1.0221160650253296,0.17287513613700867,-0.8492409288883209,0.0,-0.8308654544699632,"Node(id=29_969_21, type=transcoder, layer=14, feature=969, pos=21)",1
1,20,11907,transcoder,14,21,1034,transcoder,0.982692539691925,0.5322272181510925,-0.4504653215408325,0.0,-0.458399044814214,"Node(id=29_1034_21, type=transcoder, layer=14, feature=1034, pos=21)",1
1,20,11907,transcoder,14,36,138,transcoder,5.686919212341309,4.252247333526611,-1.4346718788146973,0.0,-0.25227576219146636,"Node(id=29_138_36, type=transcoder, layer=14, feature=138, pos=36)",1
1,20,11907,transcoder,14,36,1214,transcoder,1.765131950378418,0.0,-1.765131950378418,0.0,-1.0,"Node(id=29_1214_36, type=transcoder, layer=14, feature=1214, pos=36)",1
1,20,11907,transcoder,14,36,8599,transcoder,0.7293266654014587,0.0,-0.7293266654014587,0.0,-1.0,"Node(id=29_8599_36, type=transcoder, layer=14, feature=8599, pos=36)",1
1,20,11907,transcoder,14,36,12029,transcoder,1.2375859022140503,0.8178317546844482,-0.41975414752960205,0.0,-0.33917172680996027,"Node(id=29_12029_36, type=transcoder, layer=14, feature=12029, pos=36)",1
1,20,11907,transcoder,14,36,14940,transcoder,1.4348654747009277,0.7584572434425354,-0.6764082312583923,0.0,-0.47140881370734605,"Node(id=29_14940_36, type=transcoder, layer=14, feature=14940, pos=36)",1
1,20,11907,transcoder,14,36,15619,transcoder,0.42063450813293457,0.0,-0.42063450813293457,0.0,-1.0,"Node(id=29_15619_36, type=transcoder, layer=14, feature=15619, pos=36)",1
1,21,612,transcoder,2,36,14549,lorsa,1.2103852033615112,0.8957656621932983,-0.3146195411682129,0.0,-0.25993339995766956,"Node(id=4_14549_36, type=lorsa, layer=2, feature=14549, pos=36)",1
1,21,612,transcoder,2,36,5542,transcoder,0.2800012230873108,0.16521380841732025,-0.11478741466999054,0.0,-0.40995326164770785,"Node(id=5_5542_36, type=transcoder, layer=2, feature=5542, pos=36)",1
1,21,612,transcoder,2,36,15667,transcoder,0.26635974645614624,0.20642849802970886,-0.05993124842643738,0.0,-0.22500114684673092,"Node(id=5_15667_36, type=transcoder, layer=2, feature=15667, pos=36)",1
1,21,612,transcoder,3,27,14691,transcoder,0.7342837452888489,0.5655582547187805,-0.16872549057006836,0.0,-0.2297824126607841,"Node(id=7_14691_27, type=transcoder, layer=3, feature=14691, pos=27)",1
1,21,612,transcoder,5,59,15061,lorsa,1.0584943294525146,0.8450911045074463,-0.21340322494506836,0.0,-0.20161017306105644,"Node(id=10_15061_59, type=lorsa, layer=5, feature=15061, pos=59)",1
1,21,14853,transcoder,2,21,9335,lorsa,3.3572487831115723,2.63144850730896,-0.7258002758026123,0.0,-0.21618900554933693,"Node(id=4_9335_21, type=lorsa, layer=2, feature=9335, pos=21)",1
1,21,14853,transcoder,2,36,14795,lorsa,4.014857292175293,3.206639051437378,-0.808218240737915,0.0,-0.2013068415440524,"Node(id=4_14795_36, type=lorsa, layer=2, feature=14795, pos=36)",1
1,21,14853,transcoder,2,21,15753,transcoder,0.7718446254730225,0.48128730058670044,-0.290557324886322,0.0,-0.3764453560951531,"Node(id=5_15753_21, type=transcoder, layer=2, feature=15753, pos=21)",1
1,21,14853,transcoder,2,36,5542,transcoder,0.2800012230873108,0.0,-0.2800012230873108,0.0,-1.0,"Node(id=5_5542_36, type=transcoder, layer=2, feature=5542, pos=36)",1
1,21,14853,transcoder,2,36,10873,transcoder,0.6764044165611267,0.5167665481567383,-0.15963786840438843,0.0,-0.23600950037552268,"Node(id=5_10873_36, type=transcoder, layer=2, feature=10873, pos=36)",1
1,21,14853,transcoder,2,36,15252,transcoder,0.285544753074646,0.0,-0.285544753074646,0.0,-1.0,"Node(id=5_15252_36, type=transcoder, layer=2, feature=15252, pos=36)",1
1,21,14853,transcoder,2,36,15667,transcoder,0.26635974645614624,0.1957407146692276,-0.07061903178691864,0.0,-0.2651265167747313,"Node(id=5_15667_36, type=transcoder, layer=2, feature=15667, pos=36)",1
1,21,14853,transcoder,3,27,1736,lorsa,4.417971134185791,3.092318058013916,-1.325653076171875,0.0,-0.3000592434645198,"Node(id=6_1736_27, type=lorsa, layer=3, feature=1736, pos=27)",1
1,21,14853,transcoder,3,36,13719,lorsa,2.6054978370666504,2.016099214553833,-0.5893986225128174,0.0,-0.22621343765012697,"Node(id=6_13719_36, type=lorsa, layer=3, feature=13719, pos=36)",1
1,21,14853,transcoder,3,36,13736,lorsa,3.7523114681243896,2.9356608390808105,-0.8166506290435791,0.0,-0.2176393500328974,"Node(id=6_13736_36, type=lorsa, layer=3, feature=13736, pos=36)",1
1,21,14853,transcoder,3,27,14691,transcoder,0.7342837452888489,0.5140684843063354,-0.22021526098251343,0.0,-0.29990485612055356,"Node(id=7_14691_27, type=transcoder, layer=3, feature=14691, pos=27)",1
1,21,14853,transcoder,4,27,16070,transcoder,0.49171632528305054,0.38704100251197815,-0.10467532277107239,0.0,-0.2128774608221871,"Node(id=9_16070_27, type=transcoder, layer=4, feature=16070, pos=27)",1
1,21,14853,transcoder,4,43,16362,transcoder,0.41338375210762024,0.3284531235694885,-0.08493062853813171,0.0,-0.2054522658549504,"Node(id=9_16362_43, type=transcoder, layer=4, feature=16362, pos=43)",1
1,21,14853,transcoder,5,59,15061,lorsa,1.0584943294525146,0.7706754207611084,-0.28781890869140625,0.0,-0.2719135102407917,"Node(id=10_15061_59, type=lorsa, layer=5, feature=15061, pos=59)",1
1,27,10637,transcoder,2,36,3155,lorsa,4.220008850097656,1.8531885147094727,-2.3668203353881836,0.0,-0.5608567231638418,"Node(id=4_3155_36, type=lorsa, layer=2, feature=3155, pos=36)",1
1,27,10637,transcoder,2,27,12270,transcoder,0.32696858048439026,0.25932571291923523,-0.06764286756515503,0.0,-0.20687879999033837,"Node(id=5_12270_27, type=transcoder, layer=2, feature=12270, pos=27)",1
1,27,10637,transcoder,2,36,15667,transcoder,0.26635974645614624,0.1991652548313141,-0.06719449162483215,0.0,-0.2522696935961197,"Node(id=5_15667_36, type=transcoder, layer=2, feature=15667, pos=36)",1
1,27,10637,transcoder,3,36,13706,transcoder,0.7337140440940857,0.5726596713066101,-0.16105437278747559,0.0,-0.2195056426735417,"Node(id=7_13706_36, type=transcoder, layer=3, feature=13706, pos=36)",1
1,36,3332,transcoder,2,36,13998,transcoder,0.6966379284858704,0.5564626455307007,-0.14017528295516968,0.0,-0.20121684051834224,"Node(id=5_13998_36, type=transcoder, layer=2, feature=13998, pos=36)",1
1,36,4314,transcoder,2,36,13998,transcoder,0.6966379284858704,0.5391754508018494,-0.157462477684021,0.0,-0.2260320192818998,"Node(id=5_13998_36, type=transcoder, layer=2, feature=13998, pos=36)",1
1,36,6470,transcoder,2,36,5542,transcoder,0.2800012230873108,0.2139134556055069,-0.0660877674818039,0.0,-0.23602671000189243,"Node(id=5_5542_36, type=transcoder, layer=2, feature=5542, pos=36)",1
1,36,10566,transcoder,2,36,14795,lorsa,4.014857292175293,2.799264669418335,-1.215592622756958,0.0,-0.3027735568898233,"Node(id=4_14795_36, type=lorsa, layer=2, feature=14795, pos=36)",1
1,36,10566,transcoder,2,36,15667,transcoder,0.26635974645614624,0.16977526247501373,-0.09658448398113251,0.0,-0.3626091602284742,"Node(id=5_15667_36, type=transcoder, layer=2, feature=15667, pos=36)",1
1,36,10566,transcoder,3,27,1736,lorsa,4.417971134185791,3.363323450088501,-1.05464768409729,0.0,-0.23871764936093365,"Node(id=6_1736_27, type=lorsa, layer=3, feature=1736, pos=27)",1
1,36,10566,transcoder,3,27,14691,transcoder,0.7342837452888489,0.5679500102996826,-0.16633373498916626,0.0,-0.22652514924422673,"Node(id=7_14691_27, type=transcoder, layer=3, feature=14691, pos=27)",1
1,39,13537,transcoder,2,39,12879,lorsa,3.12951397895813,1.9990592002868652,-1.1304547786712646,0.0,-0.3612237511230459,"Node(id=4_12879_39, type=lorsa, layer=2, feature=12879, pos=39)",1
1,39,13537,transcoder,2,39,13354,transcoder,1.0723226070404053,0.6245298385620117,-0.44779276847839355,0.0,-0.4175914650482797,"Node(id=5_13354_39, type=transcoder, layer=2, feature=13354, pos=39)",1
1,39,13537,transcoder,2,45,7972,transcoder,0.8607460856437683,0.642909586429596,-0.21783649921417236,0.0,-0.2530786986399692,"Node(id=5_7972_45, type=transcoder, layer=2, feature=7972, pos=45)",1
1,39,13537,transcoder,3,39,2945,lorsa,2.4895384311676025,1.774093508720398,-0.7154449224472046,0.0,-0.2873805495389193,"Node(id=6_2945_39, type=lorsa, layer=3, feature=2945, pos=39)",1
1,39,13537,transcoder,3,39,15009,transcoder,0.8709929585456848,0.5798140168190002,-0.29117894172668457,0.0,-0.33430688373517065,"Node(id=7_15009_39, type=transcoder, layer=3, feature=15009, pos=39)",1
1,39,13537,transcoder,13,57,4451,transcoder,0.19393160939216614,0.10222335159778595,-0.09170825779438019,0.0,-0.47288968560524275,"Node(id=27_4451_57, type=transcoder, layer=13, feature=4451, pos=57)",1
1,39,13537,transcoder,14,36,8968,lorsa,0.9133227467536926,0.6972033977508545,-0.21611934900283813,0.0,-0.23662976726574597,"Node(id=28_8968_36, type=lorsa, layer=14, feature=8968, pos=36)",1
1,54,8956,transcoder,2,27,14055,lorsa,3.287790536880493,1.9697225093841553,-1.318068027496338,0.0,-0.400897810462993,"Node(id=4_14055_27, type=lorsa, layer=2, feature=14055, pos=27)",1
1,54,8956,transcoder,2,45,14055,lorsa,3.8383095264434814,2.940650463104248,-0.8976590633392334,0.0,-0.233868336348317,"Node(id=4_14055_45, type=lorsa, layer=2, feature=14055, pos=45)",1
1,54,8956,transcoder,2,54,3004,transcoder,0.7483957409858704,0.12100367248058319,-0.6273920685052872,0.0,-0.8383159258480231,"Node(id=5_3004_54, type=transcoder, layer=2, feature=3004, pos=54)",1
1,54,8956,transcoder,4,45,895,lorsa,1.8530043363571167,1.1575162410736084,-0.6954880952835083,0.0,-0.37532998797552286,"Node(id=8_895_45, type=lorsa, layer=4, feature=895, pos=45)",1
1,54,8956,transcoder,8,36,1476,lorsa,1.4948394298553467,1.0710844993591309,-0.4237549304962158,0.0,-0.28347856099649577,"Node(id=16_1476_36, type=lorsa, layer=8, feature=1476, pos=36)",1
1,54,8956,transcoder,9,36,3901,transcoder,0.5146542191505432,0.38276273012161255,-0.13189148902893066,0.0,-0.25627204464897363,"Node(id=19_3901_36, type=transcoder, layer=9, feature=3901, pos=36)",1
1,58,8956,transcoder,2,58,3004,transcoder,0.9341632127761841,0.2514926791191101,-0.682670533657074,0.0,-0.7307829342029922,"Node(id=5_3004_58, type=transcoder, layer=2, feature=3004, pos=58)",1
1,58,8956,transcoder,3,58,10967,lorsa,2.4667601585388184,1.3051650524139404,-1.161595106124878,0.0,-0.4708990868463463,"Node(id=6_10967_58, type=lorsa, layer=3, feature=10967, pos=58)",1
1,58,8956,transcoder,3,58,9594,transcoder,1.3094115257263184,0.4565257728099823,-0.8528857529163361,0.0,-0.6513504243390925,"Node(id=7_9594_58, type=transcoder, layer=3, feature=9594, pos=58)",1
1,58,8956,transcoder,4,58,15812,transcoder,0.725627601146698,0.55609530210495,-0.16953229904174805,0.0,-0.23363540578368133,"Node(id=9_15812_58, type=transcoder, layer=4, feature=15812, pos=58)",1
1,58,8956,transcoder,8,35,15741,transcoder,0.5565544962882996,0.31113168597221375,-0.24542281031608582,0.0,-0.44096815667257655,"Node(id=17_15741_35, type=transcoder, layer=8, feature=15741, pos=35)",1
1,58,8956,transcoder,9,36,5162,transcoder,0.35064274072647095,0.27060118317604065,-0.0800415575504303,0.0,-0.22827096715191672,"Node(id=19_5162_36, type=transcoder, layer=9, feature=5162, pos=36)",1
1,58,8956,transcoder,10,35,13771,transcoder,0.726324200630188,0.5570301413536072,-0.1692940592765808,0.0,-0.23308332440209825,"Node(id=21_13771_35, type=transcoder, layer=10, feature=13771, pos=35)",1
1,60,15260,transcoder,2,60,14106,transcoder,1.297499656677246,0.15376904606819153,-1.1437306106090546,0.0,-0.8814881797641649,"Node(id=5_14106_60, type=transcoder, layer=2, feature=14106, pos=60)",1
1,60,15260,transcoder,3,60,1264,lorsa,5.1879987716674805,4.0452070236206055,-1.142791748046875,0.0,-0.22027602517715497,"Node(id=6_1264_60, type=lorsa, layer=3, feature=1264, pos=60)",1
1,60,15260,transcoder,3,60,10866,transcoder,2.0926074981689453,1.3125832080841064,-0.7800242900848389,0.0,-0.37275231536127473,"Node(id=7_10866_60, type=transcoder, layer=3, feature=10866, pos=60)",1
1,60,15260,transcoder,4,61,4743,lorsa,2.1845638751983643,1.745904803276062,-0.43865907192230225,0.0,-0.2007993800970781,"Node(id=8_4743_61, type=lorsa, layer=4, feature=4743, pos=61)",1
1,62,7268,transcoder,2,62,14622,lorsa,3.9266576766967773,2.354440927505493,-1.5722167491912842,0.0,-0.4003956745508512,"Node(id=4_14622_62, type=lorsa, layer=2, feature=14622, pos=62)",1
1,62,7268,transcoder,2,62,12759,transcoder,0.800830066204071,0.4625632166862488,-0.33826684951782227,0.0,-0.4223952918266478,"Node(id=5_12759_62, type=transcoder, layer=2, feature=12759, pos=62)",1
1,62,7268,transcoder,3,45,4566,lorsa,3.5311343669891357,1.9674334526062012,-1.5637009143829346,0.0,-0.44283245888381273,"Node(id=6_4566_45, type=lorsa, layer=3, feature=4566, pos=45)",1
1,62,7268,transcoder,3,62,3742,lorsa,2.45440673828125,1.6444885730743408,-0.8099181652069092,0.0,-0.32998530869992293,"Node(id=6_3742_62, type=lorsa, layer=3, feature=3742, pos=62)",1
1,62,7268,transcoder,3,62,6487,transcoder,1.4240492582321167,0.7874805927276611,-0.6365686655044556,0.0,-0.4470130944028738,"Node(id=7_6487_62, type=transcoder, layer=3, feature=6487, pos=62)",1
1,63,12883,transcoder,2,63,14723,transcoder,0.8590875864028931,0.6743456125259399,-0.18474197387695312,0.0,-0.2150443991985623,"Node(id=5_14723_63, type=transcoder, layer=2, feature=14723, pos=63)",1
1,63,12883,transcoder,3,63,15348,transcoder,1.223423719406128,0.8800268769264221,-0.3433968424797058,0.0,-0.28068512734606527,"Node(id=7_15348_63, type=transcoder, layer=3, feature=15348, pos=63)",1
2,14,7624,lorsa,2,14,2057,transcoder,0.5836755037307739,0.0,-0.5836755037307739,0.0,-1.0,"Node(id=5_2057_14, type=transcoder, layer=2, feature=2057, pos=14)",1
2,14,7624,lorsa,3,14,4185,transcoder,0.7747831344604492,0.0,-0.7747831344604492,0.0,-1.0,"Node(id=7_4185_14, type=transcoder, layer=3, feature=4185, pos=14)",1
2,14,7624,lorsa,4,14,8348,transcoder,0.7882069945335388,0.2968185245990753,-0.4913884699344635,0.0,-0.6234256652660985,"Node(id=9_8348_14, type=transcoder, layer=4, feature=8348, pos=14)",1
2,14,7624,lorsa,8,36,3757,lorsa,3.8240530490875244,2.836674451828003,-0.9873785972595215,0.0,-0.25820211816756167,"Node(id=16_3757_36, type=lorsa, layer=8, feature=3757, pos=36)",1
2,14,7624,lorsa,12,52,13529,lorsa,1.9571092128753662,1.5451337099075317,-0.4119755029678345,0.0,-0.21050205080919526,"Node(id=24_13529_52, type=lorsa, layer=12, feature=13529, pos=52)",1
2,14,7624,lorsa,13,36,6705,transcoder,0.18148913979530334,0.0,-0.18148913979530334,0.0,-1.0,"Node(id=27_6705_36, type=transcoder, layer=13, feature=6705, pos=36)",1
2,14,7624,lorsa,13,57,4451,transcoder,0.19393160939216614,0.09438774734735489,-0.09954386204481125,0.0,-0.5132936417988202,"Node(id=27_4451_57, type=transcoder, layer=13, feature=4451, pos=57)",1
2,14,7624,lorsa,14,7,6541,lorsa,1.711766004562378,1.265248417854309,-0.44651758670806885,0.0,-0.26085200051757274,"Node(id=28_6541_7, type=lorsa, layer=14, feature=6541, pos=7)",1
2,14,7624,lorsa,14,14,6541,lorsa,1.2900267839431763,0.6624151468276978,-0.6276116371154785,0.0,-0.4865105476314853,"Node(id=28_6541_14, type=lorsa, layer=14, feature=6541, pos=14)",1
2,14,7624,lorsa,14,36,8968,lorsa,0.9133227467536926,0.5034014582633972,-0.4099212884902954,0.0,-0.44882413138982524,"Node(id=28_8968_36, type=lorsa, layer=14, feature=8968, pos=36)",1
2,36,3083,lorsa,2,36,15667,transcoder,0.26635974645614624,0.0,-0.26635974645614624,0.0,-1.0,"Node(id=5_15667_36, type=transcoder, layer=2, feature=15667, pos=36)",1
2,36,3155,lorsa,2,36,8480,transcoder,0.4812658429145813,0.35096773505210876,-0.13029810786247253,0.0,-0.27074040217227474,"Node(id=5_8480_36, type=transcoder, layer=2, feature=8480, pos=36)",1
2,36,3155,lorsa,2,36,13998,transcoder,0.6966379284858704,0.533129870891571,-0.16350805759429932,0.0,-0.23471024316703665,"Node(id=5_13998_36, type=transcoder, layer=2, feature=13998, pos=36)",1
2,36,3155,lorsa,2,36,15667,transcoder,0.26635974645614624,0.20991607010364532,-0.056443676352500916,0.0,-0.21190768163534748,"Node(id=5_15667_36, type=transcoder, layer=2, feature=15667, pos=36)",1
2,36,3155,lorsa,3,36,13706,transcoder,0.7337140440940857,0.5301870107650757,-0.20352703332901,0.0,-0.27739285484211246,"Node(id=7_13706_36, type=transcoder, layer=3, feature=13706, pos=36)",1
2,36,3155,lorsa,11,42,4503,lorsa,3.0655462741851807,2.319410800933838,-0.7461354732513428,0.0,-0.2433939684859805,"Node(id=22_4503_42, type=lorsa, layer=11, feature=4503, pos=42)",1
2,36,3155,lorsa,14,36,8968,lorsa,0.9133227467536926,0.7284254431724548,-0.1848973035812378,0.0,-0.2024446497565459,"Node(id=28_8968_36, type=lorsa, layer=14, feature=8968, pos=36)",1
2,36,14549,lorsa,2,36,5542,transcoder,0.2800012230873108,0.20423799753189087,-0.07576322555541992,0.0,-0.27058176646533866,"Node(id=5_5542_36, type=transcoder, layer=2, feature=5542, pos=36)",1
2,36,14795,lorsa,2,36,5542,transcoder,0.2800012230873108,0.0,-0.2800012230873108,0.0,-1.0,"Node(id=5_5542_36, type=transcoder, layer=2, feature=5542, pos=36)",1
2,36,14795,lorsa,2,36,10873,transcoder,0.6764044165611267,0.3829578757286072,-0.29344654083251953,0.0,-0.4338329757283611,"Node(id=5_10873_36, type=transcoder, layer=2, feature=10873, pos=36)",1
2,36,14795,lorsa,2,36,14573,transcoder,0.9372068643569946,0.7239899039268494,-0.21321696043014526,0.0,-0.22750255950849296,"Node(id=5_14573_36, type=transcoder, layer=2, feature=14573, pos=36)",1
2,36,14795,lorsa,2,36,15252,transcoder,0.285544753074646,0.0,-0.285544753074646,0.0,-1.0,"Node(id=5_15252_36, type=transcoder, layer=2, feature=15252, pos=36)",1
2,36,14795,lorsa,2,36,15667,transcoder,0.26635974645614624,0.0,-0.26635974645614624,0.0,-1.0,"Node(id=5_15667_36, type=transcoder, layer=2, feature=15667, pos=36)",1
2,36,14795,lorsa,3,27,1736,lorsa,4.417971134185791,2.0847177505493164,-2.3332533836364746,0.0,-0.5281278018278589,"Node(id=6_1736_27, type=lorsa, layer=3, feature=1736, pos=27)",1
2,36,14795,lorsa,3,36,13719,lorsa,2.6054978370666504,1.3994214534759521,-1.2060763835906982,0.0,-0.4628967126484112,"Node(id=6_13719_36, type=lorsa, layer=3, feature=13719, pos=36)",1
2,36,14795,lorsa,3,36,13736,lorsa,3.7523114681243896,2.197892904281616,-1.5544185638427734,0.0,-0.4142562729793209,"Node(id=6_13736_36, type=lorsa, layer=3, feature=13736, pos=36)",1
2,36,14795,lorsa,3,27,14691,transcoder,0.7342837452888489,0.28975579142570496,-0.4445279538631439,0.0,-0.6053898873769537,"Node(id=7_14691_27, type=transcoder, layer=3, feature=14691, pos=27)",1
2,36,14795,lorsa,3,36,2235,transcoder,1.183021068572998,0.9377024173736572,-0.24531865119934082,0.0,-0.2073662572174246,"Node(id=7_2235_36, type=transcoder, layer=3, feature=2235, pos=36)",1
2,36,14795,lorsa,3,36,4451,transcoder,0.9956201910972595,0.7794647216796875,-0.21615546941757202,0.0,-0.21710635375860549,"Node(id=7_4451_36, type=transcoder, layer=3, feature=4451, pos=36)",1
2,36,14795,lorsa,3,36,13706,transcoder,0.7337140440940857,0.5465922951698303,-0.18712174892425537,0.0,-0.25503362029180454,"Node(id=7_13706_36, type=transcoder, layer=3, feature=13706, pos=36)",1
2,36,14795,lorsa,3,36,15642,transcoder,0.8003482818603516,0.5132167935371399,-0.28713148832321167,0.0,-0.35875817419860684,"Node(id=7_15642_36, type=transcoder, layer=3, feature=15642, pos=36)",1
2,36,14795,lorsa,3,43,5448,transcoder,1.2499865293502808,0.9601221084594727,-0.2898644208908081,0.0,-0.23189403572330824,"Node(id=7_5448_43, type=transcoder, layer=3, feature=5448, pos=43)",1
2,36,14795,lorsa,4,27,3261,transcoder,0.34043648838996887,0.21888409554958344,-0.12155239284038544,0.0,-0.3570486624839919,"Node(id=9_3261_27, type=transcoder, layer=4, feature=3261, pos=27)",1
2,36,14795,lorsa,4,27,16070,transcoder,0.49171632528305054,0.33293333649635315,-0.1587829887866974,0.0,-0.32291583708410715,"Node(id=9_16070_27, type=transcoder, layer=4, feature=16070, pos=27)",1
2,36,14795,lorsa,4,34,14387,transcoder,0.8890300393104553,0.6568185687065125,-0.23221147060394287,0.0,-0.2611964279452801,"Node(id=9_14387_34, type=transcoder, layer=4, feature=14387, pos=34)",1
2,36,14795,lorsa,4,36,7015,transcoder,0.4674502909183502,0.3530358076095581,-0.11441448330879211,0.0,-0.24476288822927902,"Node(id=9_7015_36, type=transcoder, layer=4, feature=7015, pos=36)",1
2,36,14795,lorsa,4,43,16362,transcoder,0.41338375210762024,0.25843513011932373,-0.1549486219882965,0.0,-0.37482997625885695,"Node(id=9_16362_43, type=transcoder, layer=4, feature=16362, pos=43)",1
2,36,14795,lorsa,5,59,15061,lorsa,1.0584943294525146,0.4666695296764374,-0.5918247997760773,0.0,-0.5591194806704227,"Node(id=10_15061_59, type=lorsa, layer=5, feature=15061, pos=59)",1
2,36,14795,lorsa,5,36,2716,transcoder,0.4400579631328583,0.34983861446380615,-0.09021934866905212,0.0,-0.20501696646224288,"Node(id=11_2716_36, type=transcoder, layer=5, feature=2716, pos=36)",1
2,36,14795,lorsa,5,43,7776,transcoder,0.5750432014465332,0.42594483494758606,-0.14909836649894714,0.0,-0.25928202633104275,"Node(id=11_7776_43, type=transcoder, layer=5, feature=7776, pos=43)",1
2,36,14795,lorsa,6,3,15700,lorsa,2.893019676208496,2.123020887374878,-0.7699987888336182,0.0,-0.2661574669422073,"Node(id=12_15700_3, type=lorsa, layer=6, feature=15700, pos=3)",1
2,36,14795,lorsa,6,3,6259,transcoder,0.9025176763534546,0.6608206629753113,-0.2416970133781433,0.0,-0.26780307988503826,"Node(id=13_6259_3, type=transcoder, layer=6, feature=6259, pos=3)",1
2,36,14795,lorsa,7,36,5459,lorsa,3.490706443786621,2.252119541168213,-1.2385869026184082,0.0,-0.35482413733846485,"Node(id=14_5459_36, type=lorsa, layer=7, feature=5459, pos=36)",1
2,36,14795,lorsa,7,59,10622,transcoder,0.7834378480911255,0.6184829473495483,-0.16495490074157715,0.0,-0.21055263176714745,"Node(id=15_10622_59, type=transcoder, layer=7, feature=10622, pos=59)",1
2,36,14795,lorsa,8,36,1417,lorsa,4.8791351318359375,3.855144739151001,-1.0239903926849365,0.0,-0.20987129173846553,"Node(id=16_1417_36, type=lorsa, layer=8, feature=1417, pos=36)",1
2,36,14795,lorsa,8,36,1492,lorsa,2.96148419380188,2.3378214836120605,-0.6236627101898193,0.0,-0.21059126754587762,"Node(id=16_1492_36, type=lorsa, layer=8, feature=1492, pos=36)",1
2,36,14795,lorsa,9,36,4521,lorsa,3.1571714878082275,2.516692876815796,-0.6404786109924316,0.0,-0.20286468868280097,"Node(id=18_4521_36, type=lorsa, layer=9, feature=4521, pos=36)",1
2,36,14795,lorsa,9,36,8265,lorsa,3.591033697128296,2.85898756980896,-0.7320461273193359,0.0,-0.20385387302401087,"Node(id=18_8265_36, type=lorsa, layer=9, feature=8265, pos=36)",1
2,36,14795,lorsa,12,52,13529,lorsa,1.9571092128753662,1.3733234405517578,-0.5837857723236084,0.0,-0.29828982893903805,"Node(id=24_13529_52, type=lorsa, layer=12, feature=13529, pos=52)",1
2,36,14795,lorsa,13,36,6705,transcoder,0.18148913979530334,0.0,-0.18148913979530334,0.0,-1.0,"Node(id=27_6705_36, type=transcoder, layer=13, feature=6705, pos=36)",1
2,36,14795,lorsa,13,57,4451,transcoder,0.19393160939216614,0.11687219887971878,-0.07705941051244736,0.0,-0.39735353485681,"Node(id=27_4451_57, type=transcoder, layer=13, feature=4451, pos=57)",1
2,36,14795,lorsa,14,7,6541,lorsa,1.711766004562378,1.3604700565338135,-0.35129594802856445,0.0,-0.2052242812932689,"Node(id=28_6541_7, type=lorsa, layer=14, feature=6541, pos=7)",1
2,36,14795,lorsa,14,14,6541,lorsa,1.2900267839431763,0.9834015965461731,-0.3066251873970032,0.0,-0.2376890086419396,"Node(id=28_6541_14, type=lorsa, layer=14, feature=6541, pos=14)",1
2,36,14795,lorsa,14,36,8968,lorsa,0.9133227467536926,0.6124534606933594,-0.30086928606033325,0.0,-0.32942274473042604,"Node(id=28_8968_36, type=lorsa, layer=14, feature=8968, pos=36)",1
2,47,15503,lorsa,2,47,10249,transcoder,0.8494049310684204,0.6340959072113037,-0.2153090238571167,0.0,-0.2534821920403631,"Node(id=5_10249_47, type=transcoder, layer=2, feature=10249, pos=47)",1
2,47,15503,lorsa,3,38,1861,lorsa,5.552481174468994,3.3514404296875,-2.201040744781494,0.0,-0.3964067010082188,"Node(id=6_1861_38, type=lorsa, layer=3, feature=1861, pos=38)",1
2,47,15503,lorsa,4,38,7697,lorsa,4.6510419845581055,3.48887038230896,-1.1621716022491455,0.0,-0.24987338452494387,"Node(id=8_7697_38, type=lorsa, layer=4, feature=7697, pos=38)",1
2,59,8892,lorsa,2,59,5718,transcoder,0.9815890789031982,0.7736231684684753,-0.2079659104347229,0.0,-0.21186656912187585,"Node(id=5_5718_59, type=transcoder, layer=2, feature=5718, pos=59)",1
2,59,8892,lorsa,3,59,2992,lorsa,2.4769415855407715,1.8704630136489868,-0.6064785718917847,0.0,-0.24484976772650732,"Node(id=6_2992_59, type=lorsa, layer=3, feature=2992, pos=59)",1
2,59,8892,lorsa,3,59,5284,transcoder,1.4577593803405762,1.1441229581832886,-0.3136364221572876,0.0,-0.21514965116123125,"Node(id=7_5284_59, type=transcoder, layer=3, feature=5284, pos=59)",1
2,3,1,transcoder,3,3,4062,lorsa,1.6329549551010132,1.1535239219665527,-0.47943103313446045,0.0,-0.29359721873332584,"Node(id=6_4062_3, type=lorsa, layer=3, feature=4062, pos=3)",1
2,14,2057,transcoder,3,14,4185,transcoder,0.7747831344604492,0.3852931261062622,-0.389490008354187,0.0,-0.5027084238551782,"Node(id=7_4185_14, type=transcoder, layer=3, feature=4185, pos=14)",1
2,18,15753,transcoder,3,18,11376,transcoder,1.2894928455352783,0.8403529524803162,-0.44913989305496216,0.0,-0.3483073943450386,"Node(id=7_11376_18, type=transcoder, layer=3, feature=11376, pos=18)",1
2,20,15512,transcoder,3,20,2651,lorsa,3.3821523189544678,1.2289308309555054,-2.1532214879989624,0.0,-0.6366423759012109,"Node(id=6_2651_20, type=lorsa, layer=3, feature=2651, pos=20)",1
2,20,15512,transcoder,3,34,11060,lorsa,2.1169443130493164,1.5663752555847168,-0.5505690574645996,0.0,-0.26007725100314133,"Node(id=6_11060_34, type=lorsa, layer=3, feature=11060, pos=34)",1
2,20,15512,transcoder,3,20,1599,transcoder,1.0415526628494263,0.0,-1.0415526628494263,0.0,-1.0,"Node(id=7_1599_20, type=transcoder, layer=3, feature=1599, pos=20)",1
2,20,15512,transcoder,4,20,8194,transcoder,1.2885198593139648,0.9457915425300598,-0.34272831678390503,0.0,-0.26598605703010336,"Node(id=9_8194_20, type=transcoder, layer=4, feature=8194, pos=20)",1
2,20,15512,transcoder,6,20,2562,transcoder,1.9573559761047363,1.2390373945236206,-0.7183185815811157,0.0,-0.3669841308123296,"Node(id=13_2562_20, type=transcoder, layer=6, feature=2562, pos=20)",1
2,21,15753,transcoder,3,36,13719,lorsa,2.6054978370666504,1.6186408996582031,-0.9868569374084473,0.0,-0.3787594537094228,"Node(id=6_13719_36, type=lorsa, layer=3, feature=13719, pos=36)",1
2,21,15753,transcoder,3,21,11376,transcoder,1.1531273126602173,0.7226918339729309,-0.4304354786872864,0.0,-0.37327663126310784,"Node(id=7_11376_21, type=transcoder, layer=3, feature=11376, pos=21)",1
2,21,15753,transcoder,3,36,13706,transcoder,0.7337140440940857,0.46509528160095215,-0.26861876249313354,0.0,-0.36610824701440225,"Node(id=7_13706_36, type=transcoder, layer=3, feature=13706, pos=36)",1
2,21,15753,transcoder,4,43,16362,transcoder,0.41338375210762024,0.2834787368774414,-0.12990501523017883,0.0,-0.31424799491480593,"Node(id=9_16362_43, type=transcoder, layer=4, feature=16362, pos=43)",1
2,21,15753,transcoder,5,21,14977,transcoder,1.2401914596557617,0.9325771927833557,-0.307614266872406,0.0,-0.24803772391545906,"Node(id=11_14977_21, type=transcoder, layer=5, feature=14977, pos=21)",1
2,21,15753,transcoder,6,21,14977,transcoder,2.1387689113616943,1.6766819953918457,-0.46208691596984863,0.0,-0.2160527551691645,"Node(id=13_14977_21, type=transcoder, layer=6, feature=14977, pos=21)",1
2,27,12270,transcoder,3,27,14691,transcoder,0.7342837452888489,0.585776150226593,-0.14850759506225586,0.0,-0.20224823988693455,"Node(id=7_14691_27, type=transcoder, layer=3, feature=14691, pos=27)",1
2,36,10873,transcoder,3,36,13706,transcoder,0.7337140440940857,0.5258598923683167,-0.20785415172576904,0.0,-0.28329040911627346,"Node(id=7_13706_36, type=transcoder, layer=3, feature=13706, pos=36)",1
2,36,13998,transcoder,3,27,14691,transcoder,0.7342837452888489,0.5549100637435913,-0.17937368154525757,0.0,-0.24428387894477555,"Node(id=7_14691_27, type=transcoder, layer=3, feature=14691, pos=27)",1
2,36,13998,transcoder,3,36,4451,transcoder,0.9956201910972595,0.7822370529174805,-0.21338313817977905,0.0,-0.21432182682495862,"Node(id=7_4451_36, type=transcoder, layer=3, feature=4451, pos=36)",1
2,36,13998,transcoder,4,36,7015,transcoder,0.4674502909183502,0.370334267616272,-0.09711602330207825,0.0,-0.20775689990754878,"Node(id=9_7015_36, type=transcoder, layer=4, feature=7015, pos=36)",1
2,36,14573,transcoder,3,27,1736,lorsa,4.417971134185791,3.3155007362365723,-1.1024703979492188,0.0,-0.24954223657516003,"Node(id=6_1736_27, type=lorsa, layer=3, feature=1736, pos=27)",1
2,39,13354,transcoder,3,39,2945,lorsa,2.4895384311676025,1.2579795122146606,-1.231558918952942,0.0,-0.49469367635965206,"Node(id=6_2945_39, type=lorsa, layer=3, feature=2945, pos=39)",1
2,39,13354,transcoder,3,39,15009,transcoder,0.8709929585456848,0.22337976098060608,-0.6476131975650787,0.0,-0.7435343663930556,"Node(id=7_15009_39, type=transcoder, layer=3, feature=15009, pos=39)",1
2,39,13354,transcoder,4,39,3675,transcoder,0.7347319722175598,0.4074573218822479,-0.3272746503353119,0.0,-0.4454340667216852,"Node(id=9_3675_39, type=transcoder, layer=4, feature=3675, pos=39)",1
2,39,13354,transcoder,5,39,4945,transcoder,0.8593589067459106,0.39482447504997253,-0.4645344316959381,0.0,-0.5405592797716687,"Node(id=11_4945_39, type=transcoder, layer=5, feature=4945, pos=39)",1
2,39,13354,transcoder,7,45,11217,lorsa,2.0944316387176514,1.6491971015930176,-0.4452345371246338,0.0,-0.21258012383599956,"Node(id=14_11217_45, type=lorsa, layer=7, feature=11217, pos=45)",1
2,47,10249,transcoder,3,38,1861,lorsa,5.552481174468994,2.6385138034820557,-2.9139673709869385,0.0,-0.524804547629216,"Node(id=6_1861_38, type=lorsa, layer=3, feature=1861, pos=38)",1
2,54,3004,transcoder,4,45,895,lorsa,1.8530043363571167,1.3502705097198486,-0.5027338266372681,0.0,-0.27130742048106016,"Node(id=8_895_45, type=lorsa, layer=4, feature=895, pos=45)",1
2,56,14723,transcoder,3,56,15348,transcoder,1.9667108058929443,1.1857085227966309,-0.7810022830963135,0.0,-0.39711089233666746,"Node(id=7_15348_56, type=transcoder, layer=3, feature=15348, pos=56)",1
2,58,3004,transcoder,3,58,10967,lorsa,2.4667601585388184,1.0948333740234375,-1.3719267845153809,0.0,-0.5561654544185761,"Node(id=6_10967_58, type=lorsa, layer=3, feature=10967, pos=58)",1
2,58,3004,transcoder,3,58,9594,transcoder,1.3094115257263184,0.28096726536750793,-1.0284442603588104,0.0,-0.7854247806382657,"Node(id=7_9594_58, type=transcoder, layer=3, feature=9594, pos=58)",1
2,58,3004,transcoder,4,58,15812,transcoder,0.725627601146698,0.22660969197750092,-0.4990179091691971,0.0,-0.6877052476788463,"Node(id=9_15812_58, type=transcoder, layer=4, feature=15812, pos=58)",1
2,58,3004,transcoder,6,58,4091,transcoder,1.5473531484603882,1.1157467365264893,-0.4316064119338989,0.0,-0.27893206690621725,"Node(id=13_4091_58, type=transcoder, layer=6, feature=4091, pos=58)",1
2,59,5718,transcoder,3,59,2992,lorsa,2.4769415855407715,0.45832332968711853,-2.018618255853653,0.0,-0.8149640135388755,"Node(id=6_2992_59, type=lorsa, layer=3, feature=2992, pos=59)",1
2,59,5718,transcoder,3,59,5284,transcoder,1.4577593803405762,0.33474814891815186,-1.1230112314224243,0.0,-0.7703680364314002,"Node(id=7_5284_59, type=transcoder, layer=3, feature=5284, pos=59)",1
2,59,5718,transcoder,4,27,3261,transcoder,0.34043648838996887,0.23858395218849182,-0.10185253620147705,0.0,-0.29918219601891,"Node(id=9_3261_27, type=transcoder, layer=4, feature=3261, pos=27)",1
2,59,5718,transcoder,4,59,15898,transcoder,0.9132384657859802,0.4880063235759735,-0.4252321422100067,0.0,-0.4656310023516475,"Node(id=9_15898_59, type=transcoder, layer=4, feature=15898, pos=59)",1
2,59,5718,transcoder,5,59,15061,lorsa,1.0584943294525146,0.0,-1.0584943294525146,0.0,-1.0,"Node(id=10_15061_59, type=lorsa, layer=5, feature=15061, pos=59)",1
2,59,5718,transcoder,5,59,8348,transcoder,1.8148555755615234,0.47486644983291626,-1.3399891257286072,0.0,-0.7383447717673123,"Node(id=11_8348_59, type=transcoder, layer=5, feature=8348, pos=59)",1
2,59,5718,transcoder,5,59,12487,transcoder,2.8304996490478516,2.085150957107544,-0.7453486919403076,0.0,-0.263327604435858,"Node(id=11_12487_59, type=transcoder, layer=5, feature=12487, pos=59)",1
2,59,5718,transcoder,6,3,15700,lorsa,2.893019676208496,0.8882085680961609,-2.004811108112335,0.0,-0.6929821890253369,"Node(id=12_15700_3, type=lorsa, layer=6, feature=15700, pos=3)",1
2,59,5718,transcoder,6,3,6259,transcoder,0.9025176763534546,0.5475082993507385,-0.35500937700271606,0.0,-0.3933544863487894,"Node(id=13_6259_3, type=transcoder, layer=6, feature=6259, pos=3)",1
2,59,5718,transcoder,6,59,2057,transcoder,2.9450290203094482,1.5781888961791992,-1.366840124130249,0.0,-0.46411770977612593,"Node(id=13_2057_59, type=transcoder, layer=6, feature=2057, pos=59)",1
2,59,5718,transcoder,7,36,5459,lorsa,3.490706443786621,2.094545364379883,-1.3961610794067383,0.0,-0.39996519383400847,"Node(id=14_5459_36, type=lorsa, layer=7, feature=5459, pos=36)",1
2,59,5718,transcoder,7,59,9138,transcoder,1.2726882696151733,0.9774260520935059,-0.2952622175216675,0.0,-0.23199885201342102,"Node(id=15_9138_59, type=transcoder, layer=7, feature=9138, pos=59)",1
2,59,5718,transcoder,7,59,10622,transcoder,0.7834378480911255,0.3827395737171173,-0.4006982743740082,0.0,-0.5114614711943314,"Node(id=15_10622_59, type=transcoder, layer=7, feature=10622, pos=59)",1
2,59,5718,transcoder,8,36,1417,lorsa,4.8791351318359375,3.675597667694092,-1.2035374641418457,0.0,-0.2466702461854084,"Node(id=16_1417_36, type=lorsa, layer=8, feature=1417, pos=36)",1
2,59,5718,transcoder,8,36,1492,lorsa,2.96148419380188,1.7173566818237305,-1.2441275119781494,0.0,-0.42010270207823375,"Node(id=16_1492_36, type=lorsa, layer=8, feature=1492, pos=36)",1
2,59,5718,transcoder,9,36,4521,lorsa,3.1571714878082275,2.472478151321411,-0.6846933364868164,0.0,-0.21686922586588556,"Node(id=18_4521_36, type=lorsa, layer=9, feature=4521, pos=36)",1
2,59,5718,transcoder,9,36,8265,lorsa,3.591033697128296,2.4634156227111816,-1.1276180744171143,0.0,-0.31400932698539036,"Node(id=18_8265_36, type=lorsa, layer=9, feature=8265, pos=36)",1
2,59,5718,transcoder,9,36,5162,transcoder,0.35064274072647095,0.272543340921402,-0.07809939980506897,0.0,-0.22273211657900163,"Node(id=19_5162_36, type=transcoder, layer=9, feature=5162, pos=36)",1
2,59,5718,transcoder,11,42,4503,lorsa,3.0655462741851807,2.252089738845825,-0.8134565353393555,0.0,-0.2653545119150327,"Node(id=22_4503_42, type=lorsa, layer=11, feature=4503, pos=42)",1
2,59,5718,transcoder,14,36,8968,lorsa,0.9133227467536926,0.5917816162109375,-0.3215411305427551,0.0,-0.35205641344819066,"Node(id=28_8968_36, type=lorsa, layer=14, feature=8968, pos=36)",1
2,60,14106,transcoder,3,60,1264,lorsa,5.1879987716674805,4.121932029724121,-1.0660667419433594,0.0,-0.2054870844930277,"Node(id=6_1264_60, type=lorsa, layer=3, feature=1264, pos=60)",1
2,60,14106,transcoder,3,60,10866,transcoder,2.0926074981689453,0.6407755017280579,-1.4518319964408875,0.0,-0.6937908794225657,"Node(id=7_10866_60, type=transcoder, layer=3, feature=10866, pos=60)",1
2,62,12759,transcoder,3,45,4566,lorsa,3.5311343669891357,0.0,-3.5311343669891357,0.0,-1.0,"Node(id=6_4566_45, type=lorsa, layer=3, feature=4566, pos=45)",1
2,62,12759,transcoder,3,62,3742,lorsa,2.45440673828125,0.9072259068489075,-1.5471808314323425,0.0,-0.6303685559940193,"Node(id=6_3742_62, type=lorsa, layer=3, feature=3742, pos=62)",1
2,62,12759,transcoder,3,62,6487,transcoder,1.4240492582321167,0.0,-1.4240492582321167,0.0,-1.0,"Node(id=7_6487_62, type=transcoder, layer=3, feature=6487, pos=62)",1
2,62,12759,transcoder,4,45,805,transcoder,0.7300322651863098,0.26429545879364014,-0.4657368063926697,0.0,-0.6379674277462382,"Node(id=9_805_45, type=transcoder, layer=4, feature=805, pos=45)",1
2,62,12759,transcoder,4,62,3019,transcoder,0.8848817944526672,0.0,-0.8848817944526672,0.0,-1.0,"Node(id=9_3019_62, type=transcoder, layer=4, feature=3019, pos=62)",1
2,62,12759,transcoder,5,62,13299,transcoder,0.9039543271064758,0.38880813121795654,-0.5151461958885193,0.0,-0.56988077875293,"Node(id=11_13299_62, type=transcoder, layer=5, feature=13299, pos=62)",1
2,62,12759,transcoder,6,62,1735,transcoder,1.6790945529937744,0.7123357057571411,-0.9667588472366333,0.0,-0.5757620054885723,"Node(id=13_1735_62, type=transcoder, layer=6, feature=1735, pos=62)",1
2,62,12759,transcoder,7,62,3543,transcoder,1.7134315967559814,0.7227014303207397,-0.9907301664352417,0.0,-0.5782140170118134,"Node(id=15_3543_62, type=transcoder, layer=7, feature=3543, pos=62)",1
2,62,12759,transcoder,8,36,776,transcoder,0.732367753982544,0.5521848201751709,-0.18018293380737305,0.0,-0.24602794542435263,"Node(id=17_776_36, type=transcoder, layer=8, feature=776, pos=36)",1
2,62,12759,transcoder,11,42,4503,lorsa,3.0655462741851807,2.201669454574585,-0.8638768196105957,0.0,-0.28180191794371573,"Node(id=22_4503_42, type=lorsa, layer=11, feature=4503, pos=42)",1
2,62,12759,transcoder,14,7,6541,lorsa,1.711766004562378,1.3350497484207153,-0.3767162561416626,0.0,-0.220074621845275,"Node(id=28_6541_7, type=lorsa, layer=14, feature=6541, pos=7)",1
2,62,12759,transcoder,14,14,6541,lorsa,1.2900267839431763,0.9835184216499329,-0.3065083622932434,0.0,-0.2375984484262806,"Node(id=28_6541_14, type=lorsa, layer=14, feature=6541, pos=14)",1
2,63,14723,transcoder,3,63,15348,transcoder,1.223423719406128,0.6229614615440369,-0.6004622578620911,0.0,-0.49080481957106925,"Node(id=7_15348_63, type=transcoder, layer=3, feature=15348, pos=63)",1
3,3,4062,lorsa,3,3,5514,transcoder,0.8981991410255432,0.5767861008644104,-0.3214130401611328,0.0,-0.3578416249587489,"Node(id=7_5514_3, type=transcoder, layer=3, feature=5514, pos=3)",1
3,3,4062,lorsa,3,3,10005,transcoder,0.6649407744407654,0.27488425374031067,-0.3900565207004547,0.0,-0.5866034024285902,"Node(id=7_10005_3, type=transcoder, layer=3, feature=10005, pos=3)",1
3,3,4062,lorsa,5,59,15061,lorsa,1.0584943294525146,0.7611619234085083,-0.29733240604400635,0.0,-0.28090127435807394,"Node(id=10_15061_59, type=lorsa, layer=5, feature=15061, pos=59)",1
3,20,2651,lorsa,3,20,1599,transcoder,1.0415526628494263,0.815610945224762,-0.2259417176246643,0.0,-0.2169277902919902,"Node(id=7_1599_20, type=transcoder, layer=3, feature=1599, pos=20)",1
3,27,1736,lorsa,3,27,14691,transcoder,0.7342837452888489,0.15422067046165466,-0.5800630748271942,0.0,-0.7899712863710634,"Node(id=7_14691_27, type=transcoder, layer=3, feature=14691, pos=27)",1
3,27,1736,lorsa,5,59,15061,lorsa,1.0584943294525146,0.7717444896697998,-0.28674983978271484,0.0,-0.27090352003211066,"Node(id=10_15061_59, type=lorsa, layer=5, feature=15061, pos=59)",1
3,34,11060,lorsa,4,34,14387,transcoder,0.8890300393104553,0.704052209854126,-0.18497782945632935,0.0,-0.20806701829760538,"Node(id=9_14387_34, type=transcoder, layer=4, feature=14387, pos=34)",1
3,36,5779,lorsa,3,36,4451,transcoder,0.9956201910972595,0.6415814757347107,-0.35403871536254883,0.0,-0.35559615858369403,"Node(id=7_4451_36, type=transcoder, layer=3, feature=4451, pos=36)",1
3,36,5779,lorsa,3,36,15642,transcoder,0.8003482818603516,0.4404950439929962,-0.35985323786735535,0.0,-0.4496208038716627,"Node(id=7_15642_36, type=transcoder, layer=3, feature=15642, pos=36)",1
3,36,5779,lorsa,4,43,16362,transcoder,0.41338375210762024,0.2696074843406677,-0.14377626776695251,0.0,-0.34780338374189856,"Node(id=9_16362_43, type=transcoder, layer=4, feature=16362, pos=43)",1
3,36,5779,lorsa,5,36,2716,transcoder,0.4400579631328583,0.34284523129463196,-0.09721273183822632,0.0,-0.22090892560186837,"Node(id=11_2716_36, type=transcoder, layer=5, feature=2716, pos=36)",1
3,36,13736,lorsa,3,36,13706,transcoder,0.7337140440940857,0.4507986009120941,-0.2829154431819916,0.0,-0.38559360483729915,"Node(id=7_13706_36, type=transcoder, layer=3, feature=13706, pos=36)",1
3,36,13736,lorsa,4,36,11693,lorsa,1.4066872596740723,0.9527618288993835,-0.4539254307746887,0.0,-0.3226910798067956,"Node(id=8_11693_36, type=lorsa, layer=4, feature=11693, pos=36)",1
3,36,13736,lorsa,4,43,16362,transcoder,0.41338375210762024,0.2626546323299408,-0.15072911977767944,0.0,-0.36462274825556923,"Node(id=9_16362_43, type=transcoder, layer=4, feature=16362, pos=43)",1
3,45,4566,lorsa,4,45,805,transcoder,0.7300322651863098,0.4647711217403412,-0.26526114344596863,0.0,-0.3633553694757203,"Node(id=9_805_45, type=transcoder, layer=4, feature=805, pos=45)",1
3,58,10967,lorsa,3,58,9594,transcoder,1.3094115257263184,0.9848731756210327,-0.32453835010528564,0.0,-0.2478505372291322,"Node(id=7_9594_58, type=transcoder, layer=3, feature=9594, pos=58)",1
3,58,10967,lorsa,4,58,15812,transcoder,0.725627601146698,0.47439584136009216,-0.25123175978660583,0.0,-0.346226851610369,"Node(id=9_15812_58, type=transcoder, layer=4, feature=15812, pos=58)",1
3,58,10967,lorsa,6,58,4091,transcoder,1.5473531484603882,1.1464682817459106,-0.40088486671447754,0.0,-0.2590778111081861,"Node(id=13_4091_58, type=transcoder, layer=6, feature=4091, pos=58)",1
3,62,3742,lorsa,4,62,3019,transcoder,0.8848817944526672,0.6568861603736877,-0.2279956340789795,0.0,-0.25765659945575375,"Node(id=9_3019_62, type=transcoder, layer=4, feature=3019, pos=62)",1
3,62,3742,lorsa,6,62,1735,transcoder,1.6790945529937744,1.3336635828018188,-0.34543097019195557,0.0,-0.20572454932693496,"Node(id=13_1735_62, type=transcoder, layer=6, feature=1735, pos=62)",1
3,3,5514,transcoder,5,59,15061,lorsa,1.0584943294525146,0.7549033761024475,-0.30359095335006714,0.0,-0.2868139629119162,"Node(id=10_15061_59, type=lorsa, layer=5, feature=15061, pos=59)",1
3,3,10005,transcoder,4,27,6509,lorsa,0.8708707094192505,0.6685107946395874,-0.20235991477966309,0.0,-0.23236504867020844,"Node(id=8_6509_27, type=lorsa, layer=4, feature=6509, pos=27)",1
3,3,10005,transcoder,5,59,15061,lorsa,1.0584943294525146,0.7277645468711853,-0.33072978258132935,0.0,-0.31245305088445097,"Node(id=10_15061_59, type=lorsa, layer=5, feature=15061, pos=59)",1
3,14,4185,transcoder,4,14,8348,transcoder,0.7882069945335388,0.553911566734314,-0.23429542779922485,0.0,-0.2972511401499056,"Node(id=9_8348_14, type=transcoder, layer=4, feature=8348, pos=14)",1
3,18,11376,transcoder,4,18,14280,transcoder,0.9238331317901611,0.16135303676128387,-0.7624800950288773,0.0,-0.8253439596297857,"Node(id=9_14280_18, type=transcoder, layer=4, feature=14280, pos=18)",1
3,18,11376,transcoder,5,18,14977,transcoder,1.3535345792770386,0.0,-1.3535345792770386,0.0,-1.0,"Node(id=11_14977_18, type=transcoder, layer=5, feature=14977, pos=18)",1
3,18,11376,transcoder,6,18,14977,transcoder,1.793497920036316,0.0,-1.793497920036316,0.0,-1.0,"Node(id=13_14977_18, type=transcoder, layer=6, feature=14977, pos=18)",1
3,18,11376,transcoder,7,18,2868,lorsa,3.1723361015319824,1.0755083560943604,-2.096827745437622,0.0,-0.6609727589787928,"Node(id=14_2868_18, type=lorsa, layer=7, feature=2868, pos=18)",1
3,18,11376,transcoder,7,45,11217,lorsa,2.0944316387176514,1.5169620513916016,-0.5774695873260498,0.0,-0.27571660810071347,"Node(id=14_11217_45, type=lorsa, layer=7, feature=11217, pos=45)",1
3,18,11376,transcoder,7,18,14977,transcoder,1.8477169275283813,0.27716487646102905,-1.5705520510673523,0.0,-0.8499960289741018,"Node(id=15_14977_18, type=transcoder, layer=7, feature=14977, pos=18)",1
3,18,11376,transcoder,8,18,8746,transcoder,0.7706036567687988,0.4805060923099518,-0.29009756445884705,0.0,-0.3764549543863427,"Node(id=17_8746_18, type=transcoder, layer=8, feature=8746, pos=18)",1
3,18,11376,transcoder,9,35,12732,lorsa,2.9757447242736816,0.8338111042976379,-2.1419336199760437,0.0,-0.7197975022870438,"Node(id=18_12732_35, type=lorsa, layer=9, feature=12732, pos=35)",1
3,18,11376,transcoder,10,35,3129,transcoder,0.6713854074478149,0.2259325087070465,-0.44545289874076843,0.0,-0.66348314068085,"Node(id=21_3129_35, type=transcoder, layer=10, feature=3129, pos=35)",1
3,18,11376,transcoder,11,52,1680,lorsa,2.564471960067749,1.6678158044815063,-0.8966561555862427,0.0,-0.34964552919601993,"Node(id=22_1680_52, type=lorsa, layer=11, feature=1680, pos=52)",1
3,18,11376,transcoder,12,52,13529,lorsa,1.9571092128753662,0.0,-1.9571092128753662,0.0,-1.0,"Node(id=24_13529_52, type=lorsa, layer=12, feature=13529, pos=52)",1
3,18,11376,transcoder,13,57,4451,transcoder,0.19393160939216614,0.15000082552433014,-0.043930783867836,0.0,-0.2265271969099153,"Node(id=27_4451_57, type=transcoder, layer=13, feature=4451, pos=57)",1
3,18,11376,transcoder,14,14,6541,lorsa,1.2900267839431763,0.9685848355293274,-0.3214419484138489,0.0,-0.24917463142223248,"Node(id=28_6541_14, type=lorsa, layer=14, feature=6541, pos=14)",1
3,18,11376,transcoder,14,36,8968,lorsa,0.9133227467536926,0.6039769053459167,-0.3093458414077759,0.0,-0.33870375232338445,"Node(id=28_8968_36, type=lorsa, layer=14, feature=8968, pos=36)",1
3,18,11376,transcoder,14,36,15619,transcoder,0.42063450813293457,0.2283647507429123,-0.19226975739002228,0.0,-0.45709458846695145,"Node(id=29_15619_36, type=transcoder, layer=14, feature=15619, pos=36)",1
3,20,1599,transcoder,4,20,8194,transcoder,1.2885198593139648,0.7991878390312195,-0.48933202028274536,0.0,-0.37976288587688206,"Node(id=9_8194_20, type=transcoder, layer=4, feature=8194, pos=20)",1
3,21,11376,transcoder,4,21,14280,transcoder,0.7836771607398987,0.076604463160038,-0.7070726975798607,0.0,-0.9022499735889803,"Node(id=9_14280_21, type=transcoder, layer=4, feature=14280, pos=21)",1
3,21,11376,transcoder,4,36,8219,transcoder,0.37231943011283875,0.2140035331249237,-0.15831589698791504,0.0,-0.42521524310438025,"Node(id=9_8219_36, type=transcoder, layer=4, feature=8219, pos=36)",1
3,21,11376,transcoder,5,36,5460,lorsa,3.0665171146392822,1.657457947731018,-1.4090591669082642,0.0,-0.45949822363016984,"Node(id=10_5460_36, type=lorsa, layer=5, feature=5460, pos=36)",1
3,21,11376,transcoder,5,21,14977,transcoder,1.2401914596557617,0.0,-1.2401914596557617,0.0,-1.0,"Node(id=11_14977_21, type=transcoder, layer=5, feature=14977, pos=21)",1
3,21,11376,transcoder,5,36,4127,transcoder,0.6348527073860168,0.5031837224960327,-0.13166898488998413,0.0,-0.20740084016043098,"Node(id=11_4127_36, type=transcoder, layer=5, feature=4127, pos=36)",1
3,21,11376,transcoder,6,21,14977,transcoder,2.1387689113616943,0.0,-2.1387689113616943,0.0,-1.0,"Node(id=13_14977_21, type=transcoder, layer=6, feature=14977, pos=21)",1
3,21,11376,transcoder,6,36,8540,transcoder,0.6434565186500549,0.3210262358188629,-0.322430282831192,0.0,-0.5010910193397953,"Node(id=13_8540_36, type=transcoder, layer=6, feature=8540, pos=36)",1
3,21,11376,transcoder,6,36,13247,transcoder,0.976347804069519,0.6269384026527405,-0.34940940141677856,0.0,-0.3578739051395454,"Node(id=13_13247_36, type=transcoder, layer=6, feature=13247, pos=36)",1
3,21,11376,transcoder,7,18,2868,lorsa,3.1723361015319824,1.2576135396957397,-1.9147225618362427,0.0,-0.6035686322491448,"Node(id=14_2868_18, type=lorsa, layer=7, feature=2868, pos=18)",1
3,21,11376,transcoder,7,27,5451,lorsa,5.721136569976807,3.8347463607788086,-1.886390209197998,0.0,-0.32972298181052606,"Node(id=14_5451_27, type=lorsa, layer=7, feature=5451, pos=27)",1
3,21,11376,transcoder,7,36,2492,lorsa,1.8267388343811035,1.1860216856002808,-0.6407171487808228,0.0,-0.3507437060634323,"Node(id=14_2492_36, type=lorsa, layer=7, feature=2492, pos=36)",1
3,21,11376,transcoder,7,36,12765,lorsa,3.38031005859375,2.64532470703125,-0.7349853515625,0.0,-0.21743134174746764,"Node(id=14_12765_36, type=lorsa, layer=7, feature=12765, pos=36)",1
3,21,11376,transcoder,7,21,14452,transcoder,3.8845551013946533,3.0326571464538574,-0.8518979549407959,0.0,-0.2193038669048466,"Node(id=15_14452_21, type=transcoder, layer=7, feature=14452, pos=21)",1
3,21,11376,transcoder,7,21,14977,transcoder,1.6010267734527588,0.13082510232925415,-1.4702016711235046,0.0,-0.9182867491671498,"Node(id=15_14977_21, type=transcoder, layer=7, feature=14977, pos=21)",1
3,21,11376,transcoder,7,27,14870,transcoder,0.5193299651145935,0.3941689431667328,-0.12516102194786072,0.0,-0.24100481457919173,"Node(id=15_14870_27, type=transcoder, layer=7, feature=14870, pos=27)",1
3,21,11376,transcoder,7,36,10671,transcoder,0.8758847713470459,0.6686947345733643,-0.20719003677368164,0.0,-0.23654942242578178,"Node(id=15_10671_36, type=transcoder, layer=7, feature=10671, pos=36)",1
3,21,11376,transcoder,8,18,8746,transcoder,0.7706036567687988,0.15024106204509735,-0.6203625947237015,0.0,-0.8050345846072547,"Node(id=17_8746_18, type=transcoder, layer=8, feature=8746, pos=18)",1
3,21,11376,transcoder,9,35,12732,lorsa,2.9757447242736816,0.6843094229698181,-2.2914353013038635,0.0,-0.7700375918042351,"Node(id=18_12732_35, type=lorsa, layer=9, feature=12732, pos=35)",1
3,21,11376,transcoder,9,21,786,transcoder,0.7339487671852112,0.5515942573547363,-0.18235450983047485,0.0,-0.24845672883930042,"Node(id=19_786_21, type=transcoder, layer=9, feature=786, pos=21)",1
3,21,11376,transcoder,9,36,5162,transcoder,0.35064274072647095,0.24140365421772003,-0.10923908650875092,0.0,-0.31153956383761566,"Node(id=19_5162_36, type=transcoder, layer=9, feature=5162, pos=36)",1
3,21,11376,transcoder,10,35,3129,transcoder,0.6713854074478149,0.3336353898048401,-0.33775001764297485,0.0,-0.5030642815531067,"Node(id=21_3129_35, type=transcoder, layer=10, feature=3129, pos=35)",1
3,21,11376,transcoder,10,35,13771,transcoder,0.726324200630188,0.46625685691833496,-0.260067343711853,0.0,-0.35805958755912054,"Node(id=21_13771_35, type=transcoder, layer=10, feature=13771, pos=35)",1
3,21,11376,transcoder,11,42,4503,lorsa,3.0655462741851807,2.150524377822876,-0.9150218963623047,0.0,-0.2984857557257121,"Node(id=22_4503_42, type=lorsa, layer=11, feature=4503, pos=42)",1
3,21,11376,transcoder,12,36,9890,lorsa,5.06459903717041,4.047558784484863,-1.0170402526855469,0.0,-0.20081357778201667,"Node(id=24_9890_36, type=lorsa, layer=12, feature=9890, pos=36)",1
3,21,11376,transcoder,12,52,13529,lorsa,1.9571092128753662,0.8511039614677429,-1.1060052514076233,0.0,-0.5651218869807939,"Node(id=24_13529_52, type=lorsa, layer=12, feature=13529, pos=52)",1
3,21,11376,transcoder,12,36,9355,transcoder,0.5506256818771362,0.40085476636886597,-0.14977091550827026,0.0,-0.272001325832981,"Node(id=25_9355_36, type=transcoder, layer=12, feature=9355, pos=36)",1
3,21,11376,transcoder,14,14,6541,lorsa,1.2900267839431763,0.9847261905670166,-0.30530059337615967,0.0,-0.2366622128906183,"Node(id=28_6541_14, type=lorsa, layer=14, feature=6541, pos=14)",1
3,21,11376,transcoder,14,36,15619,transcoder,0.42063450813293457,0.0,-0.42063450813293457,0.0,-1.0,"Node(id=29_15619_36, type=transcoder, layer=14, feature=15619, pos=36)",1
3,27,8452,transcoder,4,27,16070,transcoder,0.49171632528305054,0.3375265598297119,-0.15418976545333862,0.0,-0.313574631398665,"Node(id=9_16070_27, type=transcoder, layer=4, feature=16070, pos=27)",1
3,27,14691,transcoder,4,27,3261,transcoder,0.34043648838996887,0.2688765823841095,-0.07155990600585938,0.0,-0.2102004586649588,"Node(id=9_3261_27, type=transcoder, layer=4, feature=3261, pos=27)",1
3,36,2235,transcoder,4,36,11907,transcoder,1.1186275482177734,0.7766132950782776,-0.34201425313949585,0.0,-0.30574452925319234,"Node(id=9_11907_36, type=transcoder, layer=4, feature=11907, pos=36)",1
3,36,2235,transcoder,5,36,12500,transcoder,0.3900949954986572,0.2684069573879242,-0.12168803811073303,0.0,-0.3119446276289179,"Node(id=11_12500_36, type=transcoder, layer=5, feature=12500, pos=36)",1
3,36,4451,transcoder,4,36,7015,transcoder,0.4674502909183502,0.34081149101257324,-0.12663879990577698,0.0,-0.2709139396554511,"Node(id=9_7015_36, type=transcoder, layer=4, feature=7015, pos=36)",1
3,36,4451,transcoder,4,36,11907,transcoder,1.1186275482177734,0.8324775695800781,-0.2861499786376953,0.0,-0.25580451607292964,"Node(id=9_11907_36, type=transcoder, layer=4, feature=11907, pos=36)",1
3,36,4451,transcoder,5,36,2716,transcoder,0.4400579631328583,0.33631762862205505,-0.10374033451080322,0.0,-0.23574243213838375,"Node(id=11_2716_36, type=transcoder, layer=5, feature=2716, pos=36)",1
3,39,15009,transcoder,4,39,3675,transcoder,0.7347319722175598,0.19317643344402313,-0.5415555387735367,0.0,-0.7370790427685076,"Node(id=9_3675_39, type=transcoder, layer=4, feature=3675, pos=39)",1
3,39,15009,transcoder,5,39,4945,transcoder,0.8593589067459106,0.19203516840934753,-0.6673237383365631,0.0,-0.7765367102128294,"Node(id=11_4945_39, type=transcoder, layer=5, feature=4945, pos=39)",1
3,39,15009,transcoder,6,39,4099,transcoder,2.1563220024108887,1.348183035850525,-0.8081389665603638,0.0,-0.37477657124345026,"Node(id=13_4099_39, type=transcoder, layer=6, feature=4099, pos=39)",1
3,39,15009,transcoder,7,45,11217,lorsa,2.0944316387176514,1.6487630605697632,-0.4456685781478882,0.0,-0.2127873595438788,"Node(id=14_11217_45, type=lorsa, layer=7, feature=11217, pos=45)",1
3,39,15009,transcoder,7,53,6874,lorsa,4.199068546295166,3.221102237701416,-0.97796630859375,0.0,-0.23290077259077105,"Node(id=14_6874_53, type=lorsa, layer=7, feature=6874, pos=53)",1
3,39,15009,transcoder,7,39,7600,transcoder,1.7896348237991333,1.423536777496338,-0.3660980463027954,0.0,-0.20456578148475157,"Node(id=15_7600_39, type=transcoder, layer=7, feature=7600, pos=39)",1
3,39,15009,transcoder,8,53,2184,lorsa,3.2365097999572754,2.5490007400512695,-0.6875090599060059,0.0,-0.21242298105047652,"Node(id=16_2184_53, type=lorsa, layer=8, feature=2184, pos=53)",1
3,39,15009,transcoder,14,36,15619,transcoder,0.42063450813293457,0.33149102330207825,-0.08914348483085632,0.0,-0.2119262283699368,"Node(id=29_15619_36, type=transcoder, layer=14, feature=15619, pos=36)",1
3,43,5448,transcoder,4,43,12716,transcoder,0.6625145673751831,0.3849099278450012,-0.2776046395301819,0.0,-0.41901665744501876,"Node(id=9_12716_43, type=transcoder, layer=4, feature=12716, pos=43)",1
3,43,5448,transcoder,5,36,10628,lorsa,3.798208475112915,2.174607992172241,-1.6236004829406738,0.0,-0.4274648149460534,"Node(id=10_10628_36, type=lorsa, layer=5, feature=10628, pos=36)",1
3,43,5448,transcoder,5,59,15061,lorsa,1.0584943294525146,0.7992470264434814,-0.2592473030090332,0.0,-0.24492082366007928,"Node(id=10_15061_59, type=lorsa, layer=5, feature=15061, pos=59)",1
3,43,5448,transcoder,5,43,7776,transcoder,0.5750432014465332,0.3599295914173126,-0.21511361002922058,0.0,-0.37408252021430355,"Node(id=11_7776_43, type=transcoder, layer=5, feature=7776, pos=43)",1
3,43,5448,transcoder,7,36,5459,lorsa,3.490706443786621,2.7767553329467773,-0.7139511108398438,0.0,-0.20452911819917158,"Node(id=14_5459_36, type=lorsa, layer=7, feature=5459, pos=36)",1
3,43,5448,transcoder,12,52,13529,lorsa,1.9571092128753662,1.546350121498108,-0.4107590913772583,0.0,-0.20988051595433194,"Node(id=24_13529_52, type=lorsa, layer=12, feature=13529, pos=52)",1
3,43,5448,transcoder,14,36,8968,lorsa,0.9133227467536926,0.7269983887672424,-0.1863243579864502,0.0,-0.2040071361944286,"Node(id=28_8968_36, type=lorsa, layer=14, feature=8968, pos=36)",1
3,56,15348,transcoder,5,56,13852,transcoder,2.265216827392578,1.7917184829711914,-0.4734983444213867,0.0,-0.20903003133983258,"Node(id=11_13852_56, type=transcoder, layer=5, feature=13852, pos=56)",1
3,58,9594,transcoder,4,58,15812,transcoder,0.725627601146698,0.0,-0.725627601146698,0.0,-1.0,"Node(id=9_15812_58, type=transcoder, layer=4, feature=15812, pos=58)",1
3,58,9594,transcoder,6,58,4091,transcoder,1.5473531484603882,0.48328113555908203,-1.0640720129013062,0.0,-0.6876723739245011,"Node(id=13_4091_58, type=transcoder, layer=6, feature=4091, pos=58)",1
3,58,9594,transcoder,7,58,7919,transcoder,1.4488893747329712,0.7643560767173767,-0.6845332980155945,0.0,-0.4724538049302441,"Node(id=15_7919_58, type=transcoder, layer=7, feature=7919, pos=58)",1
3,59,5284,transcoder,4,27,3261,transcoder,0.34043648838996887,0.23956890404224396,-0.10086758434772491,0.0,-0.29628899306522466,"Node(id=9_3261_27, type=transcoder, layer=4, feature=3261, pos=27)",1
3,59,5284,transcoder,4,59,15898,transcoder,0.9132384657859802,0.25062549114227295,-0.6626129746437073,0.0,-0.7255640223974013,"Node(id=9_15898_59, type=transcoder, layer=4, feature=15898, pos=59)",1
3,59,5284,transcoder,5,59,8348,transcoder,1.8148555755615234,0.0,-1.8148555755615234,0.0,-1.0,"Node(id=11_8348_59, type=transcoder, layer=5, feature=8348, pos=59)",1
3,59,5284,transcoder,5,59,12487,transcoder,2.8304996490478516,2.045567512512207,-0.7849321365356445,0.0,-0.27731221828615554,"Node(id=11_12487_59, type=transcoder, layer=5, feature=12487, pos=59)",1
3,59,5284,transcoder,6,3,15700,lorsa,2.893019676208496,0.5745485424995422,-2.318471133708954,0.0,-0.8014017853993554,"Node(id=12_15700_3, type=lorsa, layer=6, feature=15700, pos=3)",1
3,59,5284,transcoder,6,3,6259,transcoder,0.9025176763534546,0.45363298058509827,-0.4488846957683563,0.0,-0.4973694228151148,"Node(id=13_6259_3, type=transcoder, layer=6, feature=6259, pos=3)",1
3,59,5284,transcoder,6,27,1692,transcoder,1.108183741569519,0.8692554831504822,-0.23892825841903687,0.0,-0.21560346850121,"Node(id=13_1692_27, type=transcoder, layer=6, feature=1692, pos=27)",1
3,59,5284,transcoder,6,59,2057,transcoder,2.9450290203094482,0.8166958093643188,-2.1283332109451294,0.0,-0.7226866683716058,"Node(id=13_2057_59, type=transcoder, layer=6, feature=2057, pos=59)",1
3,59,5284,transcoder,7,36,5459,lorsa,3.490706443786621,1.8522982597351074,-1.6384081840515137,0.0,-0.4693629242206383,"Node(id=14_5459_36, type=lorsa, layer=7, feature=5459, pos=36)",1
3,59,5284,transcoder,7,59,9138,transcoder,1.2726882696151733,0.535007119178772,-0.7376811504364014,0.0,-0.5796243809644417,"Node(id=15_9138_59, type=transcoder, layer=7, feature=9138, pos=59)",1
3,59,5284,transcoder,7,59,10622,transcoder,0.7834378480911255,0.11244046688079834,-0.6709973812103271,0.0,-0.8564781275824705,"Node(id=15_10622_59, type=transcoder, layer=7, feature=10622, pos=59)",1
3,59,5284,transcoder,8,36,1417,lorsa,4.8791351318359375,3.3847768306732178,-1.4943583011627197,0.0,-0.306275243620977,"Node(id=16_1417_36, type=lorsa, layer=8, feature=1417, pos=36)",1
3,59,5284,transcoder,8,36,1492,lorsa,2.96148419380188,1.4703339338302612,-1.4911502599716187,0.0,-0.5035145090736807,"Node(id=16_1492_36, type=lorsa, layer=8, feature=1492, pos=36)",1
3,59,5284,transcoder,8,59,5284,transcoder,1.3973568677902222,0.9089357256889343,-0.48842114210128784,0.0,-0.3495321441212625,"Node(id=17_5284_59, type=transcoder, layer=8, feature=5284, pos=59)",1
3,59,5284,transcoder,8,59,7304,transcoder,0.7314049601554871,0.5124903917312622,-0.21891456842422485,0.0,-0.29930692345549104,"Node(id=17_7304_59, type=transcoder, layer=8, feature=7304, pos=59)",1
3,59,5284,transcoder,9,3,13118,lorsa,3.4335744380950928,2.413121461868286,-1.0204529762268066,0.0,-0.29719844279623137,"Node(id=18_13118_3, type=lorsa, layer=9, feature=13118, pos=3)",1
3,59,5284,transcoder,9,36,4521,lorsa,3.1571714878082275,1.7560094594955444,-1.401162028312683,0.0,-0.44380295265031616,"Node(id=18_4521_36, type=lorsa, layer=9, feature=4521, pos=36)",1
3,59,5284,transcoder,9,36,8265,lorsa,3.591033697128296,2.127220630645752,-1.463813066482544,0.0,-0.40763000014540013,"Node(id=18_8265_36, type=lorsa, layer=9, feature=8265, pos=36)",1
3,59,5284,transcoder,9,36,5162,transcoder,0.35064274072647095,0.2555758059024811,-0.09506693482398987,0.0,-0.2711219249171612,"Node(id=19_5162_36, type=transcoder, layer=9, feature=5162, pos=36)",1
3,59,5284,transcoder,11,42,4503,lorsa,3.0655462741851807,1.1857571601867676,-1.879789113998413,0.0,-0.6131987404098342,"Node(id=22_4503_42, type=lorsa, layer=11, feature=4503, pos=42)",1
3,59,5284,transcoder,11,36,2240,transcoder,0.3820026218891144,0.26896852254867554,-0.11303409934043884,0.0,-0.29589875268774923,"Node(id=23_2240_36, type=transcoder, layer=11, feature=2240, pos=36)",1
3,59,5284,transcoder,13,36,6705,transcoder,0.18148913979530334,0.0,-0.18148913979530334,0.0,-1.0,"Node(id=27_6705_36, type=transcoder, layer=13, feature=6705, pos=36)",1
3,59,5284,transcoder,13,57,4451,transcoder,0.19393160939216614,0.1264125257730484,-0.06751908361911774,0.0,-0.34815924970014284,"Node(id=27_4451_57, type=transcoder, layer=13, feature=4451, pos=57)",1
3,59,5284,transcoder,14,36,8968,lorsa,0.9133227467536926,0.5183377265930176,-0.39498502016067505,0.0,-0.4324703633678311,"Node(id=28_8968_36, type=lorsa, layer=14, feature=8968, pos=36)",1
3,60,10866,transcoder,4,61,4743,lorsa,2.1845638751983643,1.3630132675170898,-0.8215506076812744,0.0,-0.3760707649743935,"Node(id=8_4743_61, type=lorsa, layer=4, feature=4743, pos=61)",1
3,60,10866,transcoder,4,60,11919,transcoder,0.7781699895858765,0.5707465410232544,-0.20742344856262207,0.0,-0.2665528757707656,"Node(id=9_11919_60, type=transcoder, layer=4, feature=11919, pos=60)",1
3,60,10866,transcoder,5,60,12930,transcoder,1.6677312850952148,1.1844359636306763,-0.4832953214645386,0.0,-0.2897920820841027,"Node(id=11_12930_60, type=transcoder, layer=5, feature=12930, pos=60)",1
3,61,8330,transcoder,4,34,14387,transcoder,0.8890300393104553,0.46291422843933105,-0.42611581087112427,0.0,-0.4793041764951226,"Node(id=9_14387_34, type=transcoder, layer=4, feature=14387, pos=34)",1
3,62,6487,transcoder,4,62,3019,transcoder,0.8848817944526672,0.0,-0.8848817944526672,0.0,-1.0,"Node(id=9_3019_62, type=transcoder, layer=4, feature=3019, pos=62)",1
3,62,6487,transcoder,5,62,13299,transcoder,0.9039543271064758,0.5026496648788452,-0.4013046622276306,0.0,-0.4439435159431029,"Node(id=11_13299_62, type=transcoder, layer=5, feature=13299, pos=62)",1
3,62,6487,transcoder,6,62,1735,transcoder,1.6790945529937744,0.9605929255485535,-0.718501627445221,0.0,-0.42791016513284164,"Node(id=13_1735_62, type=transcoder, layer=6, feature=1735, pos=62)",1
3,62,6487,transcoder,7,62,3543,transcoder,1.7134315967559814,1.12919282913208,-0.5842387676239014,0.0,-0.3409758339521889,"Node(id=15_3543_62, type=transcoder, layer=7, feature=3543, pos=62)",1
4,27,6509,lorsa,4,27,3261,transcoder,0.34043648838996887,0.26798373460769653,-0.07245275378227234,0.0,-0.21282311459892028,"Node(id=9_3261_27, type=transcoder, layer=4, feature=3261, pos=27)",1
4,27,6509,lorsa,5,36,13320,lorsa,2.290212869644165,1.7835581302642822,-0.5066547393798828,0.0,-0.22122604675547158,"Node(id=10_13320_36, type=lorsa, layer=5, feature=13320, pos=36)",1
4,36,11693,lorsa,4,36,8219,transcoder,0.37231943011283875,0.2770979106426239,-0.09522151947021484,0.0,-0.25575221642705054,"Node(id=9_8219_36, type=transcoder, layer=4, feature=8219, pos=36)",1
4,43,2634,lorsa,4,43,12716,transcoder,0.6625145673751831,0.49027734994888306,-0.17223721742630005,0.0,-0.25997498909146527,"Node(id=9_12716_43, type=transcoder, layer=4, feature=12716, pos=43)",1
4,43,2634,lorsa,5,36,10628,lorsa,3.798208475112915,2.795522451400757,-1.0026860237121582,0.0,-0.2639892018255659,"Node(id=10_10628_36, type=lorsa, layer=5, feature=10628, pos=36)",1
4,61,4743,lorsa,5,60,4691,lorsa,2.293004035949707,1.5781952142715454,-0.7148088216781616,0.0,-0.3117346548333069,"Node(id=10_4691_60, type=lorsa, layer=5, feature=4691, pos=60)",1
4,3,8453,transcoder,5,59,15061,lorsa,1.0584943294525146,0.0,-1.0584943294525146,0.0,-1.0,"Node(id=10_15061_59, type=lorsa, layer=5, feature=15061, pos=59)",1
4,3,8453,transcoder,6,3,15700,lorsa,2.893019676208496,2.0426888465881348,-0.8503308296203613,0.0,-0.293925007359362,"Node(id=12_15700_3, type=lorsa, layer=6, feature=15700, pos=3)",1
4,3,8453,transcoder,6,3,6259,transcoder,0.9025176763534546,0.6343856453895569,-0.2681320309638977,0.0,-0.2970933844168706,"Node(id=13_6259_3, type=transcoder, layer=6, feature=6259, pos=3)",1
4,3,8453,transcoder,6,3,15671,transcoder,2.865147590637207,1.0855753421783447,-1.7795722484588623,0.0,-0.6211101495344212,"Node(id=13_15671_3, type=transcoder, layer=6, feature=15671, pos=3)",1
4,3,8453,transcoder,6,3,16038,transcoder,1.9081240892410278,0.0,-1.9081240892410278,0.0,-1.0,"Node(id=13_16038_3, type=transcoder, layer=6, feature=16038, pos=3)",1
4,3,8453,transcoder,7,27,4537,lorsa,1.9889576435089111,0.0,-1.9889576435089111,0.0,-1.0,"Node(id=14_4537_27, type=lorsa, layer=7, feature=4537, pos=27)",1
4,3,8453,transcoder,7,36,5459,lorsa,3.490706443786621,2.2716314792633057,-1.2190749645233154,0.0,-0.34923445559085653,"Node(id=14_5459_36, type=lorsa, layer=7, feature=5459, pos=36)",1
4,3,8453,transcoder,7,59,6370,lorsa,2.355545997619629,0.0,-2.355545997619629,0.0,-1.0,"Node(id=14_6370_59, type=lorsa, layer=7, feature=6370, pos=59)",1
4,3,8453,transcoder,7,3,11946,transcoder,3.222217082977295,0.5576116442680359,-2.664605438709259,0.0,-0.8269478343920862,"Node(id=15_11946_3, type=transcoder, layer=7, feature=11946, pos=3)",1
4,3,8453,transcoder,7,59,10622,transcoder,0.7834378480911255,0.5485831499099731,-0.23485469818115234,0.0,-0.2997745114732257,"Node(id=15_10622_59, type=transcoder, layer=7, feature=10622, pos=59)",1
4,3,8453,transcoder,8,36,1417,lorsa,4.8791351318359375,2.9150171279907227,-1.9641180038452148,0.0,-0.40255454107624805,"Node(id=16_1417_36, type=lorsa, layer=8, feature=1417, pos=36)",1
4,3,8453,transcoder,8,36,1492,lorsa,2.96148419380188,2.119572162628174,-0.841912031173706,0.0,-0.2842871938792556,"Node(id=16_1492_36, type=lorsa, layer=8, feature=1492, pos=36)",1
4,3,8453,transcoder,9,36,4521,lorsa,3.1571714878082275,1.5446535348892212,-1.6125179529190063,0.0,-0.5107476610459475,"Node(id=18_4521_36, type=lorsa, layer=9, feature=4521, pos=36)",1
4,3,8453,transcoder,9,36,8265,lorsa,3.591033697128296,1.6220803260803223,-1.9689533710479736,0.0,-0.5482971024812495,"Node(id=18_8265_36, type=lorsa, layer=9, feature=8265, pos=36)",1
4,3,8453,transcoder,9,3,6254,transcoder,4.30410623550415,2.863443374633789,-1.4406628608703613,0.0,-0.33471823929123184,"Node(id=19_6254_3, type=transcoder, layer=9, feature=6254, pos=3)",1
4,3,8453,transcoder,10,3,11113,transcoder,0.9943823218345642,0.49603965878486633,-0.4983426630496979,0.0,-0.501158007445558,"Node(id=21_11113_3, type=transcoder, layer=10, feature=11113, pos=3)",1
4,3,8453,transcoder,10,35,13771,transcoder,0.726324200630188,0.5677212476730347,-0.15860295295715332,0.0,-0.21836385572660671,"Node(id=21_13771_35, type=transcoder, layer=10, feature=13771, pos=35)",1
4,3,8453,transcoder,10,36,11001,transcoder,0.587298572063446,0.4464702010154724,-0.14082837104797363,0.0,-0.23979007909585023,"Node(id=21_11001_36, type=transcoder, layer=10, feature=11001, pos=36)",1
4,3,8453,transcoder,11,42,4503,lorsa,3.0655462741851807,2.267825126647949,-0.7977211475372314,0.0,-0.26022153188643843,"Node(id=22_4503_42, type=lorsa, layer=11, feature=4503, pos=42)",1
4,3,8453,transcoder,11,36,2240,transcoder,0.3820026218891144,0.26016858220100403,-0.12183403968811035,0.0,-0.31893508763265943,"Node(id=23_2240_36, type=transcoder, layer=11, feature=2240, pos=36)",1
4,3,8453,transcoder,12,36,11652,lorsa,2.5469629764556885,1.7417385578155518,-0.8052244186401367,0.0,-0.31615081415933016,"Node(id=24_11652_36, type=lorsa, layer=12, feature=11652, pos=36)",1
4,3,8453,transcoder,12,36,8564,transcoder,0.5210015177726746,0.39141610264778137,-0.1295854151248932,0.0,-0.24872368065045525,"Node(id=25_8564_36, type=transcoder, layer=12, feature=8564, pos=36)",1
4,3,8453,transcoder,13,36,5534,lorsa,1.6633868217468262,1.292594313621521,-0.3707925081253052,0.0,-0.22291417923818396,"Node(id=26_5534_36, type=lorsa, layer=13, feature=5534, pos=36)",1
4,3,8453,transcoder,13,36,3932,transcoder,0.7543947100639343,0.5070257782936096,-0.2473689317703247,0.0,-0.3279038525460503,"Node(id=27_3932_36, type=transcoder, layer=13, feature=3932, pos=36)",1
4,3,8453,transcoder,13,36,6705,transcoder,0.18148913979530334,0.0,-0.18148913979530334,0.0,-1.0,"Node(id=27_6705_36, type=transcoder, layer=13, feature=6705, pos=36)",1
4,3,8453,transcoder,13,36,7930,transcoder,0.6133290529251099,0.48764392733573914,-0.12568512558937073,0.0,-0.20492283055881494,"Node(id=27_7930_36, type=transcoder, layer=13, feature=7930, pos=36)",1
4,3,8453,transcoder,13,57,4451,transcoder,0.19393160939216614,0.0,-0.19393160939216614,0.0,-1.0,"Node(id=27_4451_57, type=transcoder, layer=13, feature=4451, pos=57)",1
4,3,8453,transcoder,13,57,12931,transcoder,0.38083311915397644,0.20607922971248627,-0.17475388944149017,0.0,-0.4588726154639786,"Node(id=27_12931_57, type=transcoder, layer=13, feature=12931, pos=57)",1
4,3,8453,transcoder,14,7,6541,lorsa,1.711766004562378,0.0,-1.711766004562378,0.0,-1.0,"Node(id=28_6541_7, type=lorsa, layer=14, feature=6541, pos=7)",1
4,3,8453,transcoder,14,14,6541,lorsa,1.2900267839431763,0.0,-1.2900267839431763,0.0,-1.0,"Node(id=28_6541_14, type=lorsa, layer=14, feature=6541, pos=14)",1
4,3,8453,transcoder,14,14,7558,lorsa,1.3172794580459595,1.024580478668213,-0.2926989793777466,0.0,-0.22219960813169715,"Node(id=28_7558_14, type=lorsa, layer=14, feature=7558, pos=14)",1
4,3,8453,transcoder,14,21,10843,lorsa,3.2089242935180664,2.253793478012085,-0.9551308155059814,0.0,-0.29764828588674336,"Node(id=28_10843_21, type=lorsa, layer=14, feature=10843, pos=21)",1
4,3,8453,transcoder,14,36,8968,lorsa,0.9133227467536926,0.0,-0.9133227467536926,0.0,-1.0,"Node(id=28_8968_36, type=lorsa, layer=14, feature=8968, pos=36)",1
4,3,8453,transcoder,14,21,969,transcoder,1.0221160650253296,0.5155259370803833,-0.5065901279449463,0.0,-0.49562876984268145,"Node(id=29_969_21, type=transcoder, layer=14, feature=969, pos=21)",1
4,3,8453,transcoder,14,36,1214,transcoder,1.765131950378418,0.9717145562171936,-0.7934173941612244,0.0,-0.44949466468562166,"Node(id=29_1214_36, type=transcoder, layer=14, feature=1214, pos=36)",1
4,3,8453,transcoder,14,36,15619,transcoder,0.42063450813293457,0.24071447551250458,-0.17992003262043,0.0,-0.4277348366377236,"Node(id=29_15619_36, type=transcoder, layer=14, feature=15619, pos=36)",1
4,18,14280,transcoder,5,18,14977,transcoder,1.3535345792770386,0.09581824392080307,-1.2577163353562355,0.0,-0.9292088688476785,"Node(id=11_14977_18, type=transcoder, layer=5, feature=14977, pos=18)",1
4,18,14280,transcoder,6,18,14977,transcoder,1.793497920036316,0.0,-1.793497920036316,0.0,-1.0,"Node(id=13_14977_18, type=transcoder, layer=6, feature=14977, pos=18)",1
4,18,14280,transcoder,7,18,2868,lorsa,3.1723361015319824,1.4795304536819458,-1.6928056478500366,0.0,-0.5336148483865086,"Node(id=14_2868_18, type=lorsa, layer=7, feature=2868, pos=18)",1
4,18,14280,transcoder,7,18,14977,transcoder,1.8477169275283813,0.598307192325592,-1.2494097352027893,0.0,-0.676191096476058,"Node(id=15_14977_18, type=transcoder, layer=7, feature=14977, pos=18)",1
4,18,14280,transcoder,8,18,8746,transcoder,0.7706036567687988,0.48774099349975586,-0.28286266326904297,0.0,-0.3670663392062116,"Node(id=17_8746_18, type=transcoder, layer=8, feature=8746, pos=18)",1
4,18,14280,transcoder,9,35,12732,lorsa,2.9757447242736816,1.298039197921753,-1.6777055263519287,0.0,-0.5637934976970924,"Node(id=18_12732_35, type=lorsa, layer=9, feature=12732, pos=35)",1
4,18,14280,transcoder,10,35,3129,transcoder,0.6713854074478149,0.4205095171928406,-0.25087589025497437,0.0,-0.37366896490742435,"Node(id=21_3129_35, type=transcoder, layer=10, feature=3129, pos=35)",1
4,18,14280,transcoder,12,52,13529,lorsa,1.9571092128753662,0.7820033431053162,-1.17510586977005,0.0,-0.6004293792289679,"Node(id=24_13529_52, type=lorsa, layer=12, feature=13529, pos=52)",1
4,18,14280,transcoder,14,36,8968,lorsa,0.9133227467536926,0.7245912551879883,-0.18873149156570435,0.0,-0.2066427144583118,"Node(id=28_8968_36, type=lorsa, layer=14, feature=8968, pos=36)",1
4,18,14280,transcoder,14,36,15619,transcoder,0.42063450813293457,0.33378010988235474,-0.08685439825057983,0.0,-0.20648424361591117,"Node(id=29_15619_36, type=transcoder, layer=14, feature=15619, pos=36)",1
4,20,8194,transcoder,6,20,2562,transcoder,1.9573559761047363,0.5108339786529541,-1.4465219974517822,0.0,-0.7390183569625662,"Node(id=13_2562_20, type=transcoder, layer=6, feature=2562, pos=20)",1
4,20,8194,transcoder,7,38,14502,lorsa,3.504657745361328,2.5271873474121094,-0.9774703979492188,0.0,-0.2789060926827941,"Node(id=14_14502_38, type=lorsa, layer=7, feature=14502, pos=38)",1
4,20,8194,transcoder,7,20,10549,transcoder,2.3378570079803467,0.9498855471611023,-1.3879714608192444,0.0,-0.5936939068905246,"Node(id=15_10549_20, type=transcoder, layer=7, feature=10549, pos=20)",1
4,20,8194,transcoder,7,20,14452,transcoder,3.8120827674865723,2.9426052570343018,-0.8694775104522705,0.0,-0.22808463600740359,"Node(id=15_14452_20, type=transcoder, layer=7, feature=14452, pos=20)",1
4,20,8194,transcoder,8,38,9586,lorsa,4.022851943969727,2.9760642051696777,-1.0467877388000488,0.0,-0.2602103565777976,"Node(id=16_9586_38, type=lorsa, layer=8, feature=9586, pos=38)",1
4,20,8194,transcoder,13,57,4451,transcoder,0.19393160939216614,0.15414781868457794,-0.039783790707588196,0.0,-0.20514340510183618,"Node(id=27_4451_57, type=transcoder, layer=13, feature=4451, pos=57)",1
4,20,8194,transcoder,14,7,6541,lorsa,1.711766004562378,1.3682483434677124,-0.3435176610946655,0.0,-0.200680268318851,"Node(id=28_6541_7, type=lorsa, layer=14, feature=6541, pos=7)",1
4,20,8194,transcoder,14,14,6541,lorsa,1.2900267839431763,1.0014556646347046,-0.2885711193084717,0.0,-0.22369389759986782,"Node(id=28_6541_14, type=lorsa, layer=14, feature=6541, pos=14)",1
4,20,8194,transcoder,14,36,8968,lorsa,0.9133227467536926,0.5439901947975159,-0.36933255195617676,0.0,-0.4043833937881538,"Node(id=28_8968_36, type=lorsa, layer=14, feature=8968, pos=36)",1
4,21,14280,transcoder,5,36,5460,lorsa,3.0665171146392822,2.078174114227295,-0.9883430004119873,0.0,-0.3223014786689841,"Node(id=10_5460_36, type=lorsa, layer=5, feature=5460, pos=36)",1
4,21,14280,transcoder,5,21,14977,transcoder,1.2401914596557617,0.15611532330513,-1.0840761363506317,0.0,-0.8741199819675723,"Node(id=11_14977_21, type=transcoder, layer=5, feature=14977, pos=21)",1
4,21,14280,transcoder,6,21,14977,transcoder,2.1387689113616943,0.0,-2.1387689113616943,0.0,-1.0,"Node(id=13_14977_21, type=transcoder, layer=6, feature=14977, pos=21)",1
4,21,14280,transcoder,6,36,8540,transcoder,0.6434565186500549,0.46953704953193665,-0.1739194691181183,0.0,-0.27028938875775804,"Node(id=13_8540_36, type=transcoder, layer=6, feature=8540, pos=36)",1
4,21,14280,transcoder,7,18,2868,lorsa,3.1723361015319824,1.717839241027832,-1.4544968605041504,0.0,-0.45849393442319863,"Node(id=14_2868_18, type=lorsa, layer=7, feature=2868, pos=18)",1
4,21,14280,transcoder,7,36,2492,lorsa,1.8267388343811035,1.3285763263702393,-0.49816250801086426,0.0,-0.27270592743469046,"Node(id=14_2492_36, type=lorsa, layer=7, feature=2492, pos=36)",1
4,21,14280,transcoder,7,21,14977,transcoder,1.6010267734527588,0.5440667271614075,-1.0569600462913513,0.0,-0.6601763716992199,"Node(id=15_14977_21, type=transcoder, layer=7, feature=14977, pos=21)",1
4,21,14280,transcoder,8,18,8746,transcoder,0.7706036567687988,0.43554753065109253,-0.3350561261177063,0.0,-0.4347969584294769,"Node(id=17_8746_18, type=transcoder, layer=8, feature=8746, pos=18)",1
4,21,14280,transcoder,9,35,12732,lorsa,2.9757447242736816,1.899383306503296,-1.0763614177703857,0.0,-0.36171161087519144,"Node(id=18_12732_35, type=lorsa, layer=9, feature=12732, pos=35)",1
4,21,14280,transcoder,10,35,3129,transcoder,0.6713854074478149,0.511163055896759,-0.1602223515510559,0.0,-0.23864437590343304,"Node(id=21_3129_35, type=transcoder, layer=10, feature=3129, pos=35)",1
4,21,14280,transcoder,11,42,4503,lorsa,3.0655462741851807,2.443366765975952,-0.6221795082092285,0.0,-0.2029587722907896,"Node(id=22_4503_42, type=lorsa, layer=11, feature=4503, pos=42)",1
4,21,14280,transcoder,14,36,15619,transcoder,0.42063450813293457,0.0,-0.42063450813293457,0.0,-1.0,"Node(id=29_15619_36, type=transcoder, layer=14, feature=15619, pos=36)",1
4,27,3261,transcoder,5,36,13320,lorsa,2.290212869644165,1.750113844871521,-0.540099024772644,0.0,-0.23582918074185844,"Node(id=10_13320_36, type=lorsa, layer=5, feature=13320, pos=36)",1
4,27,16070,transcoder,5,36,13320,lorsa,2.290212869644165,1.7738147974014282,-0.5163980722427368,0.0,-0.22548038179654917,"Node(id=10_13320_36, type=lorsa, layer=5, feature=13320, pos=36)",1
4,36,2320,transcoder,5,36,2716,transcoder,0.4400579631328583,0.28223705291748047,-0.1578209102153778,0.0,-0.3586366420728307,"Node(id=11_2716_36, type=transcoder, layer=5, feature=2716, pos=36)",1
4,36,2320,transcoder,5,36,4487,transcoder,0.6274858713150024,0.4265872836112976,-0.20089858770370483,0.0,-0.32016432064468314,"Node(id=11_4487_36, type=transcoder, layer=5, feature=4487, pos=36)",1
4,36,2320,transcoder,5,36,12500,transcoder,0.3900949954986572,0.3082484006881714,-0.08184659481048584,0.0,-0.20981195799720934,"Node(id=11_12500_36, type=transcoder, layer=5, feature=12500, pos=36)",1
4,36,7015,transcoder,5,36,12500,transcoder,0.3900949954986572,0.3118945062160492,-0.07820048928260803,0.0,-0.20046524611946018,"Node(id=11_12500_36, type=transcoder, layer=5, feature=12500, pos=36)",1
4,36,11907,transcoder,5,36,12500,transcoder,0.3900949954986572,0.2427024245262146,-0.14739257097244263,0.0,-0.37783763614816734,"Node(id=11_12500_36, type=transcoder, layer=5, feature=12500, pos=36)",1
4,36,11907,transcoder,6,36,13247,transcoder,0.976347804069519,0.7709535360336304,-0.20539426803588867,0.0,-0.21036998002124246,"Node(id=13_13247_36, type=transcoder, layer=6, feature=13247, pos=36)",1
4,39,3675,transcoder,5,39,4945,transcoder,0.8593589067459106,0.0,-0.8593589067459106,0.0,-1.0,"Node(id=11_4945_39, type=transcoder, layer=5, feature=4945, pos=39)",1
4,39,3675,transcoder,6,39,4099,transcoder,2.1563220024108887,0.7648375034332275,-1.3914844989776611,0.0,-0.6453045961697296,"Node(id=13_4099_39, type=transcoder, layer=6, feature=4099, pos=39)",1
4,39,3675,transcoder,6,39,15671,transcoder,4.099458694458008,3.2784454822540283,-0.8210132122039795,0.0,-0.20027356619396947,"Node(id=13_15671_39, type=transcoder, layer=6, feature=15671, pos=39)",1
4,39,3675,transcoder,7,45,11217,lorsa,2.0944316387176514,1.174047589302063,-0.9203840494155884,0.0,-0.43944334701661975,"Node(id=14_11217_45, type=lorsa, layer=7, feature=11217, pos=45)",1
4,39,3675,transcoder,7,53,6874,lorsa,4.199068546295166,2.33919095993042,-1.859877586364746,0.0,-0.44292622658082453,"Node(id=14_6874_53, type=lorsa, layer=7, feature=6874, pos=53)",1
4,39,3675,transcoder,7,39,7600,transcoder,1.7896348237991333,0.9373916387557983,-0.852243185043335,0.0,-0.4762106624826104,"Node(id=15_7600_39, type=transcoder, layer=7, feature=7600, pos=39)",1
4,39,3675,transcoder,8,53,2184,lorsa,3.2365097999572754,1.8269100189208984,-1.409599781036377,0.0,-0.4355308243018405,"Node(id=16_2184_53, type=lorsa, layer=8, feature=2184, pos=53)",1
4,39,3675,transcoder,14,36,8968,lorsa,0.9133227467536926,0.5770838260650635,-0.33623892068862915,0.0,-0.3681490709431624,"Node(id=28_8968_36, type=lorsa, layer=14, feature=8968, pos=36)",1
4,39,3675,transcoder,14,36,15619,transcoder,0.42063450813293457,0.26800021529197693,-0.15263429284095764,0.0,-0.3628667878877881,"Node(id=29_15619_36, type=transcoder, layer=14, feature=15619, pos=36)",1
4,43,12716,transcoder,5,36,10628,lorsa,3.798208475112915,2.074565887451172,-1.7236425876617432,0.0,-0.4538041023697368,"Node(id=10_10628_36, type=lorsa, layer=5, feature=10628, pos=36)",1
4,58,15812,transcoder,6,58,4091,transcoder,1.5473531484603882,0.8965590596199036,-0.6507940888404846,0.0,-0.4205853650719765,"Node(id=13_4091_58, type=transcoder, layer=6, feature=4091, pos=58)",1
4,59,15898,transcoder,5,59,8348,transcoder,1.8148555755615234,0.7083507776260376,-1.1065047979354858,0.0,-0.6096930316855262,"Node(id=11_8348_59, type=transcoder, layer=5, feature=8348, pos=59)",1
4,59,15898,transcoder,6,3,15700,lorsa,2.893019676208496,1.2063484191894531,-1.686671257019043,0.0,-0.5830140979993413,"Node(id=12_15700_3, type=lorsa, layer=6, feature=15700, pos=3)",1
4,59,15898,transcoder,6,3,6259,transcoder,0.9025176763534546,0.5806849598884583,-0.32183271646499634,0.0,-0.35659436363100816,"Node(id=13_6259_3, type=transcoder, layer=6, feature=6259, pos=3)",1
4,59,15898,transcoder,6,59,2057,transcoder,2.9450290203094482,1.5422605276107788,-1.4027684926986694,0.0,-0.47631737515145905,"Node(id=13_2057_59, type=transcoder, layer=6, feature=2057, pos=59)",1
4,59,15898,transcoder,7,36,5459,lorsa,3.490706443786621,2.7850842475891113,-0.7056221961975098,0.0,-0.20214309268357453,"Node(id=14_5459_36, type=lorsa, layer=7, feature=5459, pos=36)",1
4,59,15898,transcoder,7,59,9138,transcoder,1.2726882696151733,0.9982775449752808,-0.2744107246398926,0.0,-0.21561503409068664,"Node(id=15_9138_59, type=transcoder, layer=7, feature=9138, pos=59)",1
4,59,15898,transcoder,7,59,10622,transcoder,0.7834378480911255,0.5681877136230469,-0.2152501344680786,0.0,-0.27475074760881585,"Node(id=15_10622_59, type=transcoder, layer=7, feature=10622, pos=59)",1
4,59,15898,transcoder,8,36,1492,lorsa,2.96148419380188,2.1972663402557373,-0.7642178535461426,0.0,-0.2580523155063876,"Node(id=16_1492_36, type=lorsa, layer=8, feature=1492, pos=36)",1
4,59,15898,transcoder,11,42,4503,lorsa,3.0655462741851807,2.38147234916687,-0.6840739250183105,0.0,-0.22314911074051125,"Node(id=22_4503_42, type=lorsa, layer=11, feature=4503, pos=42)",1
4,60,11919,transcoder,5,60,4691,lorsa,2.293004035949707,1.5814337730407715,-0.7115702629089355,0.0,-0.3103222897792329,"Node(id=10_4691_60, type=lorsa, layer=5, feature=4691, pos=60)",1
4,60,11919,transcoder,5,60,12930,transcoder,1.6677312850952148,0.8768907785415649,-0.7908405065536499,0.0,-0.47420139780402265,"Node(id=11_12930_60, type=transcoder, layer=5, feature=12930, pos=60)",1
4,61,7216,transcoder,5,60,4691,lorsa,2.293004035949707,1.7781779766082764,-0.5148260593414307,0.0,-0.22452034591740355,"Node(id=10_4691_60, type=lorsa, layer=5, feature=4691, pos=60)",1
4,62,3019,transcoder,5,62,13299,transcoder,0.9039543271064758,0.5514366030693054,-0.3525177240371704,0.0,-0.3899729372008944,"Node(id=11_13299_62, type=transcoder, layer=5, feature=13299, pos=62)",1
4,62,3019,transcoder,6,62,1735,transcoder,1.6790945529937744,1.0553843975067139,-0.6237101554870605,0.0,-0.3714562437088515,"Node(id=13_1735_62, type=transcoder, layer=6, feature=1735, pos=62)",1
4,62,3019,transcoder,7,62,3543,transcoder,1.7134315967559814,1.1645532846450806,-0.5488783121109009,0.0,-0.3203386193823467,"Node(id=15_3543_62, type=transcoder, layer=7, feature=3543, pos=62)",1
5,36,10628,lorsa,5,36,2716,transcoder,0.4400579631328583,0.1969130039215088,-0.2431449592113495,0.0,-0.5525293929016832,"Node(id=11_2716_36, type=transcoder, layer=5, feature=2716, pos=36)",1
5,36,10628,lorsa,5,36,4087,transcoder,0.5863869190216064,0.4648383557796478,-0.12154856324195862,0.0,-0.20728389276616851,"Node(id=11_4087_36, type=transcoder, layer=5, feature=4087, pos=36)",1
5,36,13425,lorsa,5,36,12500,transcoder,0.3900949954986572,0.26733821630477905,-0.12275677919387817,0.0,-0.31468432205073166,"Node(id=11_12500_36, type=transcoder, layer=5, feature=12500, pos=36)",1
5,18,14977,transcoder,6,18,14977,transcoder,1.793497920036316,0.0,-1.793497920036316,0.0,-1.0,"Node(id=13_14977_18, type=transcoder, layer=6, feature=14977, pos=18)",1
5,18,14977,transcoder,7,18,2868,lorsa,3.1723361015319824,2.2485532760620117,-0.9237828254699707,0.0,-0.2911995437759127,"Node(id=14_2868_18, type=lorsa, layer=7, feature=2868, pos=18)",1
5,18,14977,transcoder,7,18,14977,transcoder,1.8477169275283813,0.9322182536125183,-0.915498673915863,0.0,-0.4954756111589505,"Node(id=15_14977_18, type=transcoder, layer=7, feature=14977, pos=18)",1
5,18,14977,transcoder,8,18,8746,transcoder,0.7706036567687988,0.6134449243545532,-0.1571587324142456,0.0,-0.20394236522731338,"Node(id=17_8746_18, type=transcoder, layer=8, feature=8746, pos=18)",1
5,18,14977,transcoder,12,52,13529,lorsa,1.9571092128753662,1.4068372249603271,-0.5502719879150391,0.0,-0.2811657031170911,"Node(id=24_13529_52, type=lorsa, layer=12, feature=13529, pos=52)",1
5,21,14977,transcoder,6,21,14977,transcoder,2.1387689113616943,0.33437150716781616,-1.8043974041938782,0.0,-0.8436616946358496,"Node(id=13_14977_21, type=transcoder, layer=6, feature=14977, pos=21)",1
5,21,14977,transcoder,7,18,2868,lorsa,3.1723361015319824,2.004234552383423,-1.1681015491485596,0.0,-0.36821494058730436,"Node(id=14_2868_18, type=lorsa, layer=7, feature=2868, pos=18)",1
5,21,14977,transcoder,7,21,14977,transcoder,1.6010267734527588,0.9569569826126099,-0.6440697908401489,0.0,-0.402285459256346,"Node(id=15_14977_21, type=transcoder, layer=7, feature=14977, pos=21)",1
5,21,14977,transcoder,14,36,15619,transcoder,0.42063450813293457,0.28736379742622375,-0.13327071070671082,0.0,-0.31683256634900914,"Node(id=29_15619_36, type=transcoder, layer=14, feature=15619, pos=36)",1
5,36,4087,transcoder,6,36,8540,transcoder,0.6434565186500549,0.5077559947967529,-0.135700523853302,0.0,-0.21089307500994173,"Node(id=13_8540_36, type=transcoder, layer=6, feature=8540, pos=36)",1
5,39,4945,transcoder,6,39,4099,transcoder,2.1563220024108887,1.370479941368103,-0.7858420610427856,0.0,-0.36443632266617426,"Node(id=13_4099_39, type=transcoder, layer=6, feature=4099, pos=39)",1
5,39,4945,transcoder,7,53,6874,lorsa,4.199068546295166,3.3352108001708984,-0.8638577461242676,0.0,-0.205726040573081,"Node(id=14_6874_53, type=lorsa, layer=7, feature=6874, pos=53)",1
5,56,13852,transcoder,6,56,3210,transcoder,2.4339599609375,1.2122962474822998,-1.2216637134552002,0.0,-0.5019243262262401,"Node(id=13_3210_56, type=transcoder, layer=6, feature=3210, pos=56)",1
5,59,8348,transcoder,6,3,15700,lorsa,2.893019676208496,1.4573583602905273,-1.4356613159179688,0.0,-0.4962501042507609,"Node(id=12_15700_3, type=lorsa, layer=6, feature=15700, pos=3)",1
5,59,8348,transcoder,6,59,2057,transcoder,2.9450290203094482,1.5921956300735474,-1.3528333902359009,0.0,-0.45936165005727253,"Node(id=13_2057_59, type=transcoder, layer=6, feature=2057, pos=59)",1
5,59,8348,transcoder,7,59,9138,transcoder,1.2726882696151733,1.0013248920440674,-0.27136337757110596,0.0,-0.21322061658756306,"Node(id=15_9138_59, type=transcoder, layer=7, feature=9138, pos=59)",1
5,59,12487,transcoder,6,3,15700,lorsa,2.893019676208496,1.9064390659332275,-0.9865806102752686,0.0,-0.34102105090700635,"Node(id=12_15700_3, type=lorsa, layer=6, feature=15700, pos=3)",1
5,59,12487,transcoder,6,59,2057,transcoder,2.9450290203094482,2.213059902191162,-0.7319691181182861,0.0,-0.2485439406778323,"Node(id=13_2057_59, type=transcoder, layer=6, feature=2057, pos=59)",1
5,60,12930,transcoder,7,60,3804,transcoder,1.427456021308899,1.1307674646377563,-0.2966885566711426,0.0,-0.20784427137663788,"Node(id=15_3804_60, type=transcoder, layer=7, feature=3804, pos=60)",1
5,62,13299,transcoder,6,62,1735,transcoder,1.6790945529937744,0.36446940898895264,-1.3146251440048218,0.0,-0.782936935660285,"Node(id=13_1735_62, type=transcoder, layer=6, feature=1735, pos=62)",1
5,62,13299,transcoder,7,45,15440,transcoder,0.7087522149085999,0.5613640546798706,-0.14738816022872925,0.0,-0.2079544262838548,"Node(id=15_15440_45, type=transcoder, layer=7, feature=15440, pos=45)",1
5,62,13299,transcoder,7,62,3543,transcoder,1.7134315967559814,0.7700604200363159,-0.9433711767196655,0.0,-0.5505741685315821,"Node(id=15_3543_62, type=transcoder, layer=7, feature=3543, pos=62)",1
5,63,13852,transcoder,6,63,3210,transcoder,1.8999005556106567,0.6200796961784363,-1.2798208594322205,0.0,-0.6736251829879942,"Node(id=13_3210_63, type=transcoder, layer=6, feature=3210, pos=63)",1
5,63,13852,transcoder,8,39,12437,lorsa,4.935873985290527,3.7507359981536865,-1.1851379871368408,0.0,-0.24010701866957876,"Node(id=16_12437_39, type=lorsa, layer=8, feature=12437, pos=39)",1
6,3,15700,lorsa,6,3,6259,transcoder,0.9025176763534546,0.612800657749176,-0.28971701860427856,0.0,-0.3210097998023212,"Node(id=13_6259_3, type=transcoder, layer=6, feature=6259, pos=3)",1
6,3,15700,lorsa,7,27,4537,lorsa,1.9889576435089111,1.4997010231018066,-0.4892566204071045,0.0,-0.2459864452135642,"Node(id=14_4537_27, type=lorsa, layer=7, feature=4537, pos=27)",1
6,3,16038,transcoder,7,27,4537,lorsa,1.9889576435089111,1.343514323234558,-0.645443320274353,0.0,-0.3245133562199266,"Node(id=14_4537_27, type=lorsa, layer=7, feature=4537, pos=27)",1
6,3,16038,transcoder,7,3,11946,transcoder,3.222217082977295,2.2181453704833984,-1.0040717124938965,0.0,-0.31160895949510165,"Node(id=15_11946_3, type=transcoder, layer=7, feature=11946, pos=3)",1
6,3,16038,transcoder,14,36,8968,lorsa,0.9133227467536926,0.7057157754898071,-0.2076069712638855,0.0,-0.22730953762161527,"Node(id=28_8968_36, type=lorsa, layer=14, feature=8968, pos=36)",1
6,18,14977,transcoder,7,18,2868,lorsa,3.1723361015319824,2.2510628700256348,-0.9212732315063477,0.0,-0.2904084567399548,"Node(id=14_2868_18, type=lorsa, layer=7, feature=2868, pos=18)",1
6,18,14977,transcoder,7,18,14977,transcoder,1.8477169275283813,0.8643501996994019,-0.9833667278289795,0.0,-0.5322063748933613,"Node(id=15_14977_18, type=transcoder, layer=7, feature=14977, pos=18)",1
6,18,14977,transcoder,8,18,8746,transcoder,0.7706036567687988,0.46273234486579895,-0.3078713119029999,0.0,-0.3995196612405504,"Node(id=17_8746_18, type=transcoder, layer=8, feature=8746, pos=18)",1
6,18,14977,transcoder,9,35,12732,lorsa,2.9757447242736816,2.045966386795044,-0.9297783374786377,0.0,-0.31245231820265684,"Node(id=18_12732_35, type=lorsa, layer=9, feature=12732, pos=35)",1
6,18,14977,transcoder,12,52,13529,lorsa,1.9571092128753662,1.22919762134552,-0.7279115915298462,0.0,-0.3719320244067552,"Node(id=24_13529_52, type=lorsa, layer=12, feature=13529, pos=52)",1
6,20,2562,transcoder,7,20,10549,transcoder,2.3378570079803467,0.7399581074714661,-1.5978989005088806,0.0,-0.6834887228151267,"Node(id=15_10549_20, type=transcoder, layer=7, feature=10549, pos=20)",1
6,20,2562,transcoder,8,38,9586,lorsa,4.022851943969727,2.662912130355835,-1.3599398136138916,0.0,-0.3380536575929541,"Node(id=16_9586_38, type=lorsa, layer=8, feature=9586, pos=38)",1
6,20,2562,transcoder,14,7,6541,lorsa,1.711766004562378,1.3581782579421997,-0.3535877466201782,0.0,-0.20656313168841953,"Node(id=28_6541_7, type=lorsa, layer=14, feature=6541, pos=7)",1
6,20,2562,transcoder,14,14,6541,lorsa,1.2900267839431763,0.9398821592330933,-0.350144624710083,0.0,-0.27142430612162105,"Node(id=28_6541_14, type=lorsa, layer=14, feature=6541, pos=14)",1
6,20,2562,transcoder,14,36,8968,lorsa,0.9133227467536926,0.5798447728157043,-0.3334779739379883,0.0,-0.36512610150497166,"Node(id=28_8968_36, type=lorsa, layer=14, feature=8968, pos=36)",1
6,21,14977,transcoder,7,18,2868,lorsa,3.1723361015319824,0.8078268766403198,-2.3645092248916626,0.0,-0.7453526830747207,"Node(id=14_2868_18, type=lorsa, layer=7, feature=2868, pos=18)",1
6,21,14977,transcoder,7,21,14977,transcoder,1.6010267734527588,0.5182298421859741,-1.0827969312667847,0.0,-0.6763140687095665,"Node(id=15_14977_21, type=transcoder, layer=7, feature=14977, pos=21)",1
6,21,14977,transcoder,7,36,10671,transcoder,0.8758847713470459,0.6303651928901672,-0.24551957845687866,0.0,-0.2803103632904677,"Node(id=15_10671_36, type=transcoder, layer=7, feature=10671, pos=36)",1
6,21,14977,transcoder,8,18,8746,transcoder,0.7706036567687988,0.4859086871147156,-0.28469496965408325,0.0,-0.3694440938002182,"Node(id=17_8746_18, type=transcoder, layer=8, feature=8746, pos=18)",1
6,21,14977,transcoder,9,35,12732,lorsa,2.9757447242736816,2.079883098602295,-0.8958616256713867,0.0,-0.30105459596842543,"Node(id=18_12732_35, type=lorsa, layer=9, feature=12732, pos=35)",1
6,21,14977,transcoder,14,36,15619,transcoder,0.42063450813293457,0.22587032616138458,-0.19476418197155,0.0,-0.4630247357404115,"Node(id=29_15619_36, type=transcoder, layer=14, feature=15619, pos=36)",1
6,27,1692,transcoder,7,36,5459,lorsa,3.490706443786621,1.3453876972198486,-2.1453187465667725,0.0,-0.6145801089591454,"Node(id=14_5459_36, type=lorsa, layer=7, feature=5459, pos=36)",1
6,27,1692,transcoder,7,27,14870,transcoder,0.5193299651145935,0.0,-0.5193299651145935,0.0,-1.0,"Node(id=15_14870_27, type=transcoder, layer=7, feature=14870, pos=27)",1
6,27,1692,transcoder,8,36,1417,lorsa,4.8791351318359375,3.5875613689422607,-1.2915737628936768,0.0,-0.264713669122683,"Node(id=16_1417_36, type=lorsa, layer=8, feature=1417, pos=36)",1
6,27,1692,transcoder,8,36,1492,lorsa,2.96148419380188,2.198254346847534,-0.7632298469543457,0.0,-0.2577186967776891,"Node(id=16_1492_36, type=lorsa, layer=8, feature=1492, pos=36)",1
6,27,1692,transcoder,9,36,4521,lorsa,3.1571714878082275,2.497257709503174,-0.6599137783050537,0.0,-0.20902056820587192,"Node(id=18_4521_36, type=lorsa, layer=9, feature=4521, pos=36)",1
6,27,15671,transcoder,7,36,5459,lorsa,3.490706443786621,1.8550474643707275,-1.6356589794158936,0.0,-0.4685753459238401,"Node(id=14_5459_36, type=lorsa, layer=7, feature=5459, pos=36)",1
6,27,15671,transcoder,7,27,14870,transcoder,0.5193299651145935,0.3998528718948364,-0.11947709321975708,0.0,-0.23006007980570442,"Node(id=15_14870_27, type=transcoder, layer=7, feature=14870, pos=27)",1
6,36,11513,transcoder,11,42,4503,lorsa,3.0655462741851807,1.9626988172531128,-1.1028474569320679,0.0,-0.35975560578520505,"Node(id=22_4503_42, type=lorsa, layer=11, feature=4503, pos=42)",1
6,36,12696,transcoder,7,36,10198,transcoder,0.8630536198616028,0.5916165113449097,-0.2714371085166931,0.0,-0.3145078153547634,"Node(id=15_10198_36, type=transcoder, layer=7, feature=10198, pos=36)",1
6,36,12696,transcoder,8,36,776,transcoder,0.732367753982544,0.3825656473636627,-0.3498021066188812,0.0,-0.47763176999081636,"Node(id=17_776_36, type=transcoder, layer=8, feature=776, pos=36)",1
6,39,4099,transcoder,7,53,6874,lorsa,4.199068546295166,1.8614221811294556,-2.3376463651657104,0.0,-0.5567059311828128,"Node(id=14_6874_53, type=lorsa, layer=7, feature=6874, pos=53)",1
6,39,4099,transcoder,7,39,7600,transcoder,1.7896348237991333,0.8278175592422485,-0.9618172645568848,0.0,-0.5374377229177332,"Node(id=15_7600_39, type=transcoder, layer=7, feature=7600, pos=39)",1
6,39,4099,transcoder,7,39,10442,transcoder,0.7531685829162598,0.513228178024292,-0.23994040489196777,0.0,-0.31857463300304084,"Node(id=15_10442_39, type=transcoder, layer=7, feature=10442, pos=39)",1
6,39,4099,transcoder,8,53,2184,lorsa,3.2365097999572754,1.7302875518798828,-1.5062222480773926,0.0,-0.4653847326824952,"Node(id=16_2184_53, type=lorsa, layer=8, feature=2184, pos=53)",1
6,39,15671,transcoder,7,45,11217,lorsa,2.0944316387176514,1.041165828704834,-1.0532658100128174,0.0,-0.5028886073635213,"Node(id=14_11217_45, type=lorsa, layer=7, feature=11217, pos=45)",1
6,39,15671,transcoder,7,53,6874,lorsa,4.199068546295166,3.0417282581329346,-1.1573402881622314,0.0,-0.2756183366388128,"Node(id=14_6874_53, type=lorsa, layer=7, feature=6874, pos=53)",1
6,39,15671,transcoder,7,39,7600,transcoder,1.7896348237991333,1.1861135959625244,-0.6035212278366089,0.0,-0.3372314953926866,"Node(id=15_7600_39, type=transcoder, layer=7, feature=7600, pos=39)",1
6,39,15671,transcoder,7,39,10442,transcoder,0.7531685829162598,0.4597738981246948,-0.29339468479156494,0.0,-0.38954716307409454,"Node(id=15_10442_39, type=transcoder, layer=7, feature=10442, pos=39)",1
6,39,15671,transcoder,8,53,2184,lorsa,3.2365097999572754,2.391954183578491,-0.8445556163787842,0.0,-0.2609464109733062,"Node(id=16_2184_53, type=lorsa, layer=8, feature=2184, pos=53)",1
6,47,15671,transcoder,8,39,12437,lorsa,4.935873985290527,3.769224166870117,-1.1666498184204102,0.0,-0.23636134591303606,"Node(id=16_12437_39, type=lorsa, layer=8, feature=12437, pos=39)",1
6,56,3210,transcoder,13,57,4451,transcoder,0.19393160939216614,0.14537857472896576,-0.04855303466320038,0.0,-0.2503616342657015,"Node(id=27_4451_57, type=transcoder, layer=13, feature=4451, pos=57)",1
6,58,4091,transcoder,7,58,7919,transcoder,1.4488893747329712,0.6253067851066589,-0.8235825896263123,0.0,-0.5684233758551082,"Node(id=15_7919_58, type=transcoder, layer=7, feature=7919, pos=58)",1
6,59,2057,transcoder,7,59,9138,transcoder,1.2726882696151733,0.24237212538719177,-1.0303161442279816,0.0,-0.8095589224999469,"Node(id=15_9138_59, type=transcoder, layer=7, feature=9138, pos=59)",1
6,59,2057,transcoder,7,59,10622,transcoder,0.7834378480911255,0.27742916345596313,-0.5060086846351624,0.0,-0.6458823579535642,"Node(id=15_10622_59, type=transcoder, layer=7, feature=10622, pos=59)",1
6,59,2057,transcoder,8,59,5284,transcoder,1.3973568677902222,0.6483304500579834,-0.7490264177322388,0.0,-0.5360308701360934,"Node(id=17_5284_59, type=transcoder, layer=8, feature=5284, pos=59)",1
6,59,2057,transcoder,8,59,7304,transcoder,0.7314049601554871,0.4801868200302124,-0.25121814012527466,0.0,-0.3434733886298351,"Node(id=17_7304_59, type=transcoder, layer=8, feature=7304, pos=59)",1
6,59,2057,transcoder,9,3,13118,lorsa,3.4335744380950928,1.7631025314331055,-1.6704719066619873,0.0,-0.4865110504459445,"Node(id=18_13118_3, type=lorsa, layer=9, feature=13118, pos=3)",1
6,59,2057,transcoder,9,36,4521,lorsa,3.1571714878082275,2.3161160945892334,-0.8410553932189941,0.0,-0.26639522004643207,"Node(id=18_4521_36, type=lorsa, layer=9, feature=4521, pos=36)",1
6,59,2057,transcoder,11,42,4503,lorsa,3.0655462741851807,1.5769867897033691,-1.4885594844818115,0.0,-0.48557723529307,"Node(id=22_4503_42, type=lorsa, layer=11, feature=4503, pos=42)",1
6,59,2057,transcoder,13,57,4451,transcoder,0.19393160939216614,0.15449324250221252,-0.03943836688995361,0.0,-0.20336224204792644,"Node(id=27_4451_57, type=transcoder, layer=13, feature=4451, pos=57)",1
6,62,1735,transcoder,7,45,15440,transcoder,0.7087522149085999,0.531421422958374,-0.17733079195022583,0.0,-0.2502013936888991,"Node(id=15_15440_45, type=transcoder, layer=7, feature=15440, pos=45)",1
6,62,1735,transcoder,7,62,3543,transcoder,1.7134315967559814,0.6445600986480713,-1.0688714981079102,0.0,-0.6238191825874994,"Node(id=15_3543_62, type=transcoder, layer=7, feature=3543, pos=62)",1
6,63,3210,transcoder,13,57,4451,transcoder,0.19393160939216614,0.1531560868024826,-0.04077552258968353,0.0,-0.21025722788298926,"Node(id=27_4451_57, type=transcoder, layer=13, feature=4451, pos=57)",1
7,18,2868,lorsa,8,18,8746,transcoder,0.7706036567687988,0.5674958825111389,-0.2031077742576599,0.0,-0.2635696995123364,"Node(id=17_8746_18, type=transcoder, layer=8, feature=8746, pos=18)",1
7,18,2868,lorsa,9,35,12732,lorsa,2.9757447242736816,2.136910915374756,-0.8388338088989258,0.0,-0.28189037925747074,"Node(id=18_12732_35, type=lorsa, layer=9, feature=12732, pos=35)",1
7,27,4537,lorsa,8,36,1417,lorsa,4.8791351318359375,3.874282121658325,-1.0048530101776123,0.0,-0.2059490018263755,"Node(id=16_1417_36, type=lorsa, layer=8, feature=1417, pos=36)",1
7,27,5451,lorsa,7,27,14870,transcoder,0.5193299651145935,0.26427051424980164,-0.25505945086479187,0.0,-0.4911317813300285,"Node(id=15_14870_27, type=transcoder, layer=7, feature=14870, pos=27)",1
7,35,12765,lorsa,9,35,12732,lorsa,2.9757447242736816,0.977064311504364,-1.9986804127693176,0.0,-0.671657214567407,"Node(id=18_12732_35, type=lorsa, layer=9, feature=12732, pos=35)",1
7,35,12765,lorsa,10,35,3129,transcoder,0.6713854074478149,0.2936019003391266,-0.37778350710868835,0.0,-0.5626924608695081,"Node(id=21_3129_35, type=transcoder, layer=10, feature=3129, pos=35)",1
7,35,12765,lorsa,11,52,1680,lorsa,2.564471960067749,1.9257982969284058,-0.6386736631393433,0.0,-0.24904684983277048,"Node(id=22_1680_52, type=lorsa, layer=11, feature=1680, pos=52)",1
7,35,12765,lorsa,12,52,13529,lorsa,1.9571092128753662,0.7778850793838501,-1.1792241334915161,0.0,-0.6025336377416625,"Node(id=24_13529_52, type=lorsa, layer=12, feature=13529, pos=52)",1
7,35,12765,lorsa,14,14,6541,lorsa,1.2900267839431763,0.8726957440376282,-0.4173310399055481,0.0,-0.32350571716806376,"Node(id=28_6541_14, type=lorsa, layer=14, feature=6541, pos=14)",1
7,35,12765,lorsa,14,36,8968,lorsa,0.9133227467536926,0.6768412590026855,-0.23648148775100708,0.0,-0.2589243381833586,"Node(id=28_8968_36, type=lorsa, layer=14, feature=8968, pos=36)",1
7,35,12765,lorsa,14,36,15619,transcoder,0.42063450813293457,0.30776068568229675,-0.11287382245063782,0.0,-0.26834180331910834,"Node(id=29_15619_36, type=transcoder, layer=14, feature=15619, pos=36)",1
7,36,12765,lorsa,7,36,10671,transcoder,0.8758847713470459,0.26845112442970276,-0.6074336469173431,0.0,-0.6935086289754246,"Node(id=15_10671_36, type=transcoder, layer=7, feature=10671, pos=36)",1
7,36,12765,lorsa,8,36,3757,lorsa,3.8240530490875244,2.609724521636963,-1.2143285274505615,0.0,-0.3175501259691777,"Node(id=16_3757_36, type=lorsa, layer=8, feature=3757, pos=36)",1
7,36,12765,lorsa,8,36,2195,transcoder,0.42090585827827454,0.32323595881462097,-0.09766989946365356,0.0,-0.23204689966344166,"Node(id=17_2195_36, type=transcoder, layer=8, feature=2195, pos=36)",1
7,36,12765,lorsa,9,36,5162,transcoder,0.35064274072647095,0.1893645077943802,-0.16127823293209076,0.0,-0.4599502975534307,"Node(id=19_5162_36, type=transcoder, layer=9, feature=5162, pos=36)",1
7,36,12765,lorsa,12,36,9355,transcoder,0.5506256818771362,0.42563489079475403,-0.1249907910823822,0.0,-0.22699775037059022,"Node(id=25_9355_36, type=transcoder, layer=12, feature=9355, pos=36)",1
7,36,12765,lorsa,13,36,9238,lorsa,2.624382734298706,1.9283580780029297,-0.6960246562957764,0.0,-0.2652146149261151,"Node(id=26_9238_36, type=lorsa, layer=13, feature=9238, pos=36)",1
7,36,12765,lorsa,13,36,6705,transcoder,0.18148913979530334,0.0,-0.18148913979530334,0.0,-1.0,"Node(id=27_6705_36, type=transcoder, layer=13, feature=6705, pos=36)",1
7,36,12765,lorsa,13,57,4451,transcoder,0.19393160939216614,0.13807672262191772,-0.05585488677024841,0.0,-0.28801332049639905,"Node(id=27_4451_57, type=transcoder, layer=13, feature=4451, pos=57)",1
7,36,12765,lorsa,14,7,6541,lorsa,1.711766004562378,1.201156735420227,-0.5106092691421509,0.0,-0.29829384844728873,"Node(id=28_6541_7, type=lorsa, layer=14, feature=6541, pos=7)",1
7,36,12765,lorsa,14,14,6541,lorsa,1.2900267839431763,0.8667669296264648,-0.4232598543167114,0.0,-0.3281016019085658,"Node(id=28_6541_14, type=lorsa, layer=14, feature=6541, pos=14)",1
7,36,12765,lorsa,14,36,8968,lorsa,0.9133227467536926,0.5774479508399963,-0.3358747959136963,0.0,-0.36775038956111306,"Node(id=28_8968_36, type=lorsa, layer=14, feature=8968, pos=36)",1
7,38,14502,lorsa,8,38,9586,lorsa,4.022851943969727,1.859644889831543,-2.1632070541381836,0.0,-0.5377297211697887,"Node(id=16_9586_38, type=lorsa, layer=8, feature=9586, pos=38)",1
7,45,11217,lorsa,7,45,15440,transcoder,0.7087522149085999,0.35643741488456726,-0.3523148000240326,0.0,-0.4970916388169127,"Node(id=15_15440_45, type=transcoder, layer=7, feature=15440, pos=45)",1
7,53,6874,lorsa,8,53,2184,lorsa,3.2365097999572754,1.2343618869781494,-2.002147912979126,0.0,-0.6186132706922611,"Node(id=16_2184_53, type=lorsa, layer=8, feature=2184, pos=53)",1
7,3,11946,transcoder,9,3,6254,transcoder,4.30410623550415,3.3707327842712402,-0.9333734512329102,0.0,-0.21685650868317424,"Node(id=19_6254_3, type=transcoder, layer=9, feature=6254, pos=3)",1
7,3,11946,transcoder,10,3,11113,transcoder,0.9943823218345642,0.6120175123214722,-0.38236480951309204,0.0,-0.3845249469114217,"Node(id=21_11113_3, type=transcoder, layer=10, feature=11113, pos=3)",1
7,3,11946,transcoder,13,57,4451,transcoder,0.19393160939216614,0.14068403840065002,-0.05324757099151611,0.0,-0.2745688088620949,"Node(id=27_4451_57, type=transcoder, layer=13, feature=4451, pos=57)",1
7,3,11946,transcoder,14,7,6541,lorsa,1.711766004562378,1.2661018371582031,-0.4456641674041748,0.0,-0.26035343979045267,"Node(id=28_6541_7, type=lorsa, layer=14, feature=6541, pos=7)",1
7,3,11946,transcoder,14,14,6541,lorsa,1.2900267839431763,0.8070572018623352,-0.48296958208084106,0.0,-0.37438725156121655,"Node(id=28_6541_14, type=lorsa, layer=14, feature=6541, pos=14)",1
7,3,11946,transcoder,14,36,8968,lorsa,0.9133227467536926,0.4454120099544525,-0.4679107367992401,0.0,-0.512316964033118,"Node(id=28_8968_36, type=lorsa, layer=14, feature=8968, pos=36)",1
7,18,14977,transcoder,10,18,5512,transcoder,0.5710054636001587,0.4504944682121277,-0.120510995388031,0.0,-0.21105051189565802,"Node(id=21_5512_18, type=transcoder, layer=10, feature=5512, pos=18)",1
7,18,14977,transcoder,12,52,13529,lorsa,1.9571092128753662,1.4936825037002563,-0.46342670917510986,0.0,-0.2367914402151568,"Node(id=24_13529_52, type=lorsa, layer=12, feature=13529, pos=52)",1
7,20,10549,transcoder,8,38,9586,lorsa,4.022851943969727,2.8441500663757324,-1.1787018775939941,0.0,-0.29300155561550645,"Node(id=16_9586_38, type=lorsa, layer=8, feature=9586, pos=38)",1
7,20,10549,transcoder,14,14,6541,lorsa,1.2900267839431763,0.9791420698165894,-0.3108847141265869,0.0,-0.24099089879073465,"Node(id=28_6541_14, type=lorsa, layer=14, feature=6541, pos=14)",1
7,20,10549,transcoder,14,36,8968,lorsa,0.9133227467536926,0.6063148975372314,-0.3070078492164612,0.0,-0.3361438771865559,"Node(id=28_8968_36, type=lorsa, layer=14, feature=8968, pos=36)",1
7,20,14452,transcoder,8,38,9586,lorsa,4.022851943969727,2.9216573238372803,-1.1011946201324463,0.0,-0.2737348118871593,"Node(id=16_9586_38, type=lorsa, layer=8, feature=9586, pos=38)",1
7,21,14452,transcoder,8,36,3757,lorsa,3.8240530490875244,1.405755639076233,-2.4182974100112915,0.0,-0.6323911773630685,"Node(id=16_3757_36, type=lorsa, layer=8, feature=3757, pos=36)",1
7,21,14452,transcoder,14,36,15619,transcoder,0.42063450813293457,0.30496683716773987,-0.1156676709651947,0.0,-0.27498378932010936,"Node(id=29_15619_36, type=transcoder, layer=14, feature=15619, pos=36)",1
7,21,14977,transcoder,8,36,3757,lorsa,3.8240530490875244,1.7548185586929321,-2.0692344903945923,0.0,-0.5411102994212756,"Node(id=16_3757_36, type=lorsa, layer=8, feature=3757, pos=36)",1
7,21,14977,transcoder,9,21,786,transcoder,0.7339487671852112,0.5745466351509094,-0.15940213203430176,0.0,-0.2171842765614685,"Node(id=19_786_21, type=transcoder, layer=9, feature=786, pos=21)",1
7,21,14977,transcoder,14,36,15619,transcoder,0.42063450813293457,0.29618871212005615,-0.12444579601287842,0.0,-0.2958525598987456,"Node(id=29_15619_36, type=transcoder, layer=14, feature=15619, pos=36)",1
7,27,14452,transcoder,8,36,1417,lorsa,4.8791351318359375,3.1769795417785645,-1.702155590057373,0.0,-0.3488642031967826,"Node(id=16_1417_36, type=lorsa, layer=8, feature=1417, pos=36)",1
7,27,14452,transcoder,8,36,1468,lorsa,3.8707199096679688,2.555773973464966,-1.314945936203003,0.0,-0.33971611661144435,"Node(id=16_1468_36, type=lorsa, layer=8, feature=1468, pos=36)",1
7,27,14452,transcoder,8,36,1492,lorsa,2.96148419380188,1.9618345499038696,-0.9996496438980103,0.0,-0.33755022092982534,"Node(id=16_1492_36, type=lorsa, layer=8, feature=1492, pos=36)",1
7,27,14452,transcoder,8,36,7078,transcoder,0.5934697985649109,0.32145845890045166,-0.27201133966445923,0.0,-0.45834066084275715,"Node(id=17_7078_36, type=transcoder, layer=8, feature=7078, pos=36)",1
7,27,14452,transcoder,9,36,4521,lorsa,3.1571714878082275,2.418952226638794,-0.7382192611694336,0.0,-0.2338229849155012,"Node(id=18_4521_36, type=lorsa, layer=9, feature=4521, pos=36)",1
7,27,14452,transcoder,9,36,8265,lorsa,3.591033697128296,2.383112668991089,-1.207921028137207,0.0,-0.3363713988824906,"Node(id=18_8265_36, type=lorsa, layer=9, feature=8265, pos=36)",1
7,27,14452,transcoder,9,36,3901,transcoder,0.5146542191505432,0.38115647435188293,-0.13349774479866028,0.0,-0.2593930834162858,"Node(id=19_3901_36, type=transcoder, layer=9, feature=3901, pos=36)",1
7,36,69,transcoder,8,36,7078,transcoder,0.5934697985649109,0.46167856454849243,-0.13179123401641846,0.0,-0.22206898200229774,"Node(id=17_7078_36, type=transcoder, layer=8, feature=7078, pos=36)",1
7,36,10198,transcoder,8,36,776,transcoder,0.732367753982544,0.5858086943626404,-0.14655905961990356,0.0,-0.2001167566744027,"Node(id=17_776_36, type=transcoder, layer=8, feature=776, pos=36)",1
7,36,10198,transcoder,9,36,5162,transcoder,0.35064274072647095,0.2756668031215668,-0.07497593760490417,0.0,-0.21382429720223792,"Node(id=19_5162_36, type=transcoder, layer=9, feature=5162, pos=36)",1
7,36,14452,transcoder,8,36,3757,lorsa,3.8240530490875244,3.002974033355713,-0.8210790157318115,0.0,-0.21471433716844832,"Node(id=16_3757_36, type=lorsa, layer=8, feature=3757, pos=36)",1
7,36,14452,transcoder,8,36,8441,lorsa,9.023415565490723,5.186902046203613,-3.8365135192871094,0.0,-0.42517309453856095,"Node(id=16_8441_36, type=lorsa, layer=8, feature=8441, pos=36)",1
7,36,14452,transcoder,8,36,776,transcoder,0.732367753982544,0.5275206565856934,-0.20484709739685059,0.0,-0.27970523863579766,"Node(id=17_776_36, type=transcoder, layer=8, feature=776, pos=36)",1
7,36,14452,transcoder,8,36,2195,transcoder,0.42090585827827454,0.29276803135871887,-0.12813782691955566,0.0,-0.30443346035549734,"Node(id=17_2195_36, type=transcoder, layer=8, feature=2195, pos=36)",1
7,36,14452,transcoder,9,36,4521,lorsa,3.1571714878082275,2.316023826599121,-0.8411476612091064,0.0,-0.2664244449366443,"Node(id=18_4521_36, type=lorsa, layer=9, feature=4521, pos=36)",1
7,39,7600,transcoder,8,53,2184,lorsa,3.2365097999572754,2.0287868976593018,-1.2077229022979736,0.0,-0.3731559540817447,"Node(id=16_2184_53, type=lorsa, layer=8, feature=2184, pos=53)",1
7,39,14452,transcoder,8,53,2184,lorsa,3.2365097999572754,2.178955554962158,-1.0575542449951172,0.0,-0.32675762174706774,"Node(id=16_2184_53, type=lorsa, layer=8, feature=2184, pos=53)",1
7,47,14452,transcoder,8,39,12437,lorsa,4.935873985290527,2.5918338298797607,-2.3440401554107666,0.0,-0.47489870332919276,"Node(id=16_12437_39, type=lorsa, layer=8, feature=12437, pos=39)",1
7,59,9138,transcoder,8,59,5284,transcoder,1.3973568677902222,0.3529002070426941,-1.044456660747528,0.0,-0.7474516244366625,"Node(id=17_5284_59, type=transcoder, layer=8, feature=5284, pos=59)",1
7,59,9138,transcoder,8,59,7304,transcoder,0.7314049601554871,0.43177494406700134,-0.2996300160884857,0.0,-0.4096636369881718,"Node(id=17_7304_59, type=transcoder, layer=8, feature=7304, pos=59)",1
7,59,9138,transcoder,9,3,13118,lorsa,3.4335744380950928,1.8113459348678589,-1.6222285032272339,0.0,-0.47246056040865314,"Node(id=18_13118_3, type=lorsa, layer=9, feature=13118, pos=3)",1
7,59,9138,transcoder,9,36,4521,lorsa,3.1571714878082275,1.893353819847107,-1.2638176679611206,0.0,-0.40030060858002,"Node(id=18_4521_36, type=lorsa, layer=9, feature=4521, pos=36)",1
7,59,9138,transcoder,11,42,4503,lorsa,3.0655462741851807,1.8292152881622314,-1.2363309860229492,0.0,-0.4032987518192218,"Node(id=22_4503_42, type=lorsa, layer=11, feature=4503, pos=42)",1
7,59,10622,transcoder,8,59,7304,transcoder,0.7314049601554871,0.5812941193580627,-0.15011084079742432,0.0,-0.20523629039309868,"Node(id=17_7304_59, type=transcoder, layer=8, feature=7304, pos=59)",1
7,60,3804,transcoder,8,36,8441,lorsa,9.023415565490723,7.139909744262695,-1.8835058212280273,0.0,-0.208735351659003,"Node(id=16_8441_36, type=lorsa, layer=8, feature=8441, pos=36)",1
7,60,3804,transcoder,14,14,6541,lorsa,1.2900267839431763,0.974208652973175,-0.3158181309700012,0.0,-0.24481517353046875,"Node(id=28_6541_14, type=lorsa, layer=14, feature=6541, pos=14)",1
8,36,1417,lorsa,9,36,4521,lorsa,3.1571714878082275,2.0000553131103516,-1.157116174697876,0.0,-0.36650406199543173,"Node(id=18_4521_36, type=lorsa, layer=9, feature=4521, pos=36)",1
8,36,1468,lorsa,8,36,7078,transcoder,0.5934697985649109,0.43039217591285706,-0.16307762265205383,0.0,-0.2747867255358188,"Node(id=17_7078_36, type=transcoder, layer=8, feature=7078, pos=36)",1
8,36,8441,lorsa,8,36,8745,transcoder,5.316267967224121,4.127106189727783,-1.189161777496338,0.0,-0.22368356614598123,"Node(id=17_8745_36, type=transcoder, layer=8, feature=8745, pos=36)",1
8,18,8746,transcoder,9,35,12732,lorsa,2.9757447242736816,1.0896841287612915,-1.8860605955123901,0.0,-0.6338112876845439,"Node(id=18_12732_35, type=lorsa, layer=9, feature=12732, pos=35)",1
8,36,8745,transcoder,9,36,4521,lorsa,3.1571714878082275,2.0016722679138184,-1.1554992198944092,0.0,-0.3659919090098524,"Node(id=18_4521_36, type=lorsa, layer=9, feature=4521, pos=36)",1
8,36,8745,transcoder,9,36,3901,transcoder,0.5146542191505432,0.3619023859500885,-0.1527518332004547,0.0,-0.2968047817670232,"Node(id=19_3901_36, type=transcoder, layer=9, feature=3901, pos=36)",1
8,36,8745,transcoder,9,36,5162,transcoder,0.35064274072647095,0.23156729340553284,-0.11907544732093811,0.0,-0.339591936437168,"Node(id=19_5162_36, type=transcoder, layer=9, feature=5162, pos=36)",1
8,36,8745,transcoder,9,36,8460,transcoder,0.8671631813049316,0.6894930005073547,-0.1776701807975769,0.0,-0.20488667488189916,"Node(id=19_8460_36, type=transcoder, layer=9, feature=8460, pos=36)",1
8,36,9408,transcoder,9,36,5162,transcoder,0.35064274072647095,0.23337231576442719,-0.11727042496204376,0.0,-0.33444418304248874,"Node(id=19_5162_36, type=transcoder, layer=9, feature=5162, pos=36)",1
8,59,5284,transcoder,9,3,13118,lorsa,3.4335744380950928,2.325693368911743,-1.1078810691833496,0.0,-0.32266114777985977,"Node(id=18_13118_3, type=lorsa, layer=9, feature=13118, pos=3)",1
8,59,5284,transcoder,9,36,4521,lorsa,3.1571714878082275,1.9751256704330444,-1.182045817375183,0.0,-0.37440025729986026,"Node(id=18_4521_36, type=lorsa, layer=9, feature=4521, pos=36)",1
9,35,12732,lorsa,10,35,13771,transcoder,0.726324200630188,0.5668562054634094,-0.15946799516677856,0.0,-0.21955484207798356,"Node(id=21_13771_35, type=transcoder, layer=10, feature=13771, pos=35)",1
9,35,12732,lorsa,12,52,13529,lorsa,1.9571092128753662,1.4571926593780518,-0.49991655349731445,0.0,-0.2554362067320923,"Node(id=24_13529_52, type=lorsa, layer=12, feature=13529, pos=52)",1
9,3,6254,transcoder,10,3,11113,transcoder,0.9943823218345642,0.7316543459892273,-0.2627279758453369,0.0,-0.2642122351497788,"Node(id=21_11113_3, type=transcoder, layer=10, feature=11113, pos=3)",1
9,21,786,transcoder,10,21,5512,transcoder,0.5156635642051697,0.36151593923568726,-0.15414762496948242,0.0,-0.2989306122628259,"Node(id=21_5512_21, type=transcoder, layer=10, feature=5512, pos=21)",1
9,36,6254,transcoder,10,36,11001,transcoder,0.587298572063446,0.3772341012954712,-0.21006447076797485,0.0,-0.3576791784627079,"Node(id=21_11001_36, type=transcoder, layer=10, feature=11001, pos=36)",1
9,36,6254,transcoder,11,36,14840,lorsa,1.7748255729675293,1.2309074401855469,-0.5439181327819824,0.0,-0.30646286658612026,"Node(id=22_14840_36, type=lorsa, layer=11, feature=14840, pos=36)",1
9,36,6254,transcoder,12,36,9355,transcoder,0.5506256818771362,0.43848463892936707,-0.11214104294776917,0.0,-0.20366111977463439,"Node(id=25_9355_36, type=transcoder, layer=12, feature=9355, pos=36)",1
9,36,6254,transcoder,14,14,6541,lorsa,1.2900267839431763,1.0308430194854736,-0.25918376445770264,0.0,-0.20091347535084922,"Node(id=28_6541_14, type=lorsa, layer=14, feature=6541, pos=14)",1
9,36,6254,transcoder,14,36,8968,lorsa,0.9133227467536926,0.6900700330734253,-0.22325271368026733,0.0,-0.24444011109303374,"Node(id=28_8968_36, type=lorsa, layer=14, feature=8968, pos=36)",1
10,0,5090,transcoder,13,57,4451,transcoder,0.19393160939216614,0.12743645906448364,-0.0664951503276825,0.0,-0.34287938173718147,"Node(id=27_4451_57, type=transcoder, layer=13, feature=4451, pos=57)",1
10,0,10273,transcoder,13,57,4451,transcoder,0.19393160939216614,0.15498097240924835,-0.038950636982917786,0.0,-0.20084728376668232,"Node(id=27_4451_57, type=transcoder, layer=13, feature=4451, pos=57)",1
10,0,10273,transcoder,14,36,8968,lorsa,0.9133227467536926,0.7257708311080933,-0.18755191564559937,0.0,-0.20535119300623186,"Node(id=28_8968_36, type=lorsa, layer=14, feature=8968, pos=36)",1
10,14,9278,transcoder,14,7,6541,lorsa,1.711766004562378,1.2752575874328613,-0.4365084171295166,0.0,-0.25500472375668676,"Node(id=28_6541_7, type=lorsa, layer=14, feature=6541, pos=7)",1
10,14,9278,transcoder,14,14,6541,lorsa,1.2900267839431763,0.9909667372703552,-0.29906004667282104,0.0,-0.23182468022772013,"Node(id=28_6541_14, type=lorsa, layer=14, feature=6541, pos=14)",1
10,21,5512,transcoder,12,21,9376,transcoder,0.6619082689285278,0.5166676640510559,-0.14524060487747192,0.0,-0.21942708936478758,"Node(id=25_9376_21, type=transcoder, layer=12, feature=9376, pos=21)",1
10,27,9278,transcoder,11,36,14840,lorsa,1.7748255729675293,1.352290391921997,-0.4225351810455322,0.0,-0.23807138429893615,"Node(id=22_14840_36, type=lorsa, layer=11, feature=14840, pos=36)",1
10,35,3129,transcoder,12,52,13529,lorsa,1.9571092128753662,1.2758126258850098,-0.6812965869903564,0.0,-0.3481137294271902,"Node(id=24_13529_52, type=lorsa, layer=12, feature=13529, pos=52)",1
10,35,13771,transcoder,12,52,13529,lorsa,1.9571092128753662,1.4717135429382324,-0.4853956699371338,0.0,-0.2480166496298871,"Node(id=24_13529_52, type=lorsa, layer=12, feature=13529, pos=52)",1
10,35,16018,transcoder,12,52,13529,lorsa,1.9571092128753662,1.3548697233200073,-0.6022394895553589,0.0,-0.3077188976442221,"Node(id=24_13529_52, type=lorsa, layer=12, feature=13529, pos=52)",1
10,36,9278,transcoder,11,36,2240,transcoder,0.3820026218891144,0.2592296004295349,-0.12277302145957947,0.0,-0.32139313822620136,"Node(id=23_2240_36, type=transcoder, layer=11, feature=2240, pos=36)",1
10,36,9278,transcoder,14,14,7558,lorsa,1.3172794580459595,0.8493172526359558,-0.46796220541000366,0.0,-0.3552489963702726,"Node(id=28_7558_14, type=lorsa, layer=14, feature=7558, pos=14)",1
10,36,11001,transcoder,11,36,2240,transcoder,0.3820026218891144,0.28055301308631897,-0.10144960880279541,0.0,-0.2655730693708266,"Node(id=23_2240_36, type=transcoder, layer=11, feature=2240, pos=36)",1
11,52,1680,lorsa,12,52,13529,lorsa,1.9571092128753662,0.9663757681846619,-0.9907334446907043,0.0,-0.5062228710451616,"Node(id=24_13529_52, type=lorsa, layer=12, feature=13529, pos=52)",1
11,21,11974,transcoder,12,36,9871,lorsa,1.8985333442687988,1.230149269104004,-0.6683840751647949,0.0,-0.35205285026069233,"Node(id=24_9871_36, type=lorsa, layer=12, feature=9871, pos=36)",1
11,21,11974,transcoder,12,36,9878,lorsa,1.8616447448730469,1.3570371866226196,-0.5046075582504272,0.0,-0.2710547002268354,"Node(id=24_9878_36, type=lorsa, layer=12, feature=9878, pos=36)",1
11,21,11974,transcoder,12,36,9890,lorsa,5.06459903717041,3.6040637493133545,-1.4605352878570557,0.0,-0.2883812276426637,"Node(id=24_9890_36, type=lorsa, layer=12, feature=9890, pos=36)",1
11,21,11974,transcoder,12,21,9376,transcoder,0.6619082689285278,0.4184545576572418,-0.243453711271286,0.0,-0.3678058164545666,"Node(id=25_9376_21, type=transcoder, layer=12, feature=9376, pos=21)",1
11,21,11974,transcoder,13,36,5534,lorsa,1.6633868217468262,1.0867279767990112,-0.5766588449478149,0.0,-0.34667753610205326,"Node(id=26_5534_36, type=lorsa, layer=13, feature=5534, pos=36)",1
11,21,11974,transcoder,13,36,8145,lorsa,2.33288836479187,1.8561936616897583,-0.4766947031021118,0.0,-0.20433669707321825,"Node(id=26_8145_36, type=lorsa, layer=13, feature=8145, pos=36)",1
11,35,11974,transcoder,12,52,13529,lorsa,1.9571092128753662,0.9154359102249146,-1.0416733026504517,0.0,-0.5322509831324309,"Node(id=24_13529_52, type=lorsa, layer=12, feature=13529, pos=52)",1
11,35,11974,transcoder,14,14,6541,lorsa,1.2900267839431763,0.9737266898155212,-0.31630009412765503,0.0,-0.24518878062425375,"Node(id=28_6541_14, type=lorsa, layer=14, feature=6541, pos=14)",1
11,36,11974,transcoder,12,36,11652,lorsa,2.5469629764556885,1.8425449132919312,-0.7044180631637573,0.0,-0.2765717718221463,"Node(id=24_11652_36, type=lorsa, layer=12, feature=11652, pos=36)",1
11,36,11974,transcoder,12,36,8564,transcoder,0.5210015177726746,0.30023807287216187,-0.2207634449005127,0.0,-0.4237289861348102,"Node(id=25_8564_36, type=transcoder, layer=12, feature=8564, pos=36)",1
11,36,11974,transcoder,12,36,9355,transcoder,0.5506256818771362,0.15315933525562286,-0.39746634662151337,0.0,-0.7218449115313912,"Node(id=25_9355_36, type=transcoder, layer=12, feature=9355, pos=36)",1
11,36,11974,transcoder,13,36,6705,transcoder,0.18148913979530334,0.0,-0.18148913979530334,0.0,-1.0,"Node(id=27_6705_36, type=transcoder, layer=13, feature=6705, pos=36)",1
11,57,13296,transcoder,13,57,4451,transcoder,0.19393160939216614,0.08154438436031342,-0.11238722503185272,0.0,-0.5795198904608926,"Node(id=27_4451_57, type=transcoder, layer=13, feature=4451, pos=57)",1
12,49,11663,lorsa,13,57,4451,transcoder,0.19393160939216614,0.15186233818531036,-0.042069271206855774,0.0,-0.21692838696441594,"Node(id=27_4451_57, type=transcoder, layer=13, feature=4451, pos=57)",1
12,49,11663,lorsa,14,14,7558,lorsa,1.3172794580459595,0.7026263475418091,-0.6146531105041504,0.0,-0.46660798264927117,"Node(id=28_7558_14, type=lorsa, layer=14, feature=7558, pos=14)",1
12,21,9376,transcoder,13,36,5534,lorsa,1.6633868217468262,0.0,-1.6633868217468262,0.0,-1.0,"Node(id=26_5534_36, type=lorsa, layer=13, feature=5534, pos=36)",1
12,21,9376,transcoder,13,36,8145,lorsa,2.33288836479187,1.0701968669891357,-1.2626914978027344,0.0,-0.5412567171491663,"Node(id=26_8145_36, type=lorsa, layer=13, feature=8145, pos=36)",1
12,21,9376,transcoder,13,21,15426,transcoder,1.4143426418304443,0.8018737435340881,-0.6124688982963562,0.0,-0.4330413862822506,"Node(id=27_15426_21, type=transcoder, layer=13, feature=15426, pos=21)",1
12,36,15847,transcoder,13,36,5534,lorsa,1.6633868217468262,1.0673606395721436,-0.5960261821746826,0.0,-0.3583208513992905,"Node(id=26_5534_36, type=lorsa, layer=13, feature=5534, pos=36)",1
12,36,15847,transcoder,13,36,8145,lorsa,2.33288836479187,1.8623406887054443,-0.4705476760864258,0.0,-0.20170175443796085,"Node(id=26_8145_36, type=lorsa, layer=13, feature=8145, pos=36)",1
12,36,15847,transcoder,13,36,9238,lorsa,2.624382734298706,1.8358252048492432,-0.7885575294494629,0.0,-0.3004735243619804,"Node(id=26_9238_36, type=lorsa, layer=13, feature=9238, pos=36)",1
12,36,15847,transcoder,13,36,9260,lorsa,2.7596147060394287,2.0462605953216553,-0.7133541107177734,0.0,-0.2584977204087929,"Node(id=26_9260_36, type=lorsa, layer=13, feature=9260, pos=36)",1
12,36,15847,transcoder,13,36,3932,transcoder,0.7543947100639343,0.47334930300712585,-0.28104540705680847,0.0,-0.3725442441570012,"Node(id=27_3932_36, type=transcoder, layer=13, feature=3932, pos=36)",1
12,36,15847,transcoder,13,36,6705,transcoder,0.18148913979530334,0.0,-0.18148913979530334,0.0,-1.0,"Node(id=27_6705_36, type=transcoder, layer=13, feature=6705, pos=36)",1
13,36,5534,lorsa,13,36,6705,transcoder,0.18148913979530334,0.0,-0.18148913979530334,0.0,-1.0,"Node(id=27_6705_36, type=transcoder, layer=13, feature=6705, pos=36)",1
13,36,8145,lorsa,13,36,7930,transcoder,0.6133290529251099,0.4841526746749878,-0.12917637825012207,0.0,-0.21061513005791863,"Node(id=27_7930_36, type=transcoder, layer=13, feature=7930, pos=36)",1
13,36,9260,lorsa,14,14,6541,lorsa,1.2900267839431763,0.9077993631362915,-0.38222742080688477,0.0,-0.2962941743260125,"Node(id=28_6541_14, type=lorsa, layer=14, feature=6541, pos=14)",1
13,21,15426,transcoder,14,21,10843,lorsa,3.2089242935180664,0.0,-3.2089242935180664,0.0,-1.0,"Node(id=28_10843_21, type=lorsa, layer=14, feature=10843, pos=21)",1
13,21,15426,transcoder,14,21,969,transcoder,1.0221160650253296,0.22973744571208954,-0.79237861931324,0.0,-0.775233504713189,"Node(id=29_969_21, type=transcoder, layer=14, feature=969, pos=21)",1
13,21,15426,transcoder,14,21,1034,transcoder,0.982692539691925,0.06827816367149353,-0.9144143760204315,0.0,-0.9305193019040332,"Node(id=29_1034_21, type=transcoder, layer=14, feature=1034, pos=21)",1
13,21,15426,transcoder,14,21,7496,transcoder,3.442617177963257,0.37642598152160645,-3.0661911964416504,0.0,-0.8906570315365968,"Node(id=29_7496_21, type=transcoder, layer=14, feature=7496, pos=21)",1
13,36,3932,transcoder,14,14,6541,lorsa,1.2900267839431763,0.9258073568344116,-0.36421942710876465,0.0,-0.28233477912409605,"Node(id=28_6541_14, type=lorsa, layer=14, feature=6541, pos=14)",1
13,36,7930,transcoder,14,7,6541,lorsa,1.711766004562378,1.3663169145584106,-0.3454490900039673,0.0,-0.20180859362976025,"Node(id=28_6541_7, type=lorsa, layer=14, feature=6541, pos=7)",1
13,36,7930,transcoder,14,14,6541,lorsa,1.2900267839431763,0.8443205952644348,-0.44570618867874146,0.0,-0.3455014998342656,"Node(id=28_6541_14, type=lorsa, layer=14, feature=6541, pos=14)",1
13,36,7930,transcoder,14,36,12029,transcoder,1.2375859022140503,0.9232664108276367,-0.3143194913864136,0.0,-0.2539779184815322,"Node(id=29_12029_36, type=transcoder, layer=14, feature=12029, pos=36)",1
13,36,12356,transcoder,14,7,6541,lorsa,1.711766004562378,0.9423914551734924,-0.7693745493888855,0.0,-0.44946245417788877,"Node(id=28_6541_7, type=lorsa, layer=14, feature=6541, pos=7)",1
13,36,12356,transcoder,14,14,6541,lorsa,1.2900267839431763,0.3378755450248718,-0.9521512389183044,0.0,-0.7380864108944309,"Node(id=28_6541_14, type=lorsa, layer=14, feature=6541, pos=14)",1
13,36,12356,transcoder,14,21,10843,lorsa,3.2089242935180664,1.323096513748169,-1.8858277797698975,0.0,-0.5876822284586815,"Node(id=28_10843_21, type=lorsa, layer=14, feature=10843, pos=21)",1
13,36,12356,transcoder,14,36,3897,lorsa,3.076256036758423,2.101480484008789,-0.9747755527496338,0.0,-0.31687074843639956,"Node(id=28_3897_36, type=lorsa, layer=14, feature=3897, pos=36)",1
13,36,12356,transcoder,14,36,8968,lorsa,0.9133227467536926,0.5006474852561951,-0.41267526149749756,0.0,-0.4518394652539941,"Node(id=28_8968_36, type=lorsa, layer=14, feature=8968, pos=36)",1
13,36,12356,transcoder,14,21,969,transcoder,1.0221160650253296,0.6017576456069946,-0.42035841941833496,0.0,-0.4112629023279444,"Node(id=29_969_21, type=transcoder, layer=14, feature=969, pos=21)",1
13,36,12356,transcoder,14,36,1214,transcoder,1.765131950378418,1.0832144021987915,-0.6819175481796265,0.0,-0.3863266698183292,"Node(id=29_1214_36, type=transcoder, layer=14, feature=1214, pos=36)",1
13,36,12356,transcoder,14,36,8599,transcoder,0.7293266654014587,0.4275531768798828,-0.3017734885215759,0.0,-0.4137699920178626,"Node(id=29_8599_36, type=transcoder, layer=14, feature=8599, pos=36)",1
13,36,12356,transcoder,14,36,10638,transcoder,1.1475523710250854,0.6983310580253601,-0.44922131299972534,0.0,-0.3914604024550487,"Node(id=29_10638_36, type=transcoder, layer=14, feature=10638, pos=36)",1
13,36,12356,transcoder,14,36,12029,transcoder,1.2375859022140503,0.5528830885887146,-0.6847028136253357,0.0,-0.5532567980940938,"Node(id=29_12029_36, type=transcoder, layer=14, feature=12029, pos=36)",1
13,36,12356,transcoder,14,36,14940,transcoder,1.4348654747009277,0.8064545392990112,-0.6284109354019165,0.0,-0.4379580849088989,"Node(id=29_14940_36, type=transcoder, layer=14, feature=14940, pos=36)",1
13,36,12356,transcoder,14,36,15619,transcoder,0.42063450813293457,0.10064703971147537,-0.3199874684214592,0.0,-0.7607256709436032,"Node(id=29_15619_36, type=transcoder, layer=14, feature=15619, pos=36)",1
14,21,10843,lorsa,14,21,969,transcoder,1.0221160650253296,0.5662441253662109,-0.45587193965911865,0.0,-0.44600799777843375,"Node(id=29_969_21, type=transcoder, layer=14, feature=969, pos=21)",1
14,21,10843,lorsa,14,21,1034,transcoder,0.982692539691925,0.6075472831726074,-0.3751452565193176,0.0,-0.3817524214002133,"Node(id=29_1034_21, type=transcoder, layer=14, feature=1034, pos=21)",1
14,21,10843,lorsa,14,21,7496,transcoder,3.442617177963257,2.5491979122161865,-0.8934192657470703,0.0,-0.25951745999119213,"Node(id=29_7496_21, type=transcoder, layer=14, feature=7496, pos=21)",1
14,36,3897,lorsa,14,36,10638,transcoder,1.1475523710250854,0.5776481032371521,-0.5699042677879333,0.0,-0.49662593375050007,"Node(id=29_10638_36, type=transcoder, layer=14, feature=10638, pos=36)",1
14,36,3897,lorsa,14,36,14940,transcoder,1.4348654747009277,0.5443991422653198,-0.8904663324356079,0.0,-0.6205922075177186,"Node(id=29_14940_36, type=transcoder, layer=14, feature=14940, pos=36)",1
