source_layer,source_pos,source_feature,source_type,target_layer,target_pos,target_feature,target_type,original_activation,modified_activation,activation_change,steering_scale,reduction_ratio,target_node_str,steering_nodes_count
0,54,11059,lorsa,0,54,5593,transcoder,1.5712335109710693,1.2659595012664795,-0.30527400970458984,0.0,-0.1942893959255753,"Node(id=1_5593_54, type=transcoder, layer=0, feature=5593, pos=54)",1
0,54,5593,transcoder,14,54,138,transcoder,5.203862190246582,4.44645357131958,-0.757408618927002,0.0,-0.14554740137941904,"Node(id=29_138_54, type=transcoder, layer=14, feature=138, pos=54)",1
0,54,5593,transcoder,2,54,12759,transcoder,0.6271476745605469,0.1696503609418869,-0.45749731361866,0.0,-0.7294889739314367,"Node(id=5_12759_54, type=transcoder, layer=2, feature=12759, pos=54)",1
0,54,5593,transcoder,1,54,9400,transcoder,0.9067674875259399,0.0,-0.9067674875259399,0.0,-1.0,"Node(id=3_9400_54, type=transcoder, layer=1, feature=9400, pos=54)",1
0,54,2952,lorsa,0,54,5593,transcoder,1.5712335109710693,1.154268503189087,-0.4169650077819824,0.0,-0.26537430933756345,"Node(id=1_5593_54, type=transcoder, layer=0, feature=5593, pos=54)",1
0,54,5593,transcoder,14,45,10832,lorsa,3.8204092979431152,0.0,-3.8204092979431152,0.0,-1.0,"Node(id=28_10832_45, type=lorsa, layer=14, feature=10832, pos=45)",1
0,54,5593,transcoder,13,54,12356,transcoder,3.5540847778320312,3.0727436542510986,-0.4813411235809326,0.0,-0.13543321380041687,"Node(id=27_12356_54, type=transcoder, layer=13, feature=12356, pos=54)",1
0,54,5593,transcoder,14,45,13630,transcoder,2.0045013427734375,1.7150766849517822,-0.2894246578216553,0.0,-0.14438736041014866,"Node(id=29_13630_45, type=transcoder, layer=14, feature=13630, pos=45)",1
0,54,5593,transcoder,13,54,7656,transcoder,0.6284548044204712,0.0,-0.6284548044204712,0.0,-1.0,"Node(id=27_7656_54, type=transcoder, layer=13, feature=7656, pos=54)",1
0,54,5593,transcoder,5,54,5938,transcoder,1.32710599899292,0.0,-1.32710599899292,0.0,-1.0,"Node(id=11_5938_54, type=transcoder, layer=5, feature=5938, pos=54)",1
0,54,5593,transcoder,4,55,9090,lorsa,4.7906646728515625,2.922805070877075,-1.8678596019744873,0.0,-0.3898957095785782,"Node(id=8_9090_55, type=lorsa, layer=4, feature=9090, pos=55)",1
0,54,5593,transcoder,6,54,6679,transcoder,1.2186368703842163,0.0,-1.2186368703842163,0.0,-1.0,"Node(id=13_6679_54, type=transcoder, layer=6, feature=6679, pos=54)",1
0,54,5593,transcoder,7,54,14452,transcoder,4.643435478210449,2.860191583633423,-1.7832438945770264,0.0,-0.3840354631705311,"Node(id=15_14452_54, type=transcoder, layer=7, feature=14452, pos=54)",1
0,54,5593,transcoder,6,53,3210,transcoder,2.371243715286255,1.9924743175506592,-0.3787693977355957,0.0,-0.15973448671423085,"Node(id=13_3210_53, type=transcoder, layer=6, feature=3210, pos=53)",1
0,54,5593,transcoder,14,55,9044,lorsa,3.8024330139160156,2.2798585891723633,-1.5225744247436523,0.0,-0.40042110384887414,"Node(id=28_9044_55, type=lorsa, layer=14, feature=9044, pos=55)",1
0,54,5593,transcoder,3,54,5828,lorsa,2.9929561614990234,0.0,-2.9929561614990234,0.0,-1.0,"Node(id=6_5828_54, type=lorsa, layer=3, feature=5828, pos=54)",1
0,54,5593,transcoder,8,23,3094,transcoder,1.1677106618881226,0.8471667170524597,-0.32054394483566284,0.0,-0.2745063099084505,"Node(id=17_3094_23, type=transcoder, layer=8, feature=3094, pos=23)",1
0,54,5593,transcoder,3,54,14478,transcoder,1.0145859718322754,0.5221092104911804,-0.49247676134109497,0.0,-0.4853967776153207,"Node(id=7_14478_54, type=transcoder, layer=3, feature=14478, pos=54)",1
0,54,5593,transcoder,3,55,8792,lorsa,2.6274337768554688,1.3886020183563232,-1.2388317584991455,0.0,-0.47149875647171896,"Node(id=6_8792_55, type=lorsa, layer=3, feature=8792, pos=55)",1
0,54,5593,transcoder,3,54,9407,transcoder,0.9804326891899109,0.0,-0.9804326891899109,0.0,-1.0,"Node(id=7_9407_54, type=transcoder, layer=3, feature=9407, pos=54)",1
0,54,5593,transcoder,2,54,3192,lorsa,4.136215686798096,0.785855770111084,-3.3503599166870117,0.0,-0.8100060950352842,"Node(id=4_3192_54, type=lorsa, layer=2, feature=3192, pos=54)",1
0,54,5593,transcoder,8,54,8745,transcoder,5.491499423980713,4.74257230758667,-0.748927116394043,0.0,-0.13637934898500925,"Node(id=17_8745_54, type=transcoder, layer=8, feature=8745, pos=54)",1
0,54,5593,transcoder,14,54,7964,transcoder,1.0550146102905273,0.24843473732471466,-0.8065798729658127,0.0,-0.764520097729925,"Node(id=29_7964_54, type=transcoder, layer=14, feature=7964, pos=54)",1
0,54,5593,transcoder,10,23,9278,transcoder,6.949425220489502,6.225952625274658,-0.7234725952148438,0.0,-0.1041053860226852,"Node(id=21_9278_23, type=transcoder, layer=10, feature=9278, pos=23)",1
0,54,5593,transcoder,4,54,2320,transcoder,4.304287433624268,2.1780929565429688,-2.126194477081299,0.0,-0.4939713041633501,"Node(id=9_2320_54, type=transcoder, layer=4, feature=2320, pos=54)",1
0,54,5593,transcoder,2,54,715,transcoder,0.9930531978607178,0.47027215361595154,-0.5227810442447662,0.0,-0.5264381056029687,"Node(id=5_715_54, type=transcoder, layer=2, feature=715, pos=54)",1
0,54,5593,transcoder,3,54,12569,lorsa,1.9396735429763794,1.6634588241577148,-0.27621471881866455,0.0,-0.14240268411086338,"Node(id=6_12569_54, type=lorsa, layer=3, feature=12569, pos=54)",1
0,54,5593,transcoder,10,14,14712,transcoder,0.3488500416278839,0.0,-0.3488500416278839,0.0,-1.0,"Node(id=21_14712_14, type=transcoder, layer=10, feature=14712, pos=14)",1
0,54,5593,transcoder,9,14,7241,transcoder,0.5335481762886047,0.3925873041152954,-0.14096087217330933,0.0,-0.264195209425777,"Node(id=19_7241_14, type=transcoder, layer=9, feature=7241, pos=14)",1
0,54,5593,transcoder,14,45,138,transcoder,4.708511829376221,4.05417537689209,-0.6543364524841309,0.0,-0.13896884540073817,"Node(id=29_138_45, type=transcoder, layer=14, feature=138, pos=45)",1
0,54,5593,transcoder,14,54,4515,lorsa,2.634603977203369,0.0,-2.634603977203369,0.0,-1.0,"Node(id=28_4515_54, type=lorsa, layer=14, feature=4515, pos=54)",1
0,54,5593,transcoder,6,45,4984,transcoder,0.9259824752807617,0.10801056027412415,-0.8179719150066376,0.0,-0.8833557187555036,"Node(id=13_4984_45, type=transcoder, layer=6, feature=4984, pos=45)",1
0,54,5593,transcoder,10,23,1958,transcoder,0.535693883895874,0.3951667249202728,-0.1405271589756012,0.0,-0.26232735373718824,"Node(id=21_1958_23, type=transcoder, layer=10, feature=1958, pos=23)",1
0,54,5593,transcoder,12,8,13896,transcoder,13.69265079498291,11.570412635803223,-2.1222381591796875,0.0,-0.15499103796302843,"Node(id=25_13896_8, type=transcoder, layer=12, feature=13896, pos=8)",1
0,54,5593,transcoder,10,1,10273,transcoder,28.066740036010742,24.87622833251953,-3.190511703491211,0.0,-0.11367589179924914,"Node(id=21_10273_1, type=transcoder, layer=10, feature=10273, pos=1)",1
0,54,5593,transcoder,13,37,9843,lorsa,3.7563188076019287,1.175763726234436,-2.5805550813674927,0.0,-0.6869904322671017,"Node(id=26_9843_37, type=lorsa, layer=13, feature=9843, pos=37)",1
0,54,5593,transcoder,4,54,15551,lorsa,4.019529342651367,0.8284428119659424,-3.191086530685425,0.0,-0.7938955680270059,"Node(id=8_15551_54, type=lorsa, layer=4, feature=15551, pos=54)",1
0,54,5593,transcoder,13,54,1418,lorsa,2.4402384757995605,1.0865129232406616,-1.353725552558899,0.0,-0.5547513351601185,"Node(id=26_1418_54, type=lorsa, layer=13, feature=1418, pos=54)",1
0,54,5593,transcoder,12,54,9524,transcoder,0.9488894939422607,0.0,-0.9488894939422607,0.0,-1.0,"Node(id=25_9524_54, type=transcoder, layer=12, feature=9524, pos=54)",1
0,54,5593,transcoder,13,54,1408,lorsa,1.9592878818511963,0.0,-1.9592878818511963,0.0,-1.0,"Node(id=26_1408_54, type=lorsa, layer=13, feature=1408, pos=54)",1
0,54,5593,transcoder,3,54,5003,lorsa,1.4944757223129272,1.3433897495269775,-0.1510859727859497,0.0,-0.10109630456366418,"Node(id=6_5003_54, type=lorsa, layer=3, feature=5003, pos=54)",1
0,54,5593,transcoder,9,14,12621,transcoder,0.46782758831977844,0.0,-0.46782758831977844,0.0,-1.0,"Node(id=19_12621_14, type=transcoder, layer=9, feature=12621, pos=14)",1
0,54,5593,transcoder,14,51,6541,lorsa,2.6790273189544678,0.485451877117157,-2.193575441837311,0.0,-0.8187954733859855,"Node(id=28_6541_51, type=lorsa, layer=14, feature=6541, pos=51)",1
0,54,5593,transcoder,13,37,12356,transcoder,3.265740394592285,2.6081597805023193,-0.6575806140899658,0.0,-0.20135728338322562,"Node(id=27_12356_37, type=transcoder, layer=13, feature=12356, pos=37)",1
0,54,5593,transcoder,6,54,15671,transcoder,5.101500511169434,3.490807056427002,-1.6106934547424316,0.0,-0.31572935280824016,"Node(id=13_15671_54, type=transcoder, layer=6, feature=15671, pos=54)",1
0,54,5593,transcoder,10,54,9349,transcoder,0.3694993257522583,0.0,-0.3694993257522583,0.0,-1.0,"Node(id=21_9349_54, type=transcoder, layer=10, feature=9349, pos=54)",1
0,54,5593,transcoder,2,54,6885,transcoder,0.6178726553916931,0.0,-0.6178726553916931,0.0,-1.0,"Node(id=5_6885_54, type=transcoder, layer=2, feature=6885, pos=54)",1
0,54,5593,transcoder,5,23,11039,transcoder,0.8521392941474915,0.4829380512237549,-0.3692012429237366,0.0,-0.4332639575001618,"Node(id=11_11039_23, type=transcoder, layer=5, feature=11039, pos=23)",1
0,54,5593,transcoder,13,37,2468,transcoder,0.917811930179596,0.0,-0.917811930179596,0.0,-1.0,"Node(id=27_2468_37, type=transcoder, layer=13, feature=2468, pos=37)",1
0,54,5593,transcoder,14,55,8748,lorsa,1.8016709089279175,0.7162632346153259,-1.0854076743125916,0.0,-0.6024450241906066,"Node(id=28_8748_55, type=lorsa, layer=14, feature=8748, pos=55)",1
0,54,5593,transcoder,3,55,10711,transcoder,0.27328234910964966,0.0,-0.27328234910964966,0.0,-1.0,"Node(id=7_10711_55, type=transcoder, layer=3, feature=10711, pos=55)",1
0,54,5593,transcoder,6,54,9512,transcoder,1.2145551443099976,0.4533413052558899,-0.7612138390541077,0.0,-0.6267429211594685,"Node(id=13_9512_54, type=transcoder, layer=6, feature=9512, pos=54)",1
0,54,5593,transcoder,13,54,3932,transcoder,0.4565145671367645,0.0,-0.4565145671367645,0.0,-1.0,"Node(id=27_3932_54, type=transcoder, layer=13, feature=3932, pos=54)",1
0,54,5593,transcoder,2,54,3355,transcoder,0.8198118209838867,0.33185645937919617,-0.48795536160469055,0.0,-0.5952041055215295,"Node(id=5_3355_54, type=transcoder, layer=2, feature=3355, pos=54)",1
0,54,5593,transcoder,9,14,3455,transcoder,0.7396717071533203,0.41994091868400574,-0.3197307884693146,0.0,-0.43226040063073584,"Node(id=19_3455_14, type=transcoder, layer=9, feature=3455, pos=14)",1
0,54,5593,transcoder,5,37,11552,transcoder,1.0308445692062378,0.0,-1.0308445692062378,0.0,-1.0,"Node(id=11_11552_37, type=transcoder, layer=5, feature=11552, pos=37)",1
0,54,5593,transcoder,13,14,12341,transcoder,0.8768914937973022,0.0,-0.8768914937973022,0.0,-1.0,"Node(id=27_12341_14, type=transcoder, layer=13, feature=12341, pos=14)",1
0,54,5593,transcoder,14,54,15619,transcoder,0.5415058135986328,0.0,-0.5415058135986328,0.0,-1.0,"Node(id=29_15619_54, type=transcoder, layer=14, feature=15619, pos=54)",1
0,54,5593,transcoder,13,55,14142,transcoder,0.6139975786209106,0.0,-0.6139975786209106,0.0,-1.0,"Node(id=27_14142_55, type=transcoder, layer=13, feature=14142, pos=55)",1
0,54,5593,transcoder,9,1,5834,transcoder,15.394159317016602,12.201189041137695,-3.1929702758789062,0.0,-0.20741439724801458,"Node(id=19_5834_1, type=transcoder, layer=9, feature=5834, pos=1)",1
0,54,5593,transcoder,7,54,2518,transcoder,0.3623811900615692,0.0,-0.3623811900615692,0.0,-1.0,"Node(id=15_2518_54, type=transcoder, layer=7, feature=2518, pos=54)",1
0,54,5593,transcoder,9,14,3914,lorsa,2.4319560527801514,0.0,-2.4319560527801514,0.0,-1.0,"Node(id=18_3914_14, type=lorsa, layer=9, feature=3914, pos=14)",1
0,54,5593,transcoder,9,2,5834,transcoder,14.738499641418457,11.271991729736328,-3.466507911682129,0.0,-0.2352008682037398,"Node(id=19_5834_2, type=transcoder, layer=9, feature=5834, pos=2)",1
0,54,5593,transcoder,11,37,11974,transcoder,3.5097548961639404,3.1303844451904297,-0.37937045097351074,0.0,-0.10809029752708703,"Node(id=23_11974_37, type=transcoder, layer=11, feature=11974, pos=37)",1
0,54,5593,transcoder,10,54,12026,transcoder,0.6972393989562988,0.0,-0.6972393989562988,0.0,-1.0,"Node(id=21_12026_54, type=transcoder, layer=10, feature=12026, pos=54)",1
0,54,5593,transcoder,1,54,14348,transcoder,0.7237109541893005,0.6004235148429871,-0.12328743934631348,0.0,-0.17035452984737506,"Node(id=3_14348_54, type=transcoder, layer=1, feature=14348, pos=54)",1
0,54,5593,transcoder,10,37,12941,lorsa,4.228793144226074,2.682760715484619,-1.546032428741455,0.0,-0.3655966078294425,"Node(id=20_12941_37, type=lorsa, layer=10, feature=12941, pos=37)",1
0,54,5593,transcoder,10,14,9278,transcoder,7.185402870178223,6.280509948730469,-0.9048929214477539,0.0,-0.12593489019291543,"Node(id=21_9278_14, type=transcoder, layer=10, feature=9278, pos=14)",1
0,54,5593,transcoder,5,54,12487,transcoder,3.436166286468506,3.0756847858428955,-0.36048150062561035,0.0,-0.10490804884652206,"Node(id=11_12487_54, type=transcoder, layer=5, feature=12487, pos=54)",1
0,54,5593,transcoder,7,54,13289,transcoder,0.9898383617401123,0.0,-0.9898383617401123,0.0,-1.0,"Node(id=15_13289_54, type=transcoder, layer=7, feature=13289, pos=54)",1
0,54,5593,transcoder,2,55,15040,lorsa,1.2088054418563843,0.971342921257019,-0.23746252059936523,0.0,-0.19644395398707815,"Node(id=4_15040_55, type=lorsa, layer=2, feature=15040, pos=55)",1
0,54,5593,transcoder,10,37,13042,lorsa,2.682366371154785,1.798024296760559,-0.8843420743942261,0.0,-0.3296872805684289,"Node(id=20_13042_37, type=lorsa, layer=10, feature=13042, pos=37)",1
0,54,5593,transcoder,3,55,9255,transcoder,0.6651935577392578,0.43276894092559814,-0.23242461681365967,0.0,-0.34940900149962867,"Node(id=7_9255_55, type=transcoder, layer=3, feature=9255, pos=55)",1
0,54,5593,transcoder,4,23,12289,transcoder,0.3856951594352722,0.3129492402076721,-0.0727459192276001,0.0,-0.1886098838629796,"Node(id=9_12289_23, type=transcoder, layer=4, feature=12289, pos=23)",1
0,54,11059,lorsa,1,54,9400,transcoder,0.9067674875259399,0.5248339772224426,-0.3819335103034973,0.0,-0.4212033575945469,"Node(id=3_9400_54, type=transcoder, layer=1, feature=9400, pos=54)",1
0,54,11059,lorsa,4,55,9090,lorsa,4.7906646728515625,3.8960213661193848,-0.8946433067321777,0.0,-0.18674721939986177,"Node(id=8_9090_55, type=lorsa, layer=4, feature=9090, pos=55)",1
0,54,11059,lorsa,14,55,9044,lorsa,3.8024330139160156,2.623978614807129,-1.1784543991088867,0.0,-0.3099211464859523,"Node(id=28_9044_55, type=lorsa, layer=14, feature=9044, pos=55)",1
0,54,11059,lorsa,3,54,5828,lorsa,2.9929561614990234,1.9023276567459106,-1.0906285047531128,0.0,-0.3643984227977703,"Node(id=6_5828_54, type=lorsa, layer=3, feature=5828, pos=54)",1
0,54,11059,lorsa,0,54,15890,transcoder,0.6419439911842346,0.3399609327316284,-0.3019830584526062,0.0,-0.47041963566871153,"Node(id=1_15890_54, type=transcoder, layer=0, feature=15890, pos=54)",1
0,54,11059,lorsa,3,55,8792,lorsa,2.6274337768554688,1.9545847177505493,-0.6728490591049194,0.0,-0.2560860201432707,"Node(id=6_8792_55, type=lorsa, layer=3, feature=8792, pos=55)",1
0,54,11059,lorsa,2,54,3192,lorsa,4.136215686798096,2.4455220699310303,-1.6906936168670654,0.0,-0.4087537364802791,"Node(id=4_3192_54, type=lorsa, layer=2, feature=3192, pos=54)",1
0,54,11059,lorsa,2,54,715,transcoder,0.9930531978607178,0.8315332531929016,-0.16151994466781616,0.0,-0.1626498409307478,"Node(id=5_715_54, type=transcoder, layer=2, feature=715, pos=54)",1
0,54,11059,lorsa,0,54,14779,transcoder,0.32305270433425903,0.0,-0.32305270433425903,0.0,-1.0,"Node(id=1_14779_54, type=transcoder, layer=0, feature=14779, pos=54)",1
0,54,11059,lorsa,13,54,1408,lorsa,1.9592878818511963,1.7354340553283691,-0.22385382652282715,0.0,-0.11425264689093216,"Node(id=26_1408_54, type=lorsa, layer=13, feature=1408, pos=54)",1
0,54,11059,lorsa,14,51,6541,lorsa,2.6790273189544678,1.8136810064315796,-0.8653463125228882,0.0,-0.32300764773858415,"Node(id=28_6541_51, type=lorsa, layer=14, feature=6541, pos=51)",1
0,54,11059,lorsa,2,54,6885,transcoder,0.6178726553916931,0.5471729636192322,-0.07069969177246094,0.0,-0.11442437394747904,"Node(id=5_6885_54, type=transcoder, layer=2, feature=6885, pos=54)",1
0,54,11059,lorsa,5,23,11039,transcoder,0.8521392941474915,0.7642049193382263,-0.08793437480926514,0.0,-0.10319248908388577,"Node(id=11_11039_23, type=transcoder, layer=5, feature=11039, pos=23)",1
0,54,11059,lorsa,3,55,10711,transcoder,0.27328234910964966,0.0,-0.27328234910964966,0.0,-1.0,"Node(id=7_10711_55, type=transcoder, layer=3, feature=10711, pos=55)",1
0,54,11059,lorsa,2,54,3355,transcoder,0.8198118209838867,0.7276381254196167,-0.09217369556427002,0.0,-0.11243274761962926,"Node(id=5_3355_54, type=transcoder, layer=2, feature=3355, pos=54)",1
0,54,11059,lorsa,5,37,11552,transcoder,1.0308445692062378,0.8179491758346558,-0.21289539337158203,0.0,-0.20652521217191253,"Node(id=11_11552_37, type=transcoder, layer=5, feature=11552, pos=37)",1
0,54,11059,lorsa,14,54,15619,transcoder,0.5415058135986328,0.48636239767074585,-0.05514341592788696,0.0,-0.10183346982265194,"Node(id=29_15619_54, type=transcoder, layer=14, feature=15619, pos=54)",1
0,54,11059,lorsa,7,54,2518,transcoder,0.3623811900615692,0.2942032814025879,-0.06817790865898132,0.0,-0.1881386521397476,"Node(id=15_2518_54, type=transcoder, layer=7, feature=2518, pos=54)",1
0,54,11059,lorsa,1,54,14348,transcoder,0.7237109541893005,0.5025554299354553,-0.22115552425384521,0.0,-0.3055854315506156,"Node(id=3_14348_54, type=transcoder, layer=1, feature=14348, pos=54)",1
0,54,11059,lorsa,3,55,9255,transcoder,0.6651935577392578,0.5367118120193481,-0.12848174571990967,0.0,-0.1931494137684837,"Node(id=7_9255_55, type=transcoder, layer=3, feature=9255, pos=55)",1
0,14,7465,lorsa,0,14,12663,transcoder,1.357285976409912,0.38840216398239136,-0.9688838124275208,0.0,-0.7138391092717733,"Node(id=1_12663_14, type=transcoder, layer=0, feature=12663, pos=14)",1
0,14,12663,transcoder,14,54,5701,transcoder,1.1805400848388672,0.0,-1.1805400848388672,0.0,-1.0,"Node(id=29_5701_54, type=transcoder, layer=14, feature=5701, pos=54)",1
0,14,12663,transcoder,14,54,138,transcoder,5.203862190246582,2.983173370361328,-2.220688819885254,0.0,-0.42673859120393576,"Node(id=29_138_54, type=transcoder, layer=14, feature=138, pos=54)",1
0,14,12663,transcoder,14,45,14404,transcoder,2.5108840465545654,2.0574216842651367,-0.4534623622894287,0.0,-0.18059868710849858,"Node(id=29_14404_45, type=transcoder, layer=14, feature=14404, pos=45)",1
0,14,12663,transcoder,14,45,10832,lorsa,3.8204092979431152,0.0,-3.8204092979431152,0.0,-1.0,"Node(id=28_10832_45, type=lorsa, layer=14, feature=10832, pos=45)",1
0,14,12663,transcoder,14,45,13630,transcoder,2.0045013427734375,0.7034494876861572,-1.3010518550872803,0.0,-0.6490650953055181,"Node(id=29_13630_45, type=transcoder, layer=14, feature=13630, pos=45)",1
0,14,12663,transcoder,13,54,7656,transcoder,0.6284548044204712,0.28853532671928406,-0.33991947770118713,0.0,-0.5408813415224718,"Node(id=27_7656_54, type=transcoder, layer=13, feature=7656, pos=54)",1
0,14,12663,transcoder,4,55,9090,lorsa,4.7906646728515625,4.116920471191406,-0.6737442016601562,0.0,-0.1406368943913416,"Node(id=8_9090_55, type=lorsa, layer=4, feature=9090, pos=55)",1
0,14,12663,transcoder,6,54,6679,transcoder,1.2186368703842163,1.0536831617355347,-0.16495370864868164,0.0,-0.13535919736014096,"Node(id=13_6679_54, type=transcoder, layer=6, feature=6679, pos=54)",1
0,14,12663,transcoder,14,55,9044,lorsa,3.8024330139160156,0.0,-3.8024330139160156,0.0,-1.0,"Node(id=28_9044_55, type=lorsa, layer=14, feature=9044, pos=55)",1
0,14,12663,transcoder,8,23,3094,transcoder,1.1677106618881226,0.9737867116928101,-0.1939239501953125,0.0,-0.16607191877630745,"Node(id=17_3094_23, type=transcoder, layer=8, feature=3094, pos=23)",1
0,14,12663,transcoder,3,55,8792,lorsa,2.6274337768554688,2.36016845703125,-0.26726531982421875,0.0,-0.10172104894840918,"Node(id=6_8792_55, type=lorsa, layer=3, feature=8792, pos=55)",1
0,14,12663,transcoder,14,54,7964,transcoder,1.0550146102905273,0.0,-1.0550146102905273,0.0,-1.0,"Node(id=29_7964_54, type=transcoder, layer=14, feature=7964, pos=54)",1
0,14,12663,transcoder,10,23,9278,transcoder,6.949425220489502,5.800123691558838,-1.149301528930664,0.0,-0.1653808038026071,"Node(id=21_9278_23, type=transcoder, layer=10, feature=9278, pos=23)",1
0,14,12663,transcoder,7,53,6310,transcoder,0.9675502181053162,0.8239246010780334,-0.14362561702728271,0.0,-0.14844254524435374,"Node(id=15_6310_53, type=transcoder, layer=7, feature=6310, pos=53)",1
0,14,12663,transcoder,10,14,14712,transcoder,0.3488500416278839,0.0,-0.3488500416278839,0.0,-1.0,"Node(id=21_14712_14, type=transcoder, layer=10, feature=14712, pos=14)",1
0,14,12663,transcoder,9,14,7241,transcoder,0.5335481762886047,0.27142491936683655,-0.2621232569217682,0.0,-0.4912832028498614,"Node(id=19_7241_14, type=transcoder, layer=9, feature=7241, pos=14)",1
0,14,12663,transcoder,3,54,2767,transcoder,0.7313656210899353,0.6525194644927979,-0.07884615659713745,0.0,-0.10780675810224039,"Node(id=7_2767_54, type=transcoder, layer=3, feature=2767, pos=54)",1
0,14,12663,transcoder,14,54,4515,lorsa,2.634603977203369,0.0,-2.634603977203369,0.0,-1.0,"Node(id=28_4515_54, type=lorsa, layer=14, feature=4515, pos=54)",1
0,14,12663,transcoder,9,23,2724,transcoder,0.79766446352005,0.601040244102478,-0.19662421941757202,0.0,-0.24649991119057754,"Node(id=19_2724_23, type=transcoder, layer=9, feature=2724, pos=23)",1
0,14,12663,transcoder,6,45,4984,transcoder,0.9259824752807617,0.7009146213531494,-0.2250678539276123,0.0,-0.24305843786014503,"Node(id=13_4984_45, type=transcoder, layer=6, feature=4984, pos=45)",1
0,14,12663,transcoder,10,23,1958,transcoder,0.535693883895874,0.3345806300640106,-0.2011132538318634,0.0,-0.3754257046379775,"Node(id=21_1958_23, type=transcoder, layer=10, feature=1958, pos=23)",1
0,14,12663,transcoder,10,1,10273,transcoder,28.066740036010742,22.52215003967285,-5.544589996337891,0.0,-0.19755019604072155,"Node(id=21_10273_1, type=transcoder, layer=10, feature=10273, pos=1)",1
0,14,12663,transcoder,13,54,10153,transcoder,0.38005462288856506,0.18410024046897888,-0.19595438241958618,0.0,-0.5155953134585117,"Node(id=27_10153_54, type=transcoder, layer=13, feature=10153, pos=54)",1
0,14,12663,transcoder,13,37,9843,lorsa,3.7563188076019287,0.7147654891014099,-3.041553318500519,0.0,-0.8097165001929846,"Node(id=26_9843_37, type=lorsa, layer=13, feature=9843, pos=37)",1
0,14,12663,transcoder,14,54,2741,transcoder,0.8528413772583008,0.7199243903160095,-0.13291698694229126,0.0,-0.1558519444373002,"Node(id=29_2741_54, type=transcoder, layer=14, feature=2741, pos=54)",1
0,14,12663,transcoder,13,54,1418,lorsa,2.4402384757995605,0.0,-2.4402384757995605,0.0,-1.0,"Node(id=26_1418_54, type=lorsa, layer=13, feature=1418, pos=54)",1
0,14,12663,transcoder,12,54,9524,transcoder,0.9488894939422607,0.6413635611534119,-0.3075259327888489,0.0,-0.3240903548327848,"Node(id=25_9524_54, type=transcoder, layer=12, feature=9524, pos=54)",1
0,14,12663,transcoder,13,54,1408,lorsa,1.9592878818511963,0.0,-1.9592878818511963,0.0,-1.0,"Node(id=26_1408_54, type=lorsa, layer=13, feature=1408, pos=54)",1
0,14,12663,transcoder,9,14,12621,transcoder,0.46782758831977844,0.3385201096534729,-0.12930747866630554,0.0,-0.2763998573293177,"Node(id=19_12621_14, type=transcoder, layer=9, feature=12621, pos=14)",1
0,14,12663,transcoder,11,54,14428,lorsa,3.4473183155059814,1.6506034135818481,-1.7967149019241333,0.0,-0.5211920505984432,"Node(id=22_14428_54, type=lorsa, layer=11, feature=14428, pos=54)",1
0,14,12663,transcoder,10,54,9349,transcoder,0.3694993257522583,0.17368587851524353,-0.19581344723701477,0.0,-0.5299426374821146,"Node(id=21_9349_54, type=transcoder, layer=10, feature=9349, pos=54)",1
0,14,12663,transcoder,5,23,11039,transcoder,0.8521392941474915,0.496234655380249,-0.35590463876724243,0.0,-0.4176601656696295,"Node(id=11_11039_23, type=transcoder, layer=5, feature=11039, pos=23)",1
0,14,12663,transcoder,13,37,2468,transcoder,0.917811930179596,0.0,-0.917811930179596,0.0,-1.0,"Node(id=27_2468_37, type=transcoder, layer=13, feature=2468, pos=37)",1
0,14,12663,transcoder,13,54,3932,transcoder,0.4565145671367645,0.0,-0.4565145671367645,0.0,-1.0,"Node(id=27_3932_54, type=transcoder, layer=13, feature=3932, pos=54)",1
0,14,12663,transcoder,9,14,3455,transcoder,0.7396717071533203,0.2608950734138489,-0.47877663373947144,0.0,-0.6472826107978061,"Node(id=19_3455_14, type=transcoder, layer=9, feature=3455, pos=14)",1
0,14,12663,transcoder,13,14,12341,transcoder,0.8768914937973022,0.0,-0.8768914937973022,0.0,-1.0,"Node(id=27_12341_14, type=transcoder, layer=13, feature=12341, pos=14)",1
0,14,12663,transcoder,14,54,15619,transcoder,0.5415058135986328,0.0,-0.5415058135986328,0.0,-1.0,"Node(id=29_15619_54, type=transcoder, layer=14, feature=15619, pos=54)",1
0,14,12663,transcoder,9,14,3914,lorsa,2.4319560527801514,0.0,-2.4319560527801514,0.0,-1.0,"Node(id=18_3914_14, type=lorsa, layer=9, feature=3914, pos=14)",1
0,14,12663,transcoder,9,2,5834,transcoder,14.738499641418457,12.16989517211914,-2.5686044692993164,0.0,-0.17427855831952985,"Node(id=19_5834_2, type=transcoder, layer=9, feature=5834, pos=2)",1
0,14,12663,transcoder,7,37,13853,lorsa,4.031331539154053,2.7629239559173584,-1.2684075832366943,0.0,-0.3146373774812034,"Node(id=14_13853_37, type=lorsa, layer=7, feature=13853, pos=37)",1
0,14,12663,transcoder,10,54,12026,transcoder,0.6972393989562988,0.4870149493217468,-0.210224449634552,0.0,-0.30150971093893725,"Node(id=21_12026_54, type=transcoder, layer=10, feature=12026, pos=54)",1
0,14,12663,transcoder,10,14,9278,transcoder,7.185402870178223,5.139545440673828,-2.0458574295043945,0.0,-0.2847241089285854,"Node(id=21_9278_14, type=transcoder, layer=10, feature=9278, pos=14)",1
0,14,12663,transcoder,7,54,13289,transcoder,0.9898383617401123,0.6621707081794739,-0.3276676535606384,0.0,-0.33103147566902386,"Node(id=15_13289_54, type=transcoder, layer=7, feature=13289, pos=54)",1
0,14,12663,transcoder,3,55,9255,transcoder,0.6651935577392578,0.5673506259918213,-0.09784293174743652,0.0,-0.14708941571828774,"Node(id=7_9255_55, type=transcoder, layer=3, feature=9255, pos=55)",1
0,14,7465,lorsa,14,54,5701,transcoder,1.1805400848388672,0.0,-1.1805400848388672,0.0,-1.0,"Node(id=29_5701_54, type=transcoder, layer=14, feature=5701, pos=54)",1
0,14,7465,lorsa,14,54,138,transcoder,5.203862190246582,3.2293522357940674,-1.9745099544525146,0.0,-0.3794316379386968,"Node(id=29_138_54, type=transcoder, layer=14, feature=138, pos=54)",1
0,14,7465,lorsa,14,45,14404,transcoder,2.5108840465545654,2.17297101020813,-0.33791303634643555,0.0,-0.13457930755907258,"Node(id=29_14404_45, type=transcoder, layer=14, feature=14404, pos=45)",1
0,14,7465,lorsa,14,45,10832,lorsa,3.8204092979431152,0.0,-3.8204092979431152,0.0,-1.0,"Node(id=28_10832_45, type=lorsa, layer=14, feature=10832, pos=45)",1
0,14,7465,lorsa,14,45,13630,transcoder,2.0045013427734375,0.9191058874130249,-1.0853954553604126,0.0,-0.5414790363066828,"Node(id=29_13630_45, type=transcoder, layer=14, feature=13630, pos=45)",1
0,14,7465,lorsa,13,54,7656,transcoder,0.6284548044204712,0.3892573118209839,-0.2391974925994873,0.0,-0.3806120836645731,"Node(id=27_7656_54, type=transcoder, layer=13, feature=7656, pos=54)",1
0,14,7465,lorsa,4,55,9090,lorsa,4.7906646728515625,4.0915327072143555,-0.699131965637207,0.0,-0.14593631852363828,"Node(id=8_9090_55, type=lorsa, layer=4, feature=9090, pos=55)",1
0,14,7465,lorsa,14,55,9044,lorsa,3.8024330139160156,1.0711872577667236,-2.731245756149292,0.0,-0.7182889865918929,"Node(id=28_9044_55, type=lorsa, layer=14, feature=9044, pos=55)",1
0,14,7465,lorsa,8,23,3094,transcoder,1.1677106618881226,1.041860580444336,-0.12585008144378662,0.0,-0.10777505554354887,"Node(id=17_3094_23, type=transcoder, layer=8, feature=3094, pos=23)",1
0,14,7465,lorsa,3,55,8792,lorsa,2.6274337768554688,2.218538284301758,-0.40889549255371094,0.0,-0.15562542285769043,"Node(id=6_8792_55, type=lorsa, layer=3, feature=8792, pos=55)",1
0,14,7465,lorsa,14,54,7964,transcoder,1.0550146102905273,0.0,-1.0550146102905273,0.0,-1.0,"Node(id=29_7964_54, type=transcoder, layer=14, feature=7964, pos=54)",1
0,14,7465,lorsa,10,23,9278,transcoder,6.949425220489502,6.002679347991943,-0.9467458724975586,0.0,-0.13623369450846065,"Node(id=21_9278_23, type=transcoder, layer=10, feature=9278, pos=23)",1
0,14,7465,lorsa,10,14,14712,transcoder,0.3488500416278839,0.29992344975471497,-0.048926591873168945,0.0,-0.14025107076053792,"Node(id=21_14712_14, type=transcoder, layer=10, feature=14712, pos=14)",1
0,14,7465,lorsa,9,14,7241,transcoder,0.5335481762886047,0.4367494285106659,-0.09679874777793884,0.0,-0.18142456872644028,"Node(id=19_7241_14, type=transcoder, layer=9, feature=7241, pos=14)",1
0,14,7465,lorsa,14,54,4515,lorsa,2.634603977203369,0.0,-2.634603977203369,0.0,-1.0,"Node(id=28_4515_54, type=lorsa, layer=14, feature=4515, pos=54)",1
0,14,7465,lorsa,9,23,2724,transcoder,0.79766446352005,0.681183397769928,-0.11648106575012207,0.0,-0.14602764831229592,"Node(id=19_2724_23, type=transcoder, layer=9, feature=2724, pos=23)",1
0,14,7465,lorsa,6,45,4984,transcoder,0.9259824752807617,0.814050555229187,-0.11193192005157471,0.0,-0.12087909117031236,"Node(id=13_4984_45, type=transcoder, layer=6, feature=4984, pos=45)",1
0,14,7465,lorsa,10,23,1958,transcoder,0.535693883895874,0.3736344575881958,-0.16205942630767822,0.0,-0.3025224501894419,"Node(id=21_1958_23, type=transcoder, layer=10, feature=1958, pos=23)",1
0,14,7465,lorsa,10,1,10273,transcoder,28.066740036010742,23.5019588470459,-4.564781188964844,0.0,-0.16264023477995834,"Node(id=21_10273_1, type=transcoder, layer=10, feature=10273, pos=1)",1
0,14,7465,lorsa,13,54,10153,transcoder,0.38005462288856506,0.2228628247976303,-0.15719179809093475,0.0,-0.4136031733970635,"Node(id=27_10153_54, type=transcoder, layer=13, feature=10153, pos=54)",1
0,14,7465,lorsa,13,37,9843,lorsa,3.7563188076019287,1.2359832525253296,-2.520335555076599,0.0,-0.6709589052920688,"Node(id=26_9843_37, type=lorsa, layer=13, feature=9843, pos=37)",1
0,14,7465,lorsa,13,54,1418,lorsa,2.4402384757995605,0.0,-2.4402384757995605,0.0,-1.0,"Node(id=26_1418_54, type=lorsa, layer=13, feature=1418, pos=54)",1
0,14,7465,lorsa,12,54,9524,transcoder,0.9488894939422607,0.7768239974975586,-0.17206549644470215,0.0,-0.18133354573232552,"Node(id=25_9524_54, type=transcoder, layer=12, feature=9524, pos=54)",1
0,14,7465,lorsa,13,54,1408,lorsa,1.9592878818511963,0.0,-1.9592878818511963,0.0,-1.0,"Node(id=26_1408_54, type=lorsa, layer=13, feature=1408, pos=54)",1
0,14,7465,lorsa,11,54,14428,lorsa,3.4473183155059814,2.13411283493042,-1.3132054805755615,0.0,-0.38093537073985445,"Node(id=22_14428_54, type=lorsa, layer=11, feature=14428, pos=54)",1
0,14,7465,lorsa,10,54,9349,transcoder,0.3694993257522583,0.23290695250034332,-0.13659237325191498,0.0,-0.3696688024364552,"Node(id=21_9349_54, type=transcoder, layer=10, feature=9349, pos=54)",1
0,14,7465,lorsa,5,23,11039,transcoder,0.8521392941474915,0.6194536685943604,-0.2326856255531311,0.0,-0.2730605514277071,"Node(id=11_11039_23, type=transcoder, layer=5, feature=11039, pos=23)",1
0,14,7465,lorsa,13,37,2468,transcoder,0.917811930179596,0.23453649878501892,-0.683275431394577,0.0,-0.7444612658945007,"Node(id=27_2468_37, type=transcoder, layer=13, feature=2468, pos=37)",1
0,14,7465,lorsa,13,54,3932,transcoder,0.4565145671367645,0.0,-0.4565145671367645,0.0,-1.0,"Node(id=27_3932_54, type=transcoder, layer=13, feature=3932, pos=54)",1
0,14,7465,lorsa,13,14,12341,transcoder,0.8768914937973022,0.0,-0.8768914937973022,0.0,-1.0,"Node(id=27_12341_14, type=transcoder, layer=13, feature=12341, pos=14)",1
0,14,7465,lorsa,14,54,15619,transcoder,0.5415058135986328,0.0,-0.5415058135986328,0.0,-1.0,"Node(id=29_15619_54, type=transcoder, layer=14, feature=15619, pos=54)",1
0,14,7465,lorsa,9,14,3914,lorsa,2.4319560527801514,1.7618814706802368,-0.6700745820999146,0.0,-0.2755290669557544,"Node(id=18_3914_14, type=lorsa, layer=9, feature=3914, pos=14)",1
0,14,7465,lorsa,9,2,5834,transcoder,14.738499641418457,13.058104515075684,-1.6803951263427734,0.0,-0.1140139883452241,"Node(id=19_5834_2, type=transcoder, layer=9, feature=5834, pos=2)",1
0,14,7465,lorsa,7,37,13853,lorsa,4.031331539154053,3.1595630645751953,-0.8717684745788574,0.0,-0.21624827085340445,"Node(id=14_13853_37, type=lorsa, layer=7, feature=13853, pos=37)",1
0,14,7465,lorsa,10,54,12026,transcoder,0.6972393989562988,0.6237879395484924,-0.0734514594078064,0.0,-0.10534611141848303,"Node(id=21_12026_54, type=transcoder, layer=10, feature=12026, pos=54)",1
0,14,7465,lorsa,10,14,9278,transcoder,7.185402870178223,5.892647743225098,-1.292755126953125,0.0,-0.17991407723545783,"Node(id=21_9278_14, type=transcoder, layer=10, feature=9278, pos=14)",1
0,14,7465,lorsa,7,54,13289,transcoder,0.9898383617401123,0.8383034467697144,-0.15153491497039795,0.0,-0.15309056592230186,"Node(id=15_13289_54, type=transcoder, layer=7, feature=13289, pos=54)",1
0,14,7465,lorsa,3,55,9255,transcoder,0.6651935577392578,0.5787937045097351,-0.0863998532295227,0.0,-0.12988678592012112,"Node(id=7_9255_55, type=transcoder, layer=3, feature=9255, pos=55)",1
0,45,7465,lorsa,0,45,12663,transcoder,1.3661699295043945,0.4897906482219696,-0.8763792812824249,0.0,-0.6414862912407603,"Node(id=1_12663_45, type=transcoder, layer=0, feature=12663, pos=45)",1
0,45,12663,transcoder,14,54,5701,transcoder,1.1805400848388672,0.0,-1.1805400848388672,0.0,-1.0,"Node(id=29_5701_54, type=transcoder, layer=14, feature=5701, pos=54)",1
0,45,12663,transcoder,14,54,138,transcoder,5.203862190246582,4.340354919433594,-0.8635072708129883,0.0,-0.16593584519425397,"Node(id=29_138_54, type=transcoder, layer=14, feature=138, pos=54)",1
0,45,12663,transcoder,1,54,9400,transcoder,0.9067674875259399,0.3443019390106201,-0.5624655485153198,0.0,-0.6202974370529902,"Node(id=3_9400_54, type=transcoder, layer=1, feature=9400, pos=54)",1
0,45,12663,transcoder,6,63,3789,transcoder,2.006242275238037,1.7294119596481323,-0.2768303155899048,0.0,-0.13798448921482295,"Node(id=13_3789_63, type=transcoder, layer=6, feature=3789, pos=63)",1
0,45,12663,transcoder,14,45,14404,transcoder,2.5108840465545654,0.0,-2.5108840465545654,0.0,-1.0,"Node(id=29_14404_45, type=transcoder, layer=14, feature=14404, pos=45)",1
0,45,12663,transcoder,14,45,10832,lorsa,3.8204092979431152,0.0,-3.8204092979431152,0.0,-1.0,"Node(id=28_10832_45, type=lorsa, layer=14, feature=10832, pos=45)",1
0,45,12663,transcoder,13,54,12356,transcoder,3.5540847778320312,1.3161852359771729,-2.2378995418548584,0.0,-0.6296697129492681,"Node(id=27_12356_54, type=transcoder, layer=13, feature=12356, pos=54)",1
0,45,12663,transcoder,13,45,4266,transcoder,1.1723153591156006,0.0,-1.1723153591156006,0.0,-1.0,"Node(id=27_4266_45, type=transcoder, layer=13, feature=4266, pos=45)",1
0,45,12663,transcoder,1,54,11614,lorsa,2.873215436935425,0.0,-2.873215436935425,0.0,-1.0,"Node(id=2_11614_54, type=lorsa, layer=1, feature=11614, pos=54)",1
0,45,12663,transcoder,14,45,13630,transcoder,2.0045013427734375,0.0,-2.0045013427734375,0.0,-1.0,"Node(id=29_13630_45, type=transcoder, layer=14, feature=13630, pos=45)",1
0,45,12663,transcoder,13,54,7656,transcoder,0.6284548044204712,0.0,-0.6284548044204712,0.0,-1.0,"Node(id=27_7656_54, type=transcoder, layer=13, feature=7656, pos=54)",1
0,45,12663,transcoder,3,50,6487,transcoder,1.360425591468811,1.2119238376617432,-0.14850175380706787,0.0,-0.10915830659046552,"Node(id=7_6487_50, type=transcoder, layer=3, feature=6487, pos=50)",1
0,45,12663,transcoder,5,54,5938,transcoder,1.32710599899292,0.2181605100631714,-1.1089454889297485,0.0,-0.8356118424385668,"Node(id=11_5938_54, type=transcoder, layer=5, feature=5938, pos=54)",1
0,45,12663,transcoder,6,54,6679,transcoder,1.2186368703842163,0.0,-1.2186368703842163,0.0,-1.0,"Node(id=13_6679_54, type=transcoder, layer=6, feature=6679, pos=54)",1
0,45,12663,transcoder,7,54,14452,transcoder,4.643435478210449,3.969738006591797,-0.6736974716186523,0.0,-0.1450859982398832,"Node(id=15_14452_54, type=transcoder, layer=7, feature=14452, pos=54)",1
0,45,12663,transcoder,6,53,3210,transcoder,2.371243715286255,1.8551908731460571,-0.5160528421401978,0.0,-0.21762960880547877,"Node(id=13_3210_53, type=transcoder, layer=6, feature=3210, pos=53)",1
0,45,12663,transcoder,3,54,753,transcoder,0.8902549743652344,0.36460569500923157,-0.5256492793560028,0.0,-0.5904480115158007,"Node(id=7_753_54, type=transcoder, layer=3, feature=753, pos=54)",1
0,45,12663,transcoder,14,55,9044,lorsa,3.8024330139160156,0.0,-3.8024330139160156,0.0,-1.0,"Node(id=28_9044_55, type=lorsa, layer=14, feature=9044, pos=55)",1
0,45,12663,transcoder,3,54,5828,lorsa,2.9929561614990234,0.0,-2.9929561614990234,0.0,-1.0,"Node(id=6_5828_54, type=lorsa, layer=3, feature=5828, pos=54)",1
0,45,12663,transcoder,8,23,3094,transcoder,1.1677106618881226,0.9781007170677185,-0.18960994482040405,0.0,-0.16237750584020139,"Node(id=17_3094_23, type=transcoder, layer=8, feature=3094, pos=23)",1
0,45,12663,transcoder,4,23,3675,transcoder,0.6166015863418579,0.5388558506965637,-0.07774573564529419,0.0,-0.1260874726361638,"Node(id=9_3675_23, type=transcoder, layer=4, feature=3675, pos=23)",1
0,45,12663,transcoder,6,23,4099,transcoder,2.014463186264038,1.7227160930633545,-0.2917470932006836,0.0,-0.14482622228592265,"Node(id=13_4099_23, type=transcoder, layer=6, feature=4099, pos=23)",1
0,45,12663,transcoder,1,5,853,transcoder,1.0840907096862793,0.8847066164016724,-0.19938409328460693,0.0,-0.1839182750143721,"Node(id=3_853_5, type=transcoder, layer=1, feature=853, pos=5)",1
0,45,12663,transcoder,3,54,14478,transcoder,1.0145859718322754,0.0,-1.0145859718322754,0.0,-1.0,"Node(id=7_14478_54, type=transcoder, layer=3, feature=14478, pos=54)",1
0,45,12663,transcoder,3,54,9407,transcoder,0.9804326891899109,0.0,-0.9804326891899109,0.0,-1.0,"Node(id=7_9407_54, type=transcoder, layer=3, feature=9407, pos=54)",1
0,45,12663,transcoder,8,23,986,transcoder,0.8977439403533936,0.5125628709793091,-0.3851810693740845,0.0,-0.4290544909971315,"Node(id=17_986_23, type=transcoder, layer=8, feature=986, pos=23)",1
0,45,12663,transcoder,2,54,3192,lorsa,4.136215686798096,0.0,-4.136215686798096,0.0,-1.0,"Node(id=4_3192_54, type=lorsa, layer=2, feature=3192, pos=54)",1
0,45,12663,transcoder,8,54,8745,transcoder,5.491499423980713,2.83569598197937,-2.6558034420013428,0.0,-0.4836208177321791,"Node(id=17_8745_54, type=transcoder, layer=8, feature=8745, pos=54)",1
0,45,12663,transcoder,14,54,7964,transcoder,1.0550146102905273,0.0,-1.0550146102905273,0.0,-1.0,"Node(id=29_7964_54, type=transcoder, layer=14, feature=7964, pos=54)",1
0,45,12663,transcoder,4,54,2320,transcoder,4.304287433624268,2.844661235809326,-1.4596261978149414,0.0,-0.3391098341650285,"Node(id=9_2320_54, type=transcoder, layer=4, feature=2320, pos=54)",1
0,45,12663,transcoder,2,54,715,transcoder,0.9930531978607178,0.3314663767814636,-0.6615868210792542,0.0,-0.6662148840610712,"Node(id=5_715_54, type=transcoder, layer=2, feature=715, pos=54)",1
0,45,12663,transcoder,10,14,14712,transcoder,0.3488500416278839,0.0,-0.3488500416278839,0.0,-1.0,"Node(id=21_14712_14, type=transcoder, layer=10, feature=14712, pos=14)",1
0,45,12663,transcoder,9,14,7241,transcoder,0.5335481762886047,0.4022451937198639,-0.13130298256874084,0.0,-0.2460939581540561,"Node(id=19_7241_14, type=transcoder, layer=9, feature=7241, pos=14)",1
0,45,12663,transcoder,3,54,2767,transcoder,0.7313656210899353,0.0,-0.7313656210899353,0.0,-1.0,"Node(id=7_2767_54, type=transcoder, layer=3, feature=2767, pos=54)",1
0,45,12663,transcoder,14,45,138,transcoder,4.708511829376221,3.064366340637207,-1.6441454887390137,0.0,-0.3491858039903934,"Node(id=29_138_45, type=transcoder, layer=14, feature=138, pos=45)",1
0,45,12663,transcoder,14,54,4515,lorsa,2.634603977203369,0.0,-2.634603977203369,0.0,-1.0,"Node(id=28_4515_54, type=lorsa, layer=14, feature=4515, pos=54)",1
0,45,12663,transcoder,9,23,2724,transcoder,0.79766446352005,0.5871523022651672,-0.2105121612548828,0.0,-0.2639106678087476,"Node(id=19_2724_23, type=transcoder, layer=9, feature=2724, pos=23)",1
0,45,12663,transcoder,6,45,4984,transcoder,0.9259824752807617,0.0,-0.9259824752807617,0.0,-1.0,"Node(id=13_4984_45, type=transcoder, layer=6, feature=4984, pos=45)",1
0,45,12663,transcoder,10,23,1958,transcoder,0.535693883895874,0.4758056104183197,-0.05988827347755432,0.0,-0.1117957013845526,"Node(id=21_1958_23, type=transcoder, layer=10, feature=1958, pos=23)",1
0,45,12663,transcoder,12,8,13896,transcoder,13.69265079498291,11.868873596191406,-1.823777198791504,0.0,-0.13319387356754542,"Node(id=25_13896_8, type=transcoder, layer=12, feature=13896, pos=8)",1
0,45,12663,transcoder,10,1,10273,transcoder,28.066740036010742,17.60358428955078,-10.463155746459961,0.0,-0.37279554850457575,"Node(id=21_10273_1, type=transcoder, layer=10, feature=10273, pos=1)",1
0,45,12663,transcoder,13,54,10153,transcoder,0.38005462288856506,0.0,-0.38005462288856506,0.0,-1.0,"Node(id=27_10153_54, type=transcoder, layer=13, feature=10153, pos=54)",1
0,45,12663,transcoder,13,37,9843,lorsa,3.7563188076019287,0.0,-3.7563188076019287,0.0,-1.0,"Node(id=26_9843_37, type=lorsa, layer=13, feature=9843, pos=37)",1
0,45,12663,transcoder,14,54,2741,transcoder,0.8528413772583008,0.0,-0.8528413772583008,0.0,-1.0,"Node(id=29_2741_54, type=transcoder, layer=14, feature=2741, pos=54)",1
0,45,12663,transcoder,4,54,15551,lorsa,4.019529342651367,0.0,-4.019529342651367,0.0,-1.0,"Node(id=8_15551_54, type=lorsa, layer=4, feature=15551, pos=54)",1
0,45,12663,transcoder,13,54,1418,lorsa,2.4402384757995605,1.2729785442352295,-1.167259931564331,0.0,-0.47833846697375365,"Node(id=26_1418_54, type=lorsa, layer=13, feature=1418, pos=54)",1
0,45,12663,transcoder,12,54,9524,transcoder,0.9488894939422607,0.0,-0.9488894939422607,0.0,-1.0,"Node(id=25_9524_54, type=transcoder, layer=12, feature=9524, pos=54)",1
0,45,12663,transcoder,2,54,6509,transcoder,0.7901896834373474,0.2934190332889557,-0.4967706501483917,0.0,-0.6286726599459327,"Node(id=5_6509_54, type=transcoder, layer=2, feature=6509, pos=54)",1
0,45,12663,transcoder,13,54,1408,lorsa,1.9592878818511963,0.0,-1.9592878818511963,0.0,-1.0,"Node(id=26_1408_54, type=lorsa, layer=13, feature=1408, pos=54)",1
0,45,12663,transcoder,3,54,5003,lorsa,1.4944757223129272,0.9347695708274841,-0.5597061514854431,0.0,-0.3745167239111875,"Node(id=6_5003_54, type=lorsa, layer=3, feature=5003, pos=54)",1
0,45,12663,transcoder,9,14,12621,transcoder,0.46782758831977844,0.0,-0.46782758831977844,0.0,-1.0,"Node(id=19_12621_14, type=transcoder, layer=9, feature=12621, pos=14)",1
0,45,12663,transcoder,6,50,1735,transcoder,1.3566333055496216,1.1148734092712402,-0.24175989627838135,0.0,-0.1782057799181302,"Node(id=13_1735_50, type=transcoder, layer=6, feature=1735, pos=50)",1
0,45,12663,transcoder,13,37,12356,transcoder,3.265740394592285,2.794968843460083,-0.47077155113220215,0.0,-0.144154615569489,"Node(id=27_12356_37, type=transcoder, layer=13, feature=12356, pos=37)",1
0,45,12663,transcoder,11,54,14428,lorsa,3.4473183155059814,1.3100111484527588,-2.1373071670532227,0.0,-0.6199912428857092,"Node(id=22_14428_54, type=lorsa, layer=11, feature=14428, pos=54)",1
0,45,12663,transcoder,6,54,15671,transcoder,5.101500511169434,3.646440029144287,-1.4550604820251465,0.0,-0.2852220594390567,"Node(id=13_15671_54, type=transcoder, layer=6, feature=15671, pos=54)",1
0,45,12663,transcoder,6,55,4801,transcoder,1.9008395671844482,0.6749513149261475,-1.2258882522583008,0.0,-0.6449193679580779,"Node(id=13_4801_55, type=transcoder, layer=6, feature=4801, pos=55)",1
0,45,12663,transcoder,10,54,9349,transcoder,0.3694993257522583,0.0,-0.3694993257522583,0.0,-1.0,"Node(id=21_9349_54, type=transcoder, layer=10, feature=9349, pos=54)",1
0,45,12663,transcoder,2,54,6885,transcoder,0.6178726553916931,0.0,-0.6178726553916931,0.0,-1.0,"Node(id=5_6885_54, type=transcoder, layer=2, feature=6885, pos=54)",1
0,45,12663,transcoder,5,23,11039,transcoder,0.8521392941474915,0.5880902409553528,-0.26404905319213867,0.0,-0.3098660688523959,"Node(id=11_11039_23, type=transcoder, layer=5, feature=11039, pos=23)",1
0,45,12663,transcoder,13,37,2468,transcoder,0.917811930179596,0.0,-0.917811930179596,0.0,-1.0,"Node(id=27_2468_37, type=transcoder, layer=13, feature=2468, pos=37)",1
0,45,12663,transcoder,3,55,10711,transcoder,0.27328234910964966,0.0,-0.27328234910964966,0.0,-1.0,"Node(id=7_10711_55, type=transcoder, layer=3, feature=10711, pos=55)",1
0,45,12663,transcoder,6,54,9512,transcoder,1.2145551443099976,0.0,-1.2145551443099976,0.0,-1.0,"Node(id=13_9512_54, type=transcoder, layer=6, feature=9512, pos=54)",1
0,45,12663,transcoder,13,54,3932,transcoder,0.4565145671367645,0.0,-0.4565145671367645,0.0,-1.0,"Node(id=27_3932_54, type=transcoder, layer=13, feature=3932, pos=54)",1
0,45,12663,transcoder,2,54,3355,transcoder,0.8198118209838867,0.5908926725387573,-0.2289191484451294,0.0,-0.27923377363648527,"Node(id=5_3355_54, type=transcoder, layer=2, feature=3355, pos=54)",1
0,45,12663,transcoder,5,37,11552,transcoder,1.0308445692062378,0.6615272164344788,-0.36931735277175903,0.0,-0.3582667686323823,"Node(id=11_11552_37, type=transcoder, layer=5, feature=11552, pos=37)",1
0,45,12663,transcoder,13,14,12341,transcoder,0.8768914937973022,0.0,-0.8768914937973022,0.0,-1.0,"Node(id=27_12341_14, type=transcoder, layer=13, feature=12341, pos=14)",1
0,45,12663,transcoder,5,23,4945,transcoder,0.720913827419281,0.6415857672691345,-0.07932806015014648,0.0,-0.11003820031323877,"Node(id=11_4945_23, type=transcoder, layer=5, feature=4945, pos=23)",1
0,45,12663,transcoder,13,55,14142,transcoder,0.6139975786209106,0.0,-0.6139975786209106,0.0,-1.0,"Node(id=27_14142_55, type=transcoder, layer=13, feature=14142, pos=55)",1
0,45,12663,transcoder,9,1,5834,transcoder,15.394159317016602,12.686569213867188,-2.707590103149414,0.0,-0.17588424592673027,"Node(id=19_5834_1, type=transcoder, layer=9, feature=5834, pos=1)",1
0,45,12663,transcoder,5,51,14178,lorsa,3.6305649280548096,3.1254310607910156,-0.505133867263794,0.0,-0.13913368229842826,"Node(id=10_14178_51, type=lorsa, layer=5, feature=14178, pos=51)",1
0,45,12663,transcoder,12,54,15847,transcoder,2.847852945327759,2.1032462120056152,-0.7446067333221436,0.0,-0.26146249389167353,"Node(id=25_15847_54, type=transcoder, layer=12, feature=15847, pos=54)",1
0,45,12663,transcoder,7,54,2518,transcoder,0.3623811900615692,0.0,-0.3623811900615692,0.0,-1.0,"Node(id=15_2518_54, type=transcoder, layer=7, feature=2518, pos=54)",1
0,45,12663,transcoder,9,14,3914,lorsa,2.4319560527801514,0.0,-2.4319560527801514,0.0,-1.0,"Node(id=18_3914_14, type=lorsa, layer=9, feature=3914, pos=14)",1
0,45,12663,transcoder,9,2,5834,transcoder,14.738499641418457,9.803305625915527,-4.93519401550293,0.0,-0.3348505028038226,"Node(id=19_5834_2, type=transcoder, layer=9, feature=5834, pos=2)",1
0,45,12663,transcoder,10,54,12026,transcoder,0.6972393989562988,0.0,-0.6972393989562988,0.0,-1.0,"Node(id=21_12026_54, type=transcoder, layer=10, feature=12026, pos=54)",1
0,45,12663,transcoder,1,54,14348,transcoder,0.7237109541893005,0.6050448417663574,-0.11866611242294312,0.0,-0.16396893225952708,"Node(id=3_14348_54, type=transcoder, layer=1, feature=14348, pos=54)",1
0,45,12663,transcoder,10,37,12941,lorsa,4.228793144226074,1.7492218017578125,-2.4795713424682617,0.0,-0.5863543705971592,"Node(id=20_12941_37, type=lorsa, layer=10, feature=12941, pos=37)",1
0,45,12663,transcoder,10,14,9278,transcoder,7.185402870178223,5.375199794769287,-1.8102030754089355,0.0,-0.2519278470692119,"Node(id=21_9278_14, type=transcoder, layer=10, feature=9278, pos=14)",1
0,45,12663,transcoder,5,54,12487,transcoder,3.436166286468506,2.894716262817383,-0.541450023651123,0.0,-0.15757387114335328,"Node(id=11_12487_54, type=transcoder, layer=5, feature=12487, pos=54)",1
0,45,12663,transcoder,7,54,13289,transcoder,0.9898383617401123,0.0,-0.9898383617401123,0.0,-1.0,"Node(id=15_13289_54, type=transcoder, layer=7, feature=13289, pos=54)",1
0,45,12663,transcoder,2,55,15040,lorsa,1.2088054418563843,0.9687315225601196,-0.24007391929626465,0.0,-0.19860426747217386,"Node(id=4_15040_55, type=lorsa, layer=2, feature=15040, pos=55)",1
0,45,12663,transcoder,1,45,3336,transcoder,0.5811527371406555,0.11825554817914963,-0.4628971889615059,0.0,-0.7965155446725042,"Node(id=3_3336_45, type=transcoder, layer=1, feature=3336, pos=45)",1
0,45,12663,transcoder,10,37,13042,lorsa,2.682366371154785,1.6221786737442017,-1.0601876974105835,0.0,-0.3952434346073919,"Node(id=20_13042_37, type=lorsa, layer=10, feature=13042, pos=37)",1
0,45,7465,lorsa,14,54,5701,transcoder,1.1805400848388672,0.0,-1.1805400848388672,0.0,-1.0,"Node(id=29_5701_54, type=transcoder, layer=14, feature=5701, pos=54)",1
0,45,7465,lorsa,14,54,138,transcoder,5.203862190246582,4.269896507263184,-0.9339656829833984,0.0,-0.17947548356178566,"Node(id=29_138_54, type=transcoder, layer=14, feature=138, pos=54)",1
0,45,7465,lorsa,1,54,9400,transcoder,0.9067674875259399,0.5003346800804138,-0.4064328074455261,0.0,-0.4482216367885591,"Node(id=3_9400_54, type=transcoder, layer=1, feature=9400, pos=54)",1
0,45,7465,lorsa,14,45,14404,transcoder,2.5108840465545654,0.0,-2.5108840465545654,0.0,-1.0,"Node(id=29_14404_45, type=transcoder, layer=14, feature=14404, pos=45)",1
0,45,7465,lorsa,1,53,12883,transcoder,0.8495920300483704,0.7615886330604553,-0.08800339698791504,0.0,-0.10358312445904734,"Node(id=3_12883_53, type=transcoder, layer=1, feature=12883, pos=53)",1
0,45,7465,lorsa,14,45,10832,lorsa,3.8204092979431152,0.0,-3.8204092979431152,0.0,-1.0,"Node(id=28_10832_45, type=lorsa, layer=14, feature=10832, pos=45)",1
0,45,7465,lorsa,13,54,12356,transcoder,3.5540847778320312,1.4445104598999023,-2.109574317932129,0.0,-0.5935633080815128,"Node(id=27_12356_54, type=transcoder, layer=13, feature=12356, pos=54)",1
0,45,7465,lorsa,13,45,4266,transcoder,1.1723153591156006,0.0,-1.1723153591156006,0.0,-1.0,"Node(id=27_4266_45, type=transcoder, layer=13, feature=4266, pos=45)",1
0,45,7465,lorsa,1,54,11614,lorsa,2.873215436935425,1.6530561447143555,-1.2201592922210693,0.0,-0.4246668302473318,"Node(id=2_11614_54, type=lorsa, layer=1, feature=11614, pos=54)",1
0,45,7465,lorsa,14,45,13630,transcoder,2.0045013427734375,0.0,-2.0045013427734375,0.0,-1.0,"Node(id=29_13630_45, type=transcoder, layer=14, feature=13630, pos=45)",1
0,45,7465,lorsa,13,54,7656,transcoder,0.6284548044204712,0.0,-0.6284548044204712,0.0,-1.0,"Node(id=27_7656_54, type=transcoder, layer=13, feature=7656, pos=54)",1
0,45,7465,lorsa,5,54,5938,transcoder,1.32710599899292,0.6196814179420471,-0.7074245810508728,0.0,-0.5330580839719699,"Node(id=11_5938_54, type=transcoder, layer=5, feature=5938, pos=54)",1
0,45,7465,lorsa,6,54,6679,transcoder,1.2186368703842163,0.1770794838666916,-1.0415573865175247,0.0,-0.854690524987266,"Node(id=13_6679_54, type=transcoder, layer=6, feature=6679, pos=54)",1
0,45,7465,lorsa,6,53,3210,transcoder,2.371243715286255,2.002340316772461,-0.36890339851379395,0.0,-0.155573801265409,"Node(id=13_3210_53, type=transcoder, layer=6, feature=3210, pos=53)",1
0,45,7465,lorsa,3,54,753,transcoder,0.8902549743652344,0.5086783766746521,-0.3815765976905823,0.0,-0.42861495715050885,"Node(id=7_753_54, type=transcoder, layer=3, feature=753, pos=54)",1
0,45,7465,lorsa,14,55,9044,lorsa,3.8024330139160156,0.0,-3.8024330139160156,0.0,-1.0,"Node(id=28_9044_55, type=lorsa, layer=14, feature=9044, pos=55)",1
0,45,7465,lorsa,3,54,5828,lorsa,2.9929561614990234,0.0,-2.9929561614990234,0.0,-1.0,"Node(id=6_5828_54, type=lorsa, layer=3, feature=5828, pos=54)",1
0,45,7465,lorsa,8,23,3094,transcoder,1.1677106618881226,1.028045415878296,-0.13966524600982666,0.0,-0.11960603818072175,"Node(id=17_3094_23, type=transcoder, layer=8, feature=3094, pos=23)",1
0,45,7465,lorsa,4,23,3675,transcoder,0.6166015863418579,0.5478280186653137,-0.06877356767654419,0.0,-0.11153647541609561,"Node(id=9_3675_23, type=transcoder, layer=4, feature=3675, pos=23)",1
0,45,7465,lorsa,6,23,4099,transcoder,2.014463186264038,1.7515153884887695,-0.26294779777526855,0.0,-0.13052995933021913,"Node(id=13_4099_23, type=transcoder, layer=6, feature=4099, pos=23)",1
0,45,7465,lorsa,1,5,853,transcoder,1.0840907096862793,0.9407628774642944,-0.14332783222198486,0.0,-0.1322101840199903,"Node(id=3_853_5, type=transcoder, layer=1, feature=853, pos=5)",1
0,45,7465,lorsa,3,54,14478,transcoder,1.0145859718322754,0.22491055727005005,-0.7896754145622253,0.0,-0.7783228198356849,"Node(id=7_14478_54, type=transcoder, layer=3, feature=14478, pos=54)",1
0,45,7465,lorsa,3,54,9407,transcoder,0.9804326891899109,0.6087274551391602,-0.37170523405075073,0.0,-0.37912366463206637,"Node(id=7_9407_54, type=transcoder, layer=3, feature=9407, pos=54)",1
0,45,7465,lorsa,8,23,986,transcoder,0.8977439403533936,0.5398463010787964,-0.35789763927459717,0.0,-0.3986633862810726,"Node(id=17_986_23, type=transcoder, layer=8, feature=986, pos=23)",1
0,45,7465,lorsa,2,54,3192,lorsa,4.136215686798096,1.0724338293075562,-3.0637818574905396,0.0,-0.7407210091266438,"Node(id=4_3192_54, type=lorsa, layer=2, feature=3192, pos=54)",1
0,45,7465,lorsa,8,54,8745,transcoder,5.491499423980713,3.2222671508789062,-2.2692322731018066,0.0,-0.4132263518397806,"Node(id=17_8745_54, type=transcoder, layer=8, feature=8745, pos=54)",1
0,45,7465,lorsa,14,54,7964,transcoder,1.0550146102905273,0.0,-1.0550146102905273,0.0,-1.0,"Node(id=29_7964_54, type=transcoder, layer=14, feature=7964, pos=54)",1
0,45,7465,lorsa,4,54,2320,transcoder,4.304287433624268,3.3709635734558105,-0.933323860168457,0.0,-0.21683585832988525,"Node(id=9_2320_54, type=transcoder, layer=4, feature=2320, pos=54)",1
0,45,7465,lorsa,2,54,715,transcoder,0.9930531978607178,0.562788188457489,-0.43026500940322876,0.0,-0.43327488429635597,"Node(id=5_715_54, type=transcoder, layer=2, feature=715, pos=54)",1
0,45,7465,lorsa,7,53,6310,transcoder,0.9675502181053162,0.8559608459472656,-0.11158937215805054,0.0,-0.11533186605711067,"Node(id=15_6310_53, type=transcoder, layer=7, feature=6310, pos=53)",1
0,45,7465,lorsa,10,14,14712,transcoder,0.3488500416278839,0.0,-0.3488500416278839,0.0,-1.0,"Node(id=21_14712_14, type=transcoder, layer=10, feature=14712, pos=14)",1
0,45,7465,lorsa,9,14,7241,transcoder,0.5335481762886047,0.42459115386009216,-0.10895702242851257,0.0,-0.20421215416089433,"Node(id=19_7241_14, type=transcoder, layer=9, feature=7241, pos=14)",1
0,45,7465,lorsa,3,54,2767,transcoder,0.7313656210899353,0.28311529755592346,-0.44825032353401184,0.0,-0.6128949879623764,"Node(id=7_2767_54, type=transcoder, layer=3, feature=2767, pos=54)",1
0,45,7465,lorsa,14,45,138,transcoder,4.708511829376221,3.041208028793335,-1.6673038005828857,0.0,-0.3541041970375104,"Node(id=29_138_45, type=transcoder, layer=14, feature=138, pos=45)",1
0,45,7465,lorsa,14,54,4515,lorsa,2.634603977203369,0.0,-2.634603977203369,0.0,-1.0,"Node(id=28_4515_54, type=lorsa, layer=14, feature=4515, pos=54)",1
0,45,7465,lorsa,9,23,2724,transcoder,0.79766446352005,0.607534646987915,-0.190129816532135,0.0,-0.23835813832435562,"Node(id=19_2724_23, type=transcoder, layer=9, feature=2724, pos=23)",1
0,45,7465,lorsa,6,45,4984,transcoder,0.9259824752807617,0.0,-0.9259824752807617,0.0,-1.0,"Node(id=13_4984_45, type=transcoder, layer=6, feature=4984, pos=45)",1
0,45,7465,lorsa,12,8,13896,transcoder,13.69265079498291,11.851583480834961,-1.8410673141479492,0.0,-0.13445660315988853,"Node(id=25_13896_8, type=transcoder, layer=12, feature=13896, pos=8)",1
0,45,7465,lorsa,10,1,10273,transcoder,28.066740036010742,18.502899169921875,-9.563840866088867,0.0,-0.3407535343904593,"Node(id=21_10273_1, type=transcoder, layer=10, feature=10273, pos=1)",1
0,45,7465,lorsa,13,54,10153,transcoder,0.38005462288856506,0.0,-0.38005462288856506,0.0,-1.0,"Node(id=27_10153_54, type=transcoder, layer=13, feature=10153, pos=54)",1
0,45,7465,lorsa,13,37,9843,lorsa,3.7563188076019287,0.0,-3.7563188076019287,0.0,-1.0,"Node(id=26_9843_37, type=lorsa, layer=13, feature=9843, pos=37)",1
0,45,7465,lorsa,14,54,2741,transcoder,0.8528413772583008,0.0,-0.8528413772583008,0.0,-1.0,"Node(id=29_2741_54, type=transcoder, layer=14, feature=2741, pos=54)",1
0,45,7465,lorsa,4,54,15551,lorsa,4.019529342651367,0.9392309188842773,-3.08029842376709,0.0,-0.7663331104669233,"Node(id=8_15551_54, type=lorsa, layer=4, feature=15551, pos=54)",1
0,45,7465,lorsa,13,54,1418,lorsa,2.4402384757995605,2.1024160385131836,-0.33782243728637695,0.0,-0.13843828815775358,"Node(id=26_1418_54, type=lorsa, layer=13, feature=1418, pos=54)",1
0,45,7465,lorsa,12,54,9524,transcoder,0.9488894939422607,0.0,-0.9488894939422607,0.0,-1.0,"Node(id=25_9524_54, type=transcoder, layer=12, feature=9524, pos=54)",1
0,45,7465,lorsa,2,54,6509,transcoder,0.7901896834373474,0.44836270809173584,-0.3418269753456116,0.0,-0.43258850692488743,"Node(id=5_6509_54, type=transcoder, layer=2, feature=6509, pos=54)",1
0,45,7465,lorsa,13,54,1408,lorsa,1.9592878818511963,0.0,-1.9592878818511963,0.0,-1.0,"Node(id=26_1408_54, type=lorsa, layer=13, feature=1408, pos=54)",1
0,45,7465,lorsa,3,54,5003,lorsa,1.4944757223129272,1.2001347541809082,-0.29434096813201904,0.0,-0.19695265954302815,"Node(id=6_5003_54, type=lorsa, layer=3, feature=5003, pos=54)",1
0,45,7465,lorsa,9,14,12621,transcoder,0.46782758831977844,0.0,-0.46782758831977844,0.0,-1.0,"Node(id=19_12621_14, type=transcoder, layer=9, feature=12621, pos=14)",1
0,45,7465,lorsa,6,50,1735,transcoder,1.3566333055496216,1.175396203994751,-0.1812371015548706,0.0,-0.13359328627233197,"Node(id=13_1735_50, type=transcoder, layer=6, feature=1735, pos=50)",1
0,45,7465,lorsa,13,37,12356,transcoder,3.265740394592285,2.7570748329162598,-0.5086655616760254,0.0,-0.15575811308159118,"Node(id=27_12356_37, type=transcoder, layer=13, feature=12356, pos=37)",1
0,45,7465,lorsa,11,54,14428,lorsa,3.4473183155059814,1.7921267747879028,-1.6551915407180786,0.0,-0.48013887585403825,"Node(id=22_14428_54, type=lorsa, layer=11, feature=14428, pos=54)",1
0,45,7465,lorsa,6,54,15671,transcoder,5.101500511169434,4.199370861053467,-0.9021296501159668,0.0,-0.1768361383363203,"Node(id=13_15671_54, type=transcoder, layer=6, feature=15671, pos=54)",1
0,45,7465,lorsa,6,55,4801,transcoder,1.9008395671844482,0.8094483017921448,-1.0913912653923035,0.0,-0.5741627458906953,"Node(id=13_4801_55, type=transcoder, layer=6, feature=4801, pos=55)",1
0,45,7465,lorsa,10,54,9349,transcoder,0.3694993257522583,0.0,-0.3694993257522583,0.0,-1.0,"Node(id=21_9349_54, type=transcoder, layer=10, feature=9349, pos=54)",1
0,45,7465,lorsa,2,54,6885,transcoder,0.6178726553916931,0.3389773368835449,-0.2788953185081482,0.0,-0.45137993415705663,"Node(id=5_6885_54, type=transcoder, layer=2, feature=6885, pos=54)",1
0,45,7465,lorsa,5,23,11039,transcoder,0.8521392941474915,0.6424197554588318,-0.20971953868865967,0.0,-0.246109456668666,"Node(id=11_11039_23, type=transcoder, layer=5, feature=11039, pos=23)",1
0,45,7465,lorsa,13,37,2468,transcoder,0.917811930179596,0.0,-0.917811930179596,0.0,-1.0,"Node(id=27_2468_37, type=transcoder, layer=13, feature=2468, pos=37)",1
0,45,7465,lorsa,3,55,10711,transcoder,0.27328234910964966,0.19399568438529968,-0.07928666472434998,0.0,-0.29012728038479213,"Node(id=7_10711_55, type=transcoder, layer=3, feature=10711, pos=55)",1
0,45,7465,lorsa,6,54,9512,transcoder,1.2145551443099976,0.0,-1.2145551443099976,0.0,-1.0,"Node(id=13_9512_54, type=transcoder, layer=6, feature=9512, pos=54)",1
0,45,7465,lorsa,13,54,3932,transcoder,0.4565145671367645,0.0,-0.4565145671367645,0.0,-1.0,"Node(id=27_3932_54, type=transcoder, layer=13, feature=3932, pos=54)",1
0,45,7465,lorsa,5,37,11552,transcoder,1.0308445692062378,0.7376774549484253,-0.2931671142578125,0.0,-0.28439507081417187,"Node(id=11_11552_37, type=transcoder, layer=5, feature=11552, pos=37)",1
0,45,7465,lorsa,13,14,12341,transcoder,0.8768914937973022,0.0,-0.8768914937973022,0.0,-1.0,"Node(id=27_12341_14, type=transcoder, layer=13, feature=12341, pos=14)",1
0,45,7465,lorsa,13,55,14142,transcoder,0.6139975786209106,0.0,-0.6139975786209106,0.0,-1.0,"Node(id=27_14142_55, type=transcoder, layer=13, feature=14142, pos=55)",1
0,45,7465,lorsa,9,1,5834,transcoder,15.394159317016602,13.17910099029541,-2.2150583267211914,0.0,-0.14388952856117843,"Node(id=19_5834_1, type=transcoder, layer=9, feature=5834, pos=1)",1
0,45,7465,lorsa,12,54,15847,transcoder,2.847852945327759,2.2686893939971924,-0.5791635513305664,0.0,-0.20336848933185017,"Node(id=25_15847_54, type=transcoder, layer=12, feature=15847, pos=54)",1
0,45,7465,lorsa,7,54,2518,transcoder,0.3623811900615692,0.0,-0.3623811900615692,0.0,-1.0,"Node(id=15_2518_54, type=transcoder, layer=7, feature=2518, pos=54)",1
0,45,7465,lorsa,9,14,3914,lorsa,2.4319560527801514,0.0,-2.4319560527801514,0.0,-1.0,"Node(id=18_3914_14, type=lorsa, layer=9, feature=3914, pos=14)",1
0,45,7465,lorsa,9,2,5834,transcoder,14.738499641418457,10.40040397644043,-4.338095664978027,0.0,-0.29433767144024725,"Node(id=19_5834_2, type=transcoder, layer=9, feature=5834, pos=2)",1
0,45,7465,lorsa,10,54,12026,transcoder,0.6972393989562988,0.0,-0.6972393989562988,0.0,-1.0,"Node(id=21_12026_54, type=transcoder, layer=10, feature=12026, pos=54)",1
0,45,7465,lorsa,1,54,14348,transcoder,0.7237109541893005,0.5007831454277039,-0.22292780876159668,0.0,-0.3080343160085506,"Node(id=3_14348_54, type=transcoder, layer=1, feature=14348, pos=54)",1
0,45,7465,lorsa,10,37,12941,lorsa,4.228793144226074,2.383239269256592,-1.8455538749694824,0.0,-0.4364256685123915,"Node(id=20_12941_37, type=lorsa, layer=10, feature=12941, pos=37)",1
0,45,7465,lorsa,10,14,9278,transcoder,7.185402870178223,5.381661891937256,-1.8037409782409668,0.0,-0.2510285102770066,"Node(id=21_9278_14, type=transcoder, layer=10, feature=9278, pos=14)",1
0,45,7465,lorsa,5,54,12487,transcoder,3.436166286468506,3.045491933822632,-0.390674352645874,0.0,-0.11369483315878368,"Node(id=11_12487_54, type=transcoder, layer=5, feature=12487, pos=54)",1
0,45,7465,lorsa,7,54,13289,transcoder,0.9898383617401123,0.0,-0.9898383617401123,0.0,-1.0,"Node(id=15_13289_54, type=transcoder, layer=7, feature=13289, pos=54)",1
0,45,7465,lorsa,2,55,15040,lorsa,1.2088054418563843,0.989077627658844,-0.21972781419754028,0.0,-0.18177268780334105,"Node(id=4_15040_55, type=lorsa, layer=2, feature=15040, pos=55)",1
0,45,7465,lorsa,1,45,3336,transcoder,0.5811527371406555,0.24405024945735931,-0.3371024876832962,0.0,-0.5800583325854797,"Node(id=3_3336_45, type=transcoder, layer=1, feature=3336, pos=45)",1
0,45,7465,lorsa,10,37,13042,lorsa,2.682366371154785,1.8928090333938599,-0.7895573377609253,0.0,-0.2943510425166168,"Node(id=20_13042_37, type=lorsa, layer=10, feature=13042, pos=37)",1
0,63,7285,lorsa,1,63,15260,transcoder,1.2971651554107666,0.65555340051651,-0.6416117548942566,0.0,-0.49462611003537227,"Node(id=3_15260_63, type=transcoder, layer=1, feature=15260, pos=63)",1
1,63,15260,transcoder,2,63,14106,transcoder,1.4190014600753784,0.37624549865722656,-1.0427559614181519,0.0,-0.7348519298653575,"Node(id=5_14106_63, type=transcoder, layer=2, feature=14106, pos=63)",1
0,63,4905,transcoder,1,63,15260,transcoder,1.2971651554107666,0.0,-1.2971651554107666,0.0,-1.0,"Node(id=3_15260_63, type=transcoder, layer=1, feature=15260, pos=63)",1
1,63,15260,transcoder,3,63,10866,transcoder,1.8151174783706665,0.7206053137779236,-1.094512164592743,0.0,-0.6029979754121633,"Node(id=7_10866_63, type=transcoder, layer=3, feature=10866, pos=63)",1
0,55,11076,transcoder,1,63,15260,transcoder,1.2971651554107666,1.00478994846344,-0.29237520694732666,0.0,-0.22539551400048338,"Node(id=3_15260_63, type=transcoder, layer=1, feature=15260, pos=63)",1
1,63,15260,transcoder,3,54,753,transcoder,0.8902549743652344,0.6003770232200623,-0.2898779511451721,0.0,-0.3256122790573112,"Node(id=7_753_54, type=transcoder, layer=3, feature=753, pos=54)",1
1,63,15260,transcoder,14,55,9044,lorsa,3.8024330139160156,3.236750602722168,-0.5656824111938477,0.0,-0.14876854085886124,"Node(id=28_9044_55, type=lorsa, layer=14, feature=9044, pos=55)",1
1,63,15260,transcoder,3,54,12569,lorsa,1.9396735429763794,1.5069204568862915,-0.4327530860900879,0.0,-0.22310614466908663,"Node(id=6_12569_54, type=lorsa, layer=3, feature=12569, pos=54)",1
1,63,15260,transcoder,3,54,2767,transcoder,0.7313656210899353,0.5822795629501343,-0.14908605813980103,0.0,-0.2038461391138702,"Node(id=7_2767_54, type=transcoder, layer=3, feature=2767, pos=54)",1
1,63,15260,transcoder,3,54,5003,lorsa,1.4944757223129272,0.6883835196495056,-0.8060922026634216,0.0,-0.539381263026389,"Node(id=6_5003_54, type=lorsa, layer=3, feature=5003, pos=54)",1
1,63,15260,transcoder,10,54,9349,transcoder,0.3694993257522583,0.3253427743911743,-0.044156551361083984,0.0,-0.1195037400168087,"Node(id=21_9349_54, type=transcoder, layer=10, feature=9349, pos=54)",1
1,63,15260,transcoder,14,54,15619,transcoder,0.5415058135986328,0.48656076192855835,-0.05494505167007446,0.0,-0.10146715010302743,"Node(id=29_15619_54, type=transcoder, layer=14, feature=15619, pos=54)",1
1,63,15260,transcoder,2,55,4532,transcoder,0.5893785953521729,0.47812628746032715,-0.1112523078918457,0.0,-0.1887620432251511,"Node(id=5_4532_55, type=transcoder, layer=2, feature=4532, pos=55)",1
1,63,15260,transcoder,11,37,2664,lorsa,2.993786096572876,2.623314380645752,-0.370471715927124,0.0,-0.12374688904835919,"Node(id=22_2664_37, type=lorsa, layer=11, feature=2664, pos=37)",1
0,63,7285,lorsa,2,63,14106,transcoder,1.4190014600753784,1.2181313037872314,-0.20087015628814697,0.0,-0.14155739929786726,"Node(id=5_14106_63, type=transcoder, layer=2, feature=14106, pos=63)",1
0,63,7285,lorsa,0,63,4905,transcoder,1.5124495029449463,0.8176624178886414,-0.6947870850563049,0.0,-0.45937869905967726,"Node(id=1_4905_63, type=transcoder, layer=0, feature=4905, pos=63)",1
0,63,7285,lorsa,3,63,10866,transcoder,1.8151174783706665,1.5672870874404907,-0.24783039093017578,0.0,-0.1365368323997628,"Node(id=7_10866_63, type=transcoder, layer=3, feature=10866, pos=63)",1
0,63,7285,lorsa,1,51,11331,transcoder,0.7390512824058533,0.5837509036064148,-0.15530037879943848,0.0,-0.21013478021969603,"Node(id=3_11331_51, type=transcoder, layer=1, feature=11331, pos=51)",1
0,63,7285,lorsa,3,54,753,transcoder,0.8902549743652344,0.7568081021308899,-0.13344687223434448,0.0,-0.1498973620782003,"Node(id=7_753_54, type=transcoder, layer=3, feature=753, pos=54)",1
0,63,7285,lorsa,1,51,11215,lorsa,6.104880332946777,4.000380992889404,-2.104499340057373,0.0,-0.34472409372216933,"Node(id=2_11215_51, type=lorsa, layer=1, feature=11215, pos=51)",1
0,63,7285,lorsa,1,55,16329,lorsa,1.2881624698638916,1.139609456062317,-0.1485530138015747,0.0,-0.11532164402932105,"Node(id=2_16329_55, type=lorsa, layer=1, feature=16329, pos=55)",1
0,63,7285,lorsa,1,55,11995,lorsa,0.9528807401657104,0.4738399386405945,-0.47904080152511597,0.0,-0.5027290208865052,"Node(id=2_11995_55, type=lorsa, layer=1, feature=11995, pos=55)",1
0,63,7285,lorsa,10,54,9349,transcoder,0.3694993257522583,0.28354841470718384,-0.08595091104507446,0.0,-0.2326145274286719,"Node(id=21_9349_54, type=transcoder, layer=10, feature=9349, pos=54)",1
0,63,7285,lorsa,1,54,26,lorsa,2.1685426235198975,0.904626727104187,-1.2639158964157104,0.0,-0.5828411591763731,"Node(id=2_26_54, type=lorsa, layer=1, feature=26, pos=54)",1
0,63,7285,lorsa,2,55,4532,transcoder,0.5893785953521729,0.4884098470211029,-0.10096874833106995,0.0,-0.1713139043855806,"Node(id=5_4532_55, type=transcoder, layer=2, feature=4532, pos=55)",1
0,63,7285,lorsa,7,54,2518,transcoder,0.3623811900615692,0.29994821548461914,-0.06243297457695007,0.0,-0.17228536217992607,"Node(id=15_2518_54, type=transcoder, layer=7, feature=2518, pos=54)",1
0,63,7285,lorsa,1,54,14348,transcoder,0.7237109541893005,0.4903433918952942,-0.23336756229400635,0.0,-0.3224596241678063,"Node(id=3_14348_54, type=transcoder, layer=1, feature=14348, pos=54)",1
0,63,4905,transcoder,2,63,14106,transcoder,1.4190014600753784,0.0,-1.4190014600753784,0.0,-1.0,"Node(id=5_14106_63, type=transcoder, layer=2, feature=14106, pos=63)",1
2,63,14106,transcoder,3,63,10866,transcoder,1.8151174783706665,0.06277555227279663,-1.7523419260978699,0.0,-0.9654151574094549,"Node(id=7_10866_63, type=transcoder, layer=3, feature=10866, pos=63)",1
2,63,14106,transcoder,5,63,12930,transcoder,2.3792543411254883,2.0952723026275635,-0.2839820384979248,0.0,-0.11935757921685214,"Node(id=11_12930_63, type=transcoder, layer=5, feature=12930, pos=63)",1
0,51,2952,transcoder,2,63,14106,transcoder,1.4190014600753784,1.2646446228027344,-0.15435683727264404,0.0,-0.10877849080186605,"Node(id=5_14106_63, type=transcoder, layer=2, feature=14106, pos=63)",1
2,63,14106,transcoder,3,54,753,transcoder,0.8902549743652344,0.6058865785598755,-0.2843683958053589,0.0,-0.3194235404392073,"Node(id=7_753_54, type=transcoder, layer=3, feature=753, pos=54)",1
2,63,14106,transcoder,3,55,15371,transcoder,0.6983613967895508,0.6145375370979309,-0.08382385969161987,0.0,-0.12002934308363547,"Node(id=7_15371_55, type=transcoder, layer=3, feature=15371, pos=55)",1
2,63,14106,transcoder,3,54,12569,lorsa,1.9396735429763794,1.4312702417373657,-0.5084033012390137,0.0,-0.26210766398292046,"Node(id=6_12569_54, type=lorsa, layer=3, feature=12569, pos=54)",1
2,63,14106,transcoder,3,54,2767,transcoder,0.7313656210899353,0.4592270851135254,-0.2721385359764099,0.0,-0.37209642910320134,"Node(id=7_2767_54, type=transcoder, layer=3, feature=2767, pos=54)",1
2,63,14106,transcoder,3,54,5003,lorsa,1.4944757223129272,0.0,-1.4944757223129272,0.0,-1.0,"Node(id=6_5003_54, type=lorsa, layer=3, feature=5003, pos=54)",1
2,63,14106,transcoder,10,54,9349,transcoder,0.3694993257522583,0.31465664505958557,-0.05484268069267273,0.0,-0.14842430518924307,"Node(id=21_9349_54, type=transcoder, layer=10, feature=9349, pos=54)",1
2,63,14106,transcoder,6,54,9512,transcoder,1.2145551443099976,1.0922874212265015,-0.1222677230834961,0.0,-0.10066872933378233,"Node(id=13_9512_54, type=transcoder, layer=6, feature=9512, pos=54)",1
0,63,4905,transcoder,14,54,5701,transcoder,1.1805400848388672,0.2828289270401001,-0.8977111577987671,0.0,-0.7604241222535839,"Node(id=29_5701_54, type=transcoder, layer=14, feature=5701, pos=54)",1
0,63,4905,transcoder,14,54,138,transcoder,5.203862190246582,3.5625557899475098,-1.6413064002990723,0.0,-0.315401588338622,"Node(id=29_138_54, type=transcoder, layer=14, feature=138, pos=54)",1
0,63,4905,transcoder,3,63,10866,transcoder,1.8151174783706665,0.0,-1.8151174783706665,0.0,-1.0,"Node(id=7_10866_63, type=transcoder, layer=3, feature=10866, pos=63)",1
0,63,4905,transcoder,5,63,12930,transcoder,2.3792543411254883,0.0,-2.3792543411254883,0.0,-1.0,"Node(id=11_12930_63, type=transcoder, layer=5, feature=12930, pos=63)",1
0,63,4905,transcoder,7,63,3804,transcoder,1.3894561529159546,0.0,-1.3894561529159546,0.0,-1.0,"Node(id=15_3804_63, type=transcoder, layer=7, feature=3804, pos=63)",1
0,63,4905,transcoder,6,63,3789,transcoder,2.006242275238037,0.0,-2.006242275238037,0.0,-1.0,"Node(id=13_3789_63, type=transcoder, layer=6, feature=3789, pos=63)",1
0,63,4905,transcoder,10,63,3332,transcoder,2.5075552463531494,0.0,-2.5075552463531494,0.0,-1.0,"Node(id=21_3332_63, type=transcoder, layer=10, feature=3332, pos=63)",1
0,63,4905,transcoder,14,45,10832,lorsa,3.8204092979431152,0.0,-3.8204092979431152,0.0,-1.0,"Node(id=28_10832_45, type=lorsa, layer=14, feature=10832, pos=45)",1
0,63,4905,transcoder,13,54,12356,transcoder,3.5540847778320312,2.8141098022460938,-0.7399749755859375,0.0,-0.20820408680214922,"Node(id=27_12356_54, type=transcoder, layer=13, feature=12356, pos=54)",1
0,63,4905,transcoder,1,51,11331,transcoder,0.7390512824058533,0.11190459132194519,-0.6271466910839081,0.0,-0.8485834555923383,"Node(id=3_11331_51, type=transcoder, layer=1, feature=11331, pos=51)",1
0,63,4905,transcoder,9,63,13165,transcoder,2.440319061279297,0.0,-2.440319061279297,0.0,-1.0,"Node(id=19_13165_63, type=transcoder, layer=9, feature=13165, pos=63)",1
0,63,4905,transcoder,1,51,11218,transcoder,0.6390401721000671,0.37057656049728394,-0.2684636116027832,0.0,-0.4201044368158197,"Node(id=3_11218_51, type=transcoder, layer=1, feature=11218, pos=51)",1
0,63,4905,transcoder,14,45,13630,transcoder,2.0045013427734375,1.266697645187378,-0.7378036975860596,0.0,-0.3680734364414198,"Node(id=29_13630_45, type=transcoder, layer=14, feature=13630, pos=45)",1
0,63,4905,transcoder,13,54,7656,transcoder,0.6284548044204712,0.0,-0.6284548044204712,0.0,-1.0,"Node(id=27_7656_54, type=transcoder, layer=13, feature=7656, pos=54)",1
0,63,4905,transcoder,8,63,2167,transcoder,2.175069808959961,0.0,-2.175069808959961,0.0,-1.0,"Node(id=17_2167_63, type=transcoder, layer=8, feature=2167, pos=63)",1
0,63,4905,transcoder,5,54,5938,transcoder,1.32710599899292,1.0252355337142944,-0.3018704652786255,0.0,-0.2274652254663163,"Node(id=11_5938_54, type=transcoder, layer=5, feature=5938, pos=54)",1
0,63,4905,transcoder,6,54,6679,transcoder,1.2186368703842163,0.7879095077514648,-0.43072736263275146,0.0,-0.3534501319469763,"Node(id=13_6679_54, type=transcoder, layer=6, feature=6679, pos=54)",1
0,63,4905,transcoder,6,53,3210,transcoder,2.371243715286255,2.097212553024292,-0.2740311622619629,0.0,-0.11556431778623905,"Node(id=13_3210_53, type=transcoder, layer=6, feature=3210, pos=53)",1
0,63,4905,transcoder,3,54,753,transcoder,0.8902549743652344,0.0,-0.8902549743652344,0.0,-1.0,"Node(id=7_753_54, type=transcoder, layer=3, feature=753, pos=54)",1
0,63,4905,transcoder,14,55,9044,lorsa,3.8024330139160156,0.6029767394065857,-3.19945627450943,0.0,-0.841423441991001,"Node(id=28_9044_55, type=lorsa, layer=14, feature=9044, pos=55)",1
0,63,4905,transcoder,4,23,3675,transcoder,0.6166015863418579,0.4356602430343628,-0.18094134330749512,0.0,-0.2934493639255367,"Node(id=9_3675_23, type=transcoder, layer=4, feature=3675, pos=23)",1
0,63,4905,transcoder,3,55,15371,transcoder,0.6983613967895508,0.2937852740287781,-0.4045761227607727,0.0,-0.5793220023624681,"Node(id=7_15371_55, type=transcoder, layer=3, feature=15371, pos=55)",1
0,63,4905,transcoder,6,23,4099,transcoder,2.014463186264038,1.7144408226013184,-0.3000223636627197,0.0,-0.1489341506503934,"Node(id=13_4099_23, type=transcoder, layer=6, feature=4099, pos=23)",1
0,63,4905,transcoder,2,51,5718,transcoder,0.8235379457473755,0.6346863508224487,-0.18885159492492676,0.0,-0.22931741749135862,"Node(id=5_5718_51, type=transcoder, layer=2, feature=5718, pos=51)",1
0,63,4905,transcoder,3,54,14478,transcoder,1.0145859718322754,0.7345182299613953,-0.2800677418708801,0.0,-0.27604140964525287,"Node(id=7_14478_54, type=transcoder, layer=3, feature=14478, pos=54)",1
0,63,4905,transcoder,3,55,8792,lorsa,2.6274337768554688,2.1199746131896973,-0.5074591636657715,0.0,-0.19313870748556114,"Node(id=6_8792_55, type=lorsa, layer=3, feature=8792, pos=55)",1
0,63,4905,transcoder,1,55,10736,transcoder,0.5947915315628052,0.4872426986694336,-0.10754883289337158,0.0,-0.18081769357204658,"Node(id=3_10736_55, type=transcoder, layer=1, feature=10736, pos=55)",1
0,63,4905,transcoder,8,23,986,transcoder,0.8977439403533936,0.6246368288993835,-0.27310711145401,0.0,-0.30421493165022356,"Node(id=17_986_23, type=transcoder, layer=8, feature=986, pos=23)",1
0,63,4905,transcoder,8,54,8745,transcoder,5.491499423980713,4.736154079437256,-0.755345344543457,0.0,-0.13754810594078465,"Node(id=17_8745_54, type=transcoder, layer=8, feature=8745, pos=54)",1
0,63,4905,transcoder,14,54,7964,transcoder,1.0550146102905273,0.0,-1.0550146102905273,0.0,-1.0,"Node(id=29_7964_54, type=transcoder, layer=14, feature=7964, pos=54)",1
0,63,4905,transcoder,2,54,715,transcoder,0.9930531978607178,0.8247367739677429,-0.16831642389297485,0.0,-0.16949386423161425,"Node(id=5_715_54, type=transcoder, layer=2, feature=715, pos=54)",1
0,63,4905,transcoder,1,51,11215,lorsa,6.104880332946777,1.0704885721206665,-5.034391760826111,0.0,-0.8246503594274468,"Node(id=2_11215_51, type=lorsa, layer=1, feature=11215, pos=51)",1
0,63,4905,transcoder,3,54,12569,lorsa,1.9396735429763794,0.0,-1.9396735429763794,0.0,-1.0,"Node(id=6_12569_54, type=lorsa, layer=3, feature=12569, pos=54)",1
0,63,4905,transcoder,10,14,14712,transcoder,0.3488500416278839,0.0,-0.3488500416278839,0.0,-1.0,"Node(id=21_14712_14, type=transcoder, layer=10, feature=14712, pos=14)",1
0,63,4905,transcoder,9,14,7241,transcoder,0.5335481762886047,0.41046932339668274,-0.123078852891922,0.0,-0.23067992425363792,"Node(id=19_7241_14, type=transcoder, layer=9, feature=7241, pos=14)",1
0,63,4905,transcoder,3,54,2767,transcoder,0.7313656210899353,0.0,-0.7313656210899353,0.0,-1.0,"Node(id=7_2767_54, type=transcoder, layer=3, feature=2767, pos=54)",1
0,63,4905,transcoder,1,55,16329,lorsa,1.2881624698638916,0.9231693744659424,-0.3649930953979492,0.0,-0.28334399110114944,"Node(id=2_16329_55, type=lorsa, layer=1, feature=16329, pos=55)",1
0,63,4905,transcoder,14,54,4515,lorsa,2.634603977203369,0.0,-2.634603977203369,0.0,-1.0,"Node(id=28_4515_54, type=lorsa, layer=14, feature=4515, pos=54)",1
0,63,4905,transcoder,6,45,4984,transcoder,0.9259824752807617,0.6308295130729675,-0.2951529622077942,0.0,-0.31874573232965625,"Node(id=13_4984_45, type=transcoder, layer=6, feature=4984, pos=45)",1
0,63,4905,transcoder,12,8,13896,transcoder,13.69265079498291,11.710345268249512,-1.9823055267333984,0.0,-0.14477149504606734,"Node(id=25_13896_8, type=transcoder, layer=12, feature=13896, pos=8)",1
0,63,4905,transcoder,10,1,10273,transcoder,28.066740036010742,24.507247924804688,-3.5594921112060547,0.0,-0.12682242777889718,"Node(id=21_10273_1, type=transcoder, layer=10, feature=10273, pos=1)",1
0,63,4905,transcoder,13,54,10153,transcoder,0.38005462288856506,0.0,-0.38005462288856506,0.0,-1.0,"Node(id=27_10153_54, type=transcoder, layer=13, feature=10153, pos=54)",1
0,63,4905,transcoder,13,37,9843,lorsa,3.7563188076019287,0.0,-3.7563188076019287,0.0,-1.0,"Node(id=26_9843_37, type=lorsa, layer=13, feature=9843, pos=37)",1
0,63,4905,transcoder,1,55,4857,transcoder,0.4845144748687744,0.35727620124816895,-0.12723827362060547,0.0,-0.2626098501083308,"Node(id=3_4857_55, type=transcoder, layer=1, feature=4857, pos=55)",1
0,63,4905,transcoder,14,54,2741,transcoder,0.8528413772583008,0.0,-0.8528413772583008,0.0,-1.0,"Node(id=29_2741_54, type=transcoder, layer=14, feature=2741, pos=54)",1
0,63,4905,transcoder,4,54,15551,lorsa,4.019529342651367,2.944862127304077,-1.07466721534729,0.0,-0.26736145546792217,"Node(id=8_15551_54, type=lorsa, layer=4, feature=15551, pos=54)",1
0,63,4905,transcoder,13,54,1418,lorsa,2.4402384757995605,0.0,-2.4402384757995605,0.0,-1.0,"Node(id=26_1418_54, type=lorsa, layer=13, feature=1418, pos=54)",1
0,63,4905,transcoder,12,54,9524,transcoder,0.9488894939422607,0.0,-0.9488894939422607,0.0,-1.0,"Node(id=25_9524_54, type=transcoder, layer=12, feature=9524, pos=54)",1
0,63,4905,transcoder,2,54,6509,transcoder,0.7901896834373474,0.6596248149871826,-0.1305648684501648,0.0,-0.1652323121737099,"Node(id=5_6509_54, type=transcoder, layer=2, feature=6509, pos=54)",1
0,63,4905,transcoder,13,54,1408,lorsa,1.9592878818511963,0.0,-1.9592878818511963,0.0,-1.0,"Node(id=26_1408_54, type=lorsa, layer=13, feature=1408, pos=54)",1
0,63,4905,transcoder,1,55,11995,lorsa,0.9528807401657104,0.0,-0.9528807401657104,0.0,-1.0,"Node(id=2_11995_55, type=lorsa, layer=1, feature=11995, pos=55)",1
0,63,4905,transcoder,3,54,5003,lorsa,1.4944757223129272,0.0,-1.4944757223129272,0.0,-1.0,"Node(id=6_5003_54, type=lorsa, layer=3, feature=5003, pos=54)",1
0,63,4905,transcoder,9,14,12621,transcoder,0.46782758831977844,0.16894002258777618,-0.29888756573200226,0.0,-0.6388840102514453,"Node(id=19_12621_14, type=transcoder, layer=9, feature=12621, pos=14)",1
0,63,4905,transcoder,14,51,6541,lorsa,2.6790273189544678,0.8079439997673035,-1.8710833191871643,0.0,-0.6984189022444847,"Node(id=28_6541_51, type=lorsa, layer=14, feature=6541, pos=51)",1
0,63,4905,transcoder,13,37,12356,transcoder,3.265740394592285,2.4665136337280273,-0.7992267608642578,0.0,-0.2447306473557088,"Node(id=27_12356_37, type=transcoder, layer=13, feature=12356, pos=37)",1
0,63,4905,transcoder,11,54,14428,lorsa,3.4473183155059814,0.0,-3.4473183155059814,0.0,-1.0,"Node(id=22_14428_54, type=lorsa, layer=11, feature=14428, pos=54)",1
0,63,4905,transcoder,6,55,4801,transcoder,1.9008395671844482,1.0116006135940552,-0.8892389535903931,0.0,-0.46781378551980957,"Node(id=13_4801_55, type=transcoder, layer=6, feature=4801, pos=55)",1
0,63,4905,transcoder,10,54,9349,transcoder,0.3694993257522583,0.0,-0.3694993257522583,0.0,-1.0,"Node(id=21_9349_54, type=transcoder, layer=10, feature=9349, pos=54)",1
0,63,4905,transcoder,2,54,6885,transcoder,0.6178726553916931,0.51593017578125,-0.10194247961044312,0.0,-0.16498946622879415,"Node(id=5_6885_54, type=transcoder, layer=2, feature=6885, pos=54)",1
0,63,4905,transcoder,5,23,11039,transcoder,0.8521392941474915,0.7590610384941101,-0.09307825565338135,0.0,-0.10922892101402264,"Node(id=11_11039_23, type=transcoder, layer=5, feature=11039, pos=23)",1
0,63,4905,transcoder,13,37,2468,transcoder,0.917811930179596,0.0,-0.917811930179596,0.0,-1.0,"Node(id=27_2468_37, type=transcoder, layer=13, feature=2468, pos=37)",1
0,63,4905,transcoder,6,54,9512,transcoder,1.2145551443099976,0.0,-1.2145551443099976,0.0,-1.0,"Node(id=13_9512_54, type=transcoder, layer=6, feature=9512, pos=54)",1
0,63,4905,transcoder,13,54,3932,transcoder,0.4565145671367645,0.0,-0.4565145671367645,0.0,-1.0,"Node(id=27_3932_54, type=transcoder, layer=13, feature=3932, pos=54)",1
0,63,4905,transcoder,1,54,26,lorsa,2.1685426235198975,0.0,-2.1685426235198975,0.0,-1.0,"Node(id=2_26_54, type=lorsa, layer=1, feature=26, pos=54)",1
0,63,4905,transcoder,2,54,3355,transcoder,0.8198118209838867,0.7200546860694885,-0.0997571349143982,0.0,-0.12168296718956301,"Node(id=5_3355_54, type=transcoder, layer=2, feature=3355, pos=54)",1
0,63,4905,transcoder,5,37,11552,transcoder,1.0308445692062378,0.7502625584602356,-0.2805820107460022,0.0,-0.2721865343502305,"Node(id=11_11552_37, type=transcoder, layer=5, feature=11552, pos=37)",1
0,63,4905,transcoder,13,14,12341,transcoder,0.8768914937973022,0.0,-0.8768914937973022,0.0,-1.0,"Node(id=27_12341_14, type=transcoder, layer=13, feature=12341, pos=14)",1
0,63,4905,transcoder,14,54,15619,transcoder,0.5415058135986328,0.0,-0.5415058135986328,0.0,-1.0,"Node(id=29_15619_54, type=transcoder, layer=14, feature=15619, pos=54)",1
0,63,4905,transcoder,5,23,4945,transcoder,0.720913827419281,0.4468343257904053,-0.27407950162887573,0.0,-0.38018344385212083,"Node(id=11_4945_23, type=transcoder, layer=5, feature=4945, pos=23)",1
0,63,4905,transcoder,2,55,14270,transcoder,0.3816030025482178,0.2872821092605591,-0.09432089328765869,0.0,-0.24717020740878656,"Node(id=5_14270_55, type=transcoder, layer=2, feature=14270, pos=55)",1
0,63,4905,transcoder,8,2,11854,transcoder,15.785051345825195,13.526457786560059,-2.2585935592651367,0.0,-0.1430843340184944,"Node(id=17_11854_2, type=transcoder, layer=8, feature=11854, pos=2)",1
0,63,4905,transcoder,2,55,4532,transcoder,0.5893785953521729,0.0,-0.5893785953521729,0.0,-1.0,"Node(id=5_4532_55, type=transcoder, layer=2, feature=4532, pos=55)",1
0,63,4905,transcoder,13,55,14142,transcoder,0.6139975786209106,0.0,-0.6139975786209106,0.0,-1.0,"Node(id=27_14142_55, type=transcoder, layer=13, feature=14142, pos=55)",1
0,63,4905,transcoder,7,54,2518,transcoder,0.3623811900615692,0.0,-0.3623811900615692,0.0,-1.0,"Node(id=15_2518_54, type=transcoder, layer=7, feature=2518, pos=54)",1
0,63,4905,transcoder,9,14,3914,lorsa,2.4319560527801514,0.0,-2.4319560527801514,0.0,-1.0,"Node(id=18_3914_14, type=lorsa, layer=9, feature=3914, pos=14)",1
0,63,4905,transcoder,9,2,5834,transcoder,14.738499641418457,9.72260570526123,-5.015893936157227,0.0,-0.3403259529933054,"Node(id=19_5834_2, type=transcoder, layer=9, feature=5834, pos=2)",1
0,63,4905,transcoder,11,37,2664,lorsa,2.993786096572876,1.8234230279922485,-1.1703630685806274,0.0,-0.3909307581862297,"Node(id=22_2664_37, type=lorsa, layer=11, feature=2664, pos=37)",1
0,63,4905,transcoder,10,54,12026,transcoder,0.6972393989562988,0.0,-0.6972393989562988,0.0,-1.0,"Node(id=21_12026_54, type=transcoder, layer=10, feature=12026, pos=54)",1
0,63,4905,transcoder,1,54,14348,transcoder,0.7237109541893005,0.20375457406044006,-0.5199563801288605,0.0,-0.718458629262168,"Node(id=3_14348_54, type=transcoder, layer=1, feature=14348, pos=54)",1
0,63,4905,transcoder,10,14,9278,transcoder,7.185402870178223,5.61549711227417,-1.5699057579040527,0.0,-0.21848541915717437,"Node(id=21_9278_14, type=transcoder, layer=10, feature=9278, pos=14)",1
0,63,4905,transcoder,7,54,13289,transcoder,0.9898383617401123,0.2861398458480835,-0.7036985158920288,0.0,-0.7109226547402584,"Node(id=15_13289_54, type=transcoder, layer=7, feature=13289, pos=54)",1
0,63,4905,transcoder,10,37,13042,lorsa,2.682366371154785,1.21639084815979,-1.4659755229949951,0.0,-0.5465232261929522,"Node(id=20_13042_37, type=lorsa, layer=10, feature=13042, pos=37)",1
0,53,488,transcoder,14,54,5701,transcoder,1.1805400848388672,1.0481687784194946,-0.13237130641937256,0.0,-0.11212775247478363,"Node(id=29_5701_54, type=transcoder, layer=14, feature=5701, pos=54)",1
0,5,13486,transcoder,14,54,5701,transcoder,1.1805400848388672,0.9361351132392883,-0.24440497159957886,0.0,-0.20702810072979255,"Node(id=29_5701_54, type=transcoder, layer=14, feature=5701, pos=54)",1
0,3,13486,transcoder,14,54,5701,transcoder,1.1805400848388672,0.9780409932136536,-0.20249909162521362,0.0,-0.1715308901627452,"Node(id=29_5701_54, type=transcoder, layer=14, feature=5701, pos=54)",1
13,54,12356,transcoder,14,54,5701,transcoder,1.1805400848388672,0.2707347869873047,-0.9098052978515625,0.0,-0.7706687045495304,"Node(id=29_5701_54, type=transcoder, layer=14, feature=5701, pos=54)",1
13,54,7656,transcoder,14,54,5701,transcoder,1.1805400848388672,0.7714024186134338,-0.40913766622543335,0.0,-0.3465682118547265,"Node(id=29_5701_54, type=transcoder, layer=14, feature=5701, pos=54)",1
0,53,488,transcoder,14,54,138,transcoder,5.203862190246582,4.561722278594971,-0.6421399116516113,0.0,-0.12339679418397202,"Node(id=29_138_54, type=transcoder, layer=14, feature=138, pos=54)",1
0,5,13486,transcoder,14,54,138,transcoder,5.203862190246582,4.598813056945801,-0.6050491333007812,0.0,-0.11626924602938252,"Node(id=29_138_54, type=transcoder, layer=14, feature=138, pos=54)",1
0,51,2952,transcoder,14,54,138,transcoder,5.203862190246582,4.51255464553833,-0.691307544708252,0.0,-0.13284509071050069,"Node(id=29_138_54, type=transcoder, layer=14, feature=138, pos=54)",1
0,3,13486,transcoder,14,54,138,transcoder,5.203862190246582,4.489956855773926,-0.7139053344726562,0.0,-0.13718759420852925,"Node(id=29_138_54, type=transcoder, layer=14, feature=138, pos=54)",1
0,23,8135,transcoder,14,54,138,transcoder,5.203862190246582,4.501722812652588,-0.7021393775939941,0.0,-0.1349265895069223,"Node(id=29_138_54, type=transcoder, layer=14, feature=138, pos=54)",1
1,54,9400,transcoder,2,54,12759,transcoder,0.6271476745605469,0.3242390751838684,-0.30290859937667847,0.0,-0.4829940565257325,"Node(id=5_12759_54, type=transcoder, layer=2, feature=12759, pos=54)",1
2,54,12759,transcoder,5,54,5938,transcoder,1.32710599899292,0.9236060976982117,-0.40349990129470825,0.0,-0.3040449682247732,"Node(id=11_5938_54, type=transcoder, layer=5, feature=5938, pos=54)",1
2,54,12759,transcoder,6,54,6679,transcoder,1.2186368703842163,0.7778177261352539,-0.4408191442489624,0.0,-0.36173133684194153,"Node(id=13_6679_54, type=transcoder, layer=6, feature=6679, pos=54)",1
2,54,12759,transcoder,3,54,14478,transcoder,1.0145859718322754,0.8751105070114136,-0.13947546482086182,0.0,-0.13747032651060445,"Node(id=7_14478_54, type=transcoder, layer=3, feature=14478, pos=54)",1
2,54,12759,transcoder,3,54,9407,transcoder,0.9804326891899109,0.3624020516872406,-0.6180306375026703,0.0,-0.6303651890812844,"Node(id=7_9407_54, type=transcoder, layer=3, feature=9407, pos=54)",1
2,54,12759,transcoder,4,54,2320,transcoder,4.304287433624268,3.549792528152466,-0.7544949054718018,0.0,-0.1752891546177498,"Node(id=9_2320_54, type=transcoder, layer=4, feature=2320, pos=54)",1
2,54,12759,transcoder,10,14,14712,transcoder,0.3488500416278839,0.298002690076828,-0.05084735155105591,0.0,-0.14575704596101052,"Node(id=21_14712_14, type=transcoder, layer=10, feature=14712, pos=14)",1
2,54,12759,transcoder,6,45,4984,transcoder,0.9259824752807617,0.8229358196258545,-0.10304665565490723,0.0,-0.11128359165076321,"Node(id=13_4984_45, type=transcoder, layer=6, feature=4984, pos=45)",1
2,54,12759,transcoder,13,37,9843,lorsa,3.7563188076019287,3.162412405014038,-0.5939064025878906,0.0,-0.15810862522796523,"Node(id=26_9843_37, type=lorsa, layer=13, feature=9843, pos=37)",1
2,54,12759,transcoder,14,54,2741,transcoder,0.8528413772583008,0.7328169941902161,-0.12002438306808472,0.0,-0.14073470901932192,"Node(id=29_2741_54, type=transcoder, layer=14, feature=2741, pos=54)",1
2,54,12759,transcoder,4,54,15551,lorsa,4.019529342651367,1.9619873762130737,-2.0575419664382935,0.0,-0.5118862909161138,"Node(id=8_15551_54, type=lorsa, layer=4, feature=15551, pos=54)",1
2,54,12759,transcoder,13,54,1408,lorsa,1.9592878818511963,1.1762230396270752,-0.7830648422241211,0.0,-0.3996680883282231,"Node(id=26_1408_54, type=lorsa, layer=13, feature=1408, pos=54)",1
2,54,12759,transcoder,3,54,5003,lorsa,1.4944757223129272,1.1464346647262573,-0.3480410575866699,0.0,-0.2328850528585528,"Node(id=6_5003_54, type=lorsa, layer=3, feature=5003, pos=54)",1
2,54,12759,transcoder,9,14,12621,transcoder,0.46782758831977844,0.39208173751831055,-0.0757458508014679,0.0,-0.16190975627049306,"Node(id=19_12621_14, type=transcoder, layer=9, feature=12621, pos=14)",1
2,54,12759,transcoder,13,37,2468,transcoder,0.917811930179596,0.8153569102287292,-0.1024550199508667,0.0,-0.11162964500888375,"Node(id=27_2468_37, type=transcoder, layer=13, feature=2468, pos=37)",1
2,54,12759,transcoder,9,14,3455,transcoder,0.7396717071533203,0.6610340476036072,-0.07863765954971313,0.0,-0.10631427265530517,"Node(id=19_3455_14, type=transcoder, layer=9, feature=3455, pos=14)",1
2,54,12759,transcoder,5,37,11552,transcoder,1.0308445692062378,0.7164746522903442,-0.31436991691589355,0.0,-0.3049634506567387,"Node(id=11_11552_37, type=transcoder, layer=5, feature=11552, pos=37)",1
2,54,12759,transcoder,14,54,15619,transcoder,0.5415058135986328,0.182033509016037,-0.3594723045825958,0.0,-0.6638383107905813,"Node(id=29_15619_54, type=transcoder, layer=14, feature=15619, pos=54)",1
2,54,12759,transcoder,7,54,13289,transcoder,0.9898383617401123,0.8795592784881592,-0.11027908325195312,0.0,-0.11141120360104564,"Node(id=15_13289_54, type=transcoder, layer=7, feature=13289, pos=54)",1
0,54,2952,lorsa,1,54,9400,transcoder,0.9067674875259399,0.7539315223693848,-0.15283596515655518,0.0,-0.16855033650749746,"Node(id=3_9400_54, type=transcoder, layer=1, feature=9400, pos=54)",1
1,54,11614,lorsa,1,54,9400,transcoder,0.9067674875259399,0.5895994901657104,-0.3171679973602295,0.0,-0.349778748933316,"Node(id=3_9400_54, type=transcoder, layer=1, feature=9400, pos=54)",1
1,54,9400,transcoder,5,54,5938,transcoder,1.32710599899292,0.9766100645065308,-0.35049593448638916,0.0,-0.2641054555946281,"Node(id=11_5938_54, type=transcoder, layer=5, feature=5938, pos=54)",1
1,54,9400,transcoder,6,54,6679,transcoder,1.2186368703842163,0.7084503769874573,-0.510186493396759,0.0,-0.41865341989521915,"Node(id=13_6679_54, type=transcoder, layer=6, feature=6679, pos=54)",1
1,54,9400,transcoder,3,54,5828,lorsa,2.9929561614990234,2.2584235668182373,-0.7345325946807861,0.0,-0.24542043218999077,"Node(id=6_5828_54, type=lorsa, layer=3, feature=5828, pos=54)",1
0,54,15890,transcoder,1,54,9400,transcoder,0.9067674875259399,0.7181117534637451,-0.18865573406219482,0.0,-0.20805304188500467,"Node(id=3_9400_54, type=transcoder, layer=1, feature=9400, pos=54)",1
1,54,9400,transcoder,3,54,14478,transcoder,1.0145859718322754,0.8940625786781311,-0.12052339315414429,0.0,-0.118790715129332,"Node(id=7_14478_54, type=transcoder, layer=3, feature=14478, pos=54)",1
1,54,9400,transcoder,3,54,9407,transcoder,0.9804326891899109,0.47568053007125854,-0.5047521591186523,0.0,-0.5148259178666382,"Node(id=7_9407_54, type=transcoder, layer=3, feature=9407, pos=54)",1
1,54,9400,transcoder,2,54,3192,lorsa,4.136215686798096,3.1351380348205566,-1.001077651977539,0.0,-0.2420274298491643,"Node(id=4_3192_54, type=lorsa, layer=2, feature=3192, pos=54)",1
1,54,9400,transcoder,4,54,2320,transcoder,4.304287433624268,3.6953654289245605,-0.608922004699707,0.0,-0.1414687132515652,"Node(id=9_2320_54, type=transcoder, layer=4, feature=2320, pos=54)",1
1,54,9400,transcoder,2,54,715,transcoder,0.9930531978607178,0.5067666172981262,-0.48628658056259155,0.0,-0.4896883486304391,"Node(id=5_715_54, type=transcoder, layer=2, feature=715, pos=54)",1
1,54,9400,transcoder,3,54,2767,transcoder,0.7313656210899353,0.5642768144607544,-0.1670888066291809,0.0,-0.2284613903237245,"Node(id=7_2767_54, type=transcoder, layer=3, feature=2767, pos=54)",1
1,54,9400,transcoder,6,45,4984,transcoder,0.9259824752807617,0.7281537652015686,-0.19782871007919312,0.0,-0.21364195906538147,"Node(id=13_4984_45, type=transcoder, layer=6, feature=4984, pos=45)",1
1,54,9400,transcoder,13,37,9843,lorsa,3.7563188076019287,3.2499828338623047,-0.506335973739624,0.0,-0.1347957933482419,"Node(id=26_9843_37, type=lorsa, layer=13, feature=9843, pos=37)",1
1,54,9400,transcoder,14,54,2741,transcoder,0.8528413772583008,0.7324860692024231,-0.12035530805587769,0.0,-0.141122735440902,"Node(id=29_2741_54, type=transcoder, layer=14, feature=2741, pos=54)",1
1,54,9400,transcoder,4,54,15551,lorsa,4.019529342651367,2.547319173812866,-1.472210168838501,0.0,-0.3662643168733282,"Node(id=8_15551_54, type=lorsa, layer=4, feature=15551, pos=54)",1
1,54,9400,transcoder,13,54,1408,lorsa,1.9592878818511963,1.0195294618606567,-0.9397584199905396,0.0,-0.47964284814675956,"Node(id=26_1408_54, type=lorsa, layer=13, feature=1408, pos=54)",1
1,54,9400,transcoder,3,54,5003,lorsa,1.4944757223129272,1.2607934474945068,-0.2336822748184204,0.0,-0.15636404882962016,"Node(id=6_5003_54, type=lorsa, layer=3, feature=5003, pos=54)",1
1,54,9400,transcoder,10,54,9349,transcoder,0.3694993257522583,0.21890407800674438,-0.15059524774551392,0.0,-0.40756569024562966,"Node(id=21_9349_54, type=transcoder, layer=10, feature=9349, pos=54)",1
1,54,9400,transcoder,2,54,6885,transcoder,0.6178726553916931,0.0,-0.6178726553916931,0.0,-1.0,"Node(id=5_6885_54, type=transcoder, layer=2, feature=6885, pos=54)",1
1,54,9400,transcoder,3,55,10711,transcoder,0.27328234910964966,0.2440171092748642,-0.02926523983478546,0.0,-0.10708792547389626,"Node(id=7_10711_55, type=transcoder, layer=3, feature=10711, pos=55)",1
1,54,9400,transcoder,2,54,3355,transcoder,0.8198118209838867,0.5464457869529724,-0.2733660340309143,0.0,-0.33344973448033177,"Node(id=5_3355_54, type=transcoder, layer=2, feature=3355, pos=54)",1
1,54,9400,transcoder,5,37,11552,transcoder,1.0308445692062378,0.6863253116607666,-0.3445192575454712,0.0,-0.3342106733033041,"Node(id=11_11552_37, type=transcoder, layer=5, feature=11552, pos=37)",1
1,54,9400,transcoder,14,54,15619,transcoder,0.5415058135986328,0.47637683153152466,-0.06512898206710815,0.0,-0.12027383719906307,"Node(id=29_15619_54, type=transcoder, layer=14, feature=15619, pos=54)",1
1,54,9400,transcoder,13,55,14142,transcoder,0.6139975786209106,0.5171806216239929,-0.09681695699691772,0.0,-0.15768296222662087,"Node(id=27_14142_55, type=transcoder, layer=13, feature=14142, pos=55)",1
1,54,9400,transcoder,7,54,2518,transcoder,0.3623811900615692,0.26672226190567017,-0.09565892815589905,0.0,-0.26397321599293394,"Node(id=15_2518_54, type=transcoder, layer=7, feature=2518, pos=54)",1
1,54,9400,transcoder,7,54,13289,transcoder,0.9898383617401123,0.6617552638053894,-0.3280830979347229,0.0,-0.33145118497727305,"Node(id=15_13289_54, type=transcoder, layer=7, feature=13289, pos=54)",1
3,63,10866,transcoder,5,63,12930,transcoder,2.3792543411254883,1.9766907691955566,-0.40256357192993164,0.0,-0.16919736783563122,"Node(id=11_12930_63, type=transcoder, layer=5, feature=12930, pos=63)",1
5,63,12930,transcoder,7,63,3804,transcoder,1.3894561529159546,0.9885834455490112,-0.40087270736694336,0.0,-0.28851051292670143,"Node(id=15_3804_63, type=transcoder, layer=7, feature=3804, pos=63)",1
5,63,12930,transcoder,6,63,3789,transcoder,2.006242275238037,0.6395878195762634,-1.3666544556617737,0.0,-0.6812011054345979,"Node(id=13_3789_63, type=transcoder, layer=6, feature=3789, pos=63)",1
0,51,2952,transcoder,5,63,12930,transcoder,2.3792543411254883,1.7742897272109985,-0.6049646139144897,0.0,-0.25426647477642755,"Node(id=11_12930_63, type=transcoder, layer=5, feature=12930, pos=63)",1
5,63,12930,transcoder,8,63,2167,transcoder,2.175069808959961,1.936509609222412,-0.23856019973754883,0.0,-0.10967933017819764,"Node(id=17_2167_63, type=transcoder, layer=8, feature=2167, pos=63)",1
5,63,12930,transcoder,6,54,9512,transcoder,1.2145551443099976,1.0508571863174438,-0.1636979579925537,0.0,-0.13478017754850674,"Node(id=13_9512_54, type=transcoder, layer=6, feature=9512, pos=54)",1
0,53,6981,lorsa,0,53,488,transcoder,1.5516661405563354,1.119423508644104,-0.43224263191223145,0.0,-0.27856677452358075,"Node(id=1_488_53, type=transcoder, layer=0, feature=488, pos=53)",1
0,53,6981,lorsa,1,53,12883,transcoder,0.8495920300483704,0.25862357020378113,-0.5909684598445892,0.0,-0.6955908706099129,"Node(id=3_12883_53, type=transcoder, layer=1, feature=12883, pos=53)",1
6,63,3789,transcoder,7,63,3804,transcoder,1.3894561529159546,0.7948142290115356,-0.594641923904419,0.0,-0.4279673904473239,"Node(id=15_3804_63, type=transcoder, layer=7, feature=3804, pos=63)",1
0,51,2952,transcoder,7,63,3804,transcoder,1.3894561529159546,1.0654062032699585,-0.3240499496459961,0.0,-0.23322070938757952,"Node(id=15_3804_63, type=transcoder, layer=7, feature=3804, pos=63)",1
7,63,3804,transcoder,10,63,3332,transcoder,2.5075552463531494,2.0494117736816406,-0.4581434726715088,0.0,-0.18270523584188522,"Node(id=21_3332_63, type=transcoder, layer=10, feature=3332, pos=63)",1
7,63,3804,transcoder,9,63,13165,transcoder,2.440319061279297,1.8085756301879883,-0.6317434310913086,0.0,-0.2588773907130519,"Node(id=19_13165_63, type=transcoder, layer=9, feature=13165, pos=63)",1
7,63,3804,transcoder,8,63,2167,transcoder,2.175069808959961,1.1128944158554077,-1.0621753931045532,0.0,-0.48834082875365126,"Node(id=17_2167_63, type=transcoder, layer=8, feature=2167, pos=63)",1
7,63,3804,transcoder,11,54,14428,lorsa,3.4473183155059814,2.4442923069000244,-1.003026008605957,0.0,-0.29095833828119744,"Node(id=22_14428_54, type=lorsa, layer=11, feature=14428, pos=54)",1
1,19,9035,transcoder,7,63,3804,transcoder,1.3894561529159546,1.2377525568008423,-0.1517035961151123,0.0,-0.1091819959893967,"Node(id=15_3804_63, type=transcoder, layer=7, feature=3804, pos=63)",1
0,54,2952,lorsa,0,54,15890,transcoder,0.6419439911842346,0.3165910840034485,-0.32535290718078613,0.0,-0.5068244451990073,"Node(id=1_15890_54, type=transcoder, layer=0, feature=15890, pos=54)",1
0,54,2952,lorsa,2,54,3192,lorsa,4.136215686798096,3.5177083015441895,-0.6185073852539062,0.0,-0.14953460653129086,"Node(id=4_3192_54, type=lorsa, layer=2, feature=3192, pos=54)",1
0,54,2952,lorsa,0,54,14779,transcoder,0.32305270433425903,0.0,-0.32305270433425903,0.0,-1.0,"Node(id=1_14779_54, type=transcoder, layer=0, feature=14779, pos=54)",1
0,54,2952,lorsa,3,55,10711,transcoder,0.27328234910964966,0.22678783535957336,-0.046494513750076294,0.0,-0.17013361419628753,"Node(id=7_10711_55, type=transcoder, layer=3, feature=10711, pos=55)",1
0,54,2952,lorsa,1,54,14348,transcoder,0.7237109541893005,0.6327650547027588,-0.09094589948654175,0.0,-0.1256660534984152,"Node(id=3_14348_54, type=transcoder, layer=1, feature=14348, pos=54)",1
6,63,3789,transcoder,8,63,2167,transcoder,2.175069808959961,1.8478295803070068,-0.3272402286529541,0.0,-0.15045044867292257,"Node(id=17_2167_63, type=transcoder, layer=8, feature=2167, pos=63)",1
6,63,3789,transcoder,11,54,14428,lorsa,3.4473183155059814,3.0979275703430176,-0.34939074516296387,0.0,-0.10135146023255526,"Node(id=22_14428_54, type=lorsa, layer=11, feature=14428, pos=54)",1
1,19,9035,transcoder,6,63,3789,transcoder,2.006242275238037,1.7768516540527344,-0.22939062118530273,0.0,-0.11433844457199764,"Node(id=13_3789_63, type=transcoder, layer=6, feature=3789, pos=63)",1
0,53,488,transcoder,1,53,12883,transcoder,0.8495920300483704,0.0,-0.8495920300483704,0.0,-1.0,"Node(id=3_12883_53, type=transcoder, layer=1, feature=12883, pos=53)",1
0,53,488,transcoder,14,45,10832,lorsa,3.8204092979431152,2.464932918548584,-1.3554763793945312,0.0,-0.35479873324680455,"Node(id=28_10832_45, type=lorsa, layer=14, feature=10832, pos=45)",1
0,53,488,transcoder,6,54,6679,transcoder,1.2186368703842163,0.9797975420951843,-0.23883932828903198,0.0,-0.19598892343847257,"Node(id=13_6679_54, type=transcoder, layer=6, feature=6679, pos=54)",1
0,53,488,transcoder,6,53,3210,transcoder,2.371243715286255,0.0,-2.371243715286255,0.0,-1.0,"Node(id=13_3210_53, type=transcoder, layer=6, feature=3210, pos=53)",1
0,53,488,transcoder,3,54,753,transcoder,0.8902549743652344,0.7934672236442566,-0.09678775072097778,0.0,-0.10871913497589716,"Node(id=7_753_54, type=transcoder, layer=3, feature=753, pos=54)",1
0,53,488,transcoder,14,55,9044,lorsa,3.8024330139160156,2.5704798698425293,-1.2319531440734863,0.0,-0.32399075527821947,"Node(id=28_9044_55, type=lorsa, layer=14, feature=9044, pos=55)",1
0,53,488,transcoder,3,55,8792,lorsa,2.6274337768554688,1.7669897079467773,-0.8604440689086914,0.0,-0.32748458837979805,"Node(id=6_8792_55, type=lorsa, layer=3, feature=8792, pos=55)",1
0,53,488,transcoder,8,23,986,transcoder,0.8977439403533936,0.7637620568275452,-0.1339818835258484,0.0,-0.1492428714953029,"Node(id=17_986_23, type=transcoder, layer=8, feature=986, pos=23)",1
0,53,488,transcoder,14,54,7964,transcoder,1.0550146102905273,0.6511338949203491,-0.4038807153701782,0.0,-0.38282002109805713,"Node(id=29_7964_54, type=transcoder, layer=14, feature=7964, pos=54)",1
0,53,488,transcoder,7,53,6310,transcoder,0.9675502181053162,0.0,-0.9675502181053162,0.0,-1.0,"Node(id=15_6310_53, type=transcoder, layer=7, feature=6310, pos=53)",1
0,53,488,transcoder,3,54,2767,transcoder,0.7313656210899353,0.638120174407959,-0.09324544668197632,0.0,-0.12749498198044235,"Node(id=7_2767_54, type=transcoder, layer=3, feature=2767, pos=54)",1
0,53,488,transcoder,14,54,4515,lorsa,2.634603977203369,1.0957543849945068,-1.5388495922088623,0.0,-0.5840914253239496,"Node(id=28_4515_54, type=lorsa, layer=14, feature=4515, pos=54)",1
0,53,488,transcoder,6,45,4984,transcoder,0.9259824752807617,0.6364026069641113,-0.2895798683166504,0.0,-0.3127271585014053,"Node(id=13_4984_45, type=transcoder, layer=6, feature=4984, pos=45)",1
0,53,488,transcoder,10,23,1958,transcoder,0.535693883895874,0.45155462622642517,-0.08413925766944885,0.0,-0.15706592925336346,"Node(id=21_1958_23, type=transcoder, layer=10, feature=1958, pos=23)",1
0,53,488,transcoder,13,54,10153,transcoder,0.38005462288856506,0.3360198736190796,-0.044034749269485474,0.0,-0.11586426428602291,"Node(id=27_10153_54, type=transcoder, layer=13, feature=10153, pos=54)",1
0,53,488,transcoder,13,37,9843,lorsa,3.7563188076019287,1.1023366451263428,-2.653982162475586,0.0,-0.7065380491944757,"Node(id=26_9843_37, type=lorsa, layer=13, feature=9843, pos=37)",1
0,53,488,transcoder,1,55,4857,transcoder,0.4845144748687744,0.43197453022003174,-0.052539944648742676,0.0,-0.10843833853048984,"Node(id=3_4857_55, type=transcoder, layer=1, feature=4857, pos=55)",1
0,53,488,transcoder,13,54,1418,lorsa,2.4402384757995605,1.585382342338562,-0.8548561334609985,0.0,-0.3503166358283484,"Node(id=26_1418_54, type=lorsa, layer=13, feature=1418, pos=54)",1
0,53,488,transcoder,12,54,9524,transcoder,0.9488894939422607,0.7891003489494324,-0.15978914499282837,0.0,-0.16839594706541394,"Node(id=25_9524_54, type=transcoder, layer=12, feature=9524, pos=54)",1
0,53,488,transcoder,2,54,6509,transcoder,0.7901896834373474,0.6239061951637268,-0.1662834882736206,0.0,-0.21043490159259323,"Node(id=5_6509_54, type=transcoder, layer=2, feature=6509, pos=54)",1
0,53,488,transcoder,13,54,1408,lorsa,1.9592878818511963,0.0,-1.9592878818511963,0.0,-1.0,"Node(id=26_1408_54, type=lorsa, layer=13, feature=1408, pos=54)",1
0,53,488,transcoder,9,14,12621,transcoder,0.46782758831977844,0.18004345893859863,-0.2877841293811798,0.0,-0.6151499752606896,"Node(id=19_12621_14, type=transcoder, layer=9, feature=12621, pos=14)",1
0,53,488,transcoder,13,37,12356,transcoder,3.265740394592285,2.919882297515869,-0.345858097076416,0.0,-0.10590495731048305,"Node(id=27_12356_37, type=transcoder, layer=13, feature=12356, pos=37)",1
0,53,488,transcoder,10,54,9349,transcoder,0.3694993257522583,0.0,-0.3694993257522583,0.0,-1.0,"Node(id=21_9349_54, type=transcoder, layer=10, feature=9349, pos=54)",1
0,53,488,transcoder,13,37,2468,transcoder,0.917811930179596,0.5509687662124634,-0.36684316396713257,0.0,-0.39969317449964864,"Node(id=27_2468_37, type=transcoder, layer=13, feature=2468, pos=37)",1
0,53,488,transcoder,14,55,8748,lorsa,1.8016709089279175,0.0,-1.8016709089279175,0.0,-1.0,"Node(id=28_8748_55, type=lorsa, layer=14, feature=8748, pos=55)",1
0,53,488,transcoder,6,54,9512,transcoder,1.2145551443099976,0.9305995106697083,-0.2839556336402893,0.0,-0.23379394090962227,"Node(id=13_9512_54, type=transcoder, layer=6, feature=9512, pos=54)",1
0,53,488,transcoder,13,54,3932,transcoder,0.4565145671367645,0.19921591877937317,-0.25729864835739136,0.0,-0.5636154175126438,"Node(id=27_3932_54, type=transcoder, layer=13, feature=3932, pos=54)",1
0,53,488,transcoder,5,37,11552,transcoder,1.0308445692062378,0.7275881171226501,-0.30325645208358765,0.0,-0.2941825190165173,"Node(id=11_11552_37, type=transcoder, layer=5, feature=11552, pos=37)",1
0,53,488,transcoder,13,14,12341,transcoder,0.8768914937973022,0.3016585409641266,-0.5752329528331757,0.0,-0.6559910284249417,"Node(id=27_12341_14, type=transcoder, layer=13, feature=12341, pos=14)",1
0,53,488,transcoder,14,54,15619,transcoder,0.5415058135986328,0.30275431275367737,-0.23875150084495544,0.0,-0.4409029318786214,"Node(id=29_15619_54, type=transcoder, layer=14, feature=15619, pos=54)",1
0,53,488,transcoder,2,55,14270,transcoder,0.3816030025482178,0.29298943281173706,-0.08861356973648071,0.0,-0.23221402647450048,"Node(id=5_14270_55, type=transcoder, layer=2, feature=14270, pos=55)",1
0,53,488,transcoder,2,55,4532,transcoder,0.5893785953521729,0.48574796319007874,-0.10363063216209412,0.0,-0.17583032872133988,"Node(id=5_4532_55, type=transcoder, layer=2, feature=4532, pos=55)",1
0,53,488,transcoder,5,51,14178,lorsa,3.6305649280548096,0.0,-3.6305649280548096,0.0,-1.0,"Node(id=10_14178_51, type=lorsa, layer=5, feature=14178, pos=51)",1
0,53,488,transcoder,7,54,2518,transcoder,0.3623811900615692,0.22245514392852783,-0.13992604613304138,0.0,-0.38612944040850383,"Node(id=15_2518_54, type=transcoder, layer=7, feature=2518, pos=54)",1
0,53,488,transcoder,9,14,3914,lorsa,2.4319560527801514,1.4033560752868652,-1.0285999774932861,0.0,-0.42295171260081627,"Node(id=18_3914_14, type=lorsa, layer=9, feature=3914, pos=14)",1
0,53,488,transcoder,11,37,2664,lorsa,2.993786096572876,2.1842520236968994,-0.8095340728759766,0.0,-0.2704047806898052,"Node(id=22_2664_37, type=lorsa, layer=11, feature=2664, pos=37)",1
0,53,488,transcoder,10,54,12026,transcoder,0.6972393989562988,0.26426640152931213,-0.4329729974269867,0.0,-0.6209818293044056,"Node(id=21_12026_54, type=transcoder, layer=10, feature=12026, pos=54)",1
0,53,488,transcoder,10,37,12941,lorsa,4.228793144226074,3.1032347679138184,-1.1255583763122559,0.0,-0.2661653899645281,"Node(id=20_12941_37, type=lorsa, layer=10, feature=12941, pos=37)",1
0,53,488,transcoder,7,54,13289,transcoder,0.9898383617401123,0.7788389921188354,-0.21099936962127686,0.0,-0.21316548011974903,"Node(id=15_13289_54, type=transcoder, layer=7, feature=13289, pos=54)",1
0,53,488,transcoder,4,23,12289,transcoder,0.3856951594352722,0.33829808235168457,-0.047397077083587646,0.0,-0.12288740453208066,"Node(id=9_12289_23, type=transcoder, layer=4, feature=12289, pos=23)",1
0,3,10273,lorsa,0,3,13486,transcoder,2.4805715084075928,1.0112547874450684,-1.4693167209625244,0.0,-0.5923299191264818,"Node(id=1_13486_3, type=transcoder, layer=0, feature=13486, pos=3)",1
0,3,10273,lorsa,14,54,15619,transcoder,0.5415058135986328,0.39322757720947266,-0.14827823638916016,0.0,-0.2738257515718286,"Node(id=29_15619_54, type=transcoder, layer=14, feature=15619, pos=54)",1
0,3,10273,lorsa,1,3,853,transcoder,1.451816201210022,0.6262587308883667,-0.8255574703216553,0.0,-0.5686377308874161,"Node(id=3_853_3, type=transcoder, layer=1, feature=853, pos=3)",1
14,45,10832,lorsa,14,45,14404,transcoder,2.5108840465545654,1.9800540208816528,-0.5308300256729126,0.0,-0.21141160476976922,"Node(id=29_14404_45, type=transcoder, layer=14, feature=14404, pos=45)",1
13,54,12356,transcoder,14,45,14404,transcoder,2.5108840465545654,2.170306921005249,-0.3405771255493164,0.0,-0.1356403239793794,"Node(id=29_14404_45, type=transcoder, layer=14, feature=14404, pos=45)",1
13,45,4266,transcoder,14,45,14404,transcoder,2.5108840465545654,1.5686501264572144,-0.9422339200973511,0.0,-0.37525982985565753,"Node(id=29_14404_45, type=transcoder, layer=14, feature=14404, pos=45)",1
0,5,10273,lorsa,0,5,13486,transcoder,1.9582043886184692,0.6591346859931946,-1.2990697026252747,0.0,-0.6633984226446249,"Node(id=1_13486_5, type=transcoder, layer=0, feature=13486, pos=5)",1
0,5,13486,transcoder,14,45,10832,lorsa,3.8204092979431152,3.343088388442993,-0.47732090950012207,0.0,-0.1249397308704878,"Node(id=28_10832_45, type=lorsa, layer=14, feature=10832, pos=45)",1
0,5,13486,transcoder,4,55,9090,lorsa,4.7906646728515625,3.7050929069519043,-1.0855717658996582,0.0,-0.22660149270132277,"Node(id=8_9090_55, type=lorsa, layer=4, feature=9090, pos=55)",1
0,5,13486,transcoder,14,55,9044,lorsa,3.8024330139160156,3.09993839263916,-0.7024946212768555,0.0,-0.18474871712555868,"Node(id=28_9044_55, type=lorsa, layer=14, feature=9044, pos=55)",1
0,5,13486,transcoder,1,5,853,transcoder,1.0840907096862793,0.0,-1.0840907096862793,0.0,-1.0,"Node(id=3_853_5, type=transcoder, layer=1, feature=853, pos=5)",1
0,5,13486,transcoder,3,54,9407,transcoder,0.9804326891899109,0.8738223910331726,-0.10661029815673828,0.0,-0.10873800856724367,"Node(id=7_9407_54, type=transcoder, layer=3, feature=9407, pos=54)",1
0,5,13486,transcoder,14,54,7964,transcoder,1.0550146102905273,0.7284296751022339,-0.32658493518829346,0.0,-0.3095548933662248,"Node(id=29_7964_54, type=transcoder, layer=14, feature=7964, pos=54)",1
0,5,13486,transcoder,10,14,14712,transcoder,0.3488500416278839,0.20682531595230103,-0.14202472567558289,0.0,-0.4071225705258185,"Node(id=21_14712_14, type=transcoder, layer=10, feature=14712, pos=14)",1
0,5,13486,transcoder,9,14,7241,transcoder,0.5335481762886047,0.4488435387611389,-0.08470463752746582,0.0,-0.15875724309785239,"Node(id=19_7241_14, type=transcoder, layer=9, feature=7241, pos=14)",1
0,5,13486,transcoder,14,54,4515,lorsa,2.634603977203369,1.7448943853378296,-0.8897095918655396,0.0,-0.3377014532597669,"Node(id=28_4515_54, type=lorsa, layer=14, feature=4515, pos=54)",1
0,5,13486,transcoder,10,23,1958,transcoder,0.535693883895874,0.47996729612350464,-0.055726587772369385,0.0,-0.10402692554018647,"Node(id=21_1958_23, type=transcoder, layer=10, feature=1958, pos=23)",1
0,5,13486,transcoder,13,37,9843,lorsa,3.7563188076019287,3.082617998123169,-0.6737008094787598,0.0,-0.17935133943246342,"Node(id=26_9843_37, type=lorsa, layer=13, feature=9843, pos=37)",1
0,5,13486,transcoder,14,54,2741,transcoder,0.8528413772583008,0.6369531154632568,-0.21588826179504395,0.0,-0.25313999478904,"Node(id=29_2741_54, type=transcoder, layer=14, feature=2741, pos=54)",1
0,5,13486,transcoder,4,54,15551,lorsa,4.019529342651367,3.413248300552368,-0.606281042098999,0.0,-0.15083383909298276,"Node(id=8_15551_54, type=lorsa, layer=4, feature=15551, pos=54)",1
0,5,13486,transcoder,13,54,1408,lorsa,1.9592878818511963,1.4233057498931885,-0.5359821319580078,0.0,-0.27355966263191256,"Node(id=26_1408_54, type=lorsa, layer=13, feature=1408, pos=54)",1
0,5,13486,transcoder,9,14,12621,transcoder,0.46782758831977844,0.3314979076385498,-0.13632968068122864,0.0,-0.29141009227536613,"Node(id=19_12621_14, type=transcoder, layer=9, feature=12621, pos=14)",1
0,5,13486,transcoder,6,55,4801,transcoder,1.9008395671844482,1.6019445657730103,-0.298895001411438,0.0,-0.1572436762004937,"Node(id=13_4801_55, type=transcoder, layer=6, feature=4801, pos=55)",1
0,5,13486,transcoder,13,37,2468,transcoder,0.917811930179596,0.7742212414741516,-0.14359068870544434,0.0,-0.15644892377607986,"Node(id=27_2468_37, type=transcoder, layer=13, feature=2468, pos=37)",1
0,5,13486,transcoder,3,55,10711,transcoder,0.27328234910964966,0.23702405393123627,-0.03625829517841339,0.0,-0.1326770473707594,"Node(id=7_10711_55, type=transcoder, layer=3, feature=10711, pos=55)",1
0,5,13486,transcoder,6,54,9512,transcoder,1.2145551443099976,1.0921353101730347,-0.12241983413696289,0.0,-0.1007939694714405,"Node(id=13_9512_54, type=transcoder, layer=6, feature=9512, pos=54)",1
0,5,13486,transcoder,13,54,3932,transcoder,0.4565145671367645,0.0,-0.4565145671367645,0.0,-1.0,"Node(id=27_3932_54, type=transcoder, layer=13, feature=3932, pos=54)",1
0,5,13486,transcoder,13,14,12341,transcoder,0.8768914937973022,0.24086445569992065,-0.6360270380973816,0.0,-0.7253201138297304,"Node(id=27_12341_14, type=transcoder, layer=13, feature=12341, pos=14)",1
0,5,13486,transcoder,14,54,15619,transcoder,0.5415058135986328,0.0,-0.5415058135986328,0.0,-1.0,"Node(id=29_15619_54, type=transcoder, layer=14, feature=15619, pos=54)",1
0,5,13486,transcoder,13,55,14142,transcoder,0.6139975786209106,0.44987571239471436,-0.1641218662261963,0.0,-0.26730051052453263,"Node(id=27_14142_55, type=transcoder, layer=13, feature=14142, pos=55)",1
0,5,13486,transcoder,7,54,13289,transcoder,0.9898383617401123,0.8559960126876831,-0.1338423490524292,0.0,-0.13521636887980126,"Node(id=15_13289_54, type=transcoder, layer=7, feature=13289, pos=54)",1
0,51,13740,lorsa,0,51,2952,transcoder,1.7277238368988037,1.5041389465332031,-0.22358489036560059,0.0,-0.1294100860279422,"Node(id=1_2952_51, type=transcoder, layer=0, feature=2952, pos=51)",1
0,51,2952,transcoder,10,63,3332,transcoder,2.5075552463531494,2.1145336627960205,-0.3930215835571289,0.0,-0.1567349649140205,"Node(id=21_3332_63, type=transcoder, layer=10, feature=3332, pos=63)",1
0,51,2952,transcoder,1,51,11331,transcoder,0.7390512824058533,0.0,-0.7390512824058533,0.0,-1.0,"Node(id=3_11331_51, type=transcoder, layer=1, feature=11331, pos=51)",1
0,51,2952,transcoder,1,51,11218,transcoder,0.6390401721000671,0.0,-0.6390401721000671,0.0,-1.0,"Node(id=3_11218_51, type=transcoder, layer=1, feature=11218, pos=51)",1
0,51,2952,transcoder,8,63,2167,transcoder,2.175069808959961,1.9371840953826904,-0.2378857135772705,0.0,-0.10936923155170766,"Node(id=17_2167_63, type=transcoder, layer=8, feature=2167, pos=63)",1
0,51,2952,transcoder,5,54,5938,transcoder,1.32710599899292,0.9836763143539429,-0.34342968463897705,0.0,-0.2587808998675239,"Node(id=11_5938_54, type=transcoder, layer=5, feature=5938, pos=54)",1
0,51,2952,transcoder,6,54,6679,transcoder,1.2186368703842163,0.9170279502868652,-0.3016089200973511,0.0,-0.24749695945294903,"Node(id=13_6679_54, type=transcoder, layer=6, feature=6679, pos=54)",1
0,51,2952,transcoder,7,54,14452,transcoder,4.643435478210449,4.086573123931885,-0.5568623542785645,0.0,-0.11992464564042477,"Node(id=15_14452_54, type=transcoder, layer=7, feature=14452, pos=54)",1
0,51,2952,transcoder,3,54,753,transcoder,0.8902549743652344,0.603868305683136,-0.2863866686820984,0.0,-0.32169061328334225,"Node(id=7_753_54, type=transcoder, layer=3, feature=753, pos=54)",1
0,51,2952,transcoder,14,55,9044,lorsa,3.8024330139160156,0.0,-3.8024330139160156,0.0,-1.0,"Node(id=28_9044_55, type=lorsa, layer=14, feature=9044, pos=55)",1
0,51,2952,transcoder,8,23,3094,transcoder,1.1677106618881226,0.0,-1.1677106618881226,0.0,-1.0,"Node(id=17_3094_23, type=transcoder, layer=8, feature=3094, pos=23)",1
0,51,2952,transcoder,2,51,5718,transcoder,0.8235379457473755,0.0,-0.8235379457473755,0.0,-1.0,"Node(id=5_5718_51, type=transcoder, layer=2, feature=5718, pos=51)",1
0,51,2952,transcoder,3,55,8792,lorsa,2.6274337768554688,1.9936082363128662,-0.6338255405426025,0.0,-0.24123368821922103,"Node(id=6_8792_55, type=lorsa, layer=3, feature=8792, pos=55)",1
0,51,2952,transcoder,11,23,11974,transcoder,3.719128131866455,2.9416768550872803,-0.7774512767791748,0.0,-0.2090412723664373,"Node(id=23_11974_23, type=transcoder, layer=11, feature=11974, pos=23)",1
0,51,2952,transcoder,14,54,7964,transcoder,1.0550146102905273,0.47315606474876404,-0.5818585455417633,0.0,-0.5515170499691303,"Node(id=29_7964_54, type=transcoder, layer=14, feature=7964, pos=54)",1
0,51,2952,transcoder,8,1,11854,transcoder,18.707630157470703,11.641465187072754,-7.066164970397949,0.0,-0.3777156652616498,"Node(id=17_11854_1, type=transcoder, layer=8, feature=11854, pos=1)",1
0,51,2952,transcoder,1,51,11215,lorsa,6.104880332946777,0.0,-6.104880332946777,0.0,-1.0,"Node(id=2_11215_51, type=lorsa, layer=1, feature=11215, pos=51)",1
0,51,2952,transcoder,10,14,14712,transcoder,0.3488500416278839,0.0,-0.3488500416278839,0.0,-1.0,"Node(id=21_14712_14, type=transcoder, layer=10, feature=14712, pos=14)",1
0,51,2952,transcoder,9,14,7241,transcoder,0.5335481762886047,0.4521368443965912,-0.08141133189201355,0.0,-0.15258478148743002,"Node(id=19_7241_14, type=transcoder, layer=9, feature=7241, pos=14)",1
0,51,2952,transcoder,3,54,2767,transcoder,0.7313656210899353,0.5303369164466858,-0.2010287046432495,0.0,-0.274867588585394,"Node(id=7_2767_54, type=transcoder, layer=3, feature=2767, pos=54)",1
0,51,2952,transcoder,14,54,4515,lorsa,2.634603977203369,0.0,-2.634603977203369,0.0,-1.0,"Node(id=28_4515_54, type=lorsa, layer=14, feature=4515, pos=54)",1
0,51,2952,transcoder,9,8,5834,transcoder,18.287195205688477,16.180463790893555,-2.106731414794922,0.0,-0.11520254424470708,"Node(id=19_5834_8, type=transcoder, layer=9, feature=5834, pos=8)",1
0,51,2952,transcoder,9,23,2724,transcoder,0.79766446352005,0.0,-0.79766446352005,0.0,-1.0,"Node(id=19_2724_23, type=transcoder, layer=9, feature=2724, pos=23)",1
0,51,2952,transcoder,6,45,4984,transcoder,0.9259824752807617,0.7739536762237549,-0.15202879905700684,0.0,-0.16418107590093547,"Node(id=13_4984_45, type=transcoder, layer=6, feature=4984, pos=45)",1
0,51,2952,transcoder,10,23,1958,transcoder,0.535693883895874,0.0,-0.535693883895874,0.0,-1.0,"Node(id=21_1958_23, type=transcoder, layer=10, feature=1958, pos=23)",1
0,51,2952,transcoder,7,23,14452,transcoder,3.328442096710205,2.77024245262146,-0.5581996440887451,0.0,-0.1677059801161821,"Node(id=15_14452_23, type=transcoder, layer=7, feature=14452, pos=23)",1
0,51,2952,transcoder,9,23,6254,transcoder,4.684446334838867,3.8894379138946533,-0.7950084209442139,0.0,-0.16971235533890688,"Node(id=19_6254_23, type=transcoder, layer=9, feature=6254, pos=23)",1
0,51,2952,transcoder,12,8,13896,transcoder,13.69265079498291,10.265854835510254,-3.4267959594726562,0.0,-0.25026534385352617,"Node(id=25_13896_8, type=transcoder, layer=12, feature=13896, pos=8)",1
0,51,2952,transcoder,10,1,10273,transcoder,28.066740036010742,15.985068321228027,-12.081671714782715,0.0,-0.43046223748399176,"Node(id=21_10273_1, type=transcoder, layer=10, feature=10273, pos=1)",1
0,51,2952,transcoder,13,54,10153,transcoder,0.38005462288856506,0.25056713819503784,-0.12948748469352722,0.0,-0.3407075638479839,"Node(id=27_10153_54, type=transcoder, layer=13, feature=10153, pos=54)",1
0,51,2952,transcoder,13,37,9843,lorsa,3.7563188076019287,1.1780918836593628,-2.578226923942566,0.0,-0.6863706346556169,"Node(id=26_9843_37, type=lorsa, layer=13, feature=9843, pos=37)",1
0,51,2952,transcoder,14,54,2741,transcoder,0.8528413772583008,0.0,-0.8528413772583008,0.0,-1.0,"Node(id=29_2741_54, type=transcoder, layer=14, feature=2741, pos=54)",1
0,51,2952,transcoder,13,54,1418,lorsa,2.4402384757995605,0.0,-2.4402384757995605,0.0,-1.0,"Node(id=26_1418_54, type=lorsa, layer=13, feature=1418, pos=54)",1
0,51,2952,transcoder,12,54,9524,transcoder,0.9488894939422607,0.7981269359588623,-0.15076255798339844,0.0,-0.1588831565170351,"Node(id=25_9524_54, type=transcoder, layer=12, feature=9524, pos=54)",1
0,51,2952,transcoder,2,23,9551,transcoder,0.662227213382721,0.28779929876327515,-0.3744279146194458,0.0,-0.5654070190000674,"Node(id=5_9551_23, type=transcoder, layer=2, feature=9551, pos=23)",1
0,51,2952,transcoder,13,54,1408,lorsa,1.9592878818511963,0.0,-1.9592878818511963,0.0,-1.0,"Node(id=26_1408_54, type=lorsa, layer=13, feature=1408, pos=54)",1
0,51,2952,transcoder,3,54,5003,lorsa,1.4944757223129272,0.7050514221191406,-0.7894243001937866,0.0,-0.5282282531642823,"Node(id=6_5003_54, type=lorsa, layer=3, feature=5003, pos=54)",1
0,51,2952,transcoder,9,14,12621,transcoder,0.46782758831977844,0.2934524118900299,-0.17437517642974854,0.0,-0.3727338463642642,"Node(id=19_12621_14, type=transcoder, layer=9, feature=12621, pos=14)",1
0,51,2952,transcoder,13,37,12356,transcoder,3.265740394592285,2.777726173400879,-0.48801422119140625,0.0,-0.14943448107495175,"Node(id=27_12356_37, type=transcoder, layer=13, feature=12356, pos=37)",1
0,51,2952,transcoder,11,54,14428,lorsa,3.4473183155059814,2.5568594932556152,-0.8904588222503662,0.0,-0.25830478672221735,"Node(id=22_14428_54, type=lorsa, layer=11, feature=14428, pos=54)",1
0,51,2952,transcoder,6,55,4801,transcoder,1.9008395671844482,1.1508688926696777,-0.7499706745147705,0.0,-0.3945470661817284,"Node(id=13_4801_55, type=transcoder, layer=6, feature=4801, pos=55)",1
0,51,2952,transcoder,10,54,9349,transcoder,0.3694993257522583,0.0,-0.3694993257522583,0.0,-1.0,"Node(id=21_9349_54, type=transcoder, layer=10, feature=9349, pos=54)",1
0,51,2952,transcoder,5,23,11039,transcoder,0.8521392941474915,0.0,-0.8521392941474915,0.0,-1.0,"Node(id=11_11039_23, type=transcoder, layer=5, feature=11039, pos=23)",1
0,51,2952,transcoder,13,37,2468,transcoder,0.917811930179596,0.23061242699623108,-0.6871995031833649,0.0,-0.7487367298100982,"Node(id=27_2468_37, type=transcoder, layer=13, feature=2468, pos=37)",1
0,51,2952,transcoder,14,55,8748,lorsa,1.8016709089279175,0.0,-1.8016709089279175,0.0,-1.0,"Node(id=28_8748_55, type=lorsa, layer=14, feature=8748, pos=55)",1
0,51,2952,transcoder,3,55,10711,transcoder,0.27328234910964966,0.0,-0.27328234910964966,0.0,-1.0,"Node(id=7_10711_55, type=transcoder, layer=3, feature=10711, pos=55)",1
0,51,2952,transcoder,6,54,9512,transcoder,1.2145551443099976,1.011492133140564,-0.2030630111694336,0.0,-0.16719126514819216,"Node(id=13_9512_54, type=transcoder, layer=6, feature=9512, pos=54)",1
0,51,2952,transcoder,9,14,3455,transcoder,0.7396717071533203,0.6132585406303406,-0.12641316652297974,0.0,-0.1709044232737925,"Node(id=19_3455_14, type=transcoder, layer=9, feature=3455, pos=14)",1
0,51,2952,transcoder,5,37,11552,transcoder,1.0308445692062378,0.22713521122932434,-0.8037093579769135,0.0,-0.7796610487998,"Node(id=11_11552_37, type=transcoder, layer=5, feature=11552, pos=37)",1
0,51,2952,transcoder,13,14,12341,transcoder,0.8768914937973022,0.0,-0.8768914937973022,0.0,-1.0,"Node(id=27_12341_14, type=transcoder, layer=13, feature=12341, pos=14)",1
0,51,2952,transcoder,14,54,15619,transcoder,0.5415058135986328,0.17097695171833038,-0.37052886188030243,0.0,-0.684256479940473,"Node(id=29_15619_54, type=transcoder, layer=14, feature=15619, pos=54)",1
0,51,2952,transcoder,2,55,14270,transcoder,0.3816030025482178,0.0,-0.3816030025482178,0.0,-1.0,"Node(id=5_14270_55, type=transcoder, layer=2, feature=14270, pos=55)",1
0,51,2952,transcoder,8,2,11854,transcoder,15.785051345825195,9.017627716064453,-6.767423629760742,0.0,-0.4287235740636713,"Node(id=17_11854_2, type=transcoder, layer=8, feature=11854, pos=2)",1
0,51,2952,transcoder,13,55,14142,transcoder,0.6139975786209106,0.2745231091976166,-0.33947446942329407,0.0,-0.5528921957408721,"Node(id=27_14142_55, type=transcoder, layer=13, feature=14142, pos=55)",1
0,51,2952,transcoder,3,23,8633,lorsa,3.103882074356079,0.0,-3.103882074356079,0.0,-1.0,"Node(id=6_8633_23, type=lorsa, layer=3, feature=8633, pos=23)",1
0,51,2952,transcoder,9,1,5834,transcoder,15.394159317016602,7.809280872344971,-7.584878444671631,0.0,-0.492711442598061,"Node(id=19_5834_1, type=transcoder, layer=9, feature=5834, pos=1)",1
0,51,2952,transcoder,5,51,14178,lorsa,3.6305649280548096,2.2801568508148193,-1.3504080772399902,0.0,-0.3719553579127186,"Node(id=10_14178_51, type=lorsa, layer=5, feature=14178, pos=51)",1
0,51,2952,transcoder,7,54,2518,transcoder,0.3623811900615692,0.0,-0.3623811900615692,0.0,-1.0,"Node(id=15_2518_54, type=transcoder, layer=7, feature=2518, pos=54)",1
0,51,2952,transcoder,9,14,3914,lorsa,2.4319560527801514,1.3084455728530884,-1.123510479927063,0.0,-0.4619781178375711,"Node(id=18_3914_14, type=lorsa, layer=9, feature=3914, pos=14)",1
0,51,2952,transcoder,9,2,5834,transcoder,14.738499641418457,5.837360858917236,-8.90113878250122,0.0,-0.6039379176349161,"Node(id=19_5834_2, type=transcoder, layer=9, feature=5834, pos=2)",1
0,51,2952,transcoder,11,37,2664,lorsa,2.993786096572876,0.0,-2.993786096572876,0.0,-1.0,"Node(id=22_2664_37, type=lorsa, layer=11, feature=2664, pos=37)",1
0,51,2952,transcoder,7,37,13853,lorsa,4.031331539154053,0.0,-4.031331539154053,0.0,-1.0,"Node(id=14_13853_37, type=lorsa, layer=7, feature=13853, pos=37)",1
0,51,2952,transcoder,10,37,12941,lorsa,4.228793144226074,0.0,-4.228793144226074,0.0,-1.0,"Node(id=20_12941_37, type=lorsa, layer=10, feature=12941, pos=37)",1
0,51,2952,transcoder,7,54,13289,transcoder,0.9898383617401123,0.6509582996368408,-0.3388800621032715,0.0,-0.3423589903179024,"Node(id=15_13289_54, type=transcoder, layer=7, feature=13289, pos=54)",1
0,51,2952,transcoder,10,37,13042,lorsa,2.682366371154785,0.0,-2.682366371154785,0.0,-1.0,"Node(id=20_13042_37, type=lorsa, layer=10, feature=13042, pos=37)",1
0,51,2952,transcoder,4,23,12289,transcoder,0.3856951594352722,0.0,-0.3856951594352722,0.0,-1.0,"Node(id=9_12289_23, type=transcoder, layer=4, feature=12289, pos=23)",1
0,5,10273,lorsa,4,55,9090,lorsa,4.7906646728515625,4.263028144836426,-0.5276365280151367,0.0,-0.1101384805756129,"Node(id=8_9090_55, type=lorsa, layer=4, feature=9090, pos=55)",1
0,5,10273,lorsa,1,5,853,transcoder,1.0840907096862793,0.2445741593837738,-0.8395165503025055,0.0,-0.7743969603295003,"Node(id=3_853_5, type=transcoder, layer=1, feature=853, pos=5)",1
0,5,10273,lorsa,14,55,8748,lorsa,1.8016709089279175,1.6155791282653809,-0.18609178066253662,0.0,-0.10328844171284886,"Node(id=28_8748_55, type=lorsa, layer=14, feature=8748, pos=55)",1
0,5,10273,lorsa,14,54,15619,transcoder,0.5415058135986328,0.37494978308677673,-0.16655603051185608,0.0,-0.30757939495605924,"Node(id=29_15619_54, type=transcoder, layer=14, feature=15619, pos=54)",1
0,51,13740,lorsa,1,51,11331,transcoder,0.7390512824058533,0.5067070126533508,-0.23234426975250244,0.0,-0.31438179634320634,"Node(id=3_11331_51, type=transcoder, layer=1, feature=11331, pos=51)",1
0,51,13740,lorsa,1,51,11215,lorsa,6.104880332946777,5.476773738861084,-0.6281065940856934,0.0,-0.10288597971297356,"Node(id=2_11215_51, type=lorsa, layer=1, feature=11215, pos=51)",1
0,55,11076,transcoder,1,55,8511,transcoder,0.6230177879333496,0.0,-0.6230177879333496,0.0,-1.0,"Node(id=3_8511_55, type=transcoder, layer=1, feature=8511, pos=55)",1
0,55,12046,lorsa,1,55,8511,transcoder,0.6230177879333496,0.32680076360702515,-0.29621702432632446,0.0,-0.4754551636622191,"Node(id=3_8511_55, type=transcoder, layer=1, feature=8511, pos=55)",1
1,55,8511,transcoder,14,54,2741,transcoder,0.8528413772583008,0.7381666898727417,-0.11467468738555908,0.0,-0.13446191805821292,"Node(id=29_2741_54, type=transcoder, layer=14, feature=2741, pos=54)",1
1,55,8511,transcoder,9,14,12621,transcoder,0.46782758831977844,0.4146615266799927,-0.05316606163978577,0.0,-0.11364456258497668,"Node(id=19_12621_14, type=transcoder, layer=9, feature=12621, pos=14)",1
1,55,8511,transcoder,6,55,4801,transcoder,1.9008395671844482,1.7061775922775269,-0.1946619749069214,0.0,-0.10240841903099565,"Node(id=13_4801_55, type=transcoder, layer=6, feature=4801, pos=55)",1
1,55,8511,transcoder,10,54,9349,transcoder,0.3694993257522583,0.2936992943286896,-0.07580003142356873,0.0,-0.2051425432759547,"Node(id=21_9349_54, type=transcoder, layer=10, feature=9349, pos=54)",1
1,55,8511,transcoder,14,55,8748,lorsa,1.8016709089279175,1.5178446769714355,-0.28382623195648193,0.0,-0.1575350029519944,"Node(id=28_8748_55, type=lorsa, layer=14, feature=8748, pos=55)",1
1,55,8511,transcoder,2,55,12041,transcoder,0.4566259980201721,0.0,-0.4566259980201721,0.0,-1.0,"Node(id=5_12041_55, type=transcoder, layer=2, feature=12041, pos=55)",1
1,55,8511,transcoder,13,14,12341,transcoder,0.8768914937973022,0.7873769402503967,-0.08951455354690552,0.0,-0.1020816762165984,"Node(id=27_12341_14, type=transcoder, layer=13, feature=12341, pos=14)",1
1,55,8511,transcoder,2,55,14270,transcoder,0.3816030025482178,0.3021783232688904,-0.07942467927932739,0.0,-0.2081343143239331,"Node(id=5_14270_55, type=transcoder, layer=2, feature=14270, pos=55)",1
1,55,8511,transcoder,2,55,4532,transcoder,0.5893785953521729,0.45885807275772095,-0.1305205225944519,0.0,-0.22145446682952857,"Node(id=5_4532_55, type=transcoder, layer=2, feature=4532, pos=55)",1
1,55,8511,transcoder,2,55,15040,lorsa,1.2088054418563843,1.0805041790008545,-0.12830126285552979,0.0,-0.10613888588927531,"Node(id=4_15040_55, type=lorsa, layer=2, feature=15040, pos=55)",1
0,3,13486,transcoder,14,45,10832,lorsa,3.8204092979431152,2.3487555980682373,-1.471653699874878,0.0,-0.38520838609287417,"Node(id=28_10832_45, type=lorsa, layer=14, feature=10832, pos=45)",1
0,3,13486,transcoder,14,45,13630,transcoder,2.0045013427734375,1.2651042938232422,-0.7393970489501953,0.0,-0.3688683230948412,"Node(id=29_13630_45, type=transcoder, layer=14, feature=13630, pos=45)",1
0,3,13486,transcoder,4,55,9090,lorsa,4.7906646728515625,3.747743606567383,-1.0429210662841797,0.0,-0.21769861543312705,"Node(id=8_9090_55, type=lorsa, layer=4, feature=9090, pos=55)",1
0,3,13486,transcoder,14,55,9044,lorsa,3.8024330139160156,1.4451661109924316,-2.357266902923584,0.0,-0.6199364707534725,"Node(id=28_9044_55, type=lorsa, layer=14, feature=9044, pos=55)",1
0,3,13486,transcoder,3,54,9407,transcoder,0.9804326891899109,0.8113595247268677,-0.1690731644630432,0.0,-0.17244749825991731,"Node(id=7_9407_54, type=transcoder, layer=3, feature=9407, pos=54)",1
0,3,13486,transcoder,14,54,7964,transcoder,1.0550146102905273,0.5658900737762451,-0.4891245365142822,0.0,-0.4636187326160235,"Node(id=29_7964_54, type=transcoder, layer=14, feature=7964, pos=54)",1
0,3,13486,transcoder,10,14,14712,transcoder,0.3488500416278839,0.26694613695144653,-0.08190390467643738,0.0,-0.2347825566946721,"Node(id=21_14712_14, type=transcoder, layer=10, feature=14712, pos=14)",1
0,3,13486,transcoder,9,14,7241,transcoder,0.5335481762886047,0.44617438316345215,-0.08737379312515259,0.0,-0.16375989462269422,"Node(id=19_7241_14, type=transcoder, layer=9, feature=7241, pos=14)",1
0,3,13486,transcoder,6,45,4984,transcoder,0.9259824752807617,0.718034565448761,-0.20794790983200073,0.0,-0.22457002738518358,"Node(id=13_4984_45, type=transcoder, layer=6, feature=4984, pos=45)",1
0,3,13486,transcoder,12,8,13896,transcoder,13.69265079498291,11.948200225830078,-1.744450569152832,0.0,-0.12740050084327073,"Node(id=25_13896_8, type=transcoder, layer=12, feature=13896, pos=8)",1
0,3,13486,transcoder,13,37,9843,lorsa,3.7563188076019287,2.6426939964294434,-1.1136248111724854,0.0,-0.29646706475466456,"Node(id=26_9843_37, type=lorsa, layer=13, feature=9843, pos=37)",1
0,3,13486,transcoder,14,54,2741,transcoder,0.8528413772583008,0.710892915725708,-0.14194846153259277,0.0,-0.16644180889642826,"Node(id=29_2741_54, type=transcoder, layer=14, feature=2741, pos=54)",1
0,3,13486,transcoder,4,54,15551,lorsa,4.019529342651367,3.1627750396728516,-0.8567543029785156,0.0,-0.2131479160725276,"Node(id=8_15551_54, type=lorsa, layer=4, feature=15551, pos=54)",1
0,3,13486,transcoder,12,54,9524,transcoder,0.9488894939422607,0.6405391693115234,-0.3083503246307373,0.0,-0.3249591513018693,"Node(id=25_9524_54, type=transcoder, layer=12, feature=9524, pos=54)",1
0,3,13486,transcoder,13,54,1408,lorsa,1.9592878818511963,1.1022698879241943,-0.857017993927002,0.0,-0.4374130018694673,"Node(id=26_1408_54, type=lorsa, layer=13, feature=1408, pos=54)",1
0,3,13486,transcoder,9,14,12621,transcoder,0.46782758831977844,0.31986522674560547,-0.14796236157417297,0.0,-0.3162754084375095,"Node(id=19_12621_14, type=transcoder, layer=9, feature=12621, pos=14)",1
0,3,13486,transcoder,6,55,4801,transcoder,1.9008395671844482,1.4825108051300049,-0.41832876205444336,0.0,-0.22007578612964065,"Node(id=13_4801_55, type=transcoder, layer=6, feature=4801, pos=55)",1
0,3,13486,transcoder,10,54,9349,transcoder,0.3694993257522583,0.20239415764808655,-0.16710516810417175,0.0,-0.4522475589474075,"Node(id=21_9349_54, type=transcoder, layer=10, feature=9349, pos=54)",1
0,3,13486,transcoder,6,54,9512,transcoder,1.2145551443099976,1.0848784446716309,-0.1296766996383667,0.0,-0.10676888591339959,"Node(id=13_9512_54, type=transcoder, layer=6, feature=9512, pos=54)",1
0,3,13486,transcoder,13,54,3932,transcoder,0.4565145671367645,0.0,-0.4565145671367645,0.0,-1.0,"Node(id=27_3932_54, type=transcoder, layer=13, feature=3932, pos=54)",1
0,3,13486,transcoder,9,14,3455,transcoder,0.7396717071533203,0.6133707761764526,-0.12630093097686768,0.0,-0.1707526863004479,"Node(id=19_3455_14, type=transcoder, layer=9, feature=3455, pos=14)",1
0,3,13486,transcoder,13,14,12341,transcoder,0.8768914937973022,0.0,-0.8768914937973022,0.0,-1.0,"Node(id=27_12341_14, type=transcoder, layer=13, feature=12341, pos=14)",1
0,3,13486,transcoder,14,54,15619,transcoder,0.5415058135986328,0.0,-0.5415058135986328,0.0,-1.0,"Node(id=29_15619_54, type=transcoder, layer=14, feature=15619, pos=54)",1
0,3,13486,transcoder,13,55,14142,transcoder,0.6139975786209106,0.0,-0.6139975786209106,0.0,-1.0,"Node(id=27_14142_55, type=transcoder, layer=13, feature=14142, pos=55)",1
0,3,13486,transcoder,1,3,853,transcoder,1.451816201210022,0.0,-1.451816201210022,0.0,-1.0,"Node(id=3_853_3, type=transcoder, layer=1, feature=853, pos=3)",1
0,3,13486,transcoder,9,14,3914,lorsa,2.4319560527801514,1.213884711265564,-1.2180713415145874,0.0,-0.500860753681021,"Node(id=18_3914_14, type=lorsa, layer=9, feature=3914, pos=14)",1
0,3,13486,transcoder,10,54,12026,transcoder,0.6972393989562988,0.5952638387680054,-0.10197556018829346,0.0,-0.14625616444070888,"Node(id=21_12026_54, type=transcoder, layer=10, feature=12026, pos=54)",1
0,3,13486,transcoder,10,14,9278,transcoder,7.185402870178223,6.201512336730957,-0.9838905334472656,0.0,-0.13692907011946873,"Node(id=21_9278_14, type=transcoder, layer=10, feature=9278, pos=14)",1
0,3,13486,transcoder,7,54,13289,transcoder,0.9898383617401123,0.7556886672973633,-0.23414969444274902,0.0,-0.23655346518508277,"Node(id=15_13289_54, type=transcoder, layer=7, feature=13289, pos=54)",1
0,55,11076,transcoder,10,63,3332,transcoder,2.5075552463531494,2.2033612728118896,-0.30419397354125977,0.0,-0.12131097569382081,"Node(id=21_3332_63, type=transcoder, layer=10, feature=3332, pos=63)",1
0,55,12046,lorsa,0,55,11076,transcoder,1.237419605255127,0.9205142855644226,-0.31690531969070435,0.0,-0.2561017445859571,"Node(id=1_11076_55, type=transcoder, layer=0, feature=11076, pos=55)",1
0,55,11076,transcoder,9,63,13165,transcoder,2.440319061279297,1.8647205829620361,-0.5755984783172607,0.0,-0.23587017265501042,"Node(id=19_13165_63, type=transcoder, layer=9, feature=13165, pos=63)",1
0,55,11076,transcoder,5,54,5938,transcoder,1.32710599899292,1.1787371635437012,-0.14836883544921875,0.0,-0.11179878288682975,"Node(id=11_5938_54, type=transcoder, layer=5, feature=5938, pos=54)",1
0,55,11076,transcoder,14,55,9044,lorsa,3.8024330139160156,1.457480549812317,-2.3449524641036987,0.0,-0.6166979025065585,"Node(id=28_9044_55, type=lorsa, layer=14, feature=9044, pos=55)",1
0,55,11076,transcoder,4,23,3675,transcoder,0.6166015863418579,0.5344604849815369,-0.08214110136032104,0.0,-0.13321584501208233,"Node(id=9_3675_23, type=transcoder, layer=4, feature=3675, pos=23)",1
0,55,11076,transcoder,3,55,15371,transcoder,0.6983613967895508,0.0,-0.6983613967895508,0.0,-1.0,"Node(id=7_15371_55, type=transcoder, layer=3, feature=15371, pos=55)",1
0,55,11076,transcoder,6,23,4099,transcoder,2.014463186264038,1.6494992971420288,-0.3649638891220093,0.0,-0.181171783932602,"Node(id=13_4099_23, type=transcoder, layer=6, feature=4099, pos=23)",1
0,55,11076,transcoder,3,55,8792,lorsa,2.6274337768554688,1.6419129371643066,-0.9855208396911621,0.0,-0.37508874566979206,"Node(id=6_8792_55, type=lorsa, layer=3, feature=8792, pos=55)",1
0,55,11076,transcoder,8,23,986,transcoder,0.8977439403533936,0.5303459763526917,-0.3673979640007019,0.0,-0.40924583000368353,"Node(id=17_986_23, type=transcoder, layer=8, feature=986, pos=23)",1
0,55,11076,transcoder,10,14,14712,transcoder,0.3488500416278839,0.12066575139760971,-0.2281842902302742,0.0,-0.6541042367817084,"Node(id=21_14712_14, type=transcoder, layer=10, feature=14712, pos=14)",1
0,55,11076,transcoder,9,14,7241,transcoder,0.5335481762886047,0.4332975149154663,-0.10025066137313843,0.0,-0.18789430051188338,"Node(id=19_7241_14, type=transcoder, layer=9, feature=7241, pos=14)",1
0,55,11076,transcoder,3,54,2767,transcoder,0.7313656210899353,0.5860456824302673,-0.14531993865966797,0.0,-0.19869670445146356,"Node(id=7_2767_54, type=transcoder, layer=3, feature=2767, pos=54)",1
0,55,11076,transcoder,1,55,16329,lorsa,1.2881624698638916,0.0,-1.2881624698638916,0.0,-1.0,"Node(id=2_16329_55, type=lorsa, layer=1, feature=16329, pos=55)",1
0,55,11076,transcoder,6,45,4984,transcoder,0.9259824752807617,0.734963595867157,-0.19101887941360474,0.0,-0.20628779108987674,"Node(id=13_4984_45, type=transcoder, layer=6, feature=4984, pos=45)",1
0,55,11076,transcoder,10,23,1958,transcoder,0.535693883895874,0.4218275547027588,-0.11386632919311523,0.0,-0.21255857611256226,"Node(id=21_1958_23, type=transcoder, layer=10, feature=1958, pos=23)",1
0,55,11076,transcoder,12,8,13896,transcoder,13.69265079498291,10.603312492370605,-3.0893383026123047,0.0,-0.22562017748559404,"Node(id=25_13896_8, type=transcoder, layer=12, feature=13896, pos=8)",1
0,55,11076,transcoder,10,1,10273,transcoder,28.066740036010742,24.839086532592773,-3.2276535034179688,0.0,-0.11499923038004276,"Node(id=21_10273_1, type=transcoder, layer=10, feature=10273, pos=1)",1
0,55,11076,transcoder,13,37,9843,lorsa,3.7563188076019287,3.3736188411712646,-0.38269996643066406,0.0,-0.101881652232544,"Node(id=26_9843_37, type=lorsa, layer=13, feature=9843, pos=37)",1
0,55,11076,transcoder,1,55,4857,transcoder,0.4845144748687744,0.0,-0.4845144748687744,0.0,-1.0,"Node(id=3_4857_55, type=transcoder, layer=1, feature=4857, pos=55)",1
0,55,11076,transcoder,13,54,1418,lorsa,2.4402384757995605,1.1868687868118286,-1.253369688987732,0.0,-0.5136259023114768,"Node(id=26_1418_54, type=lorsa, layer=13, feature=1418, pos=54)",1
0,55,11076,transcoder,12,54,9524,transcoder,0.9488894939422607,0.58709716796875,-0.36179232597351074,0.0,-0.3812797257037873,"Node(id=25_9524_54, type=transcoder, layer=12, feature=9524, pos=54)",1
0,55,11076,transcoder,13,54,1408,lorsa,1.9592878818511963,0.9058379530906677,-1.0534499287605286,0.0,-0.5376698026454367,"Node(id=26_1408_54, type=lorsa, layer=13, feature=1408, pos=54)",1
0,55,11076,transcoder,1,55,11995,lorsa,0.9528807401657104,0.3907844126224518,-0.5620963275432587,0.0,-0.5898915822829072,"Node(id=2_11995_55, type=lorsa, layer=1, feature=11995, pos=55)",1
0,55,11076,transcoder,9,14,12621,transcoder,0.46782758831977844,0.0,-0.46782758831977844,0.0,-1.0,"Node(id=19_12621_14, type=transcoder, layer=9, feature=12621, pos=14)",1
0,55,11076,transcoder,6,55,4801,transcoder,1.9008395671844482,0.0,-1.9008395671844482,0.0,-1.0,"Node(id=13_4801_55, type=transcoder, layer=6, feature=4801, pos=55)",1
0,55,11076,transcoder,10,54,9349,transcoder,0.3694993257522583,0.0,-0.3694993257522583,0.0,-1.0,"Node(id=21_9349_54, type=transcoder, layer=10, feature=9349, pos=54)",1
0,55,11076,transcoder,14,55,8748,lorsa,1.8016709089279175,0.0,-1.8016709089279175,0.0,-1.0,"Node(id=28_8748_55, type=lorsa, layer=14, feature=8748, pos=55)",1
0,55,11076,transcoder,6,54,9512,transcoder,1.2145551443099976,0.8135395050048828,-0.40101563930511475,0.0,-0.33017491316372977,"Node(id=13_9512_54, type=transcoder, layer=6, feature=9512, pos=54)",1
0,55,11076,transcoder,2,55,12041,transcoder,0.4566259980201721,0.0,-0.4566259980201721,0.0,-1.0,"Node(id=5_12041_55, type=transcoder, layer=2, feature=12041, pos=55)",1
0,55,11076,transcoder,9,14,3455,transcoder,0.7396717071533203,0.6636138558387756,-0.07605785131454468,0.0,-0.10282649799768438,"Node(id=19_3455_14, type=transcoder, layer=9, feature=3455, pos=14)",1
0,55,11076,transcoder,5,37,11552,transcoder,1.0308445692062378,0.8902652859687805,-0.14057928323745728,0.0,-0.13637291929054343,"Node(id=11_11552_37, type=transcoder, layer=5, feature=11552, pos=37)",1
0,55,11076,transcoder,13,14,12341,transcoder,0.8768914937973022,0.3626357913017273,-0.514255702495575,0.0,-0.5864530630450473,"Node(id=27_12341_14, type=transcoder, layer=13, feature=12341, pos=14)",1
0,55,11076,transcoder,5,23,4945,transcoder,0.720913827419281,0.5996748805046082,-0.12123894691467285,0.0,-0.16817397905750073,"Node(id=11_4945_23, type=transcoder, layer=5, feature=4945, pos=23)",1
0,55,11076,transcoder,2,55,14270,transcoder,0.3816030025482178,0.0,-0.3816030025482178,0.0,-1.0,"Node(id=5_14270_55, type=transcoder, layer=2, feature=14270, pos=55)",1
0,55,11076,transcoder,2,55,4532,transcoder,0.5893785953521729,0.0,-0.5893785953521729,0.0,-1.0,"Node(id=5_4532_55, type=transcoder, layer=2, feature=4532, pos=55)",1
0,55,11076,transcoder,13,55,14142,transcoder,0.6139975786209106,0.5504355430603027,-0.06356203556060791,0.0,-0.10352163880413584,"Node(id=27_14142_55, type=transcoder, layer=13, feature=14142, pos=55)",1
0,55,11076,transcoder,9,1,5834,transcoder,15.394159317016602,13.780879974365234,-1.6132793426513672,0.0,-0.10479814515548497,"Node(id=19_5834_1, type=transcoder, layer=9, feature=5834, pos=1)",1
0,55,11076,transcoder,7,54,2518,transcoder,0.3623811900615692,0.22682002186775208,-0.13556116819381714,0.0,-0.37408445005323,"Node(id=15_2518_54, type=transcoder, layer=7, feature=2518, pos=54)",1
0,55,11076,transcoder,9,14,3914,lorsa,2.4319560527801514,1.0259160995483398,-1.4060399532318115,0.0,-0.5781518755754085,"Node(id=18_3914_14, type=lorsa, layer=9, feature=3914, pos=14)",1
0,55,11076,transcoder,9,2,5834,transcoder,14.738499641418457,11.764199256896973,-2.9743003845214844,0.0,-0.20180482795976326,"Node(id=19_5834_2, type=transcoder, layer=9, feature=5834, pos=2)",1
0,55,11076,transcoder,11,37,2664,lorsa,2.993786096572876,2.6116225719451904,-0.38216352462768555,0.0,-0.1276522477892344,"Node(id=22_2664_37, type=lorsa, layer=11, feature=2664, pos=37)",1
0,55,11076,transcoder,10,54,12026,transcoder,0.6972393989562988,0.541019856929779,-0.15621954202651978,0.0,-0.22405438112126996,"Node(id=21_12026_54, type=transcoder, layer=10, feature=12026, pos=54)",1
0,55,11076,transcoder,10,37,12941,lorsa,4.228793144226074,3.78252911567688,-0.44626402854919434,0.0,-0.10552987893449364,"Node(id=20_12941_37, type=lorsa, layer=10, feature=12941, pos=37)",1
0,55,11076,transcoder,7,54,13289,transcoder,0.9898383617401123,0.688774824142456,-0.30106353759765625,0.0,-0.30415424299013194,"Node(id=15_13289_54, type=transcoder, layer=7, feature=13289, pos=54)",1
0,55,11076,transcoder,2,55,15040,lorsa,1.2088054418563843,0.6904662251472473,-0.518339216709137,0.0,-0.42880284846593186,"Node(id=4_15040_55, type=lorsa, layer=2, feature=15040, pos=55)",1
0,55,11076,transcoder,10,37,13042,lorsa,2.682366371154785,2.2489187717437744,-0.43344759941101074,0.0,-0.1615914977432435,"Node(id=20_13042_37, type=lorsa, layer=10, feature=13042, pos=37)",1
0,55,11076,transcoder,3,55,9255,transcoder,0.6651935577392578,0.0,-0.6651935577392578,0.0,-1.0,"Node(id=7_9255_55, type=transcoder, layer=3, feature=9255, pos=55)",1
9,63,13165,transcoder,10,63,3332,transcoder,2.5075552463531494,1.4313676357269287,-1.0761876106262207,0.0,-0.4291780259642809,"Node(id=21_3332_63, type=transcoder, layer=10, feature=3332, pos=63)",1
8,63,2167,transcoder,10,63,3332,transcoder,2.5075552463531494,2.0718038082122803,-0.43575143814086914,0.0,-0.17377540884676504,"Node(id=21_3332_63, type=transcoder, layer=10, feature=3332, pos=63)",1
13,54,12356,transcoder,14,45,10832,lorsa,3.8204092979431152,1.6038542985916138,-2.2165549993515015,0.0,-0.580187834990581,"Node(id=28_10832_45, type=lorsa, layer=14, feature=10832, pos=45)",1
14,45,10832,lorsa,14,45,13630,transcoder,2.0045013427734375,1.0340508222579956,-0.9704505205154419,0.0,-0.4841356300478811,"Node(id=29_13630_45, type=transcoder, layer=14, feature=13630, pos=45)",1
0,50,5593,transcoder,14,45,10832,lorsa,3.8204092979431152,3.205768585205078,-0.6146407127380371,0.0,-0.16088347211094786,"Node(id=28_10832_45, type=lorsa, layer=14, feature=10832, pos=45)",1
13,54,7656,transcoder,14,45,10832,lorsa,3.8204092979431152,2.2547667026519775,-1.5656425952911377,0.0,-0.4098101729922158,"Node(id=28_10832_45, type=lorsa, layer=14, feature=10832, pos=45)",1
0,35,11076,transcoder,14,45,10832,lorsa,3.8204092979431152,3.033428430557251,-0.7869808673858643,0.0,-0.20599386244022858,"Node(id=28_10832_45, type=lorsa, layer=14, feature=10832, pos=45)",1
0,23,8135,transcoder,14,45,10832,lorsa,3.8204092979431152,2.7818541526794434,-1.0385551452636719,0.0,-0.27184394766885933,"Node(id=28_10832_45, type=lorsa, layer=14, feature=10832, pos=45)",1
0,55,12046,lorsa,0,55,12875,transcoder,0.8819401860237122,0.729085385799408,-0.1528548002243042,0.0,-0.17331651584384714,"Node(id=1_12875_55, type=transcoder, layer=0, feature=12875, pos=55)",1
0,55,12046,lorsa,3,54,2767,transcoder,0.7313656210899353,0.650872528553009,-0.08049309253692627,0.0,-0.1100586221389098,"Node(id=7_2767_54, type=transcoder, layer=3, feature=2767, pos=54)",1
0,55,12046,lorsa,1,55,16329,lorsa,1.2881624698638916,0.8885276913642883,-0.39963477849960327,0.0,-0.31023631556493725,"Node(id=2_16329_55, type=lorsa, layer=1, feature=16329, pos=55)",1
0,55,12046,lorsa,0,55,8903,transcoder,0.28014376759529114,0.19243943691253662,-0.08770433068275452,0.0,-0.31306900537389903,"Node(id=1_8903_55, type=transcoder, layer=0, feature=8903, pos=55)",1
0,55,12046,lorsa,1,55,4857,transcoder,0.4845144748687744,0.3678207993507385,-0.11669367551803589,0.0,-0.2408466239313926,"Node(id=3_4857_55, type=transcoder, layer=1, feature=4857, pos=55)",1
0,55,12046,lorsa,1,55,11995,lorsa,0.9528807401657104,0.7038614153862,-0.2490193247795105,0.0,-0.2613331493469003,"Node(id=2_11995_55, type=lorsa, layer=1, feature=11995, pos=55)",1
0,55,12046,lorsa,10,54,9349,transcoder,0.3694993257522583,0.31786227226257324,-0.05163705348968506,0.0,-0.1397487082948201,"Node(id=21_9349_54, type=transcoder, layer=10, feature=9349, pos=54)",1
0,55,12046,lorsa,2,55,12041,transcoder,0.4566259980201721,0.0,-0.4566259980201721,0.0,-1.0,"Node(id=5_12041_55, type=transcoder, layer=2, feature=12041, pos=55)",1
0,55,12046,lorsa,2,55,14270,transcoder,0.3816030025482178,0.31359031796455383,-0.06801268458366394,0.0,-0.17822890315196127,"Node(id=5_14270_55, type=transcoder, layer=2, feature=14270, pos=55)",1
0,55,12046,lorsa,3,55,9255,transcoder,0.6651935577392578,0.5806954503059387,-0.08449810743331909,0.0,-0.12702784993964208,"Node(id=7_9255_55, type=transcoder, layer=3, feature=9255, pos=55)",1
13,54,12356,transcoder,14,45,13630,transcoder,2.0045013427734375,1.123440146446228,-0.8810611963272095,0.0,-0.43954133505751064,"Node(id=29_13630_45, type=transcoder, layer=14, feature=13630, pos=45)",1
13,54,12356,transcoder,14,54,7964,transcoder,1.0550146102905273,0.5277621150016785,-0.5272524952888489,0.0,-0.4997584774145027,"Node(id=29_7964_54, type=transcoder, layer=14, feature=7964, pos=54)",1
13,54,12356,transcoder,14,54,4515,lorsa,2.634603977203369,1.4450867176055908,-1.1895172595977783,0.0,-0.45149755708653044,"Node(id=28_4515_54, type=lorsa, layer=14, feature=4515, pos=54)",1
13,54,12356,transcoder,14,54,2741,transcoder,0.8528413772583008,0.6101794242858887,-0.2426619529724121,0.0,-0.2845335128468056,"Node(id=29_2741_54, type=transcoder, layer=14, feature=2741, pos=54)",1
13,54,12356,transcoder,14,54,15619,transcoder,0.5415058135986328,0.2583349049091339,-0.2831709086894989,0.0,-0.5229323519311038,"Node(id=29_15619_54, type=transcoder, layer=14, feature=15619, pos=54)",1
0,35,11076,transcoder,1,51,11331,transcoder,0.7390512824058533,0.6521532535552979,-0.08689802885055542,0.0,-0.11758051290794592,"Node(id=3_11331_51, type=transcoder, layer=1, feature=11331, pos=51)",1
1,51,11331,transcoder,2,51,5718,transcoder,0.8235379457473755,0.6472083926200867,-0.17632955312728882,0.0,-0.21411223858940293,"Node(id=5_5718_51, type=transcoder, layer=2, feature=5718, pos=51)",1
1,51,11215,lorsa,1,51,11331,transcoder,0.7390512824058533,0.0,-0.7390512824058533,0.0,-1.0,"Node(id=3_11331_51, type=transcoder, layer=1, feature=11331, pos=51)",1
1,51,11331,transcoder,14,54,4515,lorsa,2.634603977203369,2.3486545085906982,-0.2859494686126709,0.0,-0.1085360346704578,"Node(id=28_4515_54, type=lorsa, layer=14, feature=4515, pos=54)",1
1,51,11331,transcoder,5,23,11039,transcoder,0.8521392941474915,0.7535238862037659,-0.09861540794372559,0.0,-0.11572686369589813,"Node(id=11_11039_23, type=transcoder, layer=5, feature=11039, pos=23)",1
1,51,11331,transcoder,7,54,2518,transcoder,0.3623811900615692,0.29679206013679504,-0.06558912992477417,0.0,-0.1809948521710811,"Node(id=15_2518_54, type=transcoder, layer=7, feature=2518, pos=54)",1
13,45,4266,transcoder,14,45,13630,transcoder,2.0045013427734375,1.6105668544769287,-0.3939344882965088,0.0,-0.19652493110903044,"Node(id=29_13630_45, type=transcoder, layer=14, feature=13630, pos=45)",1
0,23,8135,transcoder,13,45,4266,transcoder,1.1723153591156006,1.0497534275054932,-0.12256193161010742,0.0,-0.10454689572826943,"Node(id=27_4266_45, type=transcoder, layer=13, feature=4266, pos=45)",1
8,63,2167,transcoder,9,63,13165,transcoder,2.440319061279297,1.6423252820968628,-0.7979937791824341,0.0,-0.3270038708643693,"Node(id=19_13165_63, type=transcoder, layer=9, feature=13165, pos=63)",1
9,63,13165,transcoder,11,54,14428,lorsa,3.4473183155059814,3.080227851867676,-0.36709046363830566,0.0,-0.10648580433873447,"Node(id=22_14428_54, type=lorsa, layer=11, feature=14428, pos=54)",1
1,54,11614,lorsa,2,54,715,transcoder,0.9930531978607178,0.8506752848625183,-0.14237791299819946,0.0,-0.14337390313521642,"Node(id=5_715_54, type=transcoder, layer=2, feature=715, pos=54)",1
1,54,11614,lorsa,2,54,6509,transcoder,0.7901896834373474,0.6538844108581543,-0.13630527257919312,0.0,-0.17249690224537143,"Node(id=5_6509_54, type=transcoder, layer=2, feature=6509, pos=54)",1
1,54,11614,lorsa,3,54,5003,lorsa,1.4944757223129272,0.9882849454879761,-0.5061907768249512,0.0,-0.3387079289863233,"Node(id=6_5003_54, type=lorsa, layer=3, feature=5003, pos=54)",1
1,54,11614,lorsa,10,54,9349,transcoder,0.3694993257522583,0.3198135197162628,-0.04968580603599548,0.0,-0.1344679207055138,"Node(id=21_9349_54, type=transcoder, layer=10, feature=9349, pos=54)",1
1,54,11614,lorsa,2,54,6885,transcoder,0.6178726553916931,0.5299236178398132,-0.08794903755187988,0.0,-0.14234168931804503,"Node(id=5_6885_54, type=transcoder, layer=2, feature=6885, pos=54)",1
1,54,11614,lorsa,3,55,10711,transcoder,0.27328234910964966,0.2292168289422989,-0.04406552016735077,0.0,-0.16124539440953892,"Node(id=7_10711_55, type=transcoder, layer=3, feature=10711, pos=55)",1
1,54,11614,lorsa,7,54,2518,transcoder,0.3623811900615692,0.31116557121276855,-0.05121561884880066,0.0,-0.1413307871749608,"Node(id=15_2518_54, type=transcoder, layer=7, feature=2518, pos=54)",1
0,23,8135,transcoder,1,51,11218,transcoder,0.6390401721000671,0.44674965739250183,-0.1922905147075653,0.0,-0.3009052061244353,"Node(id=3_11218_51, type=transcoder, layer=1, feature=11218, pos=51)",1
1,51,11218,transcoder,2,51,5718,transcoder,0.8235379457473755,0.6778262257575989,-0.1457117199897766,0.0,-0.17693382647661804,"Node(id=5_5718_51, type=transcoder, layer=2, feature=5718, pos=51)",1
1,51,11215,lorsa,1,51,11218,transcoder,0.6390401721000671,0.4379347562789917,-0.20110541582107544,0.0,-0.3146991763603625,"Node(id=3_11218_51, type=transcoder, layer=1, feature=11218, pos=51)",1
1,51,11218,transcoder,14,54,4515,lorsa,2.634603977203369,2.3630130290985107,-0.2715909481048584,0.0,-0.10308606168322575,"Node(id=28_4515_54, type=lorsa, layer=14, feature=4515, pos=54)",1
1,51,11218,transcoder,5,23,11039,transcoder,0.8521392941474915,0.7665719985961914,-0.08556729555130005,0.0,-0.10041468119000946,"Node(id=11_11039_23, type=transcoder, layer=5, feature=11039, pos=23)",1
1,51,11218,transcoder,7,54,2518,transcoder,0.3623811900615692,0.3187125623226166,-0.04366862773895264,0.0,-0.12050467556424013,"Node(id=15_2518_54, type=transcoder, layer=7, feature=2518, pos=54)",1
0,26,12046,lorsa,0,26,11076,transcoder,1.3201932907104492,0.9992979168891907,-0.32089537382125854,0.0,-0.2430669630570322,"Node(id=1_11076_26, type=transcoder, layer=0, feature=11076, pos=26)",1
0,26,12046,lorsa,1,19,9035,transcoder,1.3196029663085938,1.1381011009216309,-0.1815018653869629,0.0,-0.13754278371674866,"Node(id=3_9035_19, type=transcoder, layer=1, feature=9035, pos=19)",1
0,26,12046,lorsa,2,55,12041,transcoder,0.4566259980201721,0.3947618007659912,-0.06186419725418091,0.0,-0.1354811104107304,"Node(id=5_12041_55, type=transcoder, layer=2, feature=12041, pos=55)",1
13,54,7656,transcoder,14,45,13630,transcoder,2.0045013427734375,1.6692190170288086,-0.3352823257446289,0.0,-0.16726470498679272,"Node(id=29_13630_45, type=transcoder, layer=14, feature=13630, pos=45)",1
0,10,12663,transcoder,14,45,13630,transcoder,2.0045013427734375,1.7666573524475098,-0.23784399032592773,0.0,-0.11865494188038092,"Node(id=29_13630_45, type=transcoder, layer=14, feature=13630, pos=45)",1
12,54,15847,transcoder,14,45,13630,transcoder,2.0045013427734375,1.7742459774017334,-0.2302553653717041,0.0,-0.1148691499767826,"Node(id=29_13630_45, type=transcoder, layer=14, feature=13630, pos=45)",1
0,50,11059,lorsa,0,50,5593,transcoder,1.7583359479904175,1.4104746580123901,-0.34786128997802734,0.0,-0.19783551054370135,"Node(id=1_5593_50, type=transcoder, layer=0, feature=5593, pos=50)",1
0,50,5593,transcoder,1,50,7268,transcoder,0.9070066213607788,0.0,-0.9070066213607788,0.0,-1.0,"Node(id=3_7268_50, type=transcoder, layer=1, feature=7268, pos=50)",1
0,50,2952,lorsa,0,50,5593,transcoder,1.7583359479904175,1.2773715257644653,-0.48096442222595215,0.0,-0.27353386181727163,"Node(id=1_5593_50, type=transcoder, layer=0, feature=5593, pos=50)",1
0,50,5593,transcoder,2,50,12759,transcoder,0.880842924118042,0.0,-0.880842924118042,0.0,-1.0,"Node(id=5_12759_50, type=transcoder, layer=2, feature=12759, pos=50)",1
0,50,5593,transcoder,3,50,6487,transcoder,1.360425591468811,0.0,-1.360425591468811,0.0,-1.0,"Node(id=7_6487_50, type=transcoder, layer=3, feature=6487, pos=50)",1
0,50,5593,transcoder,3,50,3742,lorsa,2.241936445236206,0.0,-2.241936445236206,0.0,-1.0,"Node(id=6_3742_50, type=lorsa, layer=3, feature=3742, pos=50)",1
0,50,5593,transcoder,4,50,3019,transcoder,1.0553128719329834,0.0,-1.0553128719329834,0.0,-1.0,"Node(id=9_3019_50, type=transcoder, layer=4, feature=3019, pos=50)",1
0,50,5593,transcoder,8,23,986,transcoder,0.8977439403533936,0.8068395256996155,-0.09090441465377808,0.0,-0.1012587337743476,"Node(id=17_986_23, type=transcoder, layer=8, feature=986, pos=23)",1
0,50,5593,transcoder,14,54,7964,transcoder,1.0550146102905273,0.912499189376831,-0.1425154209136963,0.0,-0.13508383630294063,"Node(id=29_7964_54, type=transcoder, layer=14, feature=7964, pos=54)",1
0,50,5593,transcoder,14,54,4515,lorsa,2.634603977203369,0.9839869141578674,-1.6506170630455017,0.0,-0.6265142986680036,"Node(id=28_4515_54, type=lorsa, layer=14, feature=4515, pos=54)",1
0,50,5593,transcoder,12,8,13896,transcoder,13.69265079498291,11.882768630981445,-1.8098821640014648,0.0,-0.13217909308434414,"Node(id=25_13896_8, type=transcoder, layer=12, feature=13896, pos=8)",1
0,50,5593,transcoder,13,37,9843,lorsa,3.7563188076019287,3.3683369159698486,-0.3879818916320801,0.0,-0.10328779624532763,"Node(id=26_9843_37, type=lorsa, layer=13, feature=9843, pos=37)",1
0,50,5593,transcoder,13,54,1418,lorsa,2.4402384757995605,1.6727302074432373,-0.7675082683563232,0.0,-0.31452182889823666,"Node(id=26_1418_54, type=lorsa, layer=13, feature=1418, pos=54)",1
0,50,5593,transcoder,12,54,9524,transcoder,0.9488894939422607,0.7977250218391418,-0.1511644721031189,0.0,-0.15930671913658806,"Node(id=25_9524_54, type=transcoder, layer=12, feature=9524, pos=54)",1
0,50,5593,transcoder,13,54,1408,lorsa,1.9592878818511963,1.2547352313995361,-0.7045526504516602,0.0,-0.35959628851783476,"Node(id=26_1408_54, type=lorsa, layer=13, feature=1408, pos=54)",1
0,50,5593,transcoder,9,14,12621,transcoder,0.46782758831977844,0.4124675393104553,-0.05536004900932312,0.0,-0.11833429748799329,"Node(id=19_12621_14, type=transcoder, layer=9, feature=12621, pos=14)",1
0,50,5593,transcoder,6,50,1735,transcoder,1.3566333055496216,0.0,-1.3566333055496216,0.0,-1.0,"Node(id=13_1735_50, type=transcoder, layer=6, feature=1735, pos=50)",1
0,50,5593,transcoder,14,51,6541,lorsa,2.6790273189544678,1.7218328714370728,-0.957194447517395,0.0,-0.3572917830083775,"Node(id=28_6541_51, type=lorsa, layer=14, feature=6541, pos=51)",1
0,50,5593,transcoder,11,54,14428,lorsa,3.4473183155059814,2.841144323348999,-0.6061739921569824,0.0,-0.1758392862737455,"Node(id=22_14428_54, type=lorsa, layer=11, feature=14428, pos=54)",1
0,50,5593,transcoder,10,54,9349,transcoder,0.3694993257522583,0.24265795946121216,-0.12684136629104614,0.0,-0.3432790196106898,"Node(id=21_9349_54, type=transcoder, layer=10, feature=9349, pos=54)",1
0,50,5593,transcoder,5,23,11039,transcoder,0.8521392941474915,0.7114725112915039,-0.14066678285598755,0.0,-0.16507486959243592,"Node(id=11_11039_23, type=transcoder, layer=5, feature=11039, pos=23)",1
0,50,5593,transcoder,13,37,2468,transcoder,0.917811930179596,0.814254641532898,-0.103557288646698,0.0,-0.11283061947825637,"Node(id=27_2468_37, type=transcoder, layer=13, feature=2468, pos=37)",1
0,50,5593,transcoder,14,55,8748,lorsa,1.8016709089279175,1.0285143852233887,-0.7731565237045288,0.0,-0.4291330452599664,"Node(id=28_8748_55, type=lorsa, layer=14, feature=8748, pos=55)",1
0,50,5593,transcoder,13,54,3932,transcoder,0.4565145671367645,0.3566387891769409,-0.09987577795982361,0.0,-0.21877895066139785,"Node(id=27_3932_54, type=transcoder, layer=13, feature=3932, pos=54)",1
0,50,5593,transcoder,13,14,12341,transcoder,0.8768914937973022,0.554423451423645,-0.3224680423736572,0.0,-0.3677399594529506,"Node(id=27_12341_14, type=transcoder, layer=13, feature=12341, pos=14)",1
0,50,5593,transcoder,7,54,2518,transcoder,0.3623811900615692,0.2135053426027298,-0.14887584745883942,0.0,-0.4108266420603816,"Node(id=15_2518_54, type=transcoder, layer=7, feature=2518, pos=54)",1
0,50,5593,transcoder,11,37,2664,lorsa,2.993786096572876,2.3558402061462402,-0.6379458904266357,0.0,-0.21309000371032574,"Node(id=22_2664_37, type=lorsa, layer=11, feature=2664, pos=37)",1
0,50,5593,transcoder,7,37,13853,lorsa,4.031331539154053,3.1686086654663086,-0.8627228736877441,0.0,-0.21400444625022844,"Node(id=14_13853_37, type=lorsa, layer=7, feature=13853, pos=37)",1
0,50,5593,transcoder,10,54,12026,transcoder,0.6972393989562988,0.5930599570274353,-0.10417944192886353,0.0,-0.14941703249244126,"Node(id=21_12026_54, type=transcoder, layer=10, feature=12026, pos=54)",1
0,50,5593,transcoder,7,54,13289,transcoder,0.9898383617401123,0.8787735104560852,-0.1110648512840271,0.0,-0.11220503829410867,"Node(id=15_13289_54, type=transcoder, layer=7, feature=13289, pos=54)",1
0,50,11059,lorsa,1,50,7268,transcoder,0.9070066213607788,0.553393542766571,-0.35361307859420776,0.0,-0.38986824381026386,"Node(id=3_7268_50, type=transcoder, layer=1, feature=7268, pos=50)",1
0,50,2952,lorsa,1,50,7268,transcoder,0.9070066213607788,0.6824360489845276,-0.22457057237625122,0.0,-0.2475952954338181,"Node(id=3_7268_50, type=transcoder, layer=1, feature=7268, pos=50)",1
1,50,7268,transcoder,2,50,12759,transcoder,0.880842924118042,0.48470795154571533,-0.39613497257232666,0.0,-0.4497226028908197,"Node(id=5_12759_50, type=transcoder, layer=2, feature=12759, pos=50)",1
1,50,7268,transcoder,3,50,6487,transcoder,1.360425591468811,0.690261960029602,-0.670163631439209,0.0,-0.49261322018770115,"Node(id=7_6487_50, type=transcoder, layer=3, feature=6487, pos=50)",1
1,50,7268,transcoder,3,50,3742,lorsa,2.241936445236206,1.6469738483428955,-0.5949625968933105,0.0,-0.26537888625590655,"Node(id=6_3742_50, type=lorsa, layer=3, feature=3742, pos=50)",1
1,50,7268,transcoder,4,50,3019,transcoder,1.0553128719329834,0.8485735654830933,-0.20673930644989014,0.0,-0.19590333061247728,"Node(id=9_3019_50, type=transcoder, layer=4, feature=3019, pos=50)",1
1,50,7268,transcoder,14,54,4515,lorsa,2.634603977203369,2.361908435821533,-0.27269554138183594,0.0,-0.10350532518033398,"Node(id=28_4515_54, type=lorsa, layer=14, feature=4515, pos=54)",1
0,26,11076,transcoder,5,54,5938,transcoder,1.32710599899292,1.1542456150054932,-0.17286038398742676,0.0,-0.13025363770384776,"Node(id=11_5938_54, type=transcoder, layer=5, feature=5938, pos=54)",1
0,26,11076,transcoder,14,55,9044,lorsa,3.8024330139160156,1.1025915145874023,-2.6998414993286133,0.0,-0.7100299964385499,"Node(id=28_9044_55, type=lorsa, layer=14, feature=9044, pos=55)",1
0,26,11076,transcoder,8,23,986,transcoder,0.8977439403533936,0.6490135788917542,-0.2487303614616394,0.0,-0.2770615876991914,"Node(id=17_986_23, type=transcoder, layer=8, feature=986, pos=23)",1
0,26,11076,transcoder,14,54,7964,transcoder,1.0550146102905273,0.7536396384239197,-0.30137497186660767,0.0,-0.285659524453046,"Node(id=29_7964_54, type=transcoder, layer=14, feature=7964, pos=54)",1
0,26,11076,transcoder,14,54,4515,lorsa,2.634603977203369,0.0,-2.634603977203369,0.0,-1.0,"Node(id=28_4515_54, type=lorsa, layer=14, feature=4515, pos=54)",1
0,26,11076,transcoder,10,23,1958,transcoder,0.535693883895874,0.454925000667572,-0.080768883228302,0.0,-0.15077432402420618,"Node(id=21_1958_23, type=transcoder, layer=10, feature=1958, pos=23)",1
0,26,11076,transcoder,7,23,14452,transcoder,3.328442096710205,2.9685299396514893,-0.3599121570587158,0.0,-0.10813231734283404,"Node(id=15_14452_23, type=transcoder, layer=7, feature=14452, pos=23)",1
0,26,11076,transcoder,13,54,10153,transcoder,0.38005462288856506,0.3082219362258911,-0.07183268666267395,0.0,-0.18900621736085513,"Node(id=27_10153_54, type=transcoder, layer=13, feature=10153, pos=54)",1
0,26,11076,transcoder,14,54,2741,transcoder,0.8528413772583008,0.3953823149204254,-0.45745906233787537,0.0,-0.5363940757758572,"Node(id=29_2741_54, type=transcoder, layer=14, feature=2741, pos=54)",1
0,26,11076,transcoder,13,54,1418,lorsa,2.4402384757995605,0.0,-2.4402384757995605,0.0,-1.0,"Node(id=26_1418_54, type=lorsa, layer=13, feature=1418, pos=54)",1
0,26,11076,transcoder,13,54,1408,lorsa,1.9592878818511963,0.0,-1.9592878818511963,0.0,-1.0,"Node(id=26_1408_54, type=lorsa, layer=13, feature=1408, pos=54)",1
0,26,11076,transcoder,9,14,12621,transcoder,0.46782758831977844,0.30197831988334656,-0.16584926843643188,0.0,-0.3545093803298052,"Node(id=19_12621_14, type=transcoder, layer=9, feature=12621, pos=14)",1
0,26,11076,transcoder,11,54,14428,lorsa,3.4473183155059814,2.934317111968994,-0.5130012035369873,0.0,-0.14881167231628026,"Node(id=22_14428_54, type=lorsa, layer=11, feature=14428, pos=54)",1
0,26,11076,transcoder,1,19,9035,transcoder,1.3196029663085938,0.6632073521614075,-0.6563956141471863,0.0,-0.4974190198915375,"Node(id=3_9035_19, type=transcoder, layer=1, feature=9035, pos=19)",1
0,26,11076,transcoder,13,37,2468,transcoder,0.917811930179596,0.6988357901573181,-0.21897614002227783,0.0,-0.23858497892855776,"Node(id=27_2468_37, type=transcoder, layer=13, feature=2468, pos=37)",1
0,26,11076,transcoder,14,55,8748,lorsa,1.8016709089279175,0.0,-1.8016709089279175,0.0,-1.0,"Node(id=28_8748_55, type=lorsa, layer=14, feature=8748, pos=55)",1
0,26,11076,transcoder,2,55,12041,transcoder,0.4566259980201721,0.0,-0.4566259980201721,0.0,-1.0,"Node(id=5_12041_55, type=transcoder, layer=2, feature=12041, pos=55)",1
0,26,11076,transcoder,13,54,3932,transcoder,0.4565145671367645,0.4055798649787903,-0.05093470215797424,0.0,-0.11157300516702902,"Node(id=27_3932_54, type=transcoder, layer=13, feature=3932, pos=54)",1
0,26,11076,transcoder,2,54,3355,transcoder,0.8198118209838867,0.7208691835403442,-0.09894263744354248,0.0,-0.12068944959197798,"Node(id=5_3355_54, type=transcoder, layer=2, feature=3355, pos=54)",1
0,26,11076,transcoder,5,37,11552,transcoder,1.0308445692062378,0.658750057220459,-0.3720945119857788,0.0,-0.36096083066363327,"Node(id=11_11552_37, type=transcoder, layer=5, feature=11552, pos=37)",1
0,26,11076,transcoder,13,14,12341,transcoder,0.8768914937973022,0.3395625948905945,-0.5373288989067078,0.0,-0.6127655504786023,"Node(id=27_12341_14, type=transcoder, layer=13, feature=12341, pos=14)",1
0,26,11076,transcoder,14,54,15619,transcoder,0.5415058135986328,0.0,-0.5415058135986328,0.0,-1.0,"Node(id=29_15619_54, type=transcoder, layer=14, feature=15619, pos=54)",1
0,26,11076,transcoder,3,23,8633,lorsa,3.103882074356079,2.7785000801086426,-0.3253819942474365,0.0,-0.10483065607927104,"Node(id=6_8633_23, type=lorsa, layer=3, feature=8633, pos=23)",1
0,26,11076,transcoder,9,14,3914,lorsa,2.4319560527801514,1.9781416654586792,-0.45381438732147217,0.0,-0.18660468259806048,"Node(id=18_3914_14, type=lorsa, layer=9, feature=3914, pos=14)",1
0,26,11076,transcoder,10,54,12026,transcoder,0.6972393989562988,0.6188910007476807,-0.07834839820861816,0.0,-0.11236943627382256,"Node(id=21_12026_54, type=transcoder, layer=10, feature=12026, pos=54)",1
0,26,11076,transcoder,3,55,9255,transcoder,0.6651935577392578,0.5264369249343872,-0.1387566328048706,0.0,-0.20859587587777023,"Node(id=7_9255_55, type=transcoder, layer=3, feature=9255, pos=55)",1
0,26,11076,transcoder,4,19,7698,lorsa,3.0929362773895264,0.0,-3.0929362773895264,0.0,-1.0,"Node(id=8_7698_19, type=lorsa, layer=4, feature=7698, pos=19)",1
13,54,7656,transcoder,14,54,7964,transcoder,1.0550146102905273,0.8254626393318176,-0.22955197095870972,0.0,-0.21758179338909464,"Node(id=29_7964_54, type=transcoder, layer=14, feature=7964, pos=54)",1
13,54,7656,transcoder,14,54,4515,lorsa,2.634603977203369,2.098329782485962,-0.5362741947174072,0.0,-0.20355021071768897,"Node(id=28_4515_54, type=lorsa, layer=14, feature=4515, pos=54)",1
12,54,9524,transcoder,13,54,7656,transcoder,0.6284548044204712,0.534195065498352,-0.09425973892211914,0.0,-0.149986503817153,"Node(id=27_7656_54, type=transcoder, layer=13, feature=7656, pos=54)",1
12,54,15847,transcoder,13,54,7656,transcoder,0.6284548044204712,0.4667133688926697,-0.1617414355278015,0.0,-0.2573636710072591,"Node(id=27_7656_54, type=transcoder, layer=13, feature=7656, pos=54)",1
2,50,12759,transcoder,3,50,6487,transcoder,1.360425591468811,0.0,-1.360425591468811,0.0,-1.0,"Node(id=7_6487_50, type=transcoder, layer=3, feature=6487, pos=50)",1
2,50,12759,transcoder,3,50,3742,lorsa,2.241936445236206,0.9367485046386719,-1.3051879405975342,0.0,-0.5821699109137869,"Node(id=6_3742_50, type=lorsa, layer=3, feature=3742, pos=50)",1
2,50,12759,transcoder,4,50,3019,transcoder,1.0553128719329834,0.0,-1.0553128719329834,0.0,-1.0,"Node(id=9_3019_50, type=transcoder, layer=4, feature=3019, pos=50)",1
2,50,12759,transcoder,14,54,4515,lorsa,2.634603977203369,2.0546839237213135,-0.5799200534820557,0.0,-0.220116593803081,"Node(id=28_4515_54, type=lorsa, layer=14, feature=4515, pos=54)",1
2,50,12759,transcoder,6,50,1735,transcoder,1.3566333055496216,0.24151092767715454,-1.115122377872467,0.0,-0.8219777395341848,"Node(id=13_1735_50, type=transcoder, layer=6, feature=1735, pos=50)",1
2,50,12759,transcoder,13,54,3932,transcoder,0.4565145671367645,0.39280107617378235,-0.06371349096298218,0.0,-0.13956507754525746,"Node(id=27_3932_54, type=transcoder, layer=13, feature=3932, pos=54)",1
0,23,8135,transcoder,8,63,2167,transcoder,2.175069808959961,1.833009958267212,-0.342059850692749,0.0,-0.1572638493181557,"Node(id=17_2167_63, type=transcoder, layer=8, feature=2167, pos=63)",1
8,63,2167,transcoder,11,54,14428,lorsa,3.4473183155059814,2.7106270790100098,-0.7366912364959717,0.0,-0.21369980056159785,"Node(id=22_14428_54, type=lorsa, layer=11, feature=14428, pos=54)",1
3,50,3742,lorsa,3,50,6487,transcoder,1.360425591468811,1.21051824092865,-0.14990735054016113,0.0,-0.1101915102745977,"Node(id=7_6487_50, type=transcoder, layer=3, feature=6487, pos=50)",1
3,50,6487,transcoder,4,50,3019,transcoder,1.0553128719329834,0.20444458723068237,-0.850868284702301,0.0,-0.8062711138392469,"Node(id=9_3019_50, type=transcoder, layer=4, feature=3019, pos=50)",1
0,23,8135,transcoder,3,50,6487,transcoder,1.360425591468811,1.2102497816085815,-0.1501758098602295,0.0,-0.11038884508052303,"Node(id=7_6487_50, type=transcoder, layer=3, feature=6487, pos=50)",1
3,50,6487,transcoder,6,50,1735,transcoder,1.3566333055496216,1.0255802869796753,-0.3310530185699463,0.0,-0.2440254247155053,"Node(id=13_1735_50, type=transcoder, layer=6, feature=1735, pos=50)",1
0,35,12046,lorsa,0,35,11076,transcoder,1.3822780847549438,1.0452454090118408,-0.337032675743103,0.0,-0.2438240752423226,"Node(id=1_11076_35, type=transcoder, layer=0, feature=11076, pos=35)",1
0,35,11076,transcoder,14,55,9044,lorsa,3.8024330139160156,2.380690574645996,-1.4217424392700195,0.0,-0.3739033492678963,"Node(id=28_9044_55, type=lorsa, layer=14, feature=9044, pos=55)",1
0,35,11076,transcoder,14,54,7964,transcoder,1.0550146102905273,0.8492770791053772,-0.20573753118515015,0.0,-0.1950091772932838,"Node(id=29_7964_54, type=transcoder, layer=14, feature=7964, pos=54)",1
0,35,11076,transcoder,9,14,7241,transcoder,0.5335481762886047,0.41189855337142944,-0.12164962291717529,0.0,-0.228001197124087,"Node(id=19_7241_14, type=transcoder, layer=9, feature=7241, pos=14)",1
0,35,11076,transcoder,14,54,4515,lorsa,2.634603977203369,2.0345988273620605,-0.6000051498413086,0.0,-0.22774016703573557,"Node(id=28_4515_54, type=lorsa, layer=14, feature=4515, pos=54)",1
0,35,11076,transcoder,10,1,10273,transcoder,28.066740036010742,24.81688117980957,-3.249858856201172,0.0,-0.11579039290033234,"Node(id=21_10273_1, type=transcoder, layer=10, feature=10273, pos=1)",1
0,35,11076,transcoder,13,37,9843,lorsa,3.7563188076019287,3.079911708831787,-0.6764070987701416,0.0,-0.1800718025853526,"Node(id=26_9843_37, type=lorsa, layer=13, feature=9843, pos=37)",1
0,35,11076,transcoder,13,54,1418,lorsa,2.4402384757995605,0.0,-2.4402384757995605,0.0,-1.0,"Node(id=26_1418_54, type=lorsa, layer=13, feature=1418, pos=54)",1
0,35,11076,transcoder,12,54,9524,transcoder,0.9488894939422607,0.8413867950439453,-0.10750269889831543,0.0,-0.1132931701579751,"Node(id=25_9524_54, type=transcoder, layer=12, feature=9524, pos=54)",1
0,35,11076,transcoder,13,54,1408,lorsa,1.9592878818511963,1.4778152704238892,-0.48147261142730713,0.0,-0.2457385746562148,"Node(id=26_1408_54, type=lorsa, layer=13, feature=1408, pos=54)",1
0,35,11076,transcoder,9,14,12621,transcoder,0.46782758831977844,0.31637266278266907,-0.15145492553710938,0.0,-0.323740902243636,"Node(id=19_12621_14, type=transcoder, layer=9, feature=12621, pos=14)",1
0,35,11076,transcoder,14,51,6541,lorsa,2.6790273189544678,1.81947922706604,-0.8595480918884277,0.0,-0.32084334706369466,"Node(id=28_6541_51, type=lorsa, layer=14, feature=6541, pos=51)",1
0,35,11076,transcoder,10,54,9349,transcoder,0.3694993257522583,0.17995543777942657,-0.18954388797283173,0.0,-0.5129749224492957,"Node(id=21_9349_54, type=transcoder, layer=10, feature=9349, pos=54)",1
0,35,11076,transcoder,13,37,2468,transcoder,0.917811930179596,0.6629912257194519,-0.25482070446014404,0.0,-0.2776393464511636,"Node(id=27_2468_37, type=transcoder, layer=13, feature=2468, pos=37)",1
0,35,11076,transcoder,14,55,8748,lorsa,1.8016709089279175,0.8888573050498962,-0.9128136038780212,0.0,-0.5066483558982423,"Node(id=28_8748_55, type=lorsa, layer=14, feature=8748, pos=55)",1
0,35,11076,transcoder,5,37,11552,transcoder,1.0308445692062378,0.6442741751670837,-0.38657039403915405,0.0,-0.3750035704575887,"Node(id=11_11552_37, type=transcoder, layer=5, feature=11552, pos=37)",1
0,35,11076,transcoder,13,14,12341,transcoder,0.8768914937973022,0.17733338475227356,-0.6995581090450287,0.0,-0.7977704356734643,"Node(id=27_12341_14, type=transcoder, layer=13, feature=12341, pos=14)",1
0,35,11076,transcoder,14,54,15619,transcoder,0.5415058135986328,0.0,-0.5415058135986328,0.0,-1.0,"Node(id=29_15619_54, type=transcoder, layer=14, feature=15619, pos=54)",1
0,35,11076,transcoder,13,55,14142,transcoder,0.6139975786209106,0.461071640253067,-0.15292593836784363,0.0,-0.2490660284220142,"Node(id=27_14142_55, type=transcoder, layer=13, feature=14142, pos=55)",1
0,35,11076,transcoder,9,1,5834,transcoder,15.394159317016602,13.330523490905762,-2.06363582611084,0.0,-0.13405316806288411,"Node(id=19_5834_1, type=transcoder, layer=9, feature=5834, pos=1)",1
0,35,11076,transcoder,1,3,853,transcoder,1.451816201210022,1.2872300148010254,-0.16458618640899658,0.0,-0.11336571824437665,"Node(id=3_853_3, type=transcoder, layer=1, feature=853, pos=3)",1
0,35,11076,transcoder,7,54,2518,transcoder,0.3623811900615692,0.3110868036746979,-0.05129438638687134,0.0,-0.14154814817556158,"Node(id=15_2518_54, type=transcoder, layer=7, feature=2518, pos=54)",1
0,35,11076,transcoder,9,14,3914,lorsa,2.4319560527801514,1.7702797651290894,-0.661676287651062,0.0,-0.27207575848036,"Node(id=18_3914_14, type=lorsa, layer=9, feature=3914, pos=14)",1
0,35,11076,transcoder,9,2,5834,transcoder,14.738499641418457,11.13145637512207,-3.6070432662963867,0.0,-0.24473612335408917,"Node(id=19_5834_2, type=transcoder, layer=9, feature=5834, pos=2)",1
0,35,11076,transcoder,10,54,12026,transcoder,0.6972393989562988,0.6053679585456848,-0.09187144041061401,0.0,-0.1317645568339036,"Node(id=21_12026_54, type=transcoder, layer=10, feature=12026, pos=54)",1
0,35,11076,transcoder,7,54,13289,transcoder,0.9898383617401123,0.8086311221122742,-0.18120723962783813,0.0,-0.18306750539480013,"Node(id=15_13289_54, type=transcoder, layer=7, feature=13289, pos=54)",1
0,35,11076,transcoder,10,37,13042,lorsa,2.682366371154785,1.5025297403335571,-1.179836630821228,0.0,-0.4398491732929446,"Node(id=20_13042_37, type=lorsa, layer=10, feature=13042, pos=37)",1
1,56,2693,transcoder,4,55,9090,lorsa,4.7906646728515625,3.5069124698638916,-1.283752202987671,0.0,-0.26796953881214547,"Node(id=8_9090_55, type=lorsa, layer=4, feature=9090, pos=55)",1
1,56,2693,transcoder,14,55,9044,lorsa,3.8024330139160156,1.0342297554016113,-2.7682032585144043,0.0,-0.7280084220769775,"Node(id=28_9044_55, type=lorsa, layer=14, feature=9044, pos=55)",1
1,56,2693,transcoder,3,55,8792,lorsa,2.6274337768554688,1.2417527437210083,-1.3856810331344604,0.0,-0.5273895179930485,"Node(id=6_8792_55, type=lorsa, layer=3, feature=8792, pos=55)",1
1,56,2693,transcoder,2,56,13333,transcoder,1.885103464126587,0.35931551456451416,-1.5257879495620728,0.0,-0.8093921519946952,"Node(id=5_13333_56, type=transcoder, layer=2, feature=13333, pos=56)",1
1,56,2693,transcoder,3,56,5881,transcoder,4.1003336906433105,1.8275699615478516,-2.272763729095459,0.0,-0.5542875045223161,"Node(id=7_5881_56, type=transcoder, layer=3, feature=5881, pos=56)",1
0,56,6291,transcoder,1,56,2693,transcoder,3.9147512912750244,2.872166156768799,-1.0425851345062256,0.0,-0.26632218931248075,"Node(id=3_2693_56, type=transcoder, layer=1, feature=2693, pos=56)",1
1,56,2693,transcoder,2,56,2616,transcoder,3.1142807006835938,1.2852228879928589,-1.8290578126907349,0.0,-0.5873130871887211,"Node(id=5_2616_56, type=transcoder, layer=2, feature=2616, pos=56)",1
0,56,4757,lorsa,1,56,2693,transcoder,3.9147512912750244,1.123442530632019,-2.7913087606430054,0.0,-0.713023268391051,"Node(id=3_2693_56, type=transcoder, layer=1, feature=2693, pos=56)",1
1,56,2693,transcoder,10,54,9349,transcoder,0.3694993257522583,0.2905149459838867,-0.07898437976837158,0.0,-0.2137605518158076,"Node(id=21_9349_54, type=transcoder, layer=10, feature=9349, pos=54)",1
1,56,2693,transcoder,3,56,1565,lorsa,8.72026538848877,2.0808303356170654,-6.639435052871704,0.0,-0.7613799302067256,"Node(id=6_1565_56, type=lorsa, layer=3, feature=1565, pos=56)",1
1,56,2693,transcoder,14,55,8748,lorsa,1.8016709089279175,0.78764808177948,-1.0140228271484375,0.0,-0.5628235556913281,"Node(id=28_8748_55, type=lorsa, layer=14, feature=8748, pos=55)",1
1,56,2693,transcoder,3,55,10711,transcoder,0.27328234910964966,0.0,-0.27328234910964966,0.0,-1.0,"Node(id=7_10711_55, type=transcoder, layer=3, feature=10711, pos=55)",1
0,56,14339,transcoder,1,56,2693,transcoder,3.9147512912750244,3.466681480407715,-0.44806981086730957,0.0,-0.11445677580232036,"Node(id=3_2693_56, type=transcoder, layer=1, feature=2693, pos=56)",1
1,56,2693,transcoder,14,54,15619,transcoder,0.5415058135986328,0.0,-0.5415058135986328,0.0,-1.0,"Node(id=29_15619_54, type=transcoder, layer=14, feature=15619, pos=54)",1
1,56,2693,transcoder,9,14,3914,lorsa,2.4319560527801514,2.184900999069214,-0.2470550537109375,0.0,-0.10158697293419852,"Node(id=18_3914_14, type=lorsa, layer=9, feature=3914, pos=14)",1
7,23,7600,transcoder,8,23,3094,transcoder,1.1677106618881226,0.9790261387825012,-0.18868452310562134,0.0,-0.16158499640701152,"Node(id=17_3094_23, type=transcoder, layer=8, feature=3094, pos=23)",1
4,23,3675,transcoder,7,23,7600,transcoder,1.5129057168960571,1.19950270652771,-0.31340301036834717,0.0,-0.20715303463281132,"Node(id=15_7600_23, type=transcoder, layer=7, feature=7600, pos=23)",1
0,23,8135,transcoder,7,23,7600,transcoder,1.5129057168960571,0.0,-1.5129057168960571,0.0,-1.0,"Node(id=15_7600_23, type=transcoder, layer=7, feature=7600, pos=23)",1
6,23,4099,transcoder,7,23,7600,transcoder,1.5129057168960571,0.49426284432411194,-1.0186428725719452,0.0,-0.6733022826180054,"Node(id=15_7600_23, type=transcoder, layer=7, feature=7600, pos=23)",1
7,23,7600,transcoder,8,23,986,transcoder,0.8977439403533936,0.17615863680839539,-0.7215853035449982,0.0,-0.8037763009137648,"Node(id=17_986_23, type=transcoder, layer=8, feature=986, pos=23)",1
7,23,7600,transcoder,10,23,1958,transcoder,0.535693883895874,0.4352557063102722,-0.1004381775856018,0.0,-0.18749173848160747,"Node(id=21_1958_23, type=transcoder, layer=10, feature=1958, pos=23)",1
7,23,7600,transcoder,14,54,15619,transcoder,0.5415058135986328,0.39809831976890564,-0.14340749382972717,0.0,-0.2648309403673764,"Node(id=29_15619_54, type=transcoder, layer=14, feature=15619, pos=54)",1
5,23,4945,transcoder,7,23,7600,transcoder,1.5129057168960571,1.307172417640686,-0.2057332992553711,0.0,-0.13598553892536175,"Node(id=15_7600_23, type=transcoder, layer=7, feature=7600, pos=23)",1
7,23,7600,transcoder,11,37,2664,lorsa,2.993786096572876,2.2994027137756348,-0.6943833827972412,0.0,-0.23194154839323144,"Node(id=22_2664_37, type=lorsa, layer=11, feature=2664, pos=37)",1
5,54,5938,transcoder,6,54,6679,transcoder,1.2186368703842163,1.0064860582351685,-0.21215081214904785,0.0,-0.17408862090489693,"Node(id=13_6679_54, type=transcoder, layer=6, feature=6679, pos=54)",1
0,23,8135,transcoder,5,54,5938,transcoder,1.32710599899292,0.999607264995575,-0.32749873399734497,0.0,-0.24677662089227898,"Node(id=11_5938_54, type=transcoder, layer=5, feature=5938, pos=54)",1
3,54,9407,transcoder,5,54,5938,transcoder,1.32710599899292,1.0676769018173218,-0.25942909717559814,0.0,-0.19548483495098887,"Node(id=11_5938_54, type=transcoder, layer=5, feature=5938, pos=54)",1
4,54,2320,transcoder,5,54,5938,transcoder,1.32710599899292,0.7946019768714905,-0.5325040221214294,0.0,-0.40125206466214636,"Node(id=11_5938_54, type=transcoder, layer=5, feature=5938, pos=54)",1
5,54,5938,transcoder,6,45,4984,transcoder,0.9259824752807617,0.6585602760314941,-0.2674221992492676,0.0,-0.2887983373207836,"Node(id=13_4984_45, type=transcoder, layer=6, feature=4984, pos=45)",1
5,54,5938,transcoder,13,54,1408,lorsa,1.9592878818511963,1.7297371625900269,-0.22955071926116943,0.0,-0.1171602812366107,"Node(id=26_1408_54, type=lorsa, layer=13, feature=1408, pos=54)",1
5,54,5938,transcoder,10,54,9349,transcoder,0.3694993257522583,0.2883613109588623,-0.081138014793396,0.0,-0.21958907402119962,"Node(id=21_9349_54, type=transcoder, layer=10, feature=9349, pos=54)",1
5,54,5938,transcoder,6,54,9512,transcoder,1.2145551443099976,0.4501231908798218,-0.7644319534301758,0.0,-0.6293925450906209,"Node(id=13_9512_54, type=transcoder, layer=6, feature=9512, pos=54)",1
5,54,5938,transcoder,13,55,14142,transcoder,0.6139975786209106,0.5522039532661438,-0.061793625354766846,0.0,-0.10064148053085233,"Node(id=27_14142_55, type=transcoder, layer=13, feature=14142, pos=55)",1
5,54,5938,transcoder,7,54,2518,transcoder,0.3623811900615692,0.28925561904907227,-0.07312557101249695,0.0,-0.201791850730643,"Node(id=15_2518_54, type=transcoder, layer=7, feature=2518, pos=54)",1
5,54,5938,transcoder,7,54,13289,transcoder,0.9898383617401123,0.7788899540901184,-0.2109484076499939,0.0,-0.21311399497504988,"Node(id=15_13289_54, type=transcoder, layer=7, feature=13289, pos=54)",1
1,56,4856,transcoder,4,55,9090,lorsa,4.7906646728515625,3.690112829208374,-1.1005518436431885,0.0,-0.229728423673641,"Node(id=8_9090_55, type=lorsa, layer=4, feature=9090, pos=55)",1
0,23,8135,transcoder,4,55,9090,lorsa,4.7906646728515625,1.9997334480285645,-2.790931224822998,0.0,-0.5825770358420314,"Node(id=8_9090_55, type=lorsa, layer=4, feature=9090, pos=55)",1
2,56,13333,transcoder,4,55,9090,lorsa,4.7906646728515625,4.041022777557373,-0.7496418952941895,0.0,-0.1564797259850746,"Node(id=8_9090_55, type=lorsa, layer=4, feature=9090, pos=55)",1
2,56,7272,transcoder,4,55,9090,lorsa,4.7906646728515625,3.893355131149292,-0.8973095417022705,0.0,-0.1873037674265275,"Node(id=8_9090_55, type=lorsa, layer=4, feature=9090, pos=55)",1
1,56,6736,transcoder,4,55,9090,lorsa,4.7906646728515625,3.9447383880615234,-0.8459262847900391,0.0,-0.17657806224339967,"Node(id=8_9090_55, type=lorsa, layer=4, feature=9090, pos=55)",1
3,56,5881,transcoder,4,55,9090,lorsa,4.7906646728515625,3.4642763137817383,-1.3263883590698242,0.0,-0.27686938027334607,"Node(id=8_9090_55, type=lorsa, layer=4, feature=9090, pos=55)",1
0,56,329,transcoder,4,55,9090,lorsa,4.7906646728515625,3.7401046752929688,-1.0505599975585938,0.0,-0.21929316061549045,"Node(id=8_9090_55, type=lorsa, layer=4, feature=9090, pos=55)",1
3,56,2403,transcoder,4,55,9090,lorsa,4.7906646728515625,3.6743757724761963,-1.1162889003753662,0.0,-0.23301336591168967,"Node(id=8_9090_55, type=lorsa, layer=4, feature=9090, pos=55)",1
2,56,2616,transcoder,4,55,9090,lorsa,4.7906646728515625,3.5499045848846436,-1.240760087966919,0.0,-0.2589953947305557,"Node(id=8_9090_55, type=lorsa, layer=4, feature=9090, pos=55)",1
0,56,4757,lorsa,4,55,9090,lorsa,4.7906646728515625,4.278099060058594,-0.5125656127929688,0.0,-0.10699258825140702,"Node(id=8_9090_55, type=lorsa, layer=4, feature=9090, pos=55)",1
1,19,9035,transcoder,4,55,9090,lorsa,4.7906646728515625,4.277563095092773,-0.5131015777587891,0.0,-0.10710446520427697,"Node(id=8_9090_55, type=lorsa, layer=4, feature=9090, pos=55)",1
4,55,9090,lorsa,10,54,9349,transcoder,0.3694993257522583,0.29741227626800537,-0.07208704948425293,0.0,-0.19509385933923412,"Node(id=21_9349_54, type=transcoder, layer=10, feature=9349, pos=54)",1
3,56,1565,lorsa,4,55,9090,lorsa,4.7906646728515625,3.839271068572998,-0.9513936042785645,0.0,-0.1985932368988505,"Node(id=8_9090_55, type=lorsa, layer=4, feature=9090, pos=55)",1
3,55,9255,transcoder,4,55,9090,lorsa,4.7906646728515625,4.070960998535156,-0.7197036743164062,0.0,-0.15023044263459473,"Node(id=8_9090_55, type=lorsa, layer=4, feature=9090, pos=55)",1
0,23,8135,transcoder,6,54,6679,transcoder,1.2186368703842163,0.949929416179657,-0.2687074542045593,0.0,-0.22049837874988984,"Node(id=13_6679_54, type=transcoder, layer=6, feature=6679, pos=54)",1
3,54,9407,transcoder,6,54,6679,transcoder,1.2186368703842163,0.9228872060775757,-0.2957496643066406,0.0,-0.24268891865498504,"Node(id=13_6679_54, type=transcoder, layer=6, feature=6679, pos=54)",1
4,54,2320,transcoder,6,54,6679,transcoder,1.2186368703842163,0.6109273433685303,-0.607709527015686,0.0,-0.49867974766271855,"Node(id=13_6679_54, type=transcoder, layer=6, feature=6679, pos=54)",1
6,54,6679,transcoder,9,14,7241,transcoder,0.5335481762886047,0.4670177698135376,-0.06653040647506714,0.0,-0.12469428147586765,"Node(id=19_7241_14, type=transcoder, layer=9, feature=7241, pos=14)",1
6,54,6679,transcoder,14,54,15619,transcoder,0.5415058135986328,0.47785648703575134,-0.06364932656288147,0.0,-0.11754135406209824,"Node(id=29_15619_54, type=transcoder, layer=14, feature=15619, pos=54)",1
5,54,12487,transcoder,6,54,6679,transcoder,1.2186368703842163,0.9274449944496155,-0.29119187593460083,0.0,-0.23894884769307265,"Node(id=13_6679_54, type=transcoder, layer=6, feature=6679, pos=54)",1
6,54,6679,transcoder,7,54,13289,transcoder,0.9898383617401123,0.39878642559051514,-0.5910519361495972,0.0,-0.5971196500310838,"Node(id=15_13289_54, type=transcoder, layer=7, feature=13289, pos=54)",1
7,54,14452,transcoder,8,54,8745,transcoder,5.491499423980713,4.885931491851807,-0.6055679321289062,0.0,-0.1102736949191808,"Node(id=17_8745_54, type=transcoder, layer=8, feature=8745, pos=54)",1
7,54,14452,transcoder,10,14,14712,transcoder,0.3488500416278839,0.29052457213401794,-0.05832546949386597,0.0,-0.16719352883460845,"Node(id=21_14712_14, type=transcoder, layer=10, feature=14712, pos=14)",1
7,54,14452,transcoder,13,37,9843,lorsa,3.7563188076019287,3.121307373046875,-0.6350114345550537,0.0,-0.16905152812640292,"Node(id=26_9843_37, type=lorsa, layer=13, feature=9843, pos=37)",1
7,54,14452,transcoder,9,14,12621,transcoder,0.46782758831977844,0.317768931388855,-0.15005865693092346,0.0,-0.32075632279375643,"Node(id=19_12621_14, type=transcoder, layer=9, feature=12621, pos=14)",1
7,54,14452,transcoder,14,51,6541,lorsa,2.6790273189544678,1.9923391342163086,-0.6866881847381592,0.0,-0.2563199635478708,"Node(id=28_6541_51, type=lorsa, layer=14, feature=6541, pos=51)",1
7,54,14452,transcoder,10,54,9349,transcoder,0.3694993257522583,0.29088953137397766,-0.07860979437828064,0.0,-0.21274678706988193,"Node(id=21_9349_54, type=transcoder, layer=10, feature=9349, pos=54)",1
7,54,14452,transcoder,13,37,2468,transcoder,0.917811930179596,0.8090676665306091,-0.10874426364898682,0.0,-0.11848207685392356,"Node(id=27_2468_37, type=transcoder, layer=13, feature=2468, pos=37)",1
7,54,14452,transcoder,9,14,3455,transcoder,0.7396717071533203,0.5828629732131958,-0.1568087339401245,0.0,-0.21199774497744978,"Node(id=19_3455_14, type=transcoder, layer=9, feature=3455, pos=14)",1
7,54,14452,transcoder,9,14,3914,lorsa,2.4319560527801514,1.6062058210372925,-0.8257502317428589,0.0,-0.3395415927844921,"Node(id=18_3914_14, type=lorsa, layer=9, feature=3914, pos=14)",1
6,53,3210,transcoder,7,53,6310,transcoder,0.9675502181053162,0.1861191987991333,-0.7814310193061829,0.0,-0.8076387196071362,"Node(id=15_6310_53, type=transcoder, layer=7, feature=6310, pos=53)",1
6,53,3210,transcoder,14,54,4515,lorsa,2.634603977203369,2.0635263919830322,-0.5710775852203369,0.0,-0.2167603139453754,"Node(id=28_4515_54, type=lorsa, layer=14, feature=4515, pos=54)",1
6,53,3210,transcoder,13,54,1418,lorsa,2.4402384757995605,2.1618258953094482,-0.2784125804901123,0.0,-0.11409236566474863,"Node(id=26_1418_54, type=lorsa, layer=13, feature=1418, pos=54)",1
6,53,3210,transcoder,13,54,1408,lorsa,1.9592878818511963,1.5517849922180176,-0.4075028896331787,0.0,-0.20798520391406558,"Node(id=26_1408_54, type=lorsa, layer=13, feature=1408, pos=54)",1
0,55,1338,lorsa,3,55,15371,transcoder,0.6983613967895508,0.6128002405166626,-0.08556115627288818,0.0,-0.12251701864711144,"Node(id=7_15371_55, type=transcoder, layer=3, feature=15371, pos=55)",1
0,55,1338,lorsa,1,55,16329,lorsa,1.2881624698638916,1.1276705265045166,-0.160491943359375,0.0,-0.12458983017595034,"Node(id=2_16329_55, type=lorsa, layer=1, feature=16329, pos=55)",1
0,55,1338,lorsa,1,55,4200,lorsa,1.2039995193481445,1.0103720426559448,-0.1936274766921997,0.0,-0.16082022756706021,"Node(id=2_4200_55, type=lorsa, layer=1, feature=4200, pos=55)",1
0,55,1338,lorsa,0,55,8903,transcoder,0.28014376759529114,0.21202491223812103,-0.0681188553571701,0.0,-0.24315677604356992,"Node(id=1_8903_55, type=transcoder, layer=0, feature=8903, pos=55)",1
0,55,1338,lorsa,10,54,9349,transcoder,0.3694993257522583,0.32048147916793823,-0.04901784658432007,0.0,-0.13266017870134228,"Node(id=21_9349_54, type=transcoder, layer=10, feature=9349, pos=54)",1
2,54,3192,lorsa,3,54,753,transcoder,0.8902549743652344,0.7713967561721802,-0.1188582181930542,0.0,-0.13351031065881092,"Node(id=7_753_54, type=transcoder, layer=3, feature=753, pos=54)",1
3,54,12569,lorsa,3,54,753,transcoder,0.8902549743652344,0.6445279717445374,-0.24572700262069702,0.0,-0.27601867970005356,"Node(id=7_753_54, type=transcoder, layer=3, feature=753, pos=54)",1
2,54,6509,transcoder,3,54,753,transcoder,0.8902549743652344,0.7759023904800415,-0.11435258388519287,0.0,-0.12844925013390465,"Node(id=7_753_54, type=transcoder, layer=3, feature=753, pos=54)",1
3,54,5003,lorsa,3,54,753,transcoder,0.8902549743652344,0.6572622060775757,-0.2329927682876587,0.0,-0.2617146491697911,"Node(id=7_753_54, type=transcoder, layer=3, feature=753, pos=54)",1
1,54,2511,lorsa,3,54,753,transcoder,0.8902549743652344,0.6944575309753418,-0.19579744338989258,0.0,-0.21993411890733797,"Node(id=7_753_54, type=transcoder, layer=3, feature=753, pos=54)",1
3,54,753,transcoder,6,54,9512,transcoder,1.2145551443099976,1.0916600227355957,-0.12289512157440186,0.0,-0.10118529582633315,"Node(id=13_9512_54, type=transcoder, layer=6, feature=9512, pos=54)",1
3,54,753,transcoder,13,54,3932,transcoder,0.4565145671367645,0.40800803899765015,-0.04850652813911438,0.0,-0.10625406423138868,"Node(id=27_3932_54, type=transcoder, layer=13, feature=3932, pos=54)",1
2,54,3355,transcoder,3,54,753,transcoder,0.8902549743652344,0.7668263912200928,-0.1234285831451416,0.0,-0.1386440814140332,"Node(id=7_753_54, type=transcoder, layer=3, feature=753, pos=54)",1
1,54,14348,transcoder,3,54,753,transcoder,0.8902549743652344,0.777597188949585,-0.11265778541564941,0.0,-0.12654552758435994,"Node(id=7_753_54, type=transcoder, layer=3, feature=753, pos=54)",1
3,50,3742,lorsa,4,50,3019,transcoder,1.0553128719329834,0.864385724067688,-0.1909271478652954,0.0,-0.18091994605882156,"Node(id=9_3019_50, type=transcoder, layer=4, feature=3019, pos=50)",1
3,50,3742,lorsa,6,50,1735,transcoder,1.3566333055496216,1.1944952011108398,-0.16213810443878174,0.0,-0.11951505522938174,"Node(id=13_1735_50, type=transcoder, layer=6, feature=1735, pos=50)",1
3,54,5828,lorsa,14,55,9044,lorsa,3.8024330139160156,3.3465380668640137,-0.45589494705200195,0.0,-0.11989558931966271,"Node(id=28_9044_55, type=lorsa, layer=14, feature=9044, pos=55)",1
1,56,4856,transcoder,14,55,9044,lorsa,3.8024330139160156,2.755164384841919,-1.0472686290740967,0.0,-0.27542066493777495,"Node(id=28_9044_55, type=lorsa, layer=14, feature=9044, pos=55)",1
0,23,8135,transcoder,14,55,9044,lorsa,3.8024330139160156,0.0,-3.8024330139160156,0.0,-1.0,"Node(id=28_9044_55, type=lorsa, layer=14, feature=9044, pos=55)",1
6,23,4099,transcoder,14,55,9044,lorsa,3.8024330139160156,3.304746627807617,-0.49768638610839844,0.0,-0.13088629945274055,"Node(id=28_9044_55, type=lorsa, layer=14, feature=9044, pos=55)",1
3,23,15009,transcoder,14,55,9044,lorsa,3.8024330139160156,2.8764145374298096,-0.926018476486206,0.0,-0.24353314656621036,"Node(id=28_9044_55, type=lorsa, layer=14, feature=9044, pos=55)",1
1,56,6736,transcoder,14,55,9044,lorsa,3.8024330139160156,3.3535337448120117,-0.4488992691040039,0.0,-0.1180557993950551,"Node(id=28_9044_55, type=lorsa, layer=14, feature=9044, pos=55)",1
3,56,5881,transcoder,14,55,9044,lorsa,3.8024330139160156,2.6305792331695557,-1.17185378074646,0.0,-0.3081852530886801,"Node(id=28_9044_55, type=lorsa, layer=14, feature=9044, pos=55)",1
0,56,329,transcoder,14,55,9044,lorsa,3.8024330139160156,3.0042481422424316,-0.798184871673584,0.0,-0.2099142493115366,"Node(id=28_9044_55, type=lorsa, layer=14, feature=9044, pos=55)",1
3,56,2403,transcoder,14,55,9044,lorsa,3.8024330139160156,2.6037991046905518,-1.1986339092254639,0.0,-0.3152281459893558,"Node(id=28_9044_55, type=lorsa, layer=14, feature=9044, pos=55)",1
0,15,12663,transcoder,14,55,9044,lorsa,3.8024330139160156,3.05367112159729,-0.7487618923187256,0.0,-0.19691652412506208,"Node(id=28_9044_55, type=lorsa, layer=14, feature=9044, pos=55)",1
0,56,4757,lorsa,14,55,9044,lorsa,3.8024330139160156,3.377864360809326,-0.42456865310668945,0.0,-0.11165710258481017,"Node(id=28_9044_55, type=lorsa, layer=14, feature=9044, pos=55)",1
0,10,7465,lorsa,14,55,9044,lorsa,3.8024330139160156,1.6936302185058594,-2.1088027954101562,0.0,-0.5545930165482025,"Node(id=28_9044_55, type=lorsa, layer=14, feature=9044, pos=55)",1
1,54,2511,lorsa,14,55,9044,lorsa,3.8024330139160156,3.3998303413391113,-0.4026026725769043,0.0,-0.10588028010052318,"Node(id=28_9044_55, type=lorsa, layer=14, feature=9044, pos=55)",1
0,56,14339,transcoder,14,55,9044,lorsa,3.8024330139160156,3.1695761680603027,-0.6328568458557129,0.0,-0.16643471260101225,"Node(id=28_9044_55, type=lorsa, layer=14, feature=9044, pos=55)",1
13,55,14142,transcoder,14,55,9044,lorsa,3.8024330139160156,3.1677958965301514,-0.6346371173858643,0.0,-0.16690290534067026,"Node(id=28_9044_55, type=lorsa, layer=14, feature=9044, pos=55)",1
0,10,12663,transcoder,14,55,9044,lorsa,3.8024330139160156,1.4756752252578735,-2.326757788658142,0.0,-0.611912893703256,"Node(id=28_9044_55, type=lorsa, layer=14, feature=9044, pos=55)",1
0,54,15890,transcoder,3,54,5828,lorsa,2.9929561614990234,2.5850841999053955,-0.40787196159362793,0.0,-0.13627729227725977,"Node(id=6_5828_54, type=lorsa, layer=3, feature=5828, pos=54)",1
3,54,5828,lorsa,3,54,14478,transcoder,1.0145859718322754,0.6090660095214844,-0.405519962310791,0.0,-0.39969009386010795,"Node(id=7_14478_54, type=transcoder, layer=3, feature=14478, pos=54)",1
3,54,5828,lorsa,3,54,9407,transcoder,0.9804326891899109,0.6679466962814331,-0.3124859929084778,0.0,-0.31872253582922805,"Node(id=7_9407_54, type=transcoder, layer=3, feature=9407, pos=54)",1
3,54,5828,lorsa,10,54,9349,transcoder,0.3694993257522583,0.30564916133880615,-0.06385016441345215,0.0,-0.17280184282734623,"Node(id=21_9349_54, type=transcoder, layer=10, feature=9349, pos=54)",1
3,54,5828,lorsa,7,54,2518,transcoder,0.3623811900615692,0.3209134042263031,-0.04146778583526611,0.0,-0.11443139702759038,"Node(id=15_2518_54, type=transcoder, layer=7, feature=2518, pos=54)",1
0,23,8135,transcoder,8,23,3094,transcoder,1.1677106618881226,0.0,-1.1677106618881226,0.0,-1.0,"Node(id=17_3094_23, type=transcoder, layer=8, feature=3094, pos=23)",1
6,23,4099,transcoder,8,23,3094,transcoder,1.1677106618881226,1.0469446182250977,-0.1207660436630249,0.0,-0.10342120493081136,"Node(id=17_3094_23, type=transcoder, layer=8, feature=3094, pos=23)",1
8,23,3094,transcoder,9,23,2724,transcoder,0.79766446352005,0.5251545906066895,-0.2725098729133606,0.0,-0.34163471657091166,"Node(id=19_2724_23, type=transcoder, layer=9, feature=2724, pos=23)",1
8,23,3094,transcoder,10,23,1958,transcoder,0.535693883895874,0.447338342666626,-0.08835554122924805,0.0,-0.1649366249744644,"Node(id=21_1958_23, type=transcoder, layer=10, feature=1958, pos=23)",1
7,23,14452,transcoder,8,23,3094,transcoder,1.1677106618881226,0.863595187664032,-0.3041154742240906,0.0,-0.260437353318632,"Node(id=17_3094_23, type=transcoder, layer=8, feature=3094, pos=23)",1
0,23,8135,transcoder,4,23,3675,transcoder,0.6166015863418579,0.0,-0.6166015863418579,0.0,-1.0,"Node(id=9_3675_23, type=transcoder, layer=4, feature=3675, pos=23)",1
4,23,3675,transcoder,6,23,4099,transcoder,2.014463186264038,1.047529697418213,-0.9669334888458252,0.0,-0.4799956114557102,"Node(id=13_4099_23, type=transcoder, layer=6, feature=4099, pos=23)",1
4,23,3675,transcoder,8,23,986,transcoder,0.8977439403533936,0.7866422533988953,-0.11110168695449829,0.0,-0.12375654344240243,"Node(id=17_986_23, type=transcoder, layer=8, feature=986, pos=23)",1
3,23,15009,transcoder,4,23,3675,transcoder,0.6166015863418579,0.1433754414319992,-0.4732261449098587,0.0,-0.7674747444575847,"Node(id=9_3675_23, type=transcoder, layer=4, feature=3675, pos=23)",1
4,23,3675,transcoder,5,23,11039,transcoder,0.8521392941474915,0.5246781706809998,-0.3274611234664917,0.0,-0.38428121519040465,"Node(id=11_11039_23, type=transcoder, layer=5, feature=11039, pos=23)",1
4,23,3675,transcoder,14,54,15619,transcoder,0.5415058135986328,0.46269214153289795,-0.07881367206573486,0.0,-0.14554538489987848,"Node(id=29_15619_54, type=transcoder, layer=14, feature=15619, pos=54)",1
4,23,3675,transcoder,5,23,4945,transcoder,0.720913827419281,0.0,-0.720913827419281,0.0,-1.0,"Node(id=11_4945_23, type=transcoder, layer=5, feature=4945, pos=23)",1
4,23,3675,transcoder,7,37,13853,lorsa,4.031331539154053,2.346648693084717,-1.684682846069336,0.0,-0.4178973695680845,"Node(id=14_13853_37, type=lorsa, layer=7, feature=13853, pos=37)",1
1,56,4856,transcoder,2,56,7272,transcoder,1.4503072500228882,0.0,-1.4503072500228882,0.0,-1.0,"Node(id=5_7272_56, type=transcoder, layer=2, feature=7272, pos=56)",1
0,56,329,transcoder,1,56,4856,transcoder,2.6325509548187256,2.025106906890869,-0.6074440479278564,0.0,-0.2307435101364199,"Node(id=3_4856_56, type=transcoder, layer=1, feature=4856, pos=56)",1
1,56,4856,transcoder,3,56,2403,transcoder,1.9280507564544678,1.1759734153747559,-0.7520773410797119,0.0,-0.39007133944062883,"Node(id=7_2403_56, type=transcoder, layer=3, feature=2403, pos=56)",1
1,56,4856,transcoder,2,56,2616,transcoder,3.1142807006835938,2.66988205909729,-0.4443986415863037,0.0,-0.1426970412425434,"Node(id=5_2616_56, type=transcoder, layer=2, feature=2616, pos=56)",1
0,56,4757,lorsa,1,56,4856,transcoder,2.6325509548187256,1.2997609376907349,-1.3327900171279907,0.0,-0.5062732080032104,"Node(id=3_4856_56, type=transcoder, layer=1, feature=4856, pos=56)",1
1,56,4856,transcoder,3,56,1565,lorsa,8.72026538848877,3.5476536750793457,-5.172611713409424,0.0,-0.5931713638254125,"Node(id=6_1565_56, type=lorsa, layer=3, feature=1565, pos=56)",1
1,56,4856,transcoder,14,55,8748,lorsa,1.8016709089279175,1.4999793767929077,-0.30169153213500977,0.0,-0.16745096490153744,"Node(id=28_8748_55, type=lorsa, layer=14, feature=8748, pos=55)",1
0,56,14339,transcoder,1,56,4856,transcoder,2.6325509548187256,1.4570890665054321,-1.1754618883132935,0.0,-0.44651059314224534,"Node(id=3_4856_56, type=transcoder, layer=1, feature=4856, pos=56)",1
1,56,4856,transcoder,14,54,15619,transcoder,0.5415058135986328,0.3256118893623352,-0.2158939242362976,0.0,-0.39869179390993464,"Node(id=29_15619_54, type=transcoder, layer=14, feature=15619, pos=54)",1
4,50,3019,transcoder,6,50,1735,transcoder,1.3566333055496216,0.7857789397239685,-0.5708543658256531,0.0,-0.42078752120447105,"Node(id=13_1735_50, type=transcoder, layer=6, feature=1735, pos=50)",1
0,54,15890,transcoder,2,54,3192,lorsa,4.136215686798096,3.3348305225372314,-0.8013851642608643,0.0,-0.19374839828075505,"Node(id=4_3192_54, type=lorsa, layer=2, feature=3192, pos=54)",1
0,54,15890,transcoder,2,54,715,transcoder,0.9930531978607178,0.8722331523895264,-0.1208200454711914,0.0,-0.12166522974949144,"Node(id=5_715_54, type=transcoder, layer=2, feature=715, pos=54)",1
0,54,15890,transcoder,3,54,2767,transcoder,0.7313656210899353,0.6556077599525452,-0.07575786113739014,0.0,-0.10358411573200577,"Node(id=7_2767_54, type=transcoder, layer=3, feature=2767, pos=54)",1
0,54,15890,transcoder,1,55,11995,lorsa,0.9528807401657104,0.7874556183815002,-0.1654251217842102,0.0,-0.17360527378845123,"Node(id=2_11995_55, type=lorsa, layer=1, feature=11995, pos=55)",1
0,54,15890,transcoder,3,54,5003,lorsa,1.4944757223129272,1.3372611999511719,-0.15721452236175537,0.0,-0.10519710692820229,"Node(id=6_5003_54, type=lorsa, layer=3, feature=5003, pos=54)",1
0,54,15890,transcoder,10,54,9349,transcoder,0.3694993257522583,0.3146774470806122,-0.05482187867164612,0.0,-0.14836800733001354,"Node(id=21_9349_54, type=transcoder, layer=10, feature=9349, pos=54)",1
0,54,15890,transcoder,7,54,2518,transcoder,0.3623811900615692,0.3205490708351135,-0.04183211922645569,0.0,-0.11543678417565861,"Node(id=15_2518_54, type=transcoder, layer=7, feature=2518, pos=54)",1
0,54,15890,transcoder,1,54,14348,transcoder,0.7237109541893005,0.646419882774353,-0.07729107141494751,0.0,-0.10679826105648602,"Node(id=3_14348_54, type=transcoder, layer=1, feature=14348, pos=54)",1
0,55,9428,lorsa,3,55,15371,transcoder,0.6983613967895508,0.5353993773460388,-0.16296201944351196,0.0,-0.2333491229507637,"Node(id=7_15371_55, type=transcoder, layer=3, feature=15371, pos=55)",1
1,19,9035,transcoder,3,55,15371,transcoder,0.6983613967895508,0.292876660823822,-0.40548473596572876,0.0,-0.5806230668387308,"Node(id=7_15371_55, type=transcoder, layer=3, feature=15371, pos=55)",1
2,55,12041,transcoder,3,55,15371,transcoder,0.6983613967895508,0.6127163171768188,-0.08564507961273193,0.0,-0.12263719043814908,"Node(id=7_15371_55, type=transcoder, layer=3, feature=15371, pos=55)",1
2,55,4532,transcoder,3,55,15371,transcoder,0.6983613967895508,0.4475078582763672,-0.2508535385131836,0.0,-0.3592030425312549,"Node(id=7_15371_55, type=transcoder, layer=3, feature=15371, pos=55)",1
0,23,8135,transcoder,6,23,4099,transcoder,2.014463186264038,0.0,-2.014463186264038,0.0,-1.0,"Node(id=13_4099_23, type=transcoder, layer=6, feature=4099, pos=23)",1
0,23,8135,transcoder,3,55,8792,lorsa,2.6274337768554688,0.0,-2.6274337768554688,0.0,-1.0,"Node(id=6_8792_55, type=lorsa, layer=3, feature=8792, pos=55)",1
0,23,8135,transcoder,1,55,10736,transcoder,0.5947915315628052,0.28082746267318726,-0.3139640688896179,0.0,-0.5278556472797828,"Node(id=3_10736_55, type=transcoder, layer=1, feature=10736, pos=55)",1
0,23,8135,transcoder,3,54,9407,transcoder,0.9804326891899109,0.6005051136016846,-0.3799275755882263,0.0,-0.3875101062798549,"Node(id=7_9407_54, type=transcoder, layer=3, feature=9407, pos=54)",1
0,23,8135,transcoder,8,23,986,transcoder,0.8977439403533936,0.0,-0.8977439403533936,0.0,-1.0,"Node(id=17_986_23, type=transcoder, layer=8, feature=986, pos=23)",1
0,23,8135,transcoder,14,54,7964,transcoder,1.0550146102905273,0.0,-1.0550146102905273,0.0,-1.0,"Node(id=29_7964_54, type=transcoder, layer=14, feature=7964, pos=54)",1
0,23,8135,transcoder,3,23,15009,transcoder,0.8224453330039978,0.0,-0.8224453330039978,0.0,-1.0,"Node(id=7_15009_23, type=transcoder, layer=3, feature=15009, pos=23)",1
0,23,8135,transcoder,10,23,9278,transcoder,6.949425220489502,5.874049186706543,-1.075376033782959,0.0,-0.15474316215567707,"Node(id=21_9278_23, type=transcoder, layer=10, feature=9278, pos=23)",1
0,23,8135,transcoder,3,54,12569,lorsa,1.9396735429763794,1.047951102256775,-0.8917224407196045,0.0,-0.459728104220713,"Node(id=6_12569_54, type=lorsa, layer=3, feature=12569, pos=54)",1
0,23,8135,transcoder,10,14,14712,transcoder,0.3488500416278839,0.16567286849021912,-0.1831771731376648,0.0,-0.5250885804194878,"Node(id=21_14712_14, type=transcoder, layer=10, feature=14712, pos=14)",1
0,23,8135,transcoder,9,14,7241,transcoder,0.5335481762886047,0.332958459854126,-0.20058971643447876,0.0,-0.3759542724516344,"Node(id=19_7241_14, type=transcoder, layer=9, feature=7241, pos=14)",1
0,23,8135,transcoder,2,56,7272,transcoder,1.4503072500228882,1.1343616247177124,-0.3159456253051758,0.0,-0.21784737358252168,"Node(id=5_7272_56, type=transcoder, layer=2, feature=7272, pos=56)",1
0,23,8135,transcoder,14,54,4515,lorsa,2.634603977203369,0.0,-2.634603977203369,0.0,-1.0,"Node(id=28_4515_54, type=lorsa, layer=14, feature=4515, pos=54)",1
0,23,8135,transcoder,9,8,5834,transcoder,18.287195205688477,16.07329559326172,-2.213899612426758,0.0,-0.12106283044094672,"Node(id=19_5834_8, type=transcoder, layer=9, feature=5834, pos=8)",1
0,23,8135,transcoder,1,55,4200,lorsa,1.2039995193481445,0.9074001312255859,-0.2965993881225586,0.0,-0.2463451050903575,"Node(id=2_4200_55, type=lorsa, layer=1, feature=4200, pos=55)",1
0,23,8135,transcoder,9,23,2724,transcoder,0.79766446352005,0.0,-0.79766446352005,0.0,-1.0,"Node(id=19_2724_23, type=transcoder, layer=9, feature=2724, pos=23)",1
0,23,8135,transcoder,6,45,4984,transcoder,0.9259824752807617,0.48534491658210754,-0.4406375586986542,0.0,-0.4758595010829455,"Node(id=13_4984_45, type=transcoder, layer=6, feature=4984, pos=45)",1
0,23,8135,transcoder,10,23,1958,transcoder,0.535693883895874,0.0,-0.535693883895874,0.0,-1.0,"Node(id=21_1958_23, type=transcoder, layer=10, feature=1958, pos=23)",1
0,23,8135,transcoder,7,23,14452,transcoder,3.328442096710205,0.6975497007369995,-2.6308923959732056,0.0,-0.7904275692743912,"Node(id=15_14452_23, type=transcoder, layer=7, feature=14452, pos=23)",1
0,23,8135,transcoder,9,23,6254,transcoder,4.684446334838867,3.7105870246887207,-0.9738593101501465,0.0,-0.2078920838322817,"Node(id=19_6254_23, type=transcoder, layer=9, feature=6254, pos=23)",1
0,23,8135,transcoder,12,8,13896,transcoder,13.69265079498291,10.77014446258545,-2.922506332397461,0.0,-0.2134361254190671,"Node(id=25_13896_8, type=transcoder, layer=12, feature=13896, pos=8)",1
0,23,8135,transcoder,10,1,10273,transcoder,28.066740036010742,17.27604866027832,-10.790691375732422,0.0,-0.3844654335304897,"Node(id=21_10273_1, type=transcoder, layer=10, feature=10273, pos=1)",1
0,23,8135,transcoder,3,56,2403,transcoder,1.9280507564544678,1.6856130361557007,-0.2424377202987671,0.0,-0.12574239525965114,"Node(id=7_2403_56, type=transcoder, layer=3, feature=2403, pos=56)",1
0,23,8135,transcoder,13,37,9843,lorsa,3.7563188076019287,1.9752813577651978,-1.781037449836731,0.0,-0.47414437939408105,"Node(id=26_9843_37, type=lorsa, layer=13, feature=9843, pos=37)",1
0,23,8135,transcoder,14,54,2741,transcoder,0.8528413772583008,0.5186684131622314,-0.33417296409606934,0.0,-0.3918348394051454,"Node(id=29_2741_54, type=transcoder, layer=14, feature=2741, pos=54)",1
0,23,8135,transcoder,4,54,15551,lorsa,4.019529342651367,2.1035399436950684,-1.9159893989562988,0.0,-0.47667008637694663,"Node(id=8_15551_54, type=lorsa, layer=4, feature=15551, pos=54)",1
0,23,8135,transcoder,13,54,1418,lorsa,2.4402384757995605,1.843672513961792,-0.5965659618377686,0.0,-0.2444703531044439,"Node(id=26_1418_54, type=lorsa, layer=13, feature=1418, pos=54)",1
0,23,8135,transcoder,12,54,9524,transcoder,0.9488894939422607,0.8517152070999146,-0.09717428684234619,0.0,-0.10240843371405182,"Node(id=25_9524_54, type=transcoder, layer=12, feature=9524, pos=54)",1
0,23,8135,transcoder,2,23,9551,transcoder,0.662227213382721,0.5036515593528748,-0.1585756540298462,0.0,-0.2394580754539312,"Node(id=5_9551_23, type=transcoder, layer=2, feature=9551, pos=23)",1
0,23,8135,transcoder,13,54,1408,lorsa,1.9592878818511963,0.0,-1.9592878818511963,0.0,-1.0,"Node(id=26_1408_54, type=lorsa, layer=13, feature=1408, pos=54)",1
0,23,8135,transcoder,9,14,12621,transcoder,0.46782758831977844,0.13593190908432007,-0.3318956792354584,0.0,-0.709440160268177,"Node(id=19_12621_14, type=transcoder, layer=9, feature=12621, pos=14)",1
0,23,8135,transcoder,14,51,6541,lorsa,2.6790273189544678,0.0,-2.6790273189544678,0.0,-1.0,"Node(id=28_6541_51, type=lorsa, layer=14, feature=6541, pos=51)",1
0,23,8135,transcoder,13,37,12356,transcoder,3.265740394592285,2.6980223655700684,-0.5677180290222168,0.0,-0.17384052632055408,"Node(id=27_12356_37, type=transcoder, layer=13, feature=12356, pos=37)",1
0,23,8135,transcoder,6,55,4801,transcoder,1.9008395671844482,1.1002529859542847,-0.8005865812301636,0.0,-0.4211752506898856,"Node(id=13_4801_55, type=transcoder, layer=6, feature=4801, pos=55)",1
0,23,8135,transcoder,10,54,9349,transcoder,0.3694993257522583,0.21454665064811707,-0.15495267510414124,0.0,-0.41935847863504305,"Node(id=21_9349_54, type=transcoder, layer=10, feature=9349, pos=54)",1
0,23,8135,transcoder,5,23,11039,transcoder,0.8521392941474915,0.0,-0.8521392941474915,0.0,-1.0,"Node(id=11_11039_23, type=transcoder, layer=5, feature=11039, pos=23)",1
0,23,8135,transcoder,13,37,2468,transcoder,0.917811930179596,0.3565303683280945,-0.5612815618515015,0.0,-0.6115431096452089,"Node(id=27_2468_37, type=transcoder, layer=13, feature=2468, pos=37)",1
0,23,8135,transcoder,14,55,8748,lorsa,1.8016709089279175,0.0,-1.8016709089279175,0.0,-1.0,"Node(id=28_8748_55, type=lorsa, layer=14, feature=8748, pos=55)",1
0,23,8135,transcoder,3,55,10711,transcoder,0.27328234910964966,0.0,-0.27328234910964966,0.0,-1.0,"Node(id=7_10711_55, type=transcoder, layer=3, feature=10711, pos=55)",1
0,23,8135,transcoder,1,56,6039,transcoder,1.0534913539886475,0.7299985885620117,-0.32349276542663574,0.0,-0.30706731877945886,"Node(id=3_6039_56, type=transcoder, layer=1, feature=6039, pos=56)",1
0,23,8135,transcoder,6,54,9512,transcoder,1.2145551443099976,0.7579455971717834,-0.4566095471382141,0.0,-0.3759479750897759,"Node(id=13_9512_54, type=transcoder, layer=6, feature=9512, pos=54)",1
0,23,8135,transcoder,13,54,3932,transcoder,0.4565145671367645,0.0,-0.4565145671367645,0.0,-1.0,"Node(id=27_3932_54, type=transcoder, layer=13, feature=3932, pos=54)",1
0,23,8135,transcoder,2,54,3355,transcoder,0.8198118209838867,0.6835730075836182,-0.13623881340026855,0.0,-0.16618303117020597,"Node(id=5_3355_54, type=transcoder, layer=2, feature=3355, pos=54)",1
0,23,8135,transcoder,9,14,3455,transcoder,0.7396717071533203,0.3112107813358307,-0.4284609258174896,0.0,-0.5792582326373579,"Node(id=19_3455_14, type=transcoder, layer=9, feature=3455, pos=14)",1
0,23,8135,transcoder,5,37,11552,transcoder,1.0308445692062378,0.7020381689071655,-0.32880640029907227,0.0,-0.3189679706536719,"Node(id=11_11552_37, type=transcoder, layer=5, feature=11552, pos=37)",1
0,23,8135,transcoder,13,14,12341,transcoder,0.8768914937973022,0.0,-0.8768914937973022,0.0,-1.0,"Node(id=27_12341_14, type=transcoder, layer=13, feature=12341, pos=14)",1
0,23,8135,transcoder,14,54,15619,transcoder,0.5415058135986328,0.0,-0.5415058135986328,0.0,-1.0,"Node(id=29_15619_54, type=transcoder, layer=14, feature=15619, pos=54)",1
0,23,8135,transcoder,5,23,4945,transcoder,0.720913827419281,0.0,-0.720913827419281,0.0,-1.0,"Node(id=11_4945_23, type=transcoder, layer=5, feature=4945, pos=23)",1
0,23,8135,transcoder,13,55,14142,transcoder,0.6139975786209106,0.0,-0.6139975786209106,0.0,-1.0,"Node(id=27_14142_55, type=transcoder, layer=13, feature=14142, pos=55)",1
0,23,8135,transcoder,9,1,5834,transcoder,15.394159317016602,11.611506462097168,-3.7826528549194336,0.0,-0.24572000178912753,"Node(id=19_5834_1, type=transcoder, layer=9, feature=5834, pos=1)",1
0,23,8135,transcoder,5,51,14178,lorsa,3.6305649280548096,1.7447030544281006,-1.885861873626709,0.0,-0.5194403380735348,"Node(id=10_14178_51, type=lorsa, layer=5, feature=14178, pos=51)",1
0,23,8135,transcoder,9,14,3914,lorsa,2.4319560527801514,0.0,-2.4319560527801514,0.0,-1.0,"Node(id=18_3914_14, type=lorsa, layer=9, feature=3914, pos=14)",1
0,23,8135,transcoder,9,2,5834,transcoder,14.738499641418457,11.171024322509766,-3.5674753189086914,0.0,-0.2420514574552279,"Node(id=19_5834_2, type=transcoder, layer=9, feature=5834, pos=2)",1
0,23,8135,transcoder,11,37,2664,lorsa,2.993786096572876,0.0,-2.993786096572876,0.0,-1.0,"Node(id=22_2664_37, type=lorsa, layer=11, feature=2664, pos=37)",1
0,23,8135,transcoder,7,37,13853,lorsa,4.031331539154053,0.0,-4.031331539154053,0.0,-1.0,"Node(id=14_13853_37, type=lorsa, layer=7, feature=13853, pos=37)",1
0,23,8135,transcoder,10,37,12941,lorsa,4.228793144226074,0.0,-4.228793144226074,0.0,-1.0,"Node(id=20_12941_37, type=lorsa, layer=10, feature=12941, pos=37)",1
0,23,8135,transcoder,7,54,13289,transcoder,0.9898383617401123,0.5016735196113586,-0.48816484212875366,0.0,-0.4931763215062422,"Node(id=15_13289_54, type=transcoder, layer=7, feature=13289, pos=54)",1
0,23,8135,transcoder,2,55,15040,lorsa,1.2088054418563843,1.0588382482528687,-0.14996719360351562,0.0,-0.12406230846645454,"Node(id=4_15040_55, type=lorsa, layer=2, feature=15040, pos=55)",1
6,23,4099,transcoder,8,23,986,transcoder,0.8977439403533936,0.3220451772212982,-0.5756987631320953,0.0,-0.6412727920006608,"Node(id=17_986_23, type=transcoder, layer=8, feature=986, pos=23)",1
3,23,15009,transcoder,6,23,4099,transcoder,2.014463186264038,1.478452205657959,-0.5360109806060791,0.0,-0.26608129861144236,"Node(id=13_4099_23, type=transcoder, layer=6, feature=4099, pos=23)",1
6,23,4099,transcoder,9,14,7241,transcoder,0.5335481762886047,0.4540116786956787,-0.07953649759292603,0.0,-0.14907088268239804,"Node(id=19_7241_14, type=transcoder, layer=9, feature=7241, pos=14)",1
6,23,4099,transcoder,7,23,14452,transcoder,3.328442096710205,2.9444265365600586,-0.3840155601501465,0.0,-0.11537396445313054,"Node(id=15_14452_23, type=transcoder, layer=7, feature=14452, pos=23)",1
5,23,11039,transcoder,6,23,4099,transcoder,2.014463186264038,1.7387347221374512,-0.2757284641265869,0.0,-0.13687441200548545,"Node(id=13_4099_23, type=transcoder, layer=6, feature=4099, pos=23)",1
6,23,4099,transcoder,14,54,15619,transcoder,0.5415058135986328,0.3730263113975525,-0.16847950220108032,0.0,-0.3111314744368715,"Node(id=29_15619_54, type=transcoder, layer=14, feature=15619, pos=54)",1
5,23,4945,transcoder,6,23,4099,transcoder,2.014463186264038,1.343933343887329,-0.670529842376709,0.0,-0.332857828799668,"Node(id=13_4099_23, type=transcoder, layer=6, feature=4099, pos=23)",1
6,23,4099,transcoder,11,37,2664,lorsa,2.993786096572876,2.5682857036590576,-0.42550039291381836,0.0,-0.14212785389073326,"Node(id=22_2664_37, type=lorsa, layer=11, feature=2664, pos=37)",1
6,23,4099,transcoder,10,37,12941,lorsa,4.228793144226074,3.659984588623047,-0.5688085556030273,0.0,-0.13450848414746164,"Node(id=20_12941_37, type=lorsa, layer=10, feature=12941, pos=37)",1
1,5,853,transcoder,14,54,15619,transcoder,0.5415058135986328,0.46403494477272034,-0.07747086882591248,0.0,-0.1430656271464046,"Node(id=29_15619_54, type=transcoder, layer=14, feature=15619, pos=54)",1
1,51,11215,lorsa,2,51,5718,transcoder,0.8235379457473755,0.6327475905418396,-0.1907903552055359,0.0,-0.23167160200783488,"Node(id=5_5718_51, type=transcoder, layer=2, feature=5718, pos=51)",1
2,51,5718,transcoder,14,54,4515,lorsa,2.634603977203369,2.2052197456359863,-0.4293842315673828,0.0,-0.16297866217569973,"Node(id=28_4515_54, type=lorsa, layer=14, feature=4515, pos=54)",1
2,51,5718,transcoder,5,23,11039,transcoder,0.8521392941474915,0.6571940183639526,-0.19494527578353882,0.0,-0.22877160708633743,"Node(id=11_11039_23, type=transcoder, layer=5, feature=11039, pos=23)",1
2,51,5718,transcoder,13,37,2468,transcoder,0.917811930179596,0.8209623098373413,-0.09684962034225464,0.0,-0.10552229400995394,"Node(id=27_2468_37, type=transcoder, layer=13, feature=2468, pos=37)",1
2,51,5718,transcoder,3,23,8633,lorsa,3.103882074356079,0.0,-3.103882074356079,0.0,-1.0,"Node(id=6_8633_23, type=lorsa, layer=3, feature=8633, pos=23)",1
2,51,5718,transcoder,7,37,13853,lorsa,4.031331539154053,3.2180402278900146,-0.8132913112640381,0.0,-0.20174260126337853,"Node(id=14_13853_37, type=lorsa, layer=7, feature=13853, pos=37)",1
2,51,5718,transcoder,4,23,12289,transcoder,0.3856951594352722,0.2809828519821167,-0.10471230745315552,0.0,-0.2714898149265688,"Node(id=9_12289_23, type=transcoder, layer=4, feature=12289, pos=23)",1
3,54,14478,transcoder,8,23,986,transcoder,0.8977439403533936,0.7818896174430847,-0.11585432291030884,0.0,-0.1290505206470157,"Node(id=17_986_23, type=transcoder, layer=8, feature=986, pos=23)",1
3,54,14478,transcoder,6,45,4984,transcoder,0.9259824752807617,0.8309705257415771,-0.09501194953918457,0.0,-0.1026066389759445,"Node(id=13_4984_45, type=transcoder, layer=6, feature=4984, pos=45)",1
3,54,14478,transcoder,13,37,9843,lorsa,3.7563188076019287,3.039132833480835,-0.7171859741210938,0.0,-0.1909278766939786,"Node(id=26_9843_37, type=lorsa, layer=13, feature=9843, pos=37)",1
3,54,14478,transcoder,10,54,9349,transcoder,0.3694993257522583,0.31671634316444397,-0.05278298258781433,0.0,-0.1428500105659306,"Node(id=21_9349_54, type=transcoder, layer=10, feature=9349, pos=54)",1
3,54,14478,transcoder,6,54,9512,transcoder,1.2145551443099976,1.070216417312622,-0.1443387269973755,0.0,-0.11884081811647666,"Node(id=13_9512_54, type=transcoder, layer=6, feature=9512, pos=54)",1
3,54,14478,transcoder,13,54,3932,transcoder,0.4565145671367645,0.35503724217414856,-0.10147732496261597,0.0,-0.22228715635313992,"Node(id=27_3932_54, type=transcoder, layer=13, feature=3932, pos=54)",1
3,54,14478,transcoder,5,37,11552,transcoder,1.0308445692062378,0.8646467328071594,-0.16619783639907837,0.0,-0.1612249231007276,"Node(id=11_11552_37, type=transcoder, layer=5, feature=11552, pos=37)",1
3,54,14478,transcoder,14,54,15619,transcoder,0.5415058135986328,0.4447646141052246,-0.0967411994934082,0.0,-0.1786521899931315,"Node(id=29_15619_54, type=transcoder, layer=14, feature=15619, pos=54)",1
3,54,14478,transcoder,9,14,3914,lorsa,2.4319560527801514,2.1858599185943604,-0.24609613418579102,0.0,-0.10119267324113858,"Node(id=18_3914_14, type=lorsa, layer=9, feature=3914, pos=14)",1
3,54,14478,transcoder,11,37,2664,lorsa,2.993786096572876,2.534212589263916,-0.45957350730895996,0.0,-0.15350913274500633,"Node(id=22_2664_37, type=lorsa, layer=11, feature=2664, pos=37)",1
2,56,13333,transcoder,3,55,8792,lorsa,2.6274337768554688,1.4932974576950073,-1.1341363191604614,0.0,-0.4316517238800986,"Node(id=6_8792_55, type=lorsa, layer=3, feature=8792, pos=55)",1
2,56,7272,transcoder,3,55,8792,lorsa,2.6274337768554688,1.8701192140579224,-0.7573145627975464,0.0,-0.2882335492024868,"Node(id=6_8792_55, type=lorsa, layer=3, feature=8792, pos=55)",1
2,56,2616,transcoder,3,55,8792,lorsa,2.6274337768554688,1.8142544031143188,-0.8131793737411499,0.0,-0.309495668703159,"Node(id=6_8792_55, type=lorsa, layer=3, feature=8792, pos=55)",1
0,56,4757,lorsa,3,55,8792,lorsa,2.6274337768554688,2.2999517917633057,-0.3274819850921631,0.0,-0.12463948205921895,"Node(id=6_8792_55, type=lorsa, layer=3, feature=8792, pos=55)",1
1,19,9035,transcoder,3,55,8792,lorsa,2.6274337768554688,1.9191558361053467,-0.7082779407501221,0.0,-0.26957023502902294,"Node(id=6_8792_55, type=lorsa, layer=3, feature=8792, pos=55)",1
3,55,8792,lorsa,10,54,9349,transcoder,0.3694993257522583,0.31848567724227905,-0.05101364850997925,0.0,-0.13806154694902706,"Node(id=21_9349_54, type=transcoder, layer=10, feature=9349, pos=54)",1
1,56,14708,transcoder,3,55,8792,lorsa,2.6274337768554688,2.323251962661743,-0.3041818141937256,0.0,-0.11577144850355564,"Node(id=6_8792_55, type=lorsa, layer=3, feature=8792, pos=55)",1
0,56,14339,transcoder,3,55,8792,lorsa,2.6274337768554688,2.34830904006958,-0.27912473678588867,0.0,-0.10623473719666766,"Node(id=6_8792_55, type=lorsa, layer=3, feature=8792, pos=55)",1
0,55,9428,lorsa,1,55,10736,transcoder,0.5947915315628052,0.5252515077590942,-0.06954002380371094,0.0,-0.11691495274150196,"Node(id=3_10736_55, type=transcoder, layer=1, feature=10736, pos=55)",1
1,55,11995,lorsa,1,55,10736,transcoder,0.5947915315628052,0.4573996067047119,-0.13739192485809326,0.0,-0.2309917299883174,"Node(id=3_10736_55, type=transcoder, layer=1, feature=10736, pos=55)",1
3,54,9407,transcoder,4,54,2320,transcoder,4.304287433624268,3.834078550338745,-0.47020888328552246,0.0,-0.1092419803594762,"Node(id=9_2320_54, type=transcoder, layer=4, feature=2320, pos=54)",1
2,54,715,transcoder,3,54,9407,transcoder,0.9804326891899109,0.8355452418327332,-0.14488744735717773,0.0,-0.14777908667742604,"Node(id=7_9407_54, type=transcoder, layer=3, feature=9407, pos=54)",1
3,54,9407,transcoder,4,54,15551,lorsa,4.019529342651367,3.486152172088623,-0.5333771705627441,0.0,-0.13269642415669422,"Node(id=8_15551_54, type=lorsa, layer=4, feature=15551, pos=54)",1
1,19,9035,transcoder,3,54,9407,transcoder,0.9804326891899109,0.8287284970283508,-0.15170419216156006,0.0,-0.15473187892878876,"Node(id=7_9407_54, type=transcoder, layer=3, feature=9407, pos=54)",1
2,54,6885,transcoder,3,54,9407,transcoder,0.9804326891899109,0.818623423576355,-0.1618092656135559,0.0,-0.16503862773817946,"Node(id=7_9407_54, type=transcoder, layer=3, feature=9407, pos=54)",1
3,54,9407,transcoder,14,54,15619,transcoder,0.5415058135986328,0.3701188862323761,-0.1713869273662567,0.0,-0.3165006230076962,"Node(id=29_15619_54, type=transcoder, layer=14, feature=15619, pos=54)",1
7,23,14452,transcoder,8,23,986,transcoder,0.8977439403533936,0.552750289440155,-0.3449936509132385,0.0,-0.3842895901669167,"Node(id=17_986_23, type=transcoder, layer=8, feature=986, pos=23)",1
1,19,9035,transcoder,8,23,986,transcoder,0.8977439403533936,0.7804297208786011,-0.11731421947479248,0.0,-0.1306767043491401,"Node(id=17_986_23, type=transcoder, layer=8, feature=986, pos=23)",1
8,23,986,transcoder,14,54,15619,transcoder,0.5415058135986328,0.42482441663742065,-0.11668139696121216,0.0,-0.21547579736179356,"Node(id=29_15619_54, type=transcoder, layer=14, feature=15619, pos=54)",1
5,23,4945,transcoder,8,23,986,transcoder,0.8977439403533936,0.7832893133163452,-0.11445462703704834,0.0,-0.12749139469768372,"Node(id=17_986_23, type=transcoder, layer=8, feature=986, pos=23)",1
8,23,986,transcoder,11,37,2664,lorsa,2.993786096572876,2.4221339225769043,-0.5716521739959717,0.0,-0.19094623181341114,"Node(id=22_2664_37, type=lorsa, layer=11, feature=2664, pos=37)",1
2,54,3192,lorsa,2,54,715,transcoder,0.9930531978607178,0.7956310510635376,-0.19742214679718018,0.0,-0.19880319324531284,"Node(id=5_715_54, type=transcoder, layer=2, feature=715, pos=54)",1
2,54,3192,lorsa,3,54,2767,transcoder,0.7313656210899353,0.6002331376075745,-0.13113248348236084,0.0,-0.1792981235390002,"Node(id=7_2767_54, type=transcoder, layer=3, feature=2767, pos=54)",1
2,54,3192,lorsa,10,54,9349,transcoder,0.3694993257522583,0.2842404842376709,-0.0852588415145874,0.0,-0.23074153475384607,"Node(id=21_9349_54, type=transcoder, layer=10, feature=9349, pos=54)",1
2,54,3192,lorsa,2,54,6885,transcoder,0.6178726553916931,0.5053123831748962,-0.11256027221679688,0.0,-0.18217390142543308,"Node(id=5_6885_54, type=transcoder, layer=2, feature=6885, pos=54)",1
2,54,3192,lorsa,2,54,3355,transcoder,0.8198118209838867,0.7116641402244568,-0.10814768075942993,0.0,-0.1319176889028483,"Node(id=5_3355_54, type=transcoder, layer=2, feature=3355, pos=54)",1
2,54,3192,lorsa,7,54,2518,transcoder,0.3623811900615692,0.29864275455474854,-0.06373843550682068,0.0,-0.17588781441992452,"Node(id=15_2518_54, type=transcoder, layer=7, feature=2518, pos=54)",1
11,23,11974,transcoder,14,54,4515,lorsa,2.634603977203369,2.2461347579956055,-0.38846921920776367,0.0,-0.14744880922108208,"Node(id=28_4515_54, type=lorsa, layer=14, feature=4515, pos=54)",1
11,23,11974,transcoder,14,51,6541,lorsa,2.6790273189544678,2.251147747039795,-0.42787957191467285,0.0,-0.15971452358375335,"Node(id=28_6541_51, type=lorsa, layer=14, feature=6541, pos=51)",1
11,23,11974,transcoder,14,54,15619,transcoder,0.5415058135986328,0.4763821065425873,-0.06512370705604553,0.0,-0.12026409582430743,"Node(id=29_15619_54, type=transcoder, layer=14, feature=15619, pos=54)",1
8,54,8745,transcoder,14,54,4515,lorsa,2.634603977203369,2.2516307830810547,-0.38297319412231445,0.0,-0.1453627176744948,"Node(id=28_4515_54, type=lorsa, layer=14, feature=4515, pos=54)",1
8,54,8745,transcoder,13,37,9843,lorsa,3.7563188076019287,3.2463219165802,-0.5099968910217285,0.0,-0.13577039573680796,"Node(id=26_9843_37, type=lorsa, layer=13, feature=9843, pos=37)",1
8,54,8745,transcoder,9,14,12621,transcoder,0.46782758831977844,0.3200889527797699,-0.14773863554000854,0.0,-0.3157971851780221,"Node(id=19_12621_14, type=transcoder, layer=9, feature=12621, pos=14)",1
8,54,8745,transcoder,14,51,6541,lorsa,2.6790273189544678,2.4061458110809326,-0.27288150787353516,0.0,-0.1018584267293069,"Node(id=28_6541_51, type=lorsa, layer=14, feature=6541, pos=51)",1
8,54,8745,transcoder,10,54,9349,transcoder,0.3694993257522583,0.32455793023109436,-0.04494139552116394,0.0,-0.12162781469132158,"Node(id=21_9349_54, type=transcoder, layer=10, feature=9349, pos=54)",1
8,54,8745,transcoder,13,37,2468,transcoder,0.917811930179596,0.8206132054328918,-0.0971987247467041,0.0,-0.10590265995745382,"Node(id=27_2468_37, type=transcoder, layer=13, feature=2468, pos=37)",1
8,54,8745,transcoder,9,14,3455,transcoder,0.7396717071533203,0.6210756301879883,-0.11859607696533203,0.0,-0.1603361002163481,"Node(id=19_3455_14, type=transcoder, layer=9, feature=3455, pos=14)",1
8,54,8745,transcoder,14,54,15619,transcoder,0.5415058135986328,0.4566720724105835,-0.08483374118804932,0.0,-0.15666266004473328,"Node(id=29_15619_54, type=transcoder, layer=14, feature=15619, pos=54)",1
8,54,8745,transcoder,9,14,3914,lorsa,2.4319560527801514,1.3953050374984741,-1.0366510152816772,0.0,-0.4262622320401735,"Node(id=18_3914_14, type=lorsa, layer=9, feature=3914, pos=14)",1
9,23,6254,transcoder,14,54,7964,transcoder,1.0550146102905273,0.9484663605690002,-0.1065482497215271,0.0,-0.10099220302947852,"Node(id=29_7964_54, type=transcoder, layer=14, feature=7964, pos=54)",1
0,15,12663,transcoder,14,54,7964,transcoder,1.0550146102905273,0.9375513195991516,-0.11746329069137573,0.0,-0.11133807015149201,"Node(id=29_7964_54, type=transcoder, layer=14, feature=7964, pos=54)",1
13,37,12356,transcoder,14,54,7964,transcoder,1.0550146102905273,0.9214640259742737,-0.13355058431625366,0.0,-0.1265864785317777,"Node(id=29_7964_54, type=transcoder, layer=14, feature=7964, pos=54)",1
0,10,7465,lorsa,14,54,7964,transcoder,1.0550146102905273,0.8747573494911194,-0.18025726079940796,0.0,-0.17085759670168849,"Node(id=29_7964_54, type=transcoder, layer=14, feature=7964, pos=54)",1
0,10,12663,transcoder,14,54,7964,transcoder,1.0550146102905273,0.815430760383606,-0.2395838499069214,0.0,-0.22709055170425116,"Node(id=29_7964_54, type=transcoder, layer=14, feature=7964, pos=54)",1
12,54,15847,transcoder,14,54,7964,transcoder,1.0550146102905273,0.9266653656959534,-0.12834924459457397,0.0,-0.1216563669760265,"Node(id=29_7964_54, type=transcoder, layer=14, feature=7964, pos=54)",1
3,23,15009,transcoder,14,51,6541,lorsa,2.6790273189544678,2.3691937923431396,-0.3098335266113281,0.0,-0.11565149948983929,"Node(id=28_6541_51, type=lorsa, layer=14, feature=6541, pos=51)",1
3,23,15009,transcoder,5,23,4945,transcoder,0.720913827419281,0.0,-0.720913827419281,0.0,-1.0,"Node(id=11_4945_23, type=transcoder, layer=5, feature=4945, pos=23)",1
3,23,15009,transcoder,7,37,13853,lorsa,4.031331539154053,2.8462696075439453,-1.1850619316101074,0.0,-0.2939629053329572,"Node(id=14_13853_37, type=lorsa, layer=7, feature=13853, pos=37)",1
9,23,6254,transcoder,10,23,9278,transcoder,6.949425220489502,6.163613319396973,-0.7858119010925293,0.0,-0.113075812194606,"Node(id=21_9278_23, type=transcoder, layer=10, feature=9278, pos=23)",1
10,23,9278,transcoder,13,54,3932,transcoder,0.4565145671367645,0.4090738296508789,-0.04744073748588562,0.0,-0.10391943850429887,"Node(id=27_3932_54, type=transcoder, layer=13, feature=3932, pos=54)",1
10,23,9278,transcoder,11,37,2664,lorsa,2.993786096572876,1.887145757675171,-1.106640338897705,0.0,-0.3696457606522146,"Node(id=22_2664_37, type=lorsa, layer=11, feature=2664, pos=37)",1
0,10,7465,lorsa,8,1,11854,transcoder,18.707630157470703,8.81800651550293,-9.889623641967773,0.0,-0.528641177889571,"Node(id=17_11854_1, type=transcoder, layer=8, feature=11854, pos=1)",1
0,10,12663,transcoder,8,1,11854,transcoder,18.707630157470703,4.669790267944336,-14.037839889526367,0.0,-0.7503804475159831,"Node(id=17_11854_1, type=transcoder, layer=8, feature=11854, pos=1)",1
2,56,13333,transcoder,3,56,5881,transcoder,4.1003336906433105,2.620013475418091,-1.4803202152252197,0.0,-0.36102432799633166,"Node(id=7_5881_56, type=transcoder, layer=3, feature=5881, pos=56)",1
0,56,6291,transcoder,2,56,13333,transcoder,1.885103464126587,1.19856858253479,-0.6865348815917969,0.0,-0.3641894965748656,"Node(id=5_13333_56, type=transcoder, layer=2, feature=13333, pos=56)",1
0,56,4757,lorsa,2,56,13333,transcoder,1.885103464126587,1.020699381828308,-0.8644040822982788,0.0,-0.45854463627479336,"Node(id=5_13333_56, type=transcoder, layer=2, feature=13333, pos=56)",1
2,56,13333,transcoder,3,56,1565,lorsa,8.72026538848877,5.104632377624512,-3.615633010864258,0.0,-0.4146241943091655,"Node(id=6_1565_56, type=lorsa, layer=3, feature=1565, pos=56)",1
2,56,13333,transcoder,14,55,8748,lorsa,1.8016709089279175,1.518180012702942,-0.2834908962249756,0.0,-0.15734887809986706,"Node(id=28_8748_55, type=lorsa, layer=14, feature=8748, pos=55)",1
2,56,13333,transcoder,14,54,15619,transcoder,0.5415058135986328,0.4316636621952057,-0.10984215140342712,0.0,-0.202845747257005,"Node(id=29_15619_54, type=transcoder, layer=14, feature=15619, pos=54)",1
0,55,9428,lorsa,0,55,12875,transcoder,0.8819401860237122,0.09033248573541641,-0.7916077002882957,0.0,-0.8975752696532782,"Node(id=1_12875_55, type=transcoder, layer=0, feature=12875, pos=55)",1
0,55,12875,transcoder,14,54,2741,transcoder,0.8528413772583008,0.7211959958076477,-0.13164538145065308,0.0,-0.15436092216100525,"Node(id=29_2741_54, type=transcoder, layer=14, feature=2741, pos=54)",1
4,54,2320,transcoder,6,45,4984,transcoder,0.9259824752807617,0.7002086043357849,-0.2257738709449768,0.0,-0.2438208896734479,"Node(id=13_4984_45, type=transcoder, layer=6, feature=4984, pos=45)",1
4,54,2320,transcoder,13,37,9843,lorsa,3.7563188076019287,3.275777578353882,-0.4805412292480469,0.0,-0.12792876586394678,"Node(id=26_9843_37, type=lorsa, layer=13, feature=9843, pos=37)",1
4,54,2320,transcoder,13,54,1408,lorsa,1.9592878818511963,1.5369141101837158,-0.42237377166748047,0.0,-0.21557514624569032,"Node(id=26_1408_54, type=lorsa, layer=13, feature=1408, pos=54)",1
4,54,2320,transcoder,6,54,15671,transcoder,5.101500511169434,4.577424049377441,-0.5240764617919922,0.0,-0.10272986558455846,"Node(id=13_15671_54, type=transcoder, layer=6, feature=15671, pos=54)",1
4,54,2320,transcoder,10,54,9349,transcoder,0.3694993257522583,0.33130699396133423,-0.03819233179092407,0.0,-0.10336238560968646,"Node(id=21_9349_54, type=transcoder, layer=10, feature=9349, pos=54)",1
4,54,2320,transcoder,14,55,8748,lorsa,1.8016709089279175,1.5309150218963623,-0.2707558870315552,0.0,-0.15028043450658157,"Node(id=28_8748_55, type=lorsa, layer=14, feature=8748, pos=55)",1
4,54,2320,transcoder,6,54,9512,transcoder,1.2145551443099976,0.8126406669616699,-0.40191447734832764,0.0,-0.33091496852261887,"Node(id=13_9512_54, type=transcoder, layer=6, feature=9512, pos=54)",1
4,54,2320,transcoder,14,54,15619,transcoder,0.5415058135986328,0.40230292081832886,-0.13920289278030396,0.0,-0.2570662941829133,"Node(id=29_15619_54, type=transcoder, layer=14, feature=15619, pos=54)",1
4,54,2320,transcoder,5,54,12487,transcoder,3.436166286468506,2.8188610076904297,-0.6173052787780762,0.0,-0.17964941953158706,"Node(id=11_12487_54, type=transcoder, layer=5, feature=12487, pos=54)",1
4,54,2320,transcoder,7,54,13289,transcoder,0.9898383617401123,0.732933521270752,-0.25690484046936035,0.0,-0.25954221456696,"Node(id=15_13289_54, type=transcoder, layer=7, feature=13289, pos=54)",1
2,54,715,transcoder,4,54,15551,lorsa,4.019529342651367,3.1606695652008057,-0.8588597774505615,0.0,-0.2136717272684566,"Node(id=8_15551_54, type=lorsa, layer=4, feature=15551, pos=54)",1
1,54,2511,lorsa,2,54,715,transcoder,0.9930531978607178,0.888754665851593,-0.10429853200912476,0.0,-0.10502814172877102,"Node(id=5_715_54, type=transcoder, layer=2, feature=715, pos=54)",1
2,54,715,transcoder,10,54,9349,transcoder,0.3694993257522583,0.30217570066452026,-0.06732362508773804,0.0,-0.18220229482333924,"Node(id=21_9349_54, type=transcoder, layer=10, feature=9349, pos=54)",1
7,53,6310,transcoder,14,54,4515,lorsa,2.634603977203369,2.3301353454589844,-0.30446863174438477,0.0,-0.1155652365132987,"Node(id=28_4515_54, type=lorsa, layer=14, feature=4515, pos=54)",1
7,53,6310,transcoder,13,54,1408,lorsa,1.9592878818511963,1.621930480003357,-0.33735740184783936,0.0,-0.17218368212898533,"Node(id=26_1408_54, type=lorsa, layer=13, feature=1408, pos=54)",1
7,53,6310,transcoder,14,55,8748,lorsa,1.8016709089279175,1.576974630355835,-0.22469627857208252,0.0,-0.12471549463258405,"Node(id=28_8748_55, type=lorsa, layer=14, feature=8748, pos=55)",1
7,53,6310,transcoder,14,54,15619,transcoder,0.5415058135986328,0.45273303985595703,-0.08877277374267578,0.0,-0.1639368802944647,"Node(id=29_15619_54, type=transcoder, layer=14, feature=15619, pos=54)",1
7,53,6310,transcoder,9,14,3914,lorsa,2.4319560527801514,2.0343804359436035,-0.39757561683654785,0.0,-0.16347977027876362,"Node(id=18_3914_14, type=lorsa, layer=9, feature=3914, pos=14)",1
1,51,11215,lorsa,14,54,4515,lorsa,2.634603977203369,2.283376932144165,-0.3512270450592041,0.0,-0.13331303228048394,"Node(id=28_4515_54, type=lorsa, layer=14, feature=4515, pos=54)",1
1,51,11215,lorsa,5,23,11039,transcoder,0.8521392941474915,0.7306594252586365,-0.12147986888885498,0.0,-0.14255869870475518,"Node(id=11_11039_23, type=transcoder, layer=5, feature=11039, pos=23)",1
1,51,11215,lorsa,7,54,2518,transcoder,0.3623811900615692,0.2938019931316376,-0.06857919692993164,0.0,-0.18924601720712908,"Node(id=15_2518_54, type=transcoder, layer=7, feature=2518, pos=54)",1
3,54,12569,lorsa,3,54,2767,transcoder,0.7313656210899353,0.5911633968353271,-0.14020222425460815,0.0,-0.19169922705099043,"Node(id=7_2767_54, type=transcoder, layer=3, feature=2767, pos=54)",1
10,14,14712,transcoder,14,54,4515,lorsa,2.634603977203369,2.3508708477020264,-0.2837331295013428,0.0,-0.10769479282519165,"Node(id=28_4515_54, type=lorsa, layer=14, feature=4515, pos=54)",1
0,55,9428,lorsa,10,14,14712,transcoder,0.3488500416278839,0.30836763978004456,-0.040482401847839355,0.0,-0.1160452831220289,"Node(id=21_14712_14, type=transcoder, layer=10, feature=14712, pos=14)",1
0,15,12663,transcoder,10,14,14712,transcoder,0.3488500416278839,0.22805818915367126,-0.12079185247421265,0.0,-0.34625723967394717,"Node(id=21_14712_14, type=transcoder, layer=10, feature=14712, pos=14)",1
9,14,12621,transcoder,10,14,14712,transcoder,0.3488500416278839,0.2818337082862854,-0.06701633334159851,0.0,-0.19210642208575227,"Node(id=21_14712_14, type=transcoder, layer=10, feature=14712, pos=14)",1
0,10,7465,lorsa,10,14,14712,transcoder,0.3488500416278839,0.2978019118309021,-0.05104812979698181,0.0,-0.14633258909406846,"Node(id=21_14712_14, type=transcoder, layer=10, feature=14712, pos=14)",1
1,19,9035,transcoder,10,14,14712,transcoder,0.3488500416278839,0.3095720410346985,-0.039278000593185425,0.0,-0.11259279319531518,"Node(id=21_14712_14, type=transcoder, layer=10, feature=14712, pos=14)",1
0,10,12663,transcoder,10,14,14712,transcoder,0.3488500416278839,0.28303346037864685,-0.06581658124923706,0.0,-0.1886672592673593,"Node(id=21_14712_14, type=transcoder, layer=10, feature=14712, pos=14)",1
0,15,12663,transcoder,9,14,7241,transcoder,0.5335481762886047,0.4614010453224182,-0.07214713096618652,0.0,-0.1352213992521661,"Node(id=19_7241_14, type=transcoder, layer=9, feature=7241, pos=14)",1
1,19,9035,transcoder,9,14,7241,transcoder,0.5335481762886047,0.4749852418899536,-0.05856293439865112,0.0,-0.1097612867989141,"Node(id=19_7241_14, type=transcoder, layer=9, feature=7241, pos=14)",1
2,54,6509,transcoder,3,54,2767,transcoder,0.7313656210899353,0.6457142233848572,-0.08565139770507812,0.0,-0.11711159949989727,"Node(id=7_2767_54, type=transcoder, layer=3, feature=2767, pos=54)",1
3,54,5003,lorsa,3,54,2767,transcoder,0.7313656210899353,0.4919589161872864,-0.23940670490264893,0.0,-0.32734202702318344,"Node(id=7_2767_54, type=transcoder, layer=3, feature=2767, pos=54)",1
3,54,2767,transcoder,10,54,9349,transcoder,0.3694993257522583,0.32600682973861694,-0.04349249601364136,0.0,-0.11770656394323756,"Node(id=21_9349_54, type=transcoder, layer=10, feature=9349, pos=54)",1
2,54,3355,transcoder,3,54,2767,transcoder,0.7313656210899353,0.45005542039871216,-0.28131020069122314,0.0,-0.3846368937495227,"Node(id=7_2767_54, type=transcoder, layer=3, feature=2767, pos=54)",1
0,55,8903,transcoder,1,55,16329,lorsa,1.2881624698638916,1.1421351432800293,-0.1460273265838623,0.0,-0.11336095407226984,"Node(id=2_16329_55, type=lorsa, layer=1, feature=16329, pos=55)",1
0,56,329,transcoder,2,56,7272,transcoder,1.4503072500228882,1.062493920326233,-0.3878133296966553,0.0,-0.26740080744306766,"Node(id=5_7272_56, type=transcoder, layer=2, feature=7272, pos=56)",1
0,56,4757,lorsa,2,56,7272,transcoder,1.4503072500228882,0.8005809187889099,-0.6497263312339783,0.0,-0.4479921969801396,"Node(id=5_7272_56, type=transcoder, layer=2, feature=7272, pos=56)",1
2,56,7272,transcoder,3,56,1565,lorsa,8.72026538848877,7.159882545471191,-1.5603828430175781,0.0,-0.17893754071720908,"Node(id=6_1565_56, type=lorsa, layer=3, feature=1565, pos=56)",1
2,56,7272,transcoder,14,55,8748,lorsa,1.8016709089279175,1.5262513160705566,-0.27541959285736084,0.0,-0.15286897928614998,"Node(id=28_8748_55, type=lorsa, layer=14, feature=8748, pos=55)",1
0,56,14339,transcoder,2,56,7272,transcoder,1.4503072500228882,0.789668619632721,-0.6606386303901672,0.0,-0.45551632619897703,"Node(id=5_7272_56, type=transcoder, layer=2, feature=7272, pos=56)",1
13,37,9843,lorsa,14,54,4515,lorsa,2.634603977203369,1.2596945762634277,-1.3749094009399414,0.0,-0.5218656818393659,"Node(id=28_4515_54, type=lorsa, layer=14, feature=4515, pos=54)",1
13,37,12356,transcoder,14,54,4515,lorsa,2.634603977203369,0.0,-2.634603977203369,0.0,-1.0,"Node(id=28_4515_54, type=lorsa, layer=14, feature=4515, pos=54)",1
1,19,9035,transcoder,14,54,4515,lorsa,2.634603977203369,2.113490104675293,-0.5211138725280762,0.0,-0.19779590292778587,"Node(id=28_4515_54, type=lorsa, layer=14, feature=4515, pos=54)",1
13,37,2468,transcoder,14,54,4515,lorsa,2.634603977203369,1.1194019317626953,-1.5152020454406738,0.0,-0.5751156752784758,"Node(id=28_4515_54, type=lorsa, layer=14, feature=4515, pos=54)",1
6,54,9512,transcoder,14,54,4515,lorsa,2.634603977203369,2.3666908740997314,-0.2679131031036377,0.0,-0.10169008527347147,"Node(id=28_4515_54, type=lorsa, layer=14, feature=4515, pos=54)",1
12,54,15847,transcoder,14,54,4515,lorsa,2.634603977203369,2.163475513458252,-0.4711284637451172,0.0,-0.17882325686201225,"Node(id=28_4515_54, type=lorsa, layer=14, feature=4515, pos=54)",1
11,37,11974,transcoder,14,54,4515,lorsa,2.634603977203369,2.283578395843506,-0.3510255813598633,0.0,-0.13323656397591746,"Node(id=28_4515_54, type=lorsa, layer=14, feature=4515, pos=54)",1
0,55,9428,lorsa,1,55,4200,lorsa,1.2039995193481445,1.0405938625335693,-0.1634056568145752,0.0,-0.13571903824599896,"Node(id=2_4200_55, type=lorsa, layer=1, feature=4200, pos=55)",1
0,55,6737,lorsa,1,55,4200,lorsa,1.2039995193481445,1.042250156402588,-0.16174936294555664,0.0,-0.13434337833716836,"Node(id=2_4200_55, type=lorsa, layer=1, feature=4200, pos=55)",1
0,56,329,transcoder,1,56,6736,transcoder,2.032651424407959,0.30435317754745483,-1.7282982468605042,0.0,-0.8502678944885484,"Node(id=3_6736_56, type=transcoder, layer=1, feature=6736, pos=56)",1
1,56,6736,transcoder,2,56,2616,transcoder,3.1142807006835938,2.5920681953430176,-0.5222125053405762,0.0,-0.16768318450740455,"Node(id=5_2616_56, type=transcoder, layer=2, feature=2616, pos=56)",1
0,56,4757,lorsa,1,56,6736,transcoder,2.032651424407959,0.9399053454399109,-1.092746078968048,0.0,-0.5375963954500105,"Node(id=3_6736_56, type=transcoder, layer=1, feature=6736, pos=56)",1
1,56,6736,transcoder,3,56,1565,lorsa,8.72026538848877,6.7015509605407715,-2.018714427947998,0.0,-0.231496902676014,"Node(id=6_1565_56, type=lorsa, layer=3, feature=1565, pos=56)",1
1,56,6736,transcoder,14,54,15619,transcoder,0.5415058135986328,0.19620579481124878,-0.34530001878738403,0.0,-0.6376663188390482,"Node(id=29_15619_54, type=transcoder, layer=14, feature=15619, pos=54)",1
9,23,2724,transcoder,10,23,1958,transcoder,0.535693883895874,0.31247448921203613,-0.2232193946838379,0.0,-0.4166920724583564,"Node(id=21_1958_23, type=transcoder, layer=10, feature=1958, pos=23)",1
0,56,6291,transcoder,3,56,5881,transcoder,4.1003336906433105,3.347095012664795,-0.7532386779785156,0.0,-0.18370179961142097,"Node(id=7_5881_56, type=transcoder, layer=3, feature=5881, pos=56)",1
0,56,4757,lorsa,3,56,5881,transcoder,4.1003336906433105,2.2460310459136963,-1.8543026447296143,0.0,-0.45223213148749575,"Node(id=7_5881_56, type=transcoder, layer=3, feature=5881, pos=56)",1
3,56,5881,transcoder,14,55,8748,lorsa,1.8016709089279175,1.3607078790664673,-0.4409630298614502,0.0,-0.24475226173454998,"Node(id=28_8748_55, type=lorsa, layer=14, feature=8748, pos=55)",1
3,56,5881,transcoder,14,54,15619,transcoder,0.5415058135986328,0.0,-0.5415058135986328,0.0,-1.0,"Node(id=29_15619_54, type=transcoder, layer=14, feature=15619, pos=54)",1
0,55,9428,lorsa,0,55,8903,transcoder,0.28014376759529114,0.0,-0.28014376759529114,0.0,-1.0,"Node(id=1_8903_55, type=transcoder, layer=0, feature=8903, pos=55)",1
0,55,9428,lorsa,14,54,2741,transcoder,0.8528413772583008,0.7078900933265686,-0.14495128393173218,0.0,-0.16996277126904769,"Node(id=29_2741_54, type=transcoder, layer=14, feature=2741, pos=54)",1
0,55,9428,lorsa,1,55,11995,lorsa,0.9528807401657104,0.4639508128166199,-0.4889299273490906,0.0,-0.5131071567928462,"Node(id=2_11995_55, type=lorsa, layer=1, feature=11995, pos=55)",1
0,55,9428,lorsa,9,14,12621,transcoder,0.46782758831977844,0.41665545105934143,-0.05117213726043701,0.0,-0.1093824702476906,"Node(id=19_12621_14, type=transcoder, layer=9, feature=12621, pos=14)",1
0,55,9428,lorsa,14,55,8748,lorsa,1.8016709089279175,1.5674519538879395,-0.23421895503997803,0.0,-0.13000096403807163,"Node(id=28_8748_55, type=lorsa, layer=14, feature=8748, pos=55)",1
0,55,9428,lorsa,2,55,14270,transcoder,0.3816030025482178,0.3424527645111084,-0.039150238037109375,0.0,-0.10259415616668927,"Node(id=5_14270_55, type=transcoder, layer=2, feature=14270, pos=55)",1
6,45,4984,transcoder,10,54,9349,transcoder,0.3694993257522583,0.3269430100917816,-0.042556315660476685,0.0,-0.11517291831003183,"Node(id=21_9349_54, type=transcoder, layer=10, feature=9349, pos=54)",1
5,54,12487,transcoder,6,45,4984,transcoder,0.9259824752807617,0.8141756057739258,-0.11180686950683594,0.0,-0.12074404482972059,"Node(id=13_4984_45, type=transcoder, layer=6, feature=4984, pos=45)",1
6,45,4984,transcoder,7,54,13289,transcoder,0.9898383617401123,0.8692540526390076,-0.12058430910110474,0.0,-0.12182222245773582,"Node(id=15_13289_54, type=transcoder, layer=7, feature=13289, pos=54)",1
9,23,6254,transcoder,10,23,1958,transcoder,0.535693883895874,0.332770437002182,-0.20292344689369202,0.0,-0.37880486037644484,"Node(id=21_1958_23, type=transcoder, layer=10, feature=1958, pos=23)",1
1,19,9035,transcoder,10,23,1958,transcoder,0.535693883895874,0.45780831575393677,-0.07788556814193726,0.0,-0.14539193088319136,"Node(id=21_1958_23, type=transcoder, layer=10, feature=1958, pos=23)",1
0,56,329,transcoder,3,56,2403,transcoder,1.9280507564544678,1.1270956993103027,-0.800955057144165,0.0,-0.4154221845368105,"Node(id=7_2403_56, type=transcoder, layer=3, feature=2403, pos=56)",1
0,56,329,transcoder,2,56,2616,transcoder,3.1142807006835938,2.6068410873413086,-0.5074396133422852,0.0,-0.16293958769705655,"Node(id=5_2616_56, type=transcoder, layer=2, feature=2616, pos=56)",1
0,56,4757,lorsa,0,56,329,transcoder,2.076172113418579,0.8530849814414978,-1.2230871319770813,0.0,-0.5891068105924865,"Node(id=1_329_56, type=transcoder, layer=0, feature=329, pos=56)",1
0,56,329,transcoder,3,56,1565,lorsa,8.72026538848877,7.3691840171813965,-1.351081371307373,0.0,-0.15493580884486324,"Node(id=6_1565_56, type=lorsa, layer=3, feature=1565, pos=56)",1
0,56,329,transcoder,14,55,8748,lorsa,1.8016709089279175,1.5732653141021729,-0.22840559482574463,0.0,-0.12677431471747366,"Node(id=28_8748_55, type=lorsa, layer=14, feature=8748, pos=55)",1
0,56,329,transcoder,1,56,6039,transcoder,1.0534913539886475,0.8148601055145264,-0.2386312484741211,0.0,-0.22651467197204223,"Node(id=3_6039_56, type=transcoder, layer=1, feature=6039, pos=56)",1
0,56,329,transcoder,14,54,15619,transcoder,0.5415058135986328,0.0,-0.5415058135986328,0.0,-1.0,"Node(id=29_15619_54, type=transcoder, layer=14, feature=15619, pos=54)",1
1,19,9035,transcoder,7,23,14452,transcoder,3.328442096710205,2.953434705734253,-0.37500739097595215,0.0,-0.11266754237563732,"Node(id=15_14452_23, type=transcoder, layer=7, feature=14452, pos=23)",1
9,23,6254,transcoder,13,54,1418,lorsa,2.4402384757995605,2.1008048057556152,-0.3394336700439453,0.0,-0.13909856491904038,"Node(id=26_1418_54, type=lorsa, layer=13, feature=1418, pos=54)",1
9,23,6254,transcoder,13,37,2468,transcoder,0.917811930179596,0.8035863637924194,-0.11422556638717651,0.0,-0.12445421837655242,"Node(id=27_2468_37, type=transcoder, layer=13, feature=2468, pos=37)",1
9,23,6254,transcoder,14,54,15619,transcoder,0.5415058135986328,0.4144323468208313,-0.1270734667778015,0.0,-0.23466685599056022,"Node(id=29_15619_54, type=transcoder, layer=14, feature=15619, pos=54)",1
9,23,6254,transcoder,11,37,2664,lorsa,2.993786096572876,2.6457343101501465,-0.3480517864227295,0.0,-0.11625806760915895,"Node(id=22_2664_37, type=lorsa, layer=11, feature=2664, pos=37)",1
0,10,7465,lorsa,10,1,10273,transcoder,28.066740036010742,0.0,-28.066740036010742,0.0,-1.0,"Node(id=21_10273_1, type=transcoder, layer=10, feature=10273, pos=1)",1
0,10,12663,transcoder,10,1,10273,transcoder,28.066740036010742,0.0,-28.066740036010742,0.0,-1.0,"Node(id=21_10273_1, type=transcoder, layer=10, feature=10273, pos=1)",1
3,56,2403,transcoder,14,55,8748,lorsa,1.8016709089279175,1.4597262144088745,-0.34194469451904297,0.0,-0.18979309308075404,"Node(id=28_8748_55, type=lorsa, layer=14, feature=8748, pos=55)",1
0,56,14339,transcoder,3,56,2403,transcoder,1.9280507564544678,1.551832914352417,-0.3762178421020508,0.0,-0.19512859858206508,"Node(id=7_2403_56, type=transcoder, layer=3, feature=2403, pos=56)",1
3,56,2403,transcoder,14,54,15619,transcoder,0.5415058135986328,0.2134103626012802,-0.3280954509973526,0.0,-0.6058946049294659,"Node(id=29_15619_54, type=transcoder, layer=14, feature=15619, pos=54)",1
0,54,14779,transcoder,1,55,11995,lorsa,0.9528807401657104,0.7832902073860168,-0.1695905327796936,0.0,-0.17797666132930864,"Node(id=2_11995_55, type=lorsa, layer=1, feature=11995, pos=55)",1
1,19,9035,transcoder,13,54,10153,transcoder,0.38005462288856506,0.29763489961624146,-0.08241972327232361,0.0,-0.21686283578371235,"Node(id=27_10153_54, type=transcoder, layer=13, feature=10153, pos=54)",1
13,54,10153,transcoder,14,54,15619,transcoder,0.5415058135986328,0.4728267788887024,-0.06867903470993042,0.0,-0.12682972737359327,"Node(id=29_15619_54, type=transcoder, layer=14, feature=15619, pos=54)",1
12,54,15847,transcoder,13,54,10153,transcoder,0.38005462288856506,0.3302445709705353,-0.049810051918029785,0.0,-0.13106024481284753,"Node(id=27_10153_54, type=transcoder, layer=13, feature=10153, pos=54)",1
12,54,9524,transcoder,13,37,9843,lorsa,3.7563188076019287,3.0183465480804443,-0.7379722595214844,0.0,-0.19646156178969623,"Node(id=26_9843_37, type=lorsa, layer=13, feature=9843, pos=37)",1
1,19,9035,transcoder,13,37,9843,lorsa,3.7563188076019287,3.154897451400757,-0.6014213562011719,0.0,-0.1601092417885385,"Node(id=26_9843_37, type=lorsa, layer=13, feature=9843, pos=37)",1
13,37,9843,lorsa,13,37,2468,transcoder,0.917811930179596,0.46256211400032043,-0.4552498161792755,0.0,-0.49601645087593593,"Node(id=27_2468_37, type=transcoder, layer=13, feature=2468, pos=37)",1
12,54,15847,transcoder,13,37,9843,lorsa,3.7563188076019287,2.4722704887390137,-1.284048318862915,0.0,-0.3418368846287209,"Node(id=26_9843_37, type=lorsa, layer=13, feature=9843, pos=37)",1
0,10,12663,transcoder,14,54,2741,transcoder,0.8528413772583008,0.7650116682052612,-0.08782970905303955,0.0,-0.10298481217620202,"Node(id=29_2741_54, type=transcoder, layer=14, feature=2741, pos=54)",1
4,54,15551,lorsa,10,54,9349,transcoder,0.3694993257522583,0.298216313123703,-0.0712830126285553,0.0,-0.1929178422272659,"Node(id=21_9349_54, type=transcoder, layer=10, feature=9349, pos=54)",1
2,54,6885,transcoder,4,54,15551,lorsa,4.019529342651367,3.5730204582214355,-0.44650888442993164,0.0,-0.11108486749729879,"Node(id=8_15551_54, type=lorsa, layer=4, feature=15551, pos=54)",1
4,54,15551,lorsa,7,54,2518,transcoder,0.3623811900615692,0.3011435270309448,-0.06123766303062439,0.0,-0.16898686993168713,"Node(id=15_2518_54, type=transcoder, layer=7, feature=2518, pos=54)",1
1,19,9035,transcoder,13,54,1418,lorsa,2.4402384757995605,1.220452070236206,-1.2197864055633545,0.0,-0.4998636066352832,"Node(id=26_1418_54, type=lorsa, layer=13, feature=1418, pos=54)",1
12,54,15847,transcoder,13,54,1418,lorsa,2.4402384757995605,1.8527129888534546,-0.587525486946106,0.0,-0.24076560253136706,"Node(id=26_1418_54, type=lorsa, layer=13, feature=1418, pos=54)",1
0,15,12663,transcoder,9,14,12621,transcoder,0.46782758831977844,0.3895892798900604,-0.07823830842971802,0.0,-0.16723748317347858,"Node(id=19_12621_14, type=transcoder, layer=9, feature=12621, pos=14)",1
0,15,12663,transcoder,13,14,12341,transcoder,0.8768914937973022,0.710167407989502,-0.1667240858078003,0.0,-0.19013080522176828,"Node(id=27_12341_14, type=transcoder, layer=13, feature=12341, pos=14)",1
0,15,12663,transcoder,14,54,15619,transcoder,0.5415058135986328,0.43604475259780884,-0.10546106100082397,0.0,-0.1947551777883447,"Node(id=29_15619_54, type=transcoder, layer=14, feature=15619, pos=54)",1
0,15,12663,transcoder,13,55,14142,transcoder,0.6139975786209106,0.5423550605773926,-0.07164251804351807,0.0,-0.11668208562716663,"Node(id=27_14142_55, type=transcoder, layer=13, feature=14142, pos=55)",1
0,15,7465,lorsa,0,15,12663,transcoder,1.3492733240127563,0.3962906002998352,-0.9529827237129211,0.0,-0.7062933111867492,"Node(id=1_12663_15, type=transcoder, layer=0, feature=12663, pos=15)",1
0,15,12663,transcoder,9,14,3914,lorsa,2.4319560527801514,2.090822219848633,-0.34113383293151855,0.0,-0.140271380538124,"Node(id=18_3914_14, type=lorsa, layer=9, feature=3914, pos=14)",1
12,54,9524,transcoder,13,54,3932,transcoder,0.4565145671367645,0.38201895356178284,-0.07449561357498169,0.0,-0.16318343145589917,"Node(id=27_3932_54, type=transcoder, layer=13, feature=3932, pos=54)",1
12,54,9524,transcoder,13,14,12341,transcoder,0.8768914937973022,0.7756587266921997,-0.10123276710510254,0.0,-0.1154450326193984,"Node(id=27_12341_14, type=transcoder, layer=13, feature=12341, pos=14)",1
0,56,6291,transcoder,2,56,2616,transcoder,3.1142807006835938,2.30802321434021,-0.8062574863433838,0.0,-0.258890435331153,"Node(id=5_2616_56, type=transcoder, layer=2, feature=2616, pos=56)",1
0,56,4757,lorsa,0,56,6291,transcoder,1.7682552337646484,0.0,-1.7682552337646484,0.0,-1.0,"Node(id=1_6291_56, type=transcoder, layer=0, feature=6291, pos=56)",1
0,56,6291,transcoder,1,56,14708,transcoder,0.787199854850769,0.3785107433795929,-0.40868911147117615,0.0,-0.5191681743242345,"Node(id=3_14708_56, type=transcoder, layer=1, feature=14708, pos=56)",1
0,56,6291,transcoder,3,56,1565,lorsa,8.72026538848877,5.279772758483887,-3.440492630004883,0.0,-0.3945398995019719,"Node(id=6_1565_56, type=lorsa, layer=3, feature=1565, pos=56)",1
0,56,6291,transcoder,3,55,10711,transcoder,0.27328234910964966,0.2430730164051056,-0.030209332704544067,0.0,-0.11054256816426557,"Node(id=7_10711_55, type=transcoder, layer=3, feature=10711, pos=55)",1
0,56,6291,transcoder,1,56,6039,transcoder,1.0534913539886475,0.8412964940071106,-0.21219485998153687,0.0,-0.20142059939850585,"Node(id=3_6039_56, type=transcoder, layer=1, feature=6039, pos=56)",1
0,56,6291,transcoder,14,54,15619,transcoder,0.5415058135986328,0.20851923525333405,-0.33298657834529877,0.0,-0.614927060768567,"Node(id=29_15619_54, type=transcoder, layer=14, feature=15619, pos=54)",1
1,54,2511,lorsa,2,54,6509,transcoder,0.7901896834373474,0.7056169509887695,-0.08457273244857788,0.0,-0.10702839358859269,"Node(id=5_6509_54, type=transcoder, layer=2, feature=6509, pos=54)",1
2,54,6509,transcoder,10,54,9349,transcoder,0.3694993257522583,0.32014602422714233,-0.04935330152511597,0.0,-0.13356804217338772,"Node(id=21_9349_54, type=transcoder, layer=10, feature=9349, pos=54)",1
1,19,9035,transcoder,13,54,1408,lorsa,1.9592878818511963,1.3944554328918457,-0.5648324489593506,0.0,-0.2882845620551071,"Node(id=26_1408_54, type=lorsa, layer=13, feature=1408, pos=54)",1
6,54,9512,transcoder,13,54,1408,lorsa,1.9592878818511963,1.749117374420166,-0.21017050743103027,0.0,-0.10726882423855683,"Node(id=26_1408_54, type=lorsa, layer=13, feature=1408, pos=54)",1
13,54,1408,lorsa,14,54,15619,transcoder,0.5415058135986328,0.4708646535873413,-0.0706411600112915,0.0,-0.130453188566598,"Node(id=29_15619_54, type=transcoder, layer=14, feature=15619, pos=54)",1
12,54,15847,transcoder,13,54,1408,lorsa,1.9592878818511963,1.479884147644043,-0.4794037342071533,0.0,-0.24468264140652865,"Node(id=26_1408_54, type=lorsa, layer=13, feature=1408, pos=54)",1
0,56,4757,lorsa,2,56,2616,transcoder,3.1142807006835938,0.779891312122345,-2.334389388561249,0.0,-0.7495757810299,"Node(id=5_2616_56, type=transcoder, layer=2, feature=2616, pos=56)",1
2,56,2616,transcoder,10,54,9349,transcoder,0.3694993257522583,0.3206508159637451,-0.048848509788513184,0.0,-0.13220189154354534,"Node(id=21_9349_54, type=transcoder, layer=10, feature=9349, pos=54)",1
2,56,2616,transcoder,3,56,1565,lorsa,8.72026538848877,2.165896415710449,-6.55436897277832,0.0,-0.7516249426801217,"Node(id=6_1565_56, type=lorsa, layer=3, feature=1565, pos=56)",1
2,56,2616,transcoder,3,55,10711,transcoder,0.27328234910964966,0.24080881476402283,-0.03247353434562683,0.0,-0.11882777812553641,"Node(id=7_10711_55, type=transcoder, layer=3, feature=10711, pos=55)",1
2,56,2616,transcoder,14,54,15619,transcoder,0.5415058135986328,0.21461902558803558,-0.32688678801059723,0.0,-0.6036625642820662,"Node(id=29_15619_54, type=transcoder, layer=14, feature=15619, pos=54)",1
2,54,3355,transcoder,3,54,5003,lorsa,1.4944757223129272,1.0012379884719849,-0.4932377338409424,0.0,-0.33004064668081884,"Node(id=6_5003_54, type=lorsa, layer=3, feature=5003, pos=54)",1
0,56,4757,lorsa,1,54,2511,lorsa,2.0118603706359863,1.7875001430511475,-0.22436022758483887,0.0,-0.11151878672072776,"Node(id=2_2511_54, type=lorsa, layer=1, feature=2511, pos=54)",1
0,56,4757,lorsa,10,54,9349,transcoder,0.3694993257522583,0.31979918479919434,-0.049700140953063965,0.0,-0.13450671622168775,"Node(id=21_9349_54, type=transcoder, layer=10, feature=9349, pos=54)",1
0,56,4757,lorsa,1,56,14708,transcoder,0.787199854850769,0.35303041338920593,-0.4341694414615631,0.0,-0.5515364856664886,"Node(id=3_14708_56, type=transcoder, layer=1, feature=14708, pos=56)",1
0,56,4757,lorsa,3,56,1565,lorsa,8.72026538848877,4.723487377166748,-3.9967780113220215,0.0,-0.4583321531243749,"Node(id=6_1565_56, type=lorsa, layer=3, feature=1565, pos=56)",1
0,56,4757,lorsa,14,55,8748,lorsa,1.8016709089279175,1.54905104637146,-0.2526198625564575,0.0,-0.140214209656512,"Node(id=28_8748_55, type=lorsa, layer=14, feature=8748, pos=55)",1
0,56,4757,lorsa,3,55,10711,transcoder,0.27328234910964966,0.23777511715888977,-0.03550723195075989,0.0,-0.12992874243961233,"Node(id=7_10711_55, type=transcoder, layer=3, feature=10711, pos=55)",1
0,56,4757,lorsa,1,56,6039,transcoder,1.0534913539886475,0.0,-1.0534913539886475,0.0,-1.0,"Node(id=3_6039_56, type=transcoder, layer=1, feature=6039, pos=56)",1
0,56,4757,lorsa,0,56,14339,transcoder,0.9878732562065125,0.3678021728992462,-0.6200710833072662,0.0,-0.6276828321968886,"Node(id=1_14339_56, type=transcoder, layer=0, feature=14339, pos=56)",1
0,56,4757,lorsa,14,54,15619,transcoder,0.5415058135986328,0.0,-0.5415058135986328,0.0,-1.0,"Node(id=29_15619_54, type=transcoder, layer=14, feature=15619, pos=54)",1
6,54,15671,transcoder,9,14,12621,transcoder,0.46782758831977844,0.40618517994880676,-0.06164240837097168,0.0,-0.1317630894585821,"Node(id=19_12621_14, type=transcoder, layer=9, feature=12621, pos=14)",1
1,19,9035,transcoder,9,14,12621,transcoder,0.46782758831977844,0.32956305146217346,-0.13826453685760498,0.0,-0.29554592398919355,"Node(id=19_12621_14, type=transcoder, layer=9, feature=12621, pos=14)",1
9,14,3914,lorsa,9,14,12621,transcoder,0.46782758831977844,0.39272457361221313,-0.07510301470756531,0.0,-0.16053566865797889,"Node(id=19_12621_14, type=transcoder, layer=9, feature=12621, pos=14)",1
1,19,9035,transcoder,14,51,6541,lorsa,2.6790273189544678,1.5489133596420288,-1.130113959312439,0.0,-0.421837415138224,"Node(id=28_6541_51, type=lorsa, layer=14, feature=6541, pos=51)",1
0,10,7465,lorsa,10,54,9349,transcoder,0.3694993257522583,0.2801109254360199,-0.0893884003162384,0.0,-0.24191762768241554,"Node(id=21_9349_54, type=transcoder, layer=10, feature=9349, pos=54)",1
0,10,7465,lorsa,13,54,3932,transcoder,0.4565145671367645,0.3779229521751404,-0.07859161496162415,0.0,-0.17215576592560156,"Node(id=27_3932_54, type=transcoder, layer=13, feature=3932, pos=54)",1
0,10,7465,lorsa,13,14,12341,transcoder,0.8768914937973022,0.6743616461753845,-0.20252984762191772,0.0,-0.23096340773575058,"Node(id=27_12341_14, type=transcoder, layer=13, feature=12341, pos=14)",1
0,10,7465,lorsa,14,54,15619,transcoder,0.5415058135986328,0.2923469841480255,-0.2491588294506073,0.0,-0.46012216894735913,"Node(id=29_15619_54, type=transcoder, layer=14, feature=15619, pos=54)",1
0,10,7465,lorsa,13,55,14142,transcoder,0.6139975786209106,0.4587971866130829,-0.15520039200782776,0.0,-0.252770364919713,"Node(id=27_14142_55, type=transcoder, layer=13, feature=14142, pos=55)",1
0,10,7465,lorsa,9,1,5834,transcoder,15.394159317016602,3.935378313064575,-11.458781003952026,0.0,-0.7443589979795496,"Node(id=19_5834_1, type=transcoder, layer=9, feature=5834, pos=1)",1
0,10,7465,lorsa,0,10,12663,transcoder,1.3235399723052979,0.34128284454345703,-0.9822571277618408,0.0,-0.7421439082425128,"Node(id=1_12663_10, type=transcoder, layer=0, feature=12663, pos=10)",1
0,10,7465,lorsa,9,14,3914,lorsa,2.4319560527801514,1.9294012784957886,-0.5025547742843628,0.0,-0.20664632229264782,"Node(id=18_3914_14, type=lorsa, layer=9, feature=3914, pos=14)",1
1,54,2511,lorsa,10,54,9349,transcoder,0.3694993257522583,0.28132811188697815,-0.08817121386528015,0.0,-0.2386234770138583,"Node(id=21_9349_54, type=transcoder, layer=10, feature=9349, pos=54)",1
1,54,2511,lorsa,2,54,6885,transcoder,0.6178726553916931,0.5242825150489807,-0.0935901403427124,0.0,-0.15147156865743158,"Node(id=5_6885_54, type=transcoder, layer=2, feature=6885, pos=54)",1
1,54,2511,lorsa,7,54,2518,transcoder,0.3623811900615692,0.3027993440628052,-0.05958184599876404,0.0,-0.16441760122439295,"Node(id=15_2518_54, type=transcoder, layer=7, feature=2518, pos=54)",1
1,54,2511,lorsa,11,37,2664,lorsa,2.993786096572876,2.6708152294158936,-0.3229708671569824,0.0,-0.10788040853242721,"Node(id=22_2664_37, type=lorsa, layer=11, feature=2664, pos=37)",1
1,54,2511,lorsa,1,54,14348,transcoder,0.7237109541893005,0.35460972785949707,-0.36910122632980347,0.0,-0.5100119380440633,"Node(id=3_14348_54, type=transcoder, layer=1, feature=14348, pos=54)",1
6,54,15671,transcoder,7,54,2518,transcoder,0.3623811900615692,0.1857496052980423,-0.17663158476352692,0.0,-0.48741929660730154,"Node(id=15_2518_54, type=transcoder, layer=7, feature=2518, pos=54)",1
6,54,15671,transcoder,7,54,13289,transcoder,0.9898383617401123,0.37560826539993286,-0.6142300963401794,0.0,-0.6205357562222357,"Node(id=15_13289_54, type=transcoder, layer=7, feature=13289, pos=54)",1
1,19,9035,transcoder,13,37,2468,transcoder,0.917811930179596,0.7441191673278809,-0.1736927628517151,0.0,-0.1892465734431314,"Node(id=27_2468_37, type=transcoder, layer=13, feature=2468, pos=37)",1
1,19,9035,transcoder,2,55,12041,transcoder,0.4566259980201721,0.0,-0.4566259980201721,0.0,-1.0,"Node(id=5_12041_55, type=transcoder, layer=2, feature=12041, pos=55)",1
1,19,9035,transcoder,13,54,3932,transcoder,0.4565145671367645,0.3500162959098816,-0.10649827122688293,0.0,-0.23328559238500213,"Node(id=27_3932_54, type=transcoder, layer=13, feature=3932, pos=54)",1
1,19,9035,transcoder,2,54,3355,transcoder,0.8198118209838867,0.7143157124519348,-0.1054961085319519,0.0,-0.12868332199131027,"Node(id=5_3355_54, type=transcoder, layer=2, feature=3355, pos=54)",1
1,19,9035,transcoder,9,14,3455,transcoder,0.7396717071533203,0.6132868528366089,-0.12638485431671143,0.0,-0.1708661465545473,"Node(id=19_3455_14, type=transcoder, layer=9, feature=3455, pos=14)",1
1,19,9035,transcoder,5,37,11552,transcoder,1.0308445692062378,0.6625420451164246,-0.36830252408981323,0.0,-0.35728230529788835,"Node(id=11_11552_37, type=transcoder, layer=5, feature=11552, pos=37)",1
1,19,9035,transcoder,14,54,15619,transcoder,0.5415058135986328,0.0,-0.5415058135986328,0.0,-1.0,"Node(id=29_15619_54, type=transcoder, layer=14, feature=15619, pos=54)",1
1,19,9035,transcoder,2,55,14270,transcoder,0.3816030025482178,0.0,-0.3816030025482178,0.0,-1.0,"Node(id=5_14270_55, type=transcoder, layer=2, feature=14270, pos=55)",1
1,19,9035,transcoder,2,55,4532,transcoder,0.5893785953521729,0.0,-0.5893785953521729,0.0,-1.0,"Node(id=5_4532_55, type=transcoder, layer=2, feature=4532, pos=55)",1
1,19,9035,transcoder,9,14,3914,lorsa,2.4319560527801514,1.9246443510055542,-0.5073117017745972,0.0,-0.20860233111311824,"Node(id=18_3914_14, type=lorsa, layer=9, feature=3914, pos=14)",1
1,19,9035,transcoder,10,54,12026,transcoder,0.6972393989562988,0.5687158703804016,-0.12852352857589722,0.0,-0.18433199381487153,"Node(id=21_12026_54, type=transcoder, layer=10, feature=12026, pos=54)",1
1,19,9035,transcoder,3,55,9255,transcoder,0.6651935577392578,0.0,-0.6651935577392578,0.0,-1.0,"Node(id=7_9255_55, type=transcoder, layer=3, feature=9255, pos=55)",1
6,55,4801,transcoder,14,55,8748,lorsa,1.8016709089279175,1.6042594909667969,-0.1974114179611206,0.0,-0.1095712968349975,"Node(id=28_8748_55, type=lorsa, layer=14, feature=8748, pos=55)",1
2,54,6885,transcoder,10,54,9349,transcoder,0.3694993257522583,0.32390478253364563,-0.04559454321861267,0.0,-0.12339547068397866,"Node(id=21_9349_54, type=transcoder, layer=10, feature=9349, pos=54)",1
1,54,26,lorsa,10,54,9349,transcoder,0.3694993257522583,0.3274354934692383,-0.04206383228302002,0.0,-0.11384007859116624,"Node(id=21_9349_54, type=transcoder, layer=10, feature=9349, pos=54)",1
0,10,12663,transcoder,10,54,9349,transcoder,0.3694993257522583,0.2572273313999176,-0.1122719943523407,0.0,-0.30384898300901575,"Node(id=21_9349_54, type=transcoder, layer=10, feature=9349, pos=54)",1
7,54,2518,transcoder,10,54,9349,transcoder,0.3694993257522583,0.2650201916694641,-0.10447913408279419,0.0,-0.2827586596270146,"Node(id=21_9349_54, type=transcoder, layer=10, feature=9349, pos=54)",1
1,54,14348,transcoder,10,54,9349,transcoder,0.3694993257522583,0.3130757510662079,-0.056423574686050415,0.0,-0.1527027811787707,"Node(id=21_9349_54, type=transcoder, layer=10, feature=9349, pos=54)",1
1,54,14348,transcoder,2,54,6885,transcoder,0.6178726553916931,0.5558795928955078,-0.0619930624961853,0.0,-0.10033307341766974,"Node(id=5_6885_54, type=transcoder, layer=2, feature=6885, pos=54)",1
10,55,16018,transcoder,14,54,15619,transcoder,0.5415058135986328,0.48633986711502075,-0.05516594648361206,0.0,-0.1018750770504218,"Node(id=29_15619_54, type=transcoder, layer=14, feature=15619, pos=54)",1
1,56,14708,transcoder,14,54,15619,transcoder,0.5415058135986328,0.35240113735198975,-0.18910467624664307,0.0,-0.349220029587362,"Node(id=29_15619_54, type=transcoder, layer=14, feature=15619, pos=54)",1
0,57,6291,transcoder,1,56,14708,transcoder,0.787199854850769,0.6930202841758728,-0.09417957067489624,0.0,-0.11963870431956576,"Node(id=3_14708_56, type=transcoder, layer=1, feature=14708, pos=56)",1
5,23,11039,transcoder,7,37,13853,lorsa,4.031331539154053,3.5235109329223633,-0.5078206062316895,0.0,-0.12596845516165414,"Node(id=14_13853_37, type=lorsa, layer=7, feature=13853, pos=37)",1
12,54,15847,transcoder,13,37,2468,transcoder,0.917811930179596,0.734238862991333,-0.18357306718826294,0.0,-0.2000116376263944,"Node(id=27_2468_37, type=transcoder, layer=13, feature=2468, pos=37)",1
0,23,14802,lorsa,0,23,14361,transcoder,0.5010280609130859,0.4352310299873352,-0.06579703092575073,0.0,-0.13132404361911507,"Node(id=1_14361_23, type=transcoder, layer=0, feature=14361, pos=23)",1
0,56,14339,transcoder,1,56,6039,transcoder,1.0534913539886475,0.8513030409812927,-0.20218831300735474,0.0,-0.19192213798608312,"Node(id=3_6039_56, type=transcoder, layer=1, feature=6039, pos=56)",1
0,56,14339,transcoder,14,54,15619,transcoder,0.5415058135986328,0.37083107233047485,-0.17067474126815796,0.0,-0.3151854273436537,"Node(id=29_15619_54, type=transcoder, layer=14, feature=15619, pos=54)",1
0,37,8352,lorsa,3,23,8633,lorsa,3.103882074356079,2.7144224643707275,-0.38945960998535156,0.0,-0.1254750021603664,"Node(id=6_8633_23, type=lorsa, layer=3, feature=8633, pos=23)",1
0,37,8352,lorsa,7,37,13853,lorsa,4.031331539154053,3.4764342308044434,-0.5548973083496094,0.0,-0.13764616057007575,"Node(id=14_13853_37, type=lorsa, layer=7, feature=13853, pos=37)",1
5,54,12487,transcoder,6,54,9512,transcoder,1.2145551443099976,0.9241673946380615,-0.29038774967193604,0.0,-0.2390898025769827,"Node(id=13_9512_54, type=transcoder, layer=6, feature=9512, pos=54)",1
2,55,12041,transcoder,3,55,9255,transcoder,0.6651935577392578,0.5794662833213806,-0.0857272744178772,0.0,-0.12887568350666517,"Node(id=7_9255_55, type=transcoder, layer=3, feature=9255, pos=55)",1
13,54,3932,transcoder,14,54,15619,transcoder,0.5415058135986328,0.45702308416366577,-0.08448272943496704,0.0,-0.15601444585336643,"Node(id=29_15619_54, type=transcoder, layer=14, feature=15619, pos=54)",1
0,10,12663,transcoder,13,54,3932,transcoder,0.4565145671367645,0.3434138298034668,-0.11310073733329773,0.0,-0.24774836440085501,"Node(id=27_3932_54, type=transcoder, layer=13, feature=3932, pos=54)",1
12,54,15847,transcoder,13,54,3932,transcoder,0.4565145671367645,0.19595171511173248,-0.26056285202503204,0.0,-0.5707656902588424,"Node(id=27_3932_54, type=transcoder, layer=13, feature=3932, pos=54)",1
1,54,26,lorsa,1,54,14348,transcoder,0.7237109541893005,0.606200635433197,-0.11751031875610352,0.0,-0.16237189457459342,"Node(id=3_14348_54, type=transcoder, layer=1, feature=14348, pos=54)",1
9,14,3455,transcoder,14,54,15619,transcoder,0.5415058135986328,0.47215378284454346,-0.06935203075408936,0.0,-0.12807255067716314,"Node(id=29_15619_54, type=transcoder, layer=14, feature=15619, pos=54)",1
13,14,12341,transcoder,14,54,15619,transcoder,0.5415058135986328,0.46587756276130676,-0.07562825083732605,0.0,-0.13966286037582995,"Node(id=29_15619_54, type=transcoder, layer=14, feature=15619, pos=54)",1
0,10,12663,transcoder,13,14,12341,transcoder,0.8768914937973022,0.5800504088401794,-0.2968410849571228,0.0,-0.3385151835282132,"Node(id=27_12341_14, type=transcoder, layer=13, feature=12341, pos=14)",1
10,19,13297,transcoder,14,54,15619,transcoder,0.5415058135986328,0.46957260370254517,-0.07193320989608765,0.0,-0.13283921998555856,"Node(id=29_15619_54, type=transcoder, layer=14, feature=15619, pos=54)",1
1,3,853,transcoder,14,54,15619,transcoder,0.5415058135986328,0.4416109323501587,-0.09989488124847412,0.0,-0.1844761011605995,"Node(id=29_15619_54, type=transcoder, layer=14, feature=15619, pos=54)",1
0,10,12663,transcoder,14,54,15619,transcoder,0.5415058135986328,0.24951645731925964,-0.29198935627937317,0.0,-0.5392173988658178,"Node(id=29_15619_54, type=transcoder, layer=14, feature=15619, pos=54)",1
10,14,9278,transcoder,14,54,15619,transcoder,0.5415058135986328,0.40656355023384094,-0.13494226336479187,0.0,-0.24919818028918125,"Node(id=29_15619_54, type=transcoder, layer=14, feature=15619, pos=54)",1
7,54,13289,transcoder,14,54,15619,transcoder,0.5415058135986328,0.48147210478782654,-0.060033708810806274,0.0,-0.11086438465331713,"Node(id=29_15619_54, type=transcoder, layer=14, feature=15619, pos=54)",1
0,57,6291,transcoder,14,54,15619,transcoder,0.5415058135986328,0.41132625937461853,-0.13017955422401428,0.0,-0.24040287464116517,"Node(id=29_15619_54, type=transcoder, layer=14, feature=15619, pos=54)",1
5,23,4945,transcoder,7,37,13853,lorsa,4.031331539154053,3.273184299468994,-0.7581472396850586,0.0,-0.1880637284037796,"Node(id=14_13853_37, type=lorsa, layer=7, feature=13853, pos=37)",1
0,10,12663,transcoder,13,55,14142,transcoder,0.6139975786209106,0.40928179025650024,-0.2047157883644104,0.0,-0.3334146509571243,"Node(id=27_14142_55, type=transcoder, layer=13, feature=14142, pos=55)",1
3,23,8633,lorsa,4,23,12289,transcoder,0.3856951594352722,0.25800684094429016,-0.12768831849098206,0.0,-0.3310602048465969,"Node(id=9_12289_23, type=transcoder, layer=4, feature=12289, pos=23)",1
0,10,12663,transcoder,9,1,5834,transcoder,15.394159317016602,0.0,-15.394159317016602,0.0,-1.0,"Node(id=19_5834_1, type=transcoder, layer=9, feature=5834, pos=1)",1
0,10,12663,transcoder,9,14,3914,lorsa,2.4319560527801514,1.7481441497802734,-0.6838119029998779,0.0,-0.2811777384785228,"Node(id=18_3914_14, type=lorsa, layer=9, feature=3914, pos=14)",1
1,54,14348,transcoder,7,54,2518,transcoder,0.3623811900615692,0.32428810000419617,-0.03809309005737305,0.0,-0.10511883922810938,"Node(id=15_2518_54, type=transcoder, layer=7, feature=2518, pos=54)",1
5,54,12487,transcoder,7,54,13289,transcoder,0.9898383617401123,0.8039930462837219,-0.18584531545639038,0.0,-0.18775319551131434,"Node(id=15_13289_54, type=transcoder, layer=7, feature=13289, pos=54)",1
