source_layer,source_pos,source_feature,source_type,target_layer,target_pos,target_feature,target_type,original_activation,modified_activation,activation_change,steering_scale,reduction_ratio,target_node_str,steering_nodes_count
0,3,10273,lorsa,0,3,13486,transcoder,2.4805715084075928,1.0112547874450684,-1.4693167209625244,0.0,-0.5923299191264818,"Node(id=1_13486_3, type=transcoder, layer=0, feature=13486, pos=3)",1
0,3,10273,lorsa,14,54,15619,transcoder,0.5415058135986328,0.39322757720947266,-0.14827823638916016,0.0,-0.2738257515718286,"Node(id=29_15619_54, type=transcoder, layer=14, feature=15619, pos=54)",1
0,5,10273,lorsa,0,5,13486,transcoder,1.9582043886184692,0.6591346859931946,-1.2990697026252747,0.0,-0.6633984226446249,"Node(id=1_13486_5, type=transcoder, layer=0, feature=13486, pos=5)",1
0,5,10273,lorsa,14,54,15619,transcoder,0.5415058135986328,0.37494978308677673,-0.16655603051185608,0.0,-0.30757939495605924,"Node(id=29_15619_54, type=transcoder, layer=14, feature=15619, pos=54)",1
0,9,7465,lorsa,0,9,12663,transcoder,1.3848077058792114,0.3466142416000366,-1.0381934642791748,0.0,-0.749702258206332,"Node(id=1_12663_9, type=transcoder, layer=0, feature=12663, pos=9)",1
0,9,7465,lorsa,13,14,12341,transcoder,0.8768914937973022,0.6287760138511658,-0.24811547994613647,0.0,-0.28294889584536165,"Node(id=27_12341_14, type=transcoder, layer=13, feature=12341, pos=14)",1
0,9,7465,lorsa,13,54,3932,transcoder,0.4565145671367645,0.33850863575935364,-0.11800593137741089,0.0,-0.25849324396708284,"Node(id=27_3932_54, type=transcoder, layer=13, feature=3932, pos=54)",1
0,9,7465,lorsa,13,55,14142,transcoder,0.6139975786209106,0.4882093369960785,-0.12578824162483215,0.0,-0.20486765095615353,"Node(id=27_14142_55, type=transcoder, layer=13, feature=14142, pos=55)",1
0,9,7465,lorsa,14,55,9044,lorsa,3.8024330139160156,2.032245635986328,-1.7701873779296875,0.0,-0.4655407133935603,"Node(id=28_9044_55, type=lorsa, layer=14, feature=9044, pos=55)",1
0,9,7465,lorsa,14,54,7964,transcoder,1.0550146102905273,0.8153278827667236,-0.2396867275238037,0.0,-0.22718806468262973,"Node(id=29_7964_54, type=transcoder, layer=14, feature=7964, pos=54)",1
0,9,7465,lorsa,14,54,15619,transcoder,0.5415058135986328,0.0,-0.5415058135986328,0.0,-1.0,"Node(id=29_15619_54, type=transcoder, layer=14, feature=15619, pos=54)",1
0,9,7465,lorsa,14,55,8439,transcoder,1.9621776342391968,1.2716625928878784,-0.6905150413513184,0.0,-0.3519126042933695,"Node(id=29_8439_55, type=transcoder, layer=14, feature=8439, pos=55)",1
0,14,7465,lorsa,0,14,12663,transcoder,1.357285976409912,0.38840216398239136,-0.9688838124275208,0.0,-0.7138391092717733,"Node(id=1_12663_14, type=transcoder, layer=0, feature=12663, pos=14)",1
0,14,7465,lorsa,7,37,13853,lorsa,4.031331539154053,3.1595630645751953,-0.8717684745788574,0.0,-0.21624827085340445,"Node(id=14_13853_37, type=lorsa, layer=7, feature=13853, pos=37)",1
0,14,7465,lorsa,7,14,14452,transcoder,2.750537633895874,2.0773391723632812,-0.6731984615325928,0.0,-0.24475159082956136,"Node(id=15_14452_14, type=transcoder, layer=7, feature=14452, pos=14)",1
0,14,7465,lorsa,9,14,3914,lorsa,2.4319560527801514,1.7618814706802368,-0.6700745820999146,0.0,-0.2755290669557544,"Node(id=18_3914_14, type=lorsa, layer=9, feature=3914, pos=14)",1
0,14,7465,lorsa,9,14,5285,lorsa,4.247608184814453,0.0,-4.247608184814453,0.0,-1.0,"Node(id=18_5285_14, type=lorsa, layer=9, feature=5285, pos=14)",1
0,14,7465,lorsa,10,23,1958,transcoder,0.535693883895874,0.3736344575881958,-0.16205942630767822,0.0,-0.3025224501894419,"Node(id=21_1958_23, type=transcoder, layer=10, feature=1958, pos=23)",1
0,14,7465,lorsa,10,54,9349,transcoder,0.3694993257522583,0.23290695250034332,-0.13659237325191498,0.0,-0.3696688024364552,"Node(id=21_9349_54, type=transcoder, layer=10, feature=9349, pos=54)",1
0,14,7465,lorsa,11,37,14406,transcoder,0.3764583170413971,0.0,-0.3764583170413971,0.0,-1.0,"Node(id=23_14406_37, type=transcoder, layer=11, feature=14406, pos=37)",1
0,14,7465,lorsa,11,54,11603,transcoder,0.590173602104187,0.4549623131752014,-0.1352112889289856,0.0,-0.2291042643163086,"Node(id=23_11603_54, type=transcoder, layer=11, feature=11603, pos=54)",1
0,14,7465,lorsa,11,55,15901,transcoder,0.444108784198761,0.35374391078948975,-0.09036487340927124,0.0,-0.2034746364503982,"Node(id=23_15901_55, type=transcoder, layer=11, feature=15901, pos=55)",1
0,14,7465,lorsa,12,14,15473,transcoder,0.37259894609451294,0.0,-0.37259894609451294,0.0,-1.0,"Node(id=25_15473_14, type=transcoder, layer=12, feature=15473, pos=14)",1
0,14,7465,lorsa,12,37,7154,transcoder,0.39370015263557434,0.2908030152320862,-0.10289713740348816,0.0,-0.26135915039569246,"Node(id=25_7154_37, type=transcoder, layer=12, feature=7154, pos=37)",1
0,14,7465,lorsa,13,37,9843,lorsa,3.7563188076019287,1.2359832525253296,-2.520335555076599,0.0,-0.6709589052920688,"Node(id=26_9843_37, type=lorsa, layer=13, feature=9843, pos=37)",1
0,14,7465,lorsa,13,54,1408,lorsa,1.9592878818511963,0.0,-1.9592878818511963,0.0,-1.0,"Node(id=26_1408_54, type=lorsa, layer=13, feature=1408, pos=54)",1
0,14,7465,lorsa,13,54,1418,lorsa,2.4402384757995605,0.0,-2.4402384757995605,0.0,-1.0,"Node(id=26_1418_54, type=lorsa, layer=13, feature=1418, pos=54)",1
0,14,7465,lorsa,13,14,12341,transcoder,0.8768914937973022,0.0,-0.8768914937973022,0.0,-1.0,"Node(id=27_12341_14, type=transcoder, layer=13, feature=12341, pos=14)",1
0,14,7465,lorsa,13,37,2468,transcoder,0.917811930179596,0.23453649878501892,-0.683275431394577,0.0,-0.7444612658945007,"Node(id=27_2468_37, type=transcoder, layer=13, feature=2468, pos=37)",1
0,14,7465,lorsa,13,54,3932,transcoder,0.4565145671367645,0.0,-0.4565145671367645,0.0,-1.0,"Node(id=27_3932_54, type=transcoder, layer=13, feature=3932, pos=54)",1
0,14,7465,lorsa,13,54,7656,transcoder,0.6284548044204712,0.3892573118209839,-0.2391974925994873,0.0,-0.3806120836645731,"Node(id=27_7656_54, type=transcoder, layer=13, feature=7656, pos=54)",1
0,14,7465,lorsa,13,54,10153,transcoder,0.38005462288856506,0.2228628247976303,-0.15719179809093475,0.0,-0.4136031733970635,"Node(id=27_10153_54, type=transcoder, layer=13, feature=10153, pos=54)",1
0,14,7465,lorsa,14,54,4515,lorsa,2.634603977203369,0.0,-2.634603977203369,0.0,-1.0,"Node(id=28_4515_54, type=lorsa, layer=14, feature=4515, pos=54)",1
0,14,7465,lorsa,14,55,9044,lorsa,3.8024330139160156,1.0711872577667236,-2.731245756149292,0.0,-0.7182889865918929,"Node(id=28_9044_55, type=lorsa, layer=14, feature=9044, pos=55)",1
0,14,7465,lorsa,14,45,13630,transcoder,2.0045013427734375,0.9191058874130249,-1.0853954553604126,0.0,-0.5414790363066828,"Node(id=29_13630_45, type=transcoder, layer=14, feature=13630, pos=45)",1
0,14,7465,lorsa,14,54,138,transcoder,5.203862190246582,3.2293522357940674,-1.9745099544525146,0.0,-0.3794316379386968,"Node(id=29_138_54, type=transcoder, layer=14, feature=138, pos=54)",1
0,14,7465,lorsa,14,54,5701,transcoder,1.1805400848388672,0.0,-1.1805400848388672,0.0,-1.0,"Node(id=29_5701_54, type=transcoder, layer=14, feature=5701, pos=54)",1
0,14,7465,lorsa,14,54,7964,transcoder,1.0550146102905273,0.0,-1.0550146102905273,0.0,-1.0,"Node(id=29_7964_54, type=transcoder, layer=14, feature=7964, pos=54)",1
0,14,7465,lorsa,14,54,15619,transcoder,0.5415058135986328,0.0,-0.5415058135986328,0.0,-1.0,"Node(id=29_15619_54, type=transcoder, layer=14, feature=15619, pos=54)",1
0,14,7465,lorsa,14,55,8439,transcoder,1.9621776342391968,0.8190421462059021,-1.1431354880332947,0.0,-0.5825851177212746,"Node(id=29_8439_55, type=transcoder, layer=14, feature=8439, pos=55)",1
0,23,11409,lorsa,0,23,12549,transcoder,0.8802000284194946,0.2626499533653259,-0.6175500750541687,0.0,-0.7016019712735688,"Node(id=1_12549_23, type=transcoder, layer=0, feature=12549, pos=23)",1
0,23,11409,lorsa,0,23,14361,transcoder,0.5010280609130859,0.0,-0.5010280609130859,0.0,-1.0,"Node(id=1_14361_23, type=transcoder, layer=0, feature=14361, pos=23)",1
0,23,11409,lorsa,2,23,9551,transcoder,0.662227213382721,0.4776369631290436,-0.18459025025367737,0.0,-0.2787415656188039,"Node(id=5_9551_23, type=transcoder, layer=2, feature=9551, pos=23)",1
0,23,11409,lorsa,2,55,1943,transcoder,0.5499241352081299,0.35237881541252136,-0.19754531979560852,0.0,-0.35922285847818536,"Node(id=5_1943_55, type=transcoder, layer=2, feature=1943, pos=55)",1
0,23,11409,lorsa,3,54,2767,transcoder,0.7313656210899353,0.48581814765930176,-0.24554747343063354,0.0,-0.3357383316222883,"Node(id=7_2767_54, type=transcoder, layer=3, feature=2767, pos=54)",1
0,45,7213,lorsa,3,55,12955,lorsa,0.8693147301673889,0.0,-0.8693147301673889,0.0,-1.0,"Node(id=6_12955_55, type=lorsa, layer=3, feature=12955, pos=55)",1
0,45,7465,lorsa,0,45,12663,transcoder,1.3661699295043945,0.4897906482219696,-0.8763792812824249,0.0,-0.6414862912407603,"Node(id=1_12663_45, type=transcoder, layer=0, feature=12663, pos=45)",1
0,45,7465,lorsa,1,54,9082,transcoder,0.7630938291549683,0.3077296316623688,-0.4553641974925995,0.0,-0.5967342154985827,"Node(id=3_9082_54, type=transcoder, layer=1, feature=9082, pos=54)",1
0,45,7465,lorsa,1,54,9400,transcoder,0.9067674875259399,0.5003346800804138,-0.4064328074455261,0.0,-0.4482216367885591,"Node(id=3_9400_54, type=transcoder, layer=1, feature=9400, pos=54)",1
0,45,7465,lorsa,2,54,3116,lorsa,2.008845329284668,1.1412293910980225,-0.8676159381866455,0.0,-0.431897829832223,"Node(id=4_3116_54, type=lorsa, layer=2, feature=3116, pos=54)",1
0,45,7465,lorsa,2,54,3192,lorsa,4.136215686798096,1.0724338293075562,-3.0637818574905396,0.0,-0.7407210091266438,"Node(id=4_3192_54, type=lorsa, layer=2, feature=3192, pos=54)",1
0,45,7465,lorsa,2,54,715,transcoder,0.9930531978607178,0.562788188457489,-0.43026500940322876,0.0,-0.43327488429635597,"Node(id=5_715_54, type=transcoder, layer=2, feature=715, pos=54)",1
0,45,7465,lorsa,2,54,5553,transcoder,0.46104303002357483,0.0,-0.46104303002357483,0.0,-1.0,"Node(id=5_5553_54, type=transcoder, layer=2, feature=5553, pos=54)",1
0,45,7465,lorsa,2,54,6509,transcoder,0.7901896834373474,0.44836270809173584,-0.3418269753456116,0.0,-0.43258850692488743,"Node(id=5_6509_54, type=transcoder, layer=2, feature=6509, pos=54)",1
0,45,7465,lorsa,2,54,6885,transcoder,0.6178726553916931,0.3389773368835449,-0.2788953185081482,0.0,-0.45137993415705663,"Node(id=5_6885_54, type=transcoder, layer=2, feature=6885, pos=54)",1
0,45,7465,lorsa,3,54,5828,lorsa,2.9929561614990234,0.0,-2.9929561614990234,0.0,-1.0,"Node(id=6_5828_54, type=lorsa, layer=3, feature=5828, pos=54)",1
0,45,7465,lorsa,3,55,12955,lorsa,0.8693147301673889,0.0,-0.8693147301673889,0.0,-1.0,"Node(id=6_12955_55, type=lorsa, layer=3, feature=12955, pos=55)",1
0,45,7465,lorsa,3,54,753,transcoder,0.8902549743652344,0.5086783766746521,-0.3815765976905823,0.0,-0.42861495715050885,"Node(id=7_753_54, type=transcoder, layer=3, feature=753, pos=54)",1
0,45,7465,lorsa,3,54,2767,transcoder,0.7313656210899353,0.28311529755592346,-0.44825032353401184,0.0,-0.6128949879623764,"Node(id=7_2767_54, type=transcoder, layer=3, feature=2767, pos=54)",1
0,45,7465,lorsa,3,54,14478,transcoder,1.0145859718322754,0.22491055727005005,-0.7896754145622253,0.0,-0.7783228198356849,"Node(id=7_14478_54, type=transcoder, layer=3, feature=14478, pos=54)",1
0,45,7465,lorsa,3,55,10711,transcoder,0.27328234910964966,0.19399568438529968,-0.07928666472434998,0.0,-0.29012728038479213,"Node(id=7_10711_55, type=transcoder, layer=3, feature=10711, pos=55)",1
0,45,7465,lorsa,4,54,15551,lorsa,4.019529342651367,0.9392309188842773,-3.08029842376709,0.0,-0.7663331104669233,"Node(id=8_15551_54, type=lorsa, layer=4, feature=15551, pos=54)",1
0,45,7465,lorsa,4,55,11208,lorsa,2.4909422397613525,1.4992190599441528,-0.9917231798171997,0.0,-0.3981317446815679,"Node(id=8_11208_55, type=lorsa, layer=4, feature=11208, pos=55)",1
0,45,7465,lorsa,4,54,2320,transcoder,4.304287433624268,3.3709635734558105,-0.933323860168457,0.0,-0.21683585832988525,"Node(id=9_2320_54, type=transcoder, layer=4, feature=2320, pos=54)",1
0,45,7465,lorsa,5,37,11552,transcoder,1.0308445692062378,0.7376774549484253,-0.2931671142578125,0.0,-0.28439507081417187,"Node(id=11_11552_37, type=transcoder, layer=5, feature=11552, pos=37)",1
0,45,7465,lorsa,5,54,5938,transcoder,1.32710599899292,0.6196814179420471,-0.7074245810508728,0.0,-0.5330580839719699,"Node(id=11_5938_54, type=transcoder, layer=5, feature=5938, pos=54)",1
0,45,7465,lorsa,6,45,4984,transcoder,0.9259824752807617,0.0,-0.9259824752807617,0.0,-1.0,"Node(id=13_4984_45, type=transcoder, layer=6, feature=4984, pos=45)",1
0,45,7465,lorsa,6,54,2579,transcoder,0.9656137228012085,0.0,-0.9656137228012085,0.0,-1.0,"Node(id=13_2579_54, type=transcoder, layer=6, feature=2579, pos=54)",1
0,45,7465,lorsa,6,55,4801,transcoder,1.9008395671844482,0.8094483017921448,-1.0913912653923035,0.0,-0.5741627458906953,"Node(id=13_4801_55, type=transcoder, layer=6, feature=4801, pos=55)",1
0,45,7465,lorsa,7,14,14452,transcoder,2.750537633895874,1.9405534267425537,-0.8099842071533203,0.0,-0.2944821394812384,"Node(id=15_14452_14, type=transcoder, layer=7, feature=14452, pos=14)",1
0,45,7465,lorsa,7,54,2518,transcoder,0.3623811900615692,0.0,-0.3623811900615692,0.0,-1.0,"Node(id=15_2518_54, type=transcoder, layer=7, feature=2518, pos=54)",1
0,45,7465,lorsa,7,54,11984,transcoder,0.6699543595314026,0.2962680459022522,-0.3736863136291504,0.0,-0.5577787625570854,"Node(id=15_11984_54, type=transcoder, layer=7, feature=11984, pos=54)",1
0,45,7465,lorsa,7,54,13289,transcoder,0.9898383617401123,0.0,-0.9898383617401123,0.0,-1.0,"Node(id=15_13289_54, type=transcoder, layer=7, feature=13289, pos=54)",1
0,45,7465,lorsa,8,23,986,transcoder,0.8977439403533936,0.5398463010787964,-0.35789763927459717,0.0,-0.3986633862810726,"Node(id=17_986_23, type=transcoder, layer=8, feature=986, pos=23)",1
0,45,7465,lorsa,8,54,8745,transcoder,5.491499423980713,3.2222671508789062,-2.2692322731018066,0.0,-0.4132263518397806,"Node(id=17_8745_54, type=transcoder, layer=8, feature=8745, pos=54)",1
0,45,7465,lorsa,8,54,16159,transcoder,0.5418267250061035,0.0,-0.5418267250061035,0.0,-1.0,"Node(id=17_16159_54, type=transcoder, layer=8, feature=16159, pos=54)",1
0,45,7465,lorsa,9,14,3914,lorsa,2.4319560527801514,0.0,-2.4319560527801514,0.0,-1.0,"Node(id=18_3914_14, type=lorsa, layer=9, feature=3914, pos=14)",1
0,45,7465,lorsa,9,14,5285,lorsa,4.247608184814453,0.0,-4.247608184814453,0.0,-1.0,"Node(id=18_5285_14, type=lorsa, layer=9, feature=5285, pos=14)",1
0,45,7465,lorsa,9,14,6254,transcoder,3.75095796585083,2.8074493408203125,-0.9435086250305176,0.0,-0.2515380427134436,"Node(id=19_6254_14, type=transcoder, layer=9, feature=6254, pos=14)",1
0,45,7465,lorsa,9,14,12621,transcoder,0.46782758831977844,0.0,-0.46782758831977844,0.0,-1.0,"Node(id=19_12621_14, type=transcoder, layer=9, feature=12621, pos=14)",1
0,45,7465,lorsa,9,23,2724,transcoder,0.79766446352005,0.607534646987915,-0.190129816532135,0.0,-0.23835813832435562,"Node(id=19_2724_23, type=transcoder, layer=9, feature=2724, pos=23)",1
0,45,7465,lorsa,10,14,9278,transcoder,7.185402870178223,5.381661891937256,-1.8037409782409668,0.0,-0.2510285102770066,"Node(id=21_9278_14, type=transcoder, layer=10, feature=9278, pos=14)",1
0,45,7465,lorsa,10,14,14712,transcoder,0.3488500416278839,0.0,-0.3488500416278839,0.0,-1.0,"Node(id=21_14712_14, type=transcoder, layer=10, feature=14712, pos=14)",1
0,45,7465,lorsa,10,54,9349,transcoder,0.3694993257522583,0.0,-0.3694993257522583,0.0,-1.0,"Node(id=21_9349_54, type=transcoder, layer=10, feature=9349, pos=54)",1
0,45,7465,lorsa,10,54,12026,transcoder,0.6972393989562988,0.0,-0.6972393989562988,0.0,-1.0,"Node(id=21_12026_54, type=transcoder, layer=10, feature=12026, pos=54)",1
0,45,7465,lorsa,11,23,8583,transcoder,0.9685752391815186,0.6492896676063538,-0.3192855715751648,0.0,-0.3296445734509719,"Node(id=23_8583_23, type=transcoder, layer=11, feature=8583, pos=23)",1
0,45,7465,lorsa,11,37,14406,transcoder,0.3764583170413971,0.2928929626941681,-0.083565354347229,0.0,-0.2219777079278601,"Node(id=23_14406_37, type=transcoder, layer=11, feature=14406, pos=37)",1
0,45,7465,lorsa,11,54,11603,transcoder,0.590173602104187,0.0,-0.590173602104187,0.0,-1.0,"Node(id=23_11603_54, type=transcoder, layer=11, feature=11603, pos=54)",1
0,45,7465,lorsa,12,14,15473,transcoder,0.37259894609451294,0.0,-0.37259894609451294,0.0,-1.0,"Node(id=25_15473_14, type=transcoder, layer=12, feature=15473, pos=14)",1
0,45,7465,lorsa,12,37,7154,transcoder,0.39370015263557434,0.0,-0.39370015263557434,0.0,-1.0,"Node(id=25_7154_37, type=transcoder, layer=12, feature=7154, pos=37)",1
0,45,7465,lorsa,12,54,9524,transcoder,0.9488894939422607,0.0,-0.9488894939422607,0.0,-1.0,"Node(id=25_9524_54, type=transcoder, layer=12, feature=9524, pos=54)",1
0,45,7465,lorsa,12,54,15847,transcoder,2.847852945327759,2.2686893939971924,-0.5791635513305664,0.0,-0.20336848933185017,"Node(id=25_15847_54, type=transcoder, layer=12, feature=15847, pos=54)",1
0,45,7465,lorsa,13,37,9843,lorsa,3.7563188076019287,0.0,-3.7563188076019287,0.0,-1.0,"Node(id=26_9843_37, type=lorsa, layer=13, feature=9843, pos=37)",1
0,45,7465,lorsa,13,54,1408,lorsa,1.9592878818511963,0.0,-1.9592878818511963,0.0,-1.0,"Node(id=26_1408_54, type=lorsa, layer=13, feature=1408, pos=54)",1
0,45,7465,lorsa,13,14,12341,transcoder,0.8768914937973022,0.0,-0.8768914937973022,0.0,-1.0,"Node(id=27_12341_14, type=transcoder, layer=13, feature=12341, pos=14)",1
0,45,7465,lorsa,13,37,2468,transcoder,0.917811930179596,0.0,-0.917811930179596,0.0,-1.0,"Node(id=27_2468_37, type=transcoder, layer=13, feature=2468, pos=37)",1
0,45,7465,lorsa,13,54,3932,transcoder,0.4565145671367645,0.0,-0.4565145671367645,0.0,-1.0,"Node(id=27_3932_54, type=transcoder, layer=13, feature=3932, pos=54)",1
0,45,7465,lorsa,13,54,7656,transcoder,0.6284548044204712,0.0,-0.6284548044204712,0.0,-1.0,"Node(id=27_7656_54, type=transcoder, layer=13, feature=7656, pos=54)",1
0,45,7465,lorsa,13,54,10153,transcoder,0.38005462288856506,0.0,-0.38005462288856506,0.0,-1.0,"Node(id=27_10153_54, type=transcoder, layer=13, feature=10153, pos=54)",1
0,45,7465,lorsa,13,54,12356,transcoder,3.5540847778320312,1.4445104598999023,-2.109574317932129,0.0,-0.5935633080815128,"Node(id=27_12356_54, type=transcoder, layer=13, feature=12356, pos=54)",1
0,45,7465,lorsa,13,55,9300,transcoder,0.6302089691162109,0.33355870842933655,-0.2966502606868744,0.0,-0.4707172941427495,"Node(id=27_9300_55, type=transcoder, layer=13, feature=9300, pos=55)",1
0,45,7465,lorsa,13,55,14142,transcoder,0.6139975786209106,0.0,-0.6139975786209106,0.0,-1.0,"Node(id=27_14142_55, type=transcoder, layer=13, feature=14142, pos=55)",1
0,45,7465,lorsa,14,54,4515,lorsa,2.634603977203369,0.0,-2.634603977203369,0.0,-1.0,"Node(id=28_4515_54, type=lorsa, layer=14, feature=4515, pos=54)",1
0,45,7465,lorsa,14,55,9044,lorsa,3.8024330139160156,0.0,-3.8024330139160156,0.0,-1.0,"Node(id=28_9044_55, type=lorsa, layer=14, feature=9044, pos=55)",1
0,45,7465,lorsa,14,45,13630,transcoder,2.0045013427734375,0.0,-2.0045013427734375,0.0,-1.0,"Node(id=29_13630_45, type=transcoder, layer=14, feature=13630, pos=45)",1
0,45,7465,lorsa,14,45,14404,transcoder,2.5108840465545654,0.0,-2.5108840465545654,0.0,-1.0,"Node(id=29_14404_45, type=transcoder, layer=14, feature=14404, pos=45)",1
0,45,7465,lorsa,14,54,5701,transcoder,1.1805400848388672,0.0,-1.1805400848388672,0.0,-1.0,"Node(id=29_5701_54, type=transcoder, layer=14, feature=5701, pos=54)",1
0,45,7465,lorsa,14,54,7964,transcoder,1.0550146102905273,0.0,-1.0550146102905273,0.0,-1.0,"Node(id=29_7964_54, type=transcoder, layer=14, feature=7964, pos=54)",1
0,45,7465,lorsa,14,55,8439,transcoder,1.9621776342391968,0.3534303605556488,-1.608747273683548,0.0,-0.8198785092702956,"Node(id=29_8439_55, type=transcoder, layer=14, feature=8439, pos=55)",1
0,55,1338,lorsa,0,55,8903,transcoder,0.28014376759529114,0.21202491223812103,-0.0681188553571701,0.0,-0.24315677604356992,"Node(id=1_8903_55, type=transcoder, layer=0, feature=8903, pos=55)",1
0,55,1338,lorsa,4,55,11208,lorsa,2.4909422397613525,1.8661631345748901,-0.6247791051864624,0.0,-0.2508203904584797,"Node(id=8_11208_55, type=lorsa, layer=4, feature=11208, pos=55)",1
0,55,1361,lorsa,0,55,7917,transcoder,0.43100881576538086,0.0,-0.43100881576538086,0.0,-1.0,"Node(id=1_7917_55, type=transcoder, layer=0, feature=7917, pos=55)",1
0,55,1361,lorsa,0,55,15355,transcoder,0.8304827809333801,0.5263638496398926,-0.30411893129348755,0.0,-0.36619534838722134,"Node(id=1_15355_55, type=transcoder, layer=0, feature=15355, pos=55)",1
0,55,1361,lorsa,1,55,4857,transcoder,0.4845144748687744,0.3531295955181122,-0.13138487935066223,0.0,-0.2711681201810254,"Node(id=3_4857_55, type=transcoder, layer=1, feature=4857, pos=55)",1
0,55,1361,lorsa,1,55,10736,transcoder,0.5947915315628052,0.3919532597064972,-0.20283827185630798,0.0,-0.34102414222904903,"Node(id=3_10736_55, type=transcoder, layer=1, feature=10736, pos=55)",1
0,55,1361,lorsa,2,55,4532,transcoder,0.5893785953521729,0.455503910779953,-0.13387468457221985,0.0,-0.2271454810676071,"Node(id=5_4532_55, type=transcoder, layer=2, feature=4532, pos=55)",1
0,55,1361,lorsa,2,55,12041,transcoder,0.4566259980201721,0.0,-0.4566259980201721,0.0,-1.0,"Node(id=5_12041_55, type=transcoder, layer=2, feature=12041, pos=55)",1
0,55,1361,lorsa,2,55,14270,transcoder,0.3816030025482178,0.0,-0.3816030025482178,0.0,-1.0,"Node(id=5_14270_55, type=transcoder, layer=2, feature=14270, pos=55)",1
0,55,1361,lorsa,3,55,12955,lorsa,0.8693147301673889,0.0,-0.8693147301673889,0.0,-1.0,"Node(id=6_12955_55, type=lorsa, layer=3, feature=12955, pos=55)",1
0,55,1361,lorsa,3,55,15371,transcoder,0.6983613967895508,0.43535473942756653,-0.26300665736198425,0.0,-0.3766053773462518,"Node(id=7_15371_55, type=transcoder, layer=3, feature=15371, pos=55)",1
0,55,1361,lorsa,4,55,11208,lorsa,2.4909422397613525,1.2573376893997192,-1.2336045503616333,0.0,-0.4952361121307334,"Node(id=8_11208_55, type=lorsa, layer=4, feature=11208, pos=55)",1
0,55,1361,lorsa,9,14,12621,transcoder,0.46782758831977844,0.3534390330314636,-0.11438855528831482,0.0,-0.2445100676921297,"Node(id=19_12621_14, type=transcoder, layer=9, feature=12621, pos=14)",1
0,55,1361,lorsa,10,54,9349,transcoder,0.3694993257522583,0.29506510496139526,-0.07443422079086304,0.0,-0.20144616134095372,"Node(id=21_9349_54, type=transcoder, layer=10, feature=9349, pos=54)",1
0,55,9428,lorsa,0,55,8903,transcoder,0.28014376759529114,0.0,-0.28014376759529114,0.0,-1.0,"Node(id=1_8903_55, type=transcoder, layer=0, feature=8903, pos=55)",1
0,55,9428,lorsa,0,55,12875,transcoder,0.8819401860237122,0.09033248573541641,-0.7916077002882957,0.0,-0.8975752696532782,"Node(id=1_12875_55, type=transcoder, layer=0, feature=12875, pos=55)",1
0,55,9428,lorsa,1,55,11942,lorsa,0.677097737789154,0.0,-0.677097737789154,0.0,-1.0,"Node(id=2_11942_55, type=lorsa, layer=1, feature=11942, pos=55)",1
0,55,9428,lorsa,1,55,11995,lorsa,0.9528807401657104,0.4639508128166199,-0.4889299273490906,0.0,-0.5131071567928462,"Node(id=2_11995_55, type=lorsa, layer=1, feature=11995, pos=55)",1
0,55,9428,lorsa,3,55,12955,lorsa,0.8693147301673889,0.0,-0.8693147301673889,0.0,-1.0,"Node(id=6_12955_55, type=lorsa, layer=3, feature=12955, pos=55)",1
0,55,9428,lorsa,3,55,15371,transcoder,0.6983613967895508,0.5353993773460388,-0.16296201944351196,0.0,-0.2333491229507637,"Node(id=7_15371_55, type=transcoder, layer=3, feature=15371, pos=55)",1
0,55,9428,lorsa,4,55,11208,lorsa,2.4909422397613525,1.9260478019714355,-0.564894437789917,0.0,-0.22677942056337577,"Node(id=8_11208_55, type=lorsa, layer=4, feature=11208, pos=55)",1
0,55,12046,lorsa,0,55,8903,transcoder,0.28014376759529114,0.19243943691253662,-0.08770433068275452,0.0,-0.31306900537389903,"Node(id=1_8903_55, type=transcoder, layer=0, feature=8903, pos=55)",1
0,55,12046,lorsa,0,55,11076,transcoder,1.237419605255127,0.9205142855644226,-0.31690531969070435,0.0,-0.2561017445859571,"Node(id=1_11076_55, type=transcoder, layer=0, feature=11076, pos=55)",1
0,55,12046,lorsa,1,55,11942,lorsa,0.677097737789154,0.0,-0.677097737789154,0.0,-1.0,"Node(id=2_11942_55, type=lorsa, layer=1, feature=11942, pos=55)",1
0,55,12046,lorsa,1,55,11995,lorsa,0.9528807401657104,0.7038614153862,-0.2490193247795105,0.0,-0.2613331493469003,"Node(id=2_11995_55, type=lorsa, layer=1, feature=11995, pos=55)",1
0,55,12046,lorsa,1,55,16329,lorsa,1.2881624698638916,0.8885276913642883,-0.39963477849960327,0.0,-0.31023631556493725,"Node(id=2_16329_55, type=lorsa, layer=1, feature=16329, pos=55)",1
0,55,12046,lorsa,1,55,4857,transcoder,0.4845144748687744,0.3678207993507385,-0.11669367551803589,0.0,-0.2408466239313926,"Node(id=3_4857_55, type=transcoder, layer=1, feature=4857, pos=55)",1
0,55,12046,lorsa,1,55,8511,transcoder,0.6230177879333496,0.32680076360702515,-0.29621702432632446,0.0,-0.4754551636622191,"Node(id=3_8511_55, type=transcoder, layer=1, feature=8511, pos=55)",1
0,55,12046,lorsa,2,55,12041,transcoder,0.4566259980201721,0.0,-0.4566259980201721,0.0,-1.0,"Node(id=5_12041_55, type=transcoder, layer=2, feature=12041, pos=55)",1
0,55,12046,lorsa,3,55,12955,lorsa,0.8693147301673889,0.0,-0.8693147301673889,0.0,-1.0,"Node(id=6_12955_55, type=lorsa, layer=3, feature=12955, pos=55)",1
0,56,4757,lorsa,0,56,6291,transcoder,1.7682552337646484,0.0,-1.7682552337646484,0.0,-1.0,"Node(id=1_6291_56, type=transcoder, layer=0, feature=6291, pos=56)",1
0,56,4757,lorsa,0,56,10880,transcoder,1.0693150758743286,0.41224205493927,-0.6570730209350586,0.0,-0.614480274111726,"Node(id=1_10880_56, type=transcoder, layer=0, feature=10880, pos=56)",1
0,56,4757,lorsa,1,56,2693,transcoder,3.9147512912750244,1.123442530632019,-2.7913087606430054,0.0,-0.713023268391051,"Node(id=3_2693_56, type=transcoder, layer=1, feature=2693, pos=56)",1
0,56,4757,lorsa,1,56,4856,transcoder,2.6325509548187256,1.2997609376907349,-1.3327900171279907,0.0,-0.5062732080032104,"Node(id=3_4856_56, type=transcoder, layer=1, feature=4856, pos=56)",1
0,56,4757,lorsa,1,56,6039,transcoder,1.0534913539886475,0.0,-1.0534913539886475,0.0,-1.0,"Node(id=3_6039_56, type=transcoder, layer=1, feature=6039, pos=56)",1
0,56,4757,lorsa,1,56,6736,transcoder,2.032651424407959,0.9399053454399109,-1.092746078968048,0.0,-0.5375963954500105,"Node(id=3_6736_56, type=transcoder, layer=1, feature=6736, pos=56)",1
0,56,4757,lorsa,1,56,14708,transcoder,0.787199854850769,0.35303041338920593,-0.4341694414615631,0.0,-0.5515364856664886,"Node(id=3_14708_56, type=transcoder, layer=1, feature=14708, pos=56)",1
0,56,4757,lorsa,1,57,14708,transcoder,0.9290428757667542,0.6630851030349731,-0.265957772731781,0.0,-0.28627071975798934,"Node(id=3_14708_57, type=transcoder, layer=1, feature=14708, pos=57)",1
0,56,4757,lorsa,2,56,2616,transcoder,3.1142807006835938,0.779891312122345,-2.334389388561249,0.0,-0.7495757810299,"Node(id=5_2616_56, type=transcoder, layer=2, feature=2616, pos=56)",1
0,56,4757,lorsa,2,56,7272,transcoder,1.4503072500228882,0.8005809187889099,-0.6497263312339783,0.0,-0.4479921969801396,"Node(id=5_7272_56, type=transcoder, layer=2, feature=7272, pos=56)",1
0,56,4757,lorsa,2,56,13333,transcoder,1.885103464126587,1.020699381828308,-0.8644040822982788,0.0,-0.45854463627479336,"Node(id=5_13333_56, type=transcoder, layer=2, feature=13333, pos=56)",1
0,56,4757,lorsa,3,56,1565,lorsa,8.72026538848877,4.723487377166748,-3.9967780113220215,0.0,-0.4583321531243749,"Node(id=6_1565_56, type=lorsa, layer=3, feature=1565, pos=56)",1
0,56,4757,lorsa,3,56,2509,transcoder,1.4861505031585693,0.9018110036849976,-0.5843394994735718,0.0,-0.3931899886530025,"Node(id=7_2509_56, type=transcoder, layer=3, feature=2509, pos=56)",1
0,56,4757,lorsa,3,56,5881,transcoder,4.1003336906433105,2.2460310459136963,-1.8543026447296143,0.0,-0.45223213148749575,"Node(id=7_5881_56, type=transcoder, layer=3, feature=5881, pos=56)",1
0,56,4757,lorsa,10,56,11708,transcoder,2.9663991928100586,1.451129674911499,-1.5152695178985596,0.0,-0.510811060618969,"Node(id=21_11708_56, type=transcoder, layer=10, feature=11708, pos=56)",1
0,56,4757,lorsa,11,56,7586,transcoder,2.6750638484954834,0.8262588977813721,-1.8488049507141113,0.0,-0.6911255414534951,"Node(id=23_7586_56, type=transcoder, layer=11, feature=7586, pos=56)",1
0,56,4757,lorsa,14,54,15619,transcoder,0.5415058135986328,0.0,-0.5415058135986328,0.0,-1.0,"Node(id=29_15619_54, type=transcoder, layer=14, feature=15619, pos=54)",1
0,57,4757,lorsa,0,57,10880,transcoder,0.5722035765647888,0.03196321427822113,-0.5402403622865677,0.0,-0.9441401354564899,"Node(id=1_10880_57, type=transcoder, layer=0, feature=10880, pos=57)",1
0,57,4757,lorsa,1,57,2693,transcoder,2.165726900100708,0.3128710091114044,-1.8528558909893036,0.0,-0.8555353359203066,"Node(id=3_2693_57, type=transcoder, layer=1, feature=2693, pos=57)",1
0,57,4757,lorsa,1,57,4856,transcoder,1.772837519645691,0.5868291854858398,-1.186008334159851,0.0,-0.6689887375560959,"Node(id=3_4856_57, type=transcoder, layer=1, feature=4856, pos=57)",1
0,57,4757,lorsa,1,57,14708,transcoder,0.9290428757667542,0.37735632061958313,-0.551686555147171,0.0,-0.5938224914451393,"Node(id=3_14708_57, type=transcoder, layer=1, feature=14708, pos=57)",1
0,57,4757,lorsa,14,54,15619,transcoder,0.5415058135986328,0.3521052300930023,-0.1894005835056305,0.0,-0.3497664821859425,"Node(id=29_15619_54, type=transcoder, layer=14, feature=15619, pos=54)",1
0,63,7285,lorsa,0,63,4905,transcoder,1.5124495029449463,0.8176624178886414,-0.6947870850563049,0.0,-0.45937869905967726,"Node(id=1_4905_63, type=transcoder, layer=0, feature=4905, pos=63)",1
0,63,7285,lorsa,1,54,26,lorsa,2.1685426235198975,0.904626727104187,-1.2639158964157104,0.0,-0.5828411591763731,"Node(id=2_26_54, type=lorsa, layer=1, feature=26, pos=54)",1
0,63,7285,lorsa,1,55,11942,lorsa,0.677097737789154,0.0,-0.677097737789154,0.0,-1.0,"Node(id=2_11942_55, type=lorsa, layer=1, feature=11942, pos=55)",1
0,63,7285,lorsa,1,55,11995,lorsa,0.9528807401657104,0.4738399386405945,-0.47904080152511597,0.0,-0.5027290208865052,"Node(id=2_11995_55, type=lorsa, layer=1, feature=11995, pos=55)",1
0,63,7285,lorsa,1,63,15260,transcoder,1.2971651554107666,0.65555340051651,-0.6416117548942566,0.0,-0.49462611003537227,"Node(id=3_15260_63, type=transcoder, layer=1, feature=15260, pos=63)",1
0,63,7285,lorsa,10,54,9349,transcoder,0.3694993257522583,0.28354841470718384,-0.08595091104507446,0.0,-0.2326145274286719,"Node(id=21_9349_54, type=transcoder, layer=10, feature=9349, pos=54)",1
0,3,13486,transcoder,4,54,15551,lorsa,4.019529342651367,3.1627750396728516,-0.8567543029785156,0.0,-0.2131479160725276,"Node(id=8_15551_54, type=lorsa, layer=4, feature=15551, pos=54)",1
0,3,13486,transcoder,4,55,9090,lorsa,4.7906646728515625,3.747743606567383,-1.0429210662841797,0.0,-0.21769861543312705,"Node(id=8_9090_55, type=lorsa, layer=4, feature=9090, pos=55)",1
0,3,13486,transcoder,6,45,4984,transcoder,0.9259824752807617,0.718034565448761,-0.20794790983200073,0.0,-0.22457002738518358,"Node(id=13_4984_45, type=transcoder, layer=6, feature=4984, pos=45)",1
0,3,13486,transcoder,6,54,2579,transcoder,0.9656137228012085,0.7507922053337097,-0.21482151746749878,0.0,-0.22247148357037613,"Node(id=13_2579_54, type=transcoder, layer=6, feature=2579, pos=54)",1
0,3,13486,transcoder,6,55,4801,transcoder,1.9008395671844482,1.4825108051300049,-0.41832876205444336,0.0,-0.22007578612964065,"Node(id=13_4801_55, type=transcoder, layer=6, feature=4801, pos=55)",1
0,3,13486,transcoder,7,54,13289,transcoder,0.9898383617401123,0.7556886672973633,-0.23414969444274902,0.0,-0.23655346518508277,"Node(id=15_13289_54, type=transcoder, layer=7, feature=13289, pos=54)",1
0,3,13486,transcoder,8,54,16159,transcoder,0.5418267250061035,0.39388278126716614,-0.14794394373893738,0.0,-0.27304659757650535,"Node(id=17_16159_54, type=transcoder, layer=8, feature=16159, pos=54)",1
0,3,13486,transcoder,9,14,3914,lorsa,2.4319560527801514,1.213884711265564,-1.2180713415145874,0.0,-0.500860753681021,"Node(id=18_3914_14, type=lorsa, layer=9, feature=3914, pos=14)",1
0,3,13486,transcoder,9,14,12621,transcoder,0.46782758831977844,0.31986522674560547,-0.14796236157417297,0.0,-0.3162754084375095,"Node(id=19_12621_14, type=transcoder, layer=9, feature=12621, pos=14)",1
0,3,13486,transcoder,10,14,14712,transcoder,0.3488500416278839,0.26694613695144653,-0.08190390467643738,0.0,-0.2347825566946721,"Node(id=21_14712_14, type=transcoder, layer=10, feature=14712, pos=14)",1
0,3,13486,transcoder,10,54,9349,transcoder,0.3694993257522583,0.20239415764808655,-0.16710516810417175,0.0,-0.4522475589474075,"Node(id=21_9349_54, type=transcoder, layer=10, feature=9349, pos=54)",1
0,3,13486,transcoder,12,14,15473,transcoder,0.37259894609451294,0.0,-0.37259894609451294,0.0,-1.0,"Node(id=25_15473_14, type=transcoder, layer=12, feature=15473, pos=14)",1
0,3,13486,transcoder,12,54,9524,transcoder,0.9488894939422607,0.6405391693115234,-0.3083503246307373,0.0,-0.3249591513018693,"Node(id=25_9524_54, type=transcoder, layer=12, feature=9524, pos=54)",1
0,3,13486,transcoder,13,37,9843,lorsa,3.7563188076019287,2.6426939964294434,-1.1136248111724854,0.0,-0.29646706475466456,"Node(id=26_9843_37, type=lorsa, layer=13, feature=9843, pos=37)",1
0,3,13486,transcoder,13,54,1408,lorsa,1.9592878818511963,1.1022698879241943,-0.857017993927002,0.0,-0.4374130018694673,"Node(id=26_1408_54, type=lorsa, layer=13, feature=1408, pos=54)",1
0,3,13486,transcoder,13,14,12341,transcoder,0.8768914937973022,0.0,-0.8768914937973022,0.0,-1.0,"Node(id=27_12341_14, type=transcoder, layer=13, feature=12341, pos=14)",1
0,3,13486,transcoder,13,54,3932,transcoder,0.4565145671367645,0.0,-0.4565145671367645,0.0,-1.0,"Node(id=27_3932_54, type=transcoder, layer=13, feature=3932, pos=54)",1
0,3,13486,transcoder,13,55,14142,transcoder,0.6139975786209106,0.0,-0.6139975786209106,0.0,-1.0,"Node(id=27_14142_55, type=transcoder, layer=13, feature=14142, pos=55)",1
0,3,13486,transcoder,14,55,9044,lorsa,3.8024330139160156,1.4451661109924316,-2.357266902923584,0.0,-0.6199364707534725,"Node(id=28_9044_55, type=lorsa, layer=14, feature=9044, pos=55)",1
0,3,13486,transcoder,14,45,13630,transcoder,2.0045013427734375,1.2651042938232422,-0.7393970489501953,0.0,-0.3688683230948412,"Node(id=29_13630_45, type=transcoder, layer=14, feature=13630, pos=45)",1
0,3,13486,transcoder,14,54,7964,transcoder,1.0550146102905273,0.5658900737762451,-0.4891245365142822,0.0,-0.4636187326160235,"Node(id=29_7964_54, type=transcoder, layer=14, feature=7964, pos=54)",1
0,3,13486,transcoder,14,54,15619,transcoder,0.5415058135986328,0.0,-0.5415058135986328,0.0,-1.0,"Node(id=29_15619_54, type=transcoder, layer=14, feature=15619, pos=54)",1
0,3,13486,transcoder,14,55,8439,transcoder,1.9621776342391968,0.9572418332099915,-1.0049358010292053,0.0,-0.5121533257201014,"Node(id=29_8439_55, type=transcoder, layer=14, feature=8439, pos=55)",1
0,5,13486,transcoder,4,55,9090,lorsa,4.7906646728515625,3.7050929069519043,-1.0855717658996582,0.0,-0.22660149270132277,"Node(id=8_9090_55, type=lorsa, layer=4, feature=9090, pos=55)",1
0,5,13486,transcoder,9,14,12621,transcoder,0.46782758831977844,0.3314979076385498,-0.13632968068122864,0.0,-0.29141009227536613,"Node(id=19_12621_14, type=transcoder, layer=9, feature=12621, pos=14)",1
0,5,13486,transcoder,10,14,14712,transcoder,0.3488500416278839,0.20682531595230103,-0.14202472567558289,0.0,-0.4071225705258185,"Node(id=21_14712_14, type=transcoder, layer=10, feature=14712, pos=14)",1
0,5,13486,transcoder,11,55,15901,transcoder,0.444108784198761,0.3548603653907776,-0.0892484188079834,0.0,-0.20096071499464024,"Node(id=23_15901_55, type=transcoder, layer=11, feature=15901, pos=55)",1
0,5,13486,transcoder,13,54,1408,lorsa,1.9592878818511963,1.4233057498931885,-0.5359821319580078,0.0,-0.27355966263191256,"Node(id=26_1408_54, type=lorsa, layer=13, feature=1408, pos=54)",1
0,5,13486,transcoder,13,14,12341,transcoder,0.8768914937973022,0.24086445569992065,-0.6360270380973816,0.0,-0.7253201138297304,"Node(id=27_12341_14, type=transcoder, layer=13, feature=12341, pos=14)",1
0,5,13486,transcoder,13,54,3932,transcoder,0.4565145671367645,0.0,-0.4565145671367645,0.0,-1.0,"Node(id=27_3932_54, type=transcoder, layer=13, feature=3932, pos=54)",1
0,5,13486,transcoder,13,55,14142,transcoder,0.6139975786209106,0.44987571239471436,-0.1641218662261963,0.0,-0.26730051052453263,"Node(id=27_14142_55, type=transcoder, layer=13, feature=14142, pos=55)",1
0,5,13486,transcoder,14,54,4515,lorsa,2.634603977203369,1.7448943853378296,-0.8897095918655396,0.0,-0.3377014532597669,"Node(id=28_4515_54, type=lorsa, layer=14, feature=4515, pos=54)",1
0,5,13486,transcoder,14,54,5701,transcoder,1.1805400848388672,0.9361351132392883,-0.24440497159957886,0.0,-0.20702810072979255,"Node(id=29_5701_54, type=transcoder, layer=14, feature=5701, pos=54)",1
0,5,13486,transcoder,14,54,7964,transcoder,1.0550146102905273,0.7284296751022339,-0.32658493518829346,0.0,-0.3095548933662248,"Node(id=29_7964_54, type=transcoder, layer=14, feature=7964, pos=54)",1
0,5,13486,transcoder,14,54,15619,transcoder,0.5415058135986328,0.0,-0.5415058135986328,0.0,-1.0,"Node(id=29_15619_54, type=transcoder, layer=14, feature=15619, pos=54)",1
0,5,13486,transcoder,14,55,8439,transcoder,1.9621776342391968,1.430745244026184,-0.5314323902130127,0.0,-0.27083806325163173,"Node(id=29_8439_55, type=transcoder, layer=14, feature=8439, pos=55)",1
0,9,12663,transcoder,9,14,3914,lorsa,2.4319560527801514,1.8939627408981323,-0.537993311882019,0.0,-0.22121835271940812,"Node(id=18_3914_14, type=lorsa, layer=9, feature=3914, pos=14)",1
0,9,12663,transcoder,13,14,12341,transcoder,0.8768914937973022,0.5904096961021423,-0.2864817976951599,0.0,-0.32670153573342975,"Node(id=27_12341_14, type=transcoder, layer=13, feature=12341, pos=14)",1
0,9,12663,transcoder,13,54,3932,transcoder,0.4565145671367645,0.3212830424308777,-0.13523152470588684,0.0,-0.29622608880599777,"Node(id=27_3932_54, type=transcoder, layer=13, feature=3932, pos=54)",1
0,9,12663,transcoder,13,55,14142,transcoder,0.6139975786209106,0.4610692262649536,-0.15292835235595703,0.0,-0.2490699600142508,"Node(id=27_14142_55, type=transcoder, layer=13, feature=14142, pos=55)",1
0,9,12663,transcoder,14,55,9044,lorsa,3.8024330139160156,1.692103624343872,-2.1103293895721436,0.0,-0.5549944948007846,"Node(id=28_9044_55, type=lorsa, layer=14, feature=9044, pos=55)",1
0,9,12663,transcoder,14,54,7964,transcoder,1.0550146102905273,0.7819784879684448,-0.2730361223220825,0.0,-0.25879842767949396,"Node(id=29_7964_54, type=transcoder, layer=14, feature=7964, pos=54)",1
0,9,12663,transcoder,14,54,15619,transcoder,0.5415058135986328,0.0,-0.5415058135986328,0.0,-1.0,"Node(id=29_15619_54, type=transcoder, layer=14, feature=15619, pos=54)",1
0,9,12663,transcoder,14,55,8439,transcoder,1.9621776342391968,1.1487799882888794,-0.8133976459503174,0.0,-0.41453823127777084,"Node(id=29_8439_55, type=transcoder, layer=14, feature=8439, pos=55)",1
0,10,12663,transcoder,9,14,3914,lorsa,2.4319560527801514,1.7481441497802734,-0.6838119029998779,0.0,-0.2811777384785228,"Node(id=18_3914_14, type=lorsa, layer=9, feature=3914, pos=14)",1
0,10,12663,transcoder,10,54,9349,transcoder,0.3694993257522583,0.2572273313999176,-0.1122719943523407,0.0,-0.30384898300901575,"Node(id=21_9349_54, type=transcoder, layer=10, feature=9349, pos=54)",1
0,10,12663,transcoder,12,14,15473,transcoder,0.37259894609451294,0.2964581847190857,-0.07614076137542725,0.0,-0.2043504475080117,"Node(id=25_15473_14, type=transcoder, layer=12, feature=15473, pos=14)",1
0,10,12663,transcoder,13,14,12341,transcoder,0.8768914937973022,0.5800504088401794,-0.2968410849571228,0.0,-0.3385151835282132,"Node(id=27_12341_14, type=transcoder, layer=13, feature=12341, pos=14)",1
0,10,12663,transcoder,13,54,3932,transcoder,0.4565145671367645,0.3434138298034668,-0.11310073733329773,0.0,-0.24774836440085501,"Node(id=27_3932_54, type=transcoder, layer=13, feature=3932, pos=54)",1
0,10,12663,transcoder,13,55,14142,transcoder,0.6139975786209106,0.40928179025650024,-0.2047157883644104,0.0,-0.3334146509571243,"Node(id=27_14142_55, type=transcoder, layer=13, feature=14142, pos=55)",1
0,10,12663,transcoder,14,55,9044,lorsa,3.8024330139160156,1.4756752252578735,-2.326757788658142,0.0,-0.611912893703256,"Node(id=28_9044_55, type=lorsa, layer=14, feature=9044, pos=55)",1
0,10,12663,transcoder,14,54,7964,transcoder,1.0550146102905273,0.815430760383606,-0.2395838499069214,0.0,-0.22709055170425116,"Node(id=29_7964_54, type=transcoder, layer=14, feature=7964, pos=54)",1
0,10,12663,transcoder,14,54,15619,transcoder,0.5415058135986328,0.24951645731925964,-0.29198935627937317,0.0,-0.5392173988658178,"Node(id=29_15619_54, type=transcoder, layer=14, feature=15619, pos=54)",1
0,10,12663,transcoder,14,55,8439,transcoder,1.9621776342391968,0.9069713354110718,-1.055206298828125,0.0,-0.5377730743716608,"Node(id=29_8439_55, type=transcoder, layer=14, feature=8439, pos=55)",1
0,14,12663,transcoder,4,55,11208,lorsa,2.4909422397613525,1.8337211608886719,-0.6572210788726807,0.0,-0.26384436715627996,"Node(id=8_11208_55, type=lorsa, layer=4, feature=11208, pos=55)",1
0,14,12663,transcoder,6,45,4984,transcoder,0.9259824752807617,0.7009146213531494,-0.2250678539276123,0.0,-0.24305843786014503,"Node(id=13_4984_45, type=transcoder, layer=6, feature=4984, pos=45)",1
0,14,12663,transcoder,7,37,13853,lorsa,4.031331539154053,2.7629239559173584,-1.2684075832366943,0.0,-0.3146373774812034,"Node(id=14_13853_37, type=lorsa, layer=7, feature=13853, pos=37)",1
0,14,12663,transcoder,7,14,14452,transcoder,2.750537633895874,1.0887051820755005,-1.6618324518203735,0.0,-0.60418458971112,"Node(id=15_14452_14, type=transcoder, layer=7, feature=14452, pos=14)",1
0,14,12663,transcoder,7,54,13289,transcoder,0.9898383617401123,0.6621707081794739,-0.3276676535606384,0.0,-0.33103147566902386,"Node(id=15_13289_54, type=transcoder, layer=7, feature=13289, pos=54)",1
0,14,12663,transcoder,9,14,3914,lorsa,2.4319560527801514,0.0,-2.4319560527801514,0.0,-1.0,"Node(id=18_3914_14, type=lorsa, layer=9, feature=3914, pos=14)",1
0,14,12663,transcoder,9,14,5285,lorsa,4.247608184814453,0.0,-4.247608184814453,0.0,-1.0,"Node(id=18_5285_14, type=lorsa, layer=9, feature=5285, pos=14)",1
0,14,12663,transcoder,9,14,3455,transcoder,0.7396717071533203,0.2608950734138489,-0.47877663373947144,0.0,-0.6472826107978061,"Node(id=19_3455_14, type=transcoder, layer=9, feature=3455, pos=14)",1
0,14,12663,transcoder,9,14,12621,transcoder,0.46782758831977844,0.3385201096534729,-0.12930747866630554,0.0,-0.2763998573293177,"Node(id=19_12621_14, type=transcoder, layer=9, feature=12621, pos=14)",1
0,14,12663,transcoder,9,23,2724,transcoder,0.79766446352005,0.601040244102478,-0.19662421941757202,0.0,-0.24649991119057754,"Node(id=19_2724_23, type=transcoder, layer=9, feature=2724, pos=23)",1
0,14,12663,transcoder,10,14,9278,transcoder,7.185402870178223,5.139545440673828,-2.0458574295043945,0.0,-0.2847241089285854,"Node(id=21_9278_14, type=transcoder, layer=10, feature=9278, pos=14)",1
0,14,12663,transcoder,10,14,14712,transcoder,0.3488500416278839,0.0,-0.3488500416278839,0.0,-1.0,"Node(id=21_14712_14, type=transcoder, layer=10, feature=14712, pos=14)",1
0,14,12663,transcoder,10,23,1958,transcoder,0.535693883895874,0.3345806300640106,-0.2011132538318634,0.0,-0.3754257046379775,"Node(id=21_1958_23, type=transcoder, layer=10, feature=1958, pos=23)",1
0,14,12663,transcoder,10,54,9349,transcoder,0.3694993257522583,0.17368587851524353,-0.19581344723701477,0.0,-0.5299426374821146,"Node(id=21_9349_54, type=transcoder, layer=10, feature=9349, pos=54)",1
0,14,12663,transcoder,10,54,12026,transcoder,0.6972393989562988,0.4870149493217468,-0.210224449634552,0.0,-0.30150971093893725,"Node(id=21_12026_54, type=transcoder, layer=10, feature=12026, pos=54)",1
0,14,12663,transcoder,11,23,8583,transcoder,0.9685752391815186,0.703948974609375,-0.26462626457214355,0.0,-0.2732118826367711,"Node(id=23_8583_23, type=transcoder, layer=11, feature=8583, pos=23)",1
0,14,12663,transcoder,11,37,14406,transcoder,0.3764583170413971,0.0,-0.3764583170413971,0.0,-1.0,"Node(id=23_14406_37, type=transcoder, layer=11, feature=14406, pos=37)",1
0,14,12663,transcoder,11,54,11603,transcoder,0.590173602104187,0.3758901059627533,-0.21428349614143372,0.0,-0.3630855317442764,"Node(id=23_11603_54, type=transcoder, layer=11, feature=11603, pos=54)",1
0,14,12663,transcoder,11,55,15901,transcoder,0.444108784198761,0.31759417057037354,-0.12651461362838745,0.0,-0.2848730269018183,"Node(id=23_15901_55, type=transcoder, layer=11, feature=15901, pos=55)",1
0,14,12663,transcoder,12,14,15473,transcoder,0.37259894609451294,0.0,-0.37259894609451294,0.0,-1.0,"Node(id=25_15473_14, type=transcoder, layer=12, feature=15473, pos=14)",1
0,14,12663,transcoder,12,37,7154,transcoder,0.39370015263557434,0.21816593408584595,-0.1755342185497284,0.0,-0.44585763397508854,"Node(id=25_7154_37, type=transcoder, layer=12, feature=7154, pos=37)",1
0,14,12663,transcoder,12,37,15028,transcoder,0.6458759903907776,0.49194592237472534,-0.15393006801605225,0.0,-0.23832758967076506,"Node(id=25_15028_37, type=transcoder, layer=12, feature=15028, pos=37)",1
0,14,12663,transcoder,12,54,9524,transcoder,0.9488894939422607,0.6413635611534119,-0.3075259327888489,0.0,-0.3240903548327848,"Node(id=25_9524_54, type=transcoder, layer=12, feature=9524, pos=54)",1
0,14,12663,transcoder,13,37,9843,lorsa,3.7563188076019287,0.7147654891014099,-3.041553318500519,0.0,-0.8097165001929846,"Node(id=26_9843_37, type=lorsa, layer=13, feature=9843, pos=37)",1
0,14,12663,transcoder,13,54,1408,lorsa,1.9592878818511963,0.0,-1.9592878818511963,0.0,-1.0,"Node(id=26_1408_54, type=lorsa, layer=13, feature=1408, pos=54)",1
0,14,12663,transcoder,13,54,1418,lorsa,2.4402384757995605,0.0,-2.4402384757995605,0.0,-1.0,"Node(id=26_1418_54, type=lorsa, layer=13, feature=1418, pos=54)",1
0,14,12663,transcoder,13,14,12341,transcoder,0.8768914937973022,0.0,-0.8768914937973022,0.0,-1.0,"Node(id=27_12341_14, type=transcoder, layer=13, feature=12341, pos=14)",1
0,14,12663,transcoder,13,37,2468,transcoder,0.917811930179596,0.0,-0.917811930179596,0.0,-1.0,"Node(id=27_2468_37, type=transcoder, layer=13, feature=2468, pos=37)",1
0,14,12663,transcoder,13,54,3932,transcoder,0.4565145671367645,0.0,-0.4565145671367645,0.0,-1.0,"Node(id=27_3932_54, type=transcoder, layer=13, feature=3932, pos=54)",1
0,14,12663,transcoder,13,54,7656,transcoder,0.6284548044204712,0.28853532671928406,-0.33991947770118713,0.0,-0.5408813415224718,"Node(id=27_7656_54, type=transcoder, layer=13, feature=7656, pos=54)",1
0,14,12663,transcoder,13,54,10153,transcoder,0.38005462288856506,0.18410024046897888,-0.19595438241958618,0.0,-0.5155953134585117,"Node(id=27_10153_54, type=transcoder, layer=13, feature=10153, pos=54)",1
0,14,12663,transcoder,14,54,4515,lorsa,2.634603977203369,0.0,-2.634603977203369,0.0,-1.0,"Node(id=28_4515_54, type=lorsa, layer=14, feature=4515, pos=54)",1
0,14,12663,transcoder,14,55,9044,lorsa,3.8024330139160156,0.0,-3.8024330139160156,0.0,-1.0,"Node(id=28_9044_55, type=lorsa, layer=14, feature=9044, pos=55)",1
0,14,12663,transcoder,14,45,13630,transcoder,2.0045013427734375,0.7034494876861572,-1.3010518550872803,0.0,-0.6490650953055181,"Node(id=29_13630_45, type=transcoder, layer=14, feature=13630, pos=45)",1
0,14,12663,transcoder,14,54,138,transcoder,5.203862190246582,2.983173370361328,-2.220688819885254,0.0,-0.42673859120393576,"Node(id=29_138_54, type=transcoder, layer=14, feature=138, pos=54)",1
0,14,12663,transcoder,14,54,5701,transcoder,1.1805400848388672,0.0,-1.1805400848388672,0.0,-1.0,"Node(id=29_5701_54, type=transcoder, layer=14, feature=5701, pos=54)",1
0,14,12663,transcoder,14,54,7964,transcoder,1.0550146102905273,0.0,-1.0550146102905273,0.0,-1.0,"Node(id=29_7964_54, type=transcoder, layer=14, feature=7964, pos=54)",1
0,14,12663,transcoder,14,54,15619,transcoder,0.5415058135986328,0.0,-0.5415058135986328,0.0,-1.0,"Node(id=29_15619_54, type=transcoder, layer=14, feature=15619, pos=54)",1
0,14,12663,transcoder,14,55,8439,transcoder,1.9621776342391968,0.5045038461685181,-1.4576737880706787,0.0,-0.7428857421646581,"Node(id=29_8439_55, type=transcoder, layer=14, feature=8439, pos=55)",1
0,15,12663,transcoder,10,14,14712,transcoder,0.3488500416278839,0.22805818915367126,-0.12079185247421265,0.0,-0.34625723967394717,"Node(id=21_14712_14, type=transcoder, layer=10, feature=14712, pos=14)",1
0,23,12549,transcoder,2,55,1943,transcoder,0.5499241352081299,0.4189772605895996,-0.13094687461853027,0.0,-0.23811807162995455,"Node(id=5_1943_55, type=transcoder, layer=2, feature=1943, pos=55)",1
0,23,12549,transcoder,3,54,2767,transcoder,0.7313656210899353,0.5544611811637878,-0.17690443992614746,0.0,-0.24188235654625295,"Node(id=7_2767_54, type=transcoder, layer=3, feature=2767, pos=54)",1
0,26,11076,transcoder,2,55,7450,lorsa,6.305306911468506,2.4864938259124756,-3.8188130855560303,0.0,-0.6056506271899506,"Node(id=4_7450_55, type=lorsa, layer=2, feature=7450, pos=55)",1
0,26,11076,transcoder,2,55,12041,transcoder,0.4566259980201721,0.0,-0.4566259980201721,0.0,-1.0,"Node(id=5_12041_55, type=transcoder, layer=2, feature=12041, pos=55)",1
0,26,11076,transcoder,4,19,7698,lorsa,3.0929362773895264,0.0,-3.0929362773895264,0.0,-1.0,"Node(id=8_7698_19, type=lorsa, layer=4, feature=7698, pos=19)",1
0,26,11076,transcoder,5,37,11552,transcoder,1.0308445692062378,0.658750057220459,-0.3720945119857788,0.0,-0.36096083066363327,"Node(id=11_11552_37, type=transcoder, layer=5, feature=11552, pos=37)",1
0,26,11076,transcoder,8,23,986,transcoder,0.8977439403533936,0.6490135788917542,-0.2487303614616394,0.0,-0.2770615876991914,"Node(id=17_986_23, type=transcoder, layer=8, feature=986, pos=23)",1
0,26,11076,transcoder,9,14,12621,transcoder,0.46782758831977844,0.30197831988334656,-0.16584926843643188,0.0,-0.3545093803298052,"Node(id=19_12621_14, type=transcoder, layer=9, feature=12621, pos=14)",1
0,26,11076,transcoder,11,55,15901,transcoder,0.444108784198761,0.33750006556510925,-0.10660871863365173,0.0,-0.2400509119088691,"Node(id=23_15901_55, type=transcoder, layer=11, feature=15901, pos=55)",1
0,26,11076,transcoder,11,56,7586,transcoder,2.6750638484954834,2.092197895050049,-0.5828659534454346,0.0,-0.21788861367673584,"Node(id=23_7586_56, type=transcoder, layer=11, feature=7586, pos=56)",1
0,26,11076,transcoder,12,14,15473,transcoder,0.37259894609451294,0.2702863812446594,-0.10231256484985352,0.0,-0.274591664636381,"Node(id=25_15473_14, type=transcoder, layer=12, feature=15473, pos=14)",1
0,26,11076,transcoder,12,37,7154,transcoder,0.39370015263557434,0.2461833357810974,-0.14751681685447693,0.0,-0.3746933189305232,"Node(id=25_7154_37, type=transcoder, layer=12, feature=7154, pos=37)",1
0,26,11076,transcoder,13,54,1408,lorsa,1.9592878818511963,0.0,-1.9592878818511963,0.0,-1.0,"Node(id=26_1408_54, type=lorsa, layer=13, feature=1408, pos=54)",1
0,26,11076,transcoder,13,54,1418,lorsa,2.4402384757995605,0.0,-2.4402384757995605,0.0,-1.0,"Node(id=26_1418_54, type=lorsa, layer=13, feature=1418, pos=54)",1
0,26,11076,transcoder,13,14,12341,transcoder,0.8768914937973022,0.3395625948905945,-0.5373288989067078,0.0,-0.6127655504786023,"Node(id=27_12341_14, type=transcoder, layer=13, feature=12341, pos=14)",1
0,26,11076,transcoder,13,37,2468,transcoder,0.917811930179596,0.6988357901573181,-0.21897614002227783,0.0,-0.23858497892855776,"Node(id=27_2468_37, type=transcoder, layer=13, feature=2468, pos=37)",1
0,26,11076,transcoder,14,54,4515,lorsa,2.634603977203369,0.0,-2.634603977203369,0.0,-1.0,"Node(id=28_4515_54, type=lorsa, layer=14, feature=4515, pos=54)",1
0,26,11076,transcoder,14,55,8748,lorsa,1.8016709089279175,0.0,-1.8016709089279175,0.0,-1.0,"Node(id=28_8748_55, type=lorsa, layer=14, feature=8748, pos=55)",1
0,26,11076,transcoder,14,55,9044,lorsa,3.8024330139160156,1.1025915145874023,-2.6998414993286133,0.0,-0.7100299964385499,"Node(id=28_9044_55, type=lorsa, layer=14, feature=9044, pos=55)",1
0,26,11076,transcoder,14,54,7964,transcoder,1.0550146102905273,0.7536396384239197,-0.30137497186660767,0.0,-0.285659524453046,"Node(id=29_7964_54, type=transcoder, layer=14, feature=7964, pos=54)",1
0,26,11076,transcoder,14,54,15619,transcoder,0.5415058135986328,0.0,-0.5415058135986328,0.0,-1.0,"Node(id=29_15619_54, type=transcoder, layer=14, feature=15619, pos=54)",1
0,33,11076,transcoder,11,37,14406,transcoder,0.3764583170413971,0.26671695709228516,-0.10974135994911194,0.0,-0.29150998923751836,"Node(id=23_14406_37, type=transcoder, layer=11, feature=14406, pos=37)",1
0,33,11076,transcoder,12,14,15473,transcoder,0.37259894609451294,0.2924606204032898,-0.08013832569122314,0.0,-0.21507931391436455,"Node(id=25_15473_14, type=transcoder, layer=12, feature=15473, pos=14)",1
0,33,11076,transcoder,14,54,4515,lorsa,2.634603977203369,1.9923268556594849,-0.6422771215438843,0.0,-0.24378507248199827,"Node(id=28_4515_54, type=lorsa, layer=14, feature=4515, pos=54)",1
0,33,11076,transcoder,14,55,8748,lorsa,1.8016709089279175,1.3584214448928833,-0.4432494640350342,0.0,-0.24602132489267384,"Node(id=28_8748_55, type=lorsa, layer=14, feature=8748, pos=55)",1
0,35,11076,transcoder,5,37,11552,transcoder,1.0308445692062378,0.6442741751670837,-0.38657039403915405,0.0,-0.3750035704575887,"Node(id=11_11552_37, type=transcoder, layer=5, feature=11552, pos=37)",1
0,35,11076,transcoder,9,14,3914,lorsa,2.4319560527801514,1.7702797651290894,-0.661676287651062,0.0,-0.27207575848036,"Node(id=18_3914_14, type=lorsa, layer=9, feature=3914, pos=14)",1
0,35,11076,transcoder,9,14,5285,lorsa,4.247608184814453,2.1049656867980957,-2.1426424980163574,0.0,-0.5044350619900583,"Node(id=18_5285_14, type=lorsa, layer=9, feature=5285, pos=14)",1
0,35,11076,transcoder,9,14,12621,transcoder,0.46782758831977844,0.31637266278266907,-0.15145492553710938,0.0,-0.323740902243636,"Node(id=19_12621_14, type=transcoder, layer=9, feature=12621, pos=14)",1
0,35,11076,transcoder,10,54,9349,transcoder,0.3694993257522583,0.17995543777942657,-0.18954388797283173,0.0,-0.5129749224492957,"Node(id=21_9349_54, type=transcoder, layer=10, feature=9349, pos=54)",1
0,35,11076,transcoder,11,37,14406,transcoder,0.3764583170413971,0.0,-0.3764583170413971,0.0,-1.0,"Node(id=23_14406_37, type=transcoder, layer=11, feature=14406, pos=37)",1
0,35,11076,transcoder,12,14,15473,transcoder,0.37259894609451294,0.22614969313144684,-0.1464492529630661,0.0,-0.39304795276022597,"Node(id=25_15473_14, type=transcoder, layer=12, feature=15473, pos=14)",1
0,35,11076,transcoder,12,37,7154,transcoder,0.39370015263557434,0.0,-0.39370015263557434,0.0,-1.0,"Node(id=25_7154_37, type=transcoder, layer=12, feature=7154, pos=37)",1
0,35,11076,transcoder,12,37,15028,transcoder,0.6458759903907776,0.44867345690727234,-0.19720253348350525,0.0,-0.3053256916458387,"Node(id=25_15028_37, type=transcoder, layer=12, feature=15028, pos=37)",1
0,35,11076,transcoder,13,54,1408,lorsa,1.9592878818511963,1.4778152704238892,-0.48147261142730713,0.0,-0.2457385746562148,"Node(id=26_1408_54, type=lorsa, layer=13, feature=1408, pos=54)",1
0,35,11076,transcoder,13,54,1418,lorsa,2.4402384757995605,0.0,-2.4402384757995605,0.0,-1.0,"Node(id=26_1418_54, type=lorsa, layer=13, feature=1418, pos=54)",1
0,35,11076,transcoder,13,14,12341,transcoder,0.8768914937973022,0.17733338475227356,-0.6995581090450287,0.0,-0.7977704356734643,"Node(id=27_12341_14, type=transcoder, layer=13, feature=12341, pos=14)",1
0,35,11076,transcoder,13,37,2468,transcoder,0.917811930179596,0.6629912257194519,-0.25482070446014404,0.0,-0.2776393464511636,"Node(id=27_2468_37, type=transcoder, layer=13, feature=2468, pos=37)",1
0,35,11076,transcoder,13,55,9300,transcoder,0.6302089691162109,0.4873965382575989,-0.14281243085861206,0.0,-0.2266112319202448,"Node(id=27_9300_55, type=transcoder, layer=13, feature=9300, pos=55)",1
0,35,11076,transcoder,13,55,14142,transcoder,0.6139975786209106,0.461071640253067,-0.15292593836784363,0.0,-0.2490660284220142,"Node(id=27_14142_55, type=transcoder, layer=13, feature=14142, pos=55)",1
0,35,11076,transcoder,14,51,6541,lorsa,2.6790273189544678,1.81947922706604,-0.8595480918884277,0.0,-0.32084334706369466,"Node(id=28_6541_51, type=lorsa, layer=14, feature=6541, pos=51)",1
0,35,11076,transcoder,14,54,4515,lorsa,2.634603977203369,2.0345988273620605,-0.6000051498413086,0.0,-0.22774016703573557,"Node(id=28_4515_54, type=lorsa, layer=14, feature=4515, pos=54)",1
0,35,11076,transcoder,14,55,8748,lorsa,1.8016709089279175,0.8888573050498962,-0.9128136038780212,0.0,-0.5066483558982423,"Node(id=28_8748_55, type=lorsa, layer=14, feature=8748, pos=55)",1
0,35,11076,transcoder,14,55,9044,lorsa,3.8024330139160156,2.380690574645996,-1.4217424392700195,0.0,-0.3739033492678963,"Node(id=28_9044_55, type=lorsa, layer=14, feature=9044, pos=55)",1
0,35,11076,transcoder,14,54,15619,transcoder,0.5415058135986328,0.0,-0.5415058135986328,0.0,-1.0,"Node(id=29_15619_54, type=transcoder, layer=14, feature=15619, pos=54)",1
0,35,11076,transcoder,14,55,8439,transcoder,1.9621776342391968,1.2469152212142944,-0.7152624130249023,0.0,-0.3645248017018775,"Node(id=29_8439_55, type=transcoder, layer=14, feature=8439, pos=55)",1
0,45,12663,transcoder,1,54,9082,transcoder,0.7630938291549683,0.22038015723228455,-0.5427136719226837,0.0,-0.711201756832016,"Node(id=3_9082_54, type=transcoder, layer=1, feature=9082, pos=54)",1
0,45,12663,transcoder,1,54,9400,transcoder,0.9067674875259399,0.3443019390106201,-0.5624655485153198,0.0,-0.6202974370529902,"Node(id=3_9400_54, type=transcoder, layer=1, feature=9400, pos=54)",1
0,45,12663,transcoder,2,54,3116,lorsa,2.008845329284668,0.0,-2.008845329284668,0.0,-1.0,"Node(id=4_3116_54, type=lorsa, layer=2, feature=3116, pos=54)",1
0,45,12663,transcoder,2,54,3192,lorsa,4.136215686798096,0.0,-4.136215686798096,0.0,-1.0,"Node(id=4_3192_54, type=lorsa, layer=2, feature=3192, pos=54)",1
0,45,12663,transcoder,2,54,715,transcoder,0.9930531978607178,0.3314663767814636,-0.6615868210792542,0.0,-0.6662148840610712,"Node(id=5_715_54, type=transcoder, layer=2, feature=715, pos=54)",1
0,45,12663,transcoder,2,54,3355,transcoder,0.8198118209838867,0.5908926725387573,-0.2289191484451294,0.0,-0.27923377363648527,"Node(id=5_3355_54, type=transcoder, layer=2, feature=3355, pos=54)",1
0,45,12663,transcoder,2,54,5553,transcoder,0.46104303002357483,0.0,-0.46104303002357483,0.0,-1.0,"Node(id=5_5553_54, type=transcoder, layer=2, feature=5553, pos=54)",1
0,45,12663,transcoder,2,54,6509,transcoder,0.7901896834373474,0.2934190332889557,-0.4967706501483917,0.0,-0.6286726599459327,"Node(id=5_6509_54, type=transcoder, layer=2, feature=6509, pos=54)",1
0,45,12663,transcoder,2,54,6885,transcoder,0.6178726553916931,0.0,-0.6178726553916931,0.0,-1.0,"Node(id=5_6885_54, type=transcoder, layer=2, feature=6885, pos=54)",1
0,45,12663,transcoder,3,54,5003,lorsa,1.4944757223129272,0.9347695708274841,-0.5597061514854431,0.0,-0.3745167239111875,"Node(id=6_5003_54, type=lorsa, layer=3, feature=5003, pos=54)",1
0,45,12663,transcoder,3,54,5828,lorsa,2.9929561614990234,0.0,-2.9929561614990234,0.0,-1.0,"Node(id=6_5828_54, type=lorsa, layer=3, feature=5828, pos=54)",1
0,45,12663,transcoder,3,55,12955,lorsa,0.8693147301673889,0.0,-0.8693147301673889,0.0,-1.0,"Node(id=6_12955_55, type=lorsa, layer=3, feature=12955, pos=55)",1
0,45,12663,transcoder,3,54,753,transcoder,0.8902549743652344,0.36460569500923157,-0.5256492793560028,0.0,-0.5904480115158007,"Node(id=7_753_54, type=transcoder, layer=3, feature=753, pos=54)",1
0,45,12663,transcoder,3,54,2767,transcoder,0.7313656210899353,0.0,-0.7313656210899353,0.0,-1.0,"Node(id=7_2767_54, type=transcoder, layer=3, feature=2767, pos=54)",1
0,45,12663,transcoder,3,54,14478,transcoder,1.0145859718322754,0.0,-1.0145859718322754,0.0,-1.0,"Node(id=7_14478_54, type=transcoder, layer=3, feature=14478, pos=54)",1
0,45,12663,transcoder,3,55,10711,transcoder,0.27328234910964966,0.0,-0.27328234910964966,0.0,-1.0,"Node(id=7_10711_55, type=transcoder, layer=3, feature=10711, pos=55)",1
0,45,12663,transcoder,4,54,15551,lorsa,4.019529342651367,0.0,-4.019529342651367,0.0,-1.0,"Node(id=8_15551_54, type=lorsa, layer=4, feature=15551, pos=54)",1
0,45,12663,transcoder,4,55,11208,lorsa,2.4909422397613525,1.389606237411499,-1.1013360023498535,0.0,-0.4421363068038736,"Node(id=8_11208_55, type=lorsa, layer=4, feature=11208, pos=55)",1
0,45,12663,transcoder,4,54,2320,transcoder,4.304287433624268,2.844661235809326,-1.4596261978149414,0.0,-0.3391098341650285,"Node(id=9_2320_54, type=transcoder, layer=4, feature=2320, pos=54)",1
0,45,12663,transcoder,5,55,14178,lorsa,1.0965865850448608,0.0,-1.0965865850448608,0.0,-1.0,"Node(id=10_14178_55, type=lorsa, layer=5, feature=14178, pos=55)",1
0,45,12663,transcoder,5,37,11552,transcoder,1.0308445692062378,0.6615272164344788,-0.36931735277175903,0.0,-0.3582667686323823,"Node(id=11_11552_37, type=transcoder, layer=5, feature=11552, pos=37)",1
0,45,12663,transcoder,5,54,5938,transcoder,1.32710599899292,0.2181605100631714,-1.1089454889297485,0.0,-0.8356118424385668,"Node(id=11_5938_54, type=transcoder, layer=5, feature=5938, pos=54)",1
0,45,12663,transcoder,6,45,4984,transcoder,0.9259824752807617,0.0,-0.9259824752807617,0.0,-1.0,"Node(id=13_4984_45, type=transcoder, layer=6, feature=4984, pos=45)",1
0,45,12663,transcoder,6,54,2579,transcoder,0.9656137228012085,0.0,-0.9656137228012085,0.0,-1.0,"Node(id=13_2579_54, type=transcoder, layer=6, feature=2579, pos=54)",1
0,45,12663,transcoder,6,54,15671,transcoder,5.101500511169434,3.646440029144287,-1.4550604820251465,0.0,-0.2852220594390567,"Node(id=13_15671_54, type=transcoder, layer=6, feature=15671, pos=54)",1
0,45,12663,transcoder,6,55,4801,transcoder,1.9008395671844482,0.6749513149261475,-1.2258882522583008,0.0,-0.6449193679580779,"Node(id=13_4801_55, type=transcoder, layer=6, feature=4801, pos=55)",1
0,45,12663,transcoder,7,14,14452,transcoder,2.750537633895874,1.9114576578140259,-0.8390799760818481,0.0,-0.3050603510170379,"Node(id=15_14452_14, type=transcoder, layer=7, feature=14452, pos=14)",1
0,45,12663,transcoder,7,54,2518,transcoder,0.3623811900615692,0.0,-0.3623811900615692,0.0,-1.0,"Node(id=15_2518_54, type=transcoder, layer=7, feature=2518, pos=54)",1
0,45,12663,transcoder,7,54,11984,transcoder,0.6699543595314026,0.21309354901313782,-0.45686081051826477,0.0,-0.6819282597665527,"Node(id=15_11984_54, type=transcoder, layer=7, feature=11984, pos=54)",1
0,45,12663,transcoder,7,54,13289,transcoder,0.9898383617401123,0.0,-0.9898383617401123,0.0,-1.0,"Node(id=15_13289_54, type=transcoder, layer=7, feature=13289, pos=54)",1
0,45,12663,transcoder,8,23,986,transcoder,0.8977439403533936,0.5125628709793091,-0.3851810693740845,0.0,-0.4290544909971315,"Node(id=17_986_23, type=transcoder, layer=8, feature=986, pos=23)",1
0,45,12663,transcoder,8,54,8745,transcoder,5.491499423980713,2.83569598197937,-2.6558034420013428,0.0,-0.4836208177321791,"Node(id=17_8745_54, type=transcoder, layer=8, feature=8745, pos=54)",1
0,45,12663,transcoder,8,54,16159,transcoder,0.5418267250061035,0.0,-0.5418267250061035,0.0,-1.0,"Node(id=17_16159_54, type=transcoder, layer=8, feature=16159, pos=54)",1
0,45,12663,transcoder,9,14,3914,lorsa,2.4319560527801514,0.0,-2.4319560527801514,0.0,-1.0,"Node(id=18_3914_14, type=lorsa, layer=9, feature=3914, pos=14)",1
0,45,12663,transcoder,9,14,5285,lorsa,4.247608184814453,0.0,-4.247608184814453,0.0,-1.0,"Node(id=18_5285_14, type=lorsa, layer=9, feature=5285, pos=14)",1
0,45,12663,transcoder,9,14,6254,transcoder,3.75095796585083,2.789064884185791,-0.9618930816650391,0.0,-0.25643931241624907,"Node(id=19_6254_14, type=transcoder, layer=9, feature=6254, pos=14)",1
0,45,12663,transcoder,9,14,12621,transcoder,0.46782758831977844,0.0,-0.46782758831977844,0.0,-1.0,"Node(id=19_12621_14, type=transcoder, layer=9, feature=12621, pos=14)",1
0,45,12663,transcoder,9,14,14495,transcoder,0.32327717542648315,0.2550293803215027,-0.06824779510498047,0.0,-0.2111123218487189,"Node(id=19_14495_14, type=transcoder, layer=9, feature=14495, pos=14)",1
0,45,12663,transcoder,9,23,2724,transcoder,0.79766446352005,0.5871523022651672,-0.2105121612548828,0.0,-0.2639106678087476,"Node(id=19_2724_23, type=transcoder, layer=9, feature=2724, pos=23)",1
0,45,12663,transcoder,10,14,9278,transcoder,7.185402870178223,5.375199794769287,-1.8102030754089355,0.0,-0.2519278470692119,"Node(id=21_9278_14, type=transcoder, layer=10, feature=9278, pos=14)",1
0,45,12663,transcoder,10,14,14712,transcoder,0.3488500416278839,0.0,-0.3488500416278839,0.0,-1.0,"Node(id=21_14712_14, type=transcoder, layer=10, feature=14712, pos=14)",1
0,45,12663,transcoder,10,54,9349,transcoder,0.3694993257522583,0.0,-0.3694993257522583,0.0,-1.0,"Node(id=21_9349_54, type=transcoder, layer=10, feature=9349, pos=54)",1
0,45,12663,transcoder,10,54,12026,transcoder,0.6972393989562988,0.0,-0.6972393989562988,0.0,-1.0,"Node(id=21_12026_54, type=transcoder, layer=10, feature=12026, pos=54)",1
0,45,12663,transcoder,11,23,8583,transcoder,0.9685752391815186,0.6064680814743042,-0.36210715770721436,0.0,-0.3738554766413481,"Node(id=23_8583_23, type=transcoder, layer=11, feature=8583, pos=23)",1
0,45,12663,transcoder,11,37,14406,transcoder,0.3764583170413971,0.25625497102737427,-0.12020334601402283,0.0,-0.31930054556559234,"Node(id=23_14406_37, type=transcoder, layer=11, feature=14406, pos=37)",1
0,45,12663,transcoder,11,54,11603,transcoder,0.590173602104187,0.0,-0.590173602104187,0.0,-1.0,"Node(id=23_11603_54, type=transcoder, layer=11, feature=11603, pos=54)",1
0,45,12663,transcoder,12,14,15473,transcoder,0.37259894609451294,0.0,-0.37259894609451294,0.0,-1.0,"Node(id=25_15473_14, type=transcoder, layer=12, feature=15473, pos=14)",1
0,45,12663,transcoder,12,37,7154,transcoder,0.39370015263557434,0.0,-0.39370015263557434,0.0,-1.0,"Node(id=25_7154_37, type=transcoder, layer=12, feature=7154, pos=37)",1
0,45,12663,transcoder,12,54,9524,transcoder,0.9488894939422607,0.0,-0.9488894939422607,0.0,-1.0,"Node(id=25_9524_54, type=transcoder, layer=12, feature=9524, pos=54)",1
0,45,12663,transcoder,12,54,15847,transcoder,2.847852945327759,2.1032462120056152,-0.7446067333221436,0.0,-0.26146249389167353,"Node(id=25_15847_54, type=transcoder, layer=12, feature=15847, pos=54)",1
0,45,12663,transcoder,13,37,9843,lorsa,3.7563188076019287,0.0,-3.7563188076019287,0.0,-1.0,"Node(id=26_9843_37, type=lorsa, layer=13, feature=9843, pos=37)",1
0,45,12663,transcoder,13,54,1408,lorsa,1.9592878818511963,0.0,-1.9592878818511963,0.0,-1.0,"Node(id=26_1408_54, type=lorsa, layer=13, feature=1408, pos=54)",1
0,45,12663,transcoder,13,54,1418,lorsa,2.4402384757995605,1.2729785442352295,-1.167259931564331,0.0,-0.47833846697375365,"Node(id=26_1418_54, type=lorsa, layer=13, feature=1418, pos=54)",1
0,45,12663,transcoder,13,14,12341,transcoder,0.8768914937973022,0.0,-0.8768914937973022,0.0,-1.0,"Node(id=27_12341_14, type=transcoder, layer=13, feature=12341, pos=14)",1
0,45,12663,transcoder,13,37,2468,transcoder,0.917811930179596,0.0,-0.917811930179596,0.0,-1.0,"Node(id=27_2468_37, type=transcoder, layer=13, feature=2468, pos=37)",1
0,45,12663,transcoder,13,54,3932,transcoder,0.4565145671367645,0.0,-0.4565145671367645,0.0,-1.0,"Node(id=27_3932_54, type=transcoder, layer=13, feature=3932, pos=54)",1
0,45,12663,transcoder,13,54,7656,transcoder,0.6284548044204712,0.0,-0.6284548044204712,0.0,-1.0,"Node(id=27_7656_54, type=transcoder, layer=13, feature=7656, pos=54)",1
0,45,12663,transcoder,13,54,10153,transcoder,0.38005462288856506,0.0,-0.38005462288856506,0.0,-1.0,"Node(id=27_10153_54, type=transcoder, layer=13, feature=10153, pos=54)",1
0,45,12663,transcoder,13,54,12356,transcoder,3.5540847778320312,1.3161852359771729,-2.2378995418548584,0.0,-0.6296697129492681,"Node(id=27_12356_54, type=transcoder, layer=13, feature=12356, pos=54)",1
0,45,12663,transcoder,13,55,9300,transcoder,0.6302089691162109,0.3122222125530243,-0.31798675656318665,0.0,-0.5045735179064862,"Node(id=27_9300_55, type=transcoder, layer=13, feature=9300, pos=55)",1
0,45,12663,transcoder,13,55,14142,transcoder,0.6139975786209106,0.0,-0.6139975786209106,0.0,-1.0,"Node(id=27_14142_55, type=transcoder, layer=13, feature=14142, pos=55)",1
0,45,12663,transcoder,14,54,4515,lorsa,2.634603977203369,0.0,-2.634603977203369,0.0,-1.0,"Node(id=28_4515_54, type=lorsa, layer=14, feature=4515, pos=54)",1
0,45,12663,transcoder,14,55,9044,lorsa,3.8024330139160156,0.0,-3.8024330139160156,0.0,-1.0,"Node(id=28_9044_55, type=lorsa, layer=14, feature=9044, pos=55)",1
0,45,12663,transcoder,14,45,13630,transcoder,2.0045013427734375,0.0,-2.0045013427734375,0.0,-1.0,"Node(id=29_13630_45, type=transcoder, layer=14, feature=13630, pos=45)",1
0,45,12663,transcoder,14,45,14404,transcoder,2.5108840465545654,0.0,-2.5108840465545654,0.0,-1.0,"Node(id=29_14404_45, type=transcoder, layer=14, feature=14404, pos=45)",1
0,45,12663,transcoder,14,54,5701,transcoder,1.1805400848388672,0.0,-1.1805400848388672,0.0,-1.0,"Node(id=29_5701_54, type=transcoder, layer=14, feature=5701, pos=54)",1
0,45,12663,transcoder,14,54,7964,transcoder,1.0550146102905273,0.0,-1.0550146102905273,0.0,-1.0,"Node(id=29_7964_54, type=transcoder, layer=14, feature=7964, pos=54)",1
0,45,12663,transcoder,14,55,8439,transcoder,1.9621776342391968,0.5399754047393799,-1.422202229499817,0.0,-0.7248080931527145,"Node(id=29_8439_55, type=transcoder, layer=14, feature=8439, pos=55)",1
0,50,5593,transcoder,2,50,12759,transcoder,0.880842924118042,0.0,-0.880842924118042,0.0,-1.0,"Node(id=5_12759_50, type=transcoder, layer=2, feature=12759, pos=50)",1
0,50,5593,transcoder,3,35,4566,lorsa,5.927058219909668,0.0,-5.927058219909668,0.0,-1.0,"Node(id=6_4566_35, type=lorsa, layer=3, feature=4566, pos=35)",1
0,50,5593,transcoder,3,50,6487,transcoder,1.360425591468811,0.0,-1.360425591468811,0.0,-1.0,"Node(id=7_6487_50, type=transcoder, layer=3, feature=6487, pos=50)",1
0,50,5593,transcoder,7,37,13853,lorsa,4.031331539154053,3.1686086654663086,-0.8627228736877441,0.0,-0.21400444625022844,"Node(id=14_13853_37, type=lorsa, layer=7, feature=13853, pos=37)",1
0,50,5593,transcoder,7,54,2518,transcoder,0.3623811900615692,0.2135053426027298,-0.14887584745883942,0.0,-0.4108266420603816,"Node(id=15_2518_54, type=transcoder, layer=7, feature=2518, pos=54)",1
0,50,5593,transcoder,10,54,9349,transcoder,0.3694993257522583,0.24265795946121216,-0.12684136629104614,0.0,-0.3432790196106898,"Node(id=21_9349_54, type=transcoder, layer=10, feature=9349, pos=54)",1
0,50,5593,transcoder,11,37,2664,lorsa,2.993786096572876,2.3558402061462402,-0.6379458904266357,0.0,-0.21309000371032574,"Node(id=22_2664_37, type=lorsa, layer=11, feature=2664, pos=37)",1
0,50,5593,transcoder,13,54,1408,lorsa,1.9592878818511963,1.2547352313995361,-0.7045526504516602,0.0,-0.35959628851783476,"Node(id=26_1408_54, type=lorsa, layer=13, feature=1408, pos=54)",1
0,50,5593,transcoder,13,54,1418,lorsa,2.4402384757995605,1.6727302074432373,-0.7675082683563232,0.0,-0.31452182889823666,"Node(id=26_1418_54, type=lorsa, layer=13, feature=1418, pos=54)",1
0,50,5593,transcoder,13,14,12341,transcoder,0.8768914937973022,0.554423451423645,-0.3224680423736572,0.0,-0.3677399594529506,"Node(id=27_12341_14, type=transcoder, layer=13, feature=12341, pos=14)",1
0,50,5593,transcoder,13,54,3932,transcoder,0.4565145671367645,0.3566387891769409,-0.09987577795982361,0.0,-0.21877895066139785,"Node(id=27_3932_54, type=transcoder, layer=13, feature=3932, pos=54)",1
0,50,5593,transcoder,14,51,6541,lorsa,2.6790273189544678,1.7218328714370728,-0.957194447517395,0.0,-0.3572917830083775,"Node(id=28_6541_51, type=lorsa, layer=14, feature=6541, pos=51)",1
0,50,5593,transcoder,14,54,4515,lorsa,2.634603977203369,0.9839869141578674,-1.6506170630455017,0.0,-0.6265142986680036,"Node(id=28_4515_54, type=lorsa, layer=14, feature=4515, pos=54)",1
0,50,5593,transcoder,14,55,8748,lorsa,1.8016709089279175,1.0285143852233887,-0.7731565237045288,0.0,-0.4291330452599664,"Node(id=28_8748_55, type=lorsa, layer=14, feature=8748, pos=55)",1
0,51,2952,transcoder,2,23,9551,transcoder,0.662227213382721,0.28779929876327515,-0.3744279146194458,0.0,-0.5654070190000674,"Node(id=5_9551_23, type=transcoder, layer=2, feature=9551, pos=23)",1
0,51,2952,transcoder,2,55,1943,transcoder,0.5499241352081299,0.39478564262390137,-0.15513849258422852,0.0,-0.28210889948576856,"Node(id=5_1943_55, type=transcoder, layer=2, feature=1943, pos=55)",1
0,51,2952,transcoder,2,55,14270,transcoder,0.3816030025482178,0.0,-0.3816030025482178,0.0,-1.0,"Node(id=5_14270_55, type=transcoder, layer=2, feature=14270, pos=55)",1
0,51,2952,transcoder,3,54,5003,lorsa,1.4944757223129272,0.7050514221191406,-0.7894243001937866,0.0,-0.5282282531642823,"Node(id=6_5003_54, type=lorsa, layer=3, feature=5003, pos=54)",1
0,51,2952,transcoder,3,55,8792,lorsa,2.6274337768554688,1.9936082363128662,-0.6338255405426025,0.0,-0.24123368821922103,"Node(id=6_8792_55, type=lorsa, layer=3, feature=8792, pos=55)",1
0,51,2952,transcoder,3,55,12955,lorsa,0.8693147301673889,0.0,-0.8693147301673889,0.0,-1.0,"Node(id=6_12955_55, type=lorsa, layer=3, feature=12955, pos=55)",1
0,51,2952,transcoder,3,23,13124,transcoder,1.1594399213790894,0.0,-1.1594399213790894,0.0,-1.0,"Node(id=7_13124_23, type=transcoder, layer=3, feature=13124, pos=23)",1
0,51,2952,transcoder,3,54,753,transcoder,0.8902549743652344,0.603868305683136,-0.2863866686820984,0.0,-0.32169061328334225,"Node(id=7_753_54, type=transcoder, layer=3, feature=753, pos=54)",1
0,51,2952,transcoder,3,54,2767,transcoder,0.7313656210899353,0.5303369164466858,-0.2010287046432495,0.0,-0.274867588585394,"Node(id=7_2767_54, type=transcoder, layer=3, feature=2767, pos=54)",1
0,51,2952,transcoder,3,55,7344,transcoder,0.8822721242904663,0.5214893817901611,-0.3607827425003052,0.0,-0.40892456257807186,"Node(id=7_7344_55, type=transcoder, layer=3, feature=7344, pos=55)",1
0,51,2952,transcoder,3,55,10711,transcoder,0.27328234910964966,0.0,-0.27328234910964966,0.0,-1.0,"Node(id=7_10711_55, type=transcoder, layer=3, feature=10711, pos=55)",1
0,51,2952,transcoder,4,55,11208,lorsa,2.4909422397613525,0.0,-2.4909422397613525,0.0,-1.0,"Node(id=8_11208_55, type=lorsa, layer=4, feature=11208, pos=55)",1
0,51,2952,transcoder,5,51,14178,lorsa,3.6305649280548096,2.2801568508148193,-1.3504080772399902,0.0,-0.3719553579127186,"Node(id=10_14178_51, type=lorsa, layer=5, feature=14178, pos=51)",1
0,51,2952,transcoder,5,37,11552,transcoder,1.0308445692062378,0.22713521122932434,-0.8037093579769135,0.0,-0.7796610487998,"Node(id=11_11552_37, type=transcoder, layer=5, feature=11552, pos=37)",1
0,51,2952,transcoder,5,51,12487,transcoder,4.872439384460449,0.5335811376571655,-4.338858246803284,0.0,-0.8904899382927364,"Node(id=11_12487_51, type=transcoder, layer=5, feature=12487, pos=51)",1
0,51,2952,transcoder,5,54,5938,transcoder,1.32710599899292,0.9836763143539429,-0.34342968463897705,0.0,-0.2587808998675239,"Node(id=11_5938_54, type=transcoder, layer=5, feature=5938, pos=54)",1
0,51,2952,transcoder,6,54,2579,transcoder,0.9656137228012085,0.5528270602226257,-0.41278666257858276,0.0,-0.42748632587894925,"Node(id=13_2579_54, type=transcoder, layer=6, feature=2579, pos=54)",1
0,51,2952,transcoder,6,55,4801,transcoder,1.9008395671844482,1.1508688926696777,-0.7499706745147705,0.0,-0.3945470661817284,"Node(id=13_4801_55, type=transcoder, layer=6, feature=4801, pos=55)",1
0,51,2952,transcoder,7,37,13853,lorsa,4.031331539154053,0.0,-4.031331539154053,0.0,-1.0,"Node(id=14_13853_37, type=lorsa, layer=7, feature=13853, pos=37)",1
0,51,2952,transcoder,7,54,2518,transcoder,0.3623811900615692,0.0,-0.3623811900615692,0.0,-1.0,"Node(id=15_2518_54, type=transcoder, layer=7, feature=2518, pos=54)",1
0,51,2952,transcoder,7,54,13289,transcoder,0.9898383617401123,0.6509582996368408,-0.3388800621032715,0.0,-0.3423589903179024,"Node(id=15_13289_54, type=transcoder, layer=7, feature=13289, pos=54)",1
0,51,2952,transcoder,8,23,3094,transcoder,1.1677106618881226,0.0,-1.1677106618881226,0.0,-1.0,"Node(id=17_3094_23, type=transcoder, layer=8, feature=3094, pos=23)",1
0,51,2952,transcoder,8,54,16159,transcoder,0.5418267250061035,0.42690005898475647,-0.11492666602134705,0.0,-0.2121096297345843,"Node(id=17_16159_54, type=transcoder, layer=8, feature=16159, pos=54)",1
0,51,2952,transcoder,9,14,3914,lorsa,2.4319560527801514,1.3084455728530884,-1.123510479927063,0.0,-0.4619781178375711,"Node(id=18_3914_14, type=lorsa, layer=9, feature=3914, pos=14)",1
0,51,2952,transcoder,9,14,5285,lorsa,4.247608184814453,3.3260574340820312,-0.9215507507324219,0.0,-0.2169575701513716,"Node(id=18_5285_14, type=lorsa, layer=9, feature=5285, pos=14)",1
0,51,2952,transcoder,9,14,12621,transcoder,0.46782758831977844,0.2934524118900299,-0.17437517642974854,0.0,-0.3727338463642642,"Node(id=19_12621_14, type=transcoder, layer=9, feature=12621, pos=14)",1
0,51,2952,transcoder,9,23,2724,transcoder,0.79766446352005,0.0,-0.79766446352005,0.0,-1.0,"Node(id=19_2724_23, type=transcoder, layer=9, feature=2724, pos=23)",1
0,51,2952,transcoder,10,14,14712,transcoder,0.3488500416278839,0.0,-0.3488500416278839,0.0,-1.0,"Node(id=21_14712_14, type=transcoder, layer=10, feature=14712, pos=14)",1
0,51,2952,transcoder,10,23,1958,transcoder,0.535693883895874,0.0,-0.535693883895874,0.0,-1.0,"Node(id=21_1958_23, type=transcoder, layer=10, feature=1958, pos=23)",1
0,51,2952,transcoder,10,51,16018,transcoder,6.287148475646973,4.139049530029297,-2.148098945617676,0.0,-0.3416650575277893,"Node(id=21_16018_51, type=transcoder, layer=10, feature=16018, pos=51)",1
0,51,2952,transcoder,10,54,9349,transcoder,0.3694993257522583,0.0,-0.3694993257522583,0.0,-1.0,"Node(id=21_9349_54, type=transcoder, layer=10, feature=9349, pos=54)",1
0,51,2952,transcoder,10,56,11708,transcoder,2.9663991928100586,1.6290454864501953,-1.3373537063598633,0.0,-0.4508340312394008,"Node(id=21_11708_56, type=transcoder, layer=10, feature=11708, pos=56)",1
0,51,2952,transcoder,11,37,2664,lorsa,2.993786096572876,0.0,-2.993786096572876,0.0,-1.0,"Node(id=22_2664_37, type=lorsa, layer=11, feature=2664, pos=37)",1
0,51,2952,transcoder,11,23,8583,transcoder,0.9685752391815186,0.0,-0.9685752391815186,0.0,-1.0,"Node(id=23_8583_23, type=transcoder, layer=11, feature=8583, pos=23)",1
0,51,2952,transcoder,11,23,11974,transcoder,3.719128131866455,2.9416768550872803,-0.7774512767791748,0.0,-0.2090412723664373,"Node(id=23_11974_23, type=transcoder, layer=11, feature=11974, pos=23)",1
0,51,2952,transcoder,11,37,14406,transcoder,0.3764583170413971,0.0,-0.3764583170413971,0.0,-1.0,"Node(id=23_14406_37, type=transcoder, layer=11, feature=14406, pos=37)",1
0,51,2952,transcoder,11,55,15901,transcoder,0.444108784198761,0.3454364538192749,-0.09867233037948608,0.0,-0.22218054199829845,"Node(id=23_15901_55, type=transcoder, layer=11, feature=15901, pos=55)",1
0,51,2952,transcoder,11,56,7586,transcoder,2.6750638484954834,1.362876057624817,-1.3121877908706665,0.0,-0.4905257837522909,"Node(id=23_7586_56, type=transcoder, layer=11, feature=7586, pos=56)",1
0,51,2952,transcoder,12,14,15473,transcoder,0.37259894609451294,0.0,-0.37259894609451294,0.0,-1.0,"Node(id=25_15473_14, type=transcoder, layer=12, feature=15473, pos=14)",1
0,51,2952,transcoder,12,37,7154,transcoder,0.39370015263557434,0.0,-0.39370015263557434,0.0,-1.0,"Node(id=25_7154_37, type=transcoder, layer=12, feature=7154, pos=37)",1
0,51,2952,transcoder,12,37,15028,transcoder,0.6458759903907776,0.0,-0.6458759903907776,0.0,-1.0,"Node(id=25_15028_37, type=transcoder, layer=12, feature=15028, pos=37)",1
0,51,2952,transcoder,13,37,9843,lorsa,3.7563188076019287,1.1780918836593628,-2.578226923942566,0.0,-0.6863706346556169,"Node(id=26_9843_37, type=lorsa, layer=13, feature=9843, pos=37)",1
0,51,2952,transcoder,13,54,1408,lorsa,1.9592878818511963,0.0,-1.9592878818511963,0.0,-1.0,"Node(id=26_1408_54, type=lorsa, layer=13, feature=1408, pos=54)",1
0,51,2952,transcoder,13,54,1418,lorsa,2.4402384757995605,0.0,-2.4402384757995605,0.0,-1.0,"Node(id=26_1418_54, type=lorsa, layer=13, feature=1418, pos=54)",1
0,51,2952,transcoder,13,14,12341,transcoder,0.8768914937973022,0.0,-0.8768914937973022,0.0,-1.0,"Node(id=27_12341_14, type=transcoder, layer=13, feature=12341, pos=14)",1
0,51,2952,transcoder,13,37,2468,transcoder,0.917811930179596,0.23061242699623108,-0.6871995031833649,0.0,-0.7487367298100982,"Node(id=27_2468_37, type=transcoder, layer=13, feature=2468, pos=37)",1
0,51,2952,transcoder,13,54,10153,transcoder,0.38005462288856506,0.25056713819503784,-0.12948748469352722,0.0,-0.3407075638479839,"Node(id=27_10153_54, type=transcoder, layer=13, feature=10153, pos=54)",1
0,51,2952,transcoder,13,55,9300,transcoder,0.6302089691162109,0.24988281726837158,-0.38032615184783936,0.0,-0.6034921279860538,"Node(id=27_9300_55, type=transcoder, layer=13, feature=9300, pos=55)",1
0,51,2952,transcoder,13,55,14142,transcoder,0.6139975786209106,0.2745231091976166,-0.33947446942329407,0.0,-0.5528921957408721,"Node(id=27_14142_55, type=transcoder, layer=13, feature=14142, pos=55)",1
0,51,2952,transcoder,14,54,4515,lorsa,2.634603977203369,0.0,-2.634603977203369,0.0,-1.0,"Node(id=28_4515_54, type=lorsa, layer=14, feature=4515, pos=54)",1
0,51,2952,transcoder,14,55,8748,lorsa,1.8016709089279175,0.0,-1.8016709089279175,0.0,-1.0,"Node(id=28_8748_55, type=lorsa, layer=14, feature=8748, pos=55)",1
0,51,2952,transcoder,14,55,9044,lorsa,3.8024330139160156,0.0,-3.8024330139160156,0.0,-1.0,"Node(id=28_9044_55, type=lorsa, layer=14, feature=9044, pos=55)",1
0,51,2952,transcoder,14,54,7964,transcoder,1.0550146102905273,0.47315606474876404,-0.5818585455417633,0.0,-0.5515170499691303,"Node(id=29_7964_54, type=transcoder, layer=14, feature=7964, pos=54)",1
0,51,2952,transcoder,14,54,15619,transcoder,0.5415058135986328,0.17097695171833038,-0.37052886188030243,0.0,-0.684256479940473,"Node(id=29_15619_54, type=transcoder, layer=14, feature=15619, pos=54)",1
0,51,2952,transcoder,14,55,8439,transcoder,1.9621776342391968,0.6024869680404663,-1.3596906661987305,0.0,-0.6929498341397256,"Node(id=29_8439_55, type=transcoder, layer=14, feature=8439, pos=55)",1
0,53,488,transcoder,2,54,3116,lorsa,2.008845329284668,1.0521537065505981,-0.9566916227340698,0.0,-0.4762395634883146,"Node(id=4_3116_54, type=lorsa, layer=2, feature=3116, pos=54)",1
0,53,488,transcoder,2,54,6509,transcoder,0.7901896834373474,0.6239061951637268,-0.1662834882736206,0.0,-0.21043490159259323,"Node(id=5_6509_54, type=transcoder, layer=2, feature=6509, pos=54)",1
0,53,488,transcoder,2,55,14270,transcoder,0.3816030025482178,0.29298943281173706,-0.08861356973648071,0.0,-0.23221402647450048,"Node(id=5_14270_55, type=transcoder, layer=2, feature=14270, pos=55)",1
0,53,488,transcoder,3,55,8792,lorsa,2.6274337768554688,1.7669897079467773,-0.8604440689086914,0.0,-0.32748458837979805,"Node(id=6_8792_55, type=lorsa, layer=3, feature=8792, pos=55)",1
0,53,488,transcoder,3,55,12955,lorsa,0.8693147301673889,0.0,-0.8693147301673889,0.0,-1.0,"Node(id=6_12955_55, type=lorsa, layer=3, feature=12955, pos=55)",1
0,53,488,transcoder,3,55,13353,transcoder,0.5527457594871521,0.30574846267700195,-0.24699729681015015,0.0,-0.4468551636457942,"Node(id=7_13353_55, type=transcoder, layer=3, feature=13353, pos=55)",1
0,53,488,transcoder,4,55,11208,lorsa,2.4909422397613525,1.5374644994735718,-0.9534777402877808,0.0,-0.38277794043876734,"Node(id=8_11208_55, type=lorsa, layer=4, feature=11208, pos=55)",1
0,53,488,transcoder,5,51,14178,lorsa,3.6305649280548096,0.0,-3.6305649280548096,0.0,-1.0,"Node(id=10_14178_51, type=lorsa, layer=5, feature=14178, pos=51)",1
0,53,488,transcoder,5,55,14178,lorsa,1.0965865850448608,0.0,-1.0965865850448608,0.0,-1.0,"Node(id=10_14178_55, type=lorsa, layer=5, feature=14178, pos=55)",1
0,53,488,transcoder,5,37,11552,transcoder,1.0308445692062378,0.7275881171226501,-0.30325645208358765,0.0,-0.2941825190165173,"Node(id=11_11552_37, type=transcoder, layer=5, feature=11552, pos=37)",1
0,53,488,transcoder,5,51,12487,transcoder,4.872439384460449,3.8741507530212402,-0.998288631439209,0.0,-0.2048847718091735,"Node(id=11_12487_51, type=transcoder, layer=5, feature=12487, pos=51)",1
0,53,488,transcoder,6,45,4984,transcoder,0.9259824752807617,0.6364026069641113,-0.2895798683166504,0.0,-0.3127271585014053,"Node(id=13_4984_45, type=transcoder, layer=6, feature=4984, pos=45)",1
0,53,488,transcoder,6,54,2579,transcoder,0.9656137228012085,0.7500265836715698,-0.21558713912963867,0.0,-0.22326436963243296,"Node(id=13_2579_54, type=transcoder, layer=6, feature=2579, pos=54)",1
0,53,488,transcoder,7,14,14452,transcoder,2.750537633895874,2.161924123764038,-0.5886135101318359,0.0,-0.2139994388290267,"Node(id=15_14452_14, type=transcoder, layer=7, feature=14452, pos=14)",1
0,53,488,transcoder,7,54,2518,transcoder,0.3623811900615692,0.22245514392852783,-0.13992604613304138,0.0,-0.38612944040850383,"Node(id=15_2518_54, type=transcoder, layer=7, feature=2518, pos=54)",1
0,53,488,transcoder,7,54,11984,transcoder,0.6699543595314026,0.3460346460342407,-0.32391971349716187,0.0,-0.4834951946931526,"Node(id=15_11984_54, type=transcoder, layer=7, feature=11984, pos=54)",1
0,53,488,transcoder,7,54,13289,transcoder,0.9898383617401123,0.7788389921188354,-0.21099936962127686,0.0,-0.21316548011974903,"Node(id=15_13289_54, type=transcoder, layer=7, feature=13289, pos=54)",1
0,53,488,transcoder,9,14,3914,lorsa,2.4319560527801514,1.4033560752868652,-1.0285999774932861,0.0,-0.42295171260081627,"Node(id=18_3914_14, type=lorsa, layer=9, feature=3914, pos=14)",1
0,53,488,transcoder,9,14,5285,lorsa,4.247608184814453,0.0,-4.247608184814453,0.0,-1.0,"Node(id=18_5285_14, type=lorsa, layer=9, feature=5285, pos=14)",1
0,53,488,transcoder,9,14,12621,transcoder,0.46782758831977844,0.18004345893859863,-0.2877841293811798,0.0,-0.6151499752606896,"Node(id=19_12621_14, type=transcoder, layer=9, feature=12621, pos=14)",1
0,53,488,transcoder,9,14,14495,transcoder,0.32327717542648315,0.0,-0.32327717542648315,0.0,-1.0,"Node(id=19_14495_14, type=transcoder, layer=9, feature=14495, pos=14)",1
0,53,488,transcoder,10,54,9349,transcoder,0.3694993257522583,0.0,-0.3694993257522583,0.0,-1.0,"Node(id=21_9349_54, type=transcoder, layer=10, feature=9349, pos=54)",1
0,53,488,transcoder,10,54,12026,transcoder,0.6972393989562988,0.26426640152931213,-0.4329729974269867,0.0,-0.6209818293044056,"Node(id=21_12026_54, type=transcoder, layer=10, feature=12026, pos=54)",1
0,53,488,transcoder,11,37,2664,lorsa,2.993786096572876,2.1842520236968994,-0.8095340728759766,0.0,-0.2704047806898052,"Node(id=22_2664_37, type=lorsa, layer=11, feature=2664, pos=37)",1
0,53,488,transcoder,11,37,14406,transcoder,0.3764583170413971,0.2993597388267517,-0.07709857821464539,0.0,-0.20479977390476214,"Node(id=23_14406_37, type=transcoder, layer=11, feature=14406, pos=37)",1
0,53,488,transcoder,11,55,15901,transcoder,0.444108784198761,0.35372084379196167,-0.09038794040679932,0.0,-0.20352657642174934,"Node(id=23_15901_55, type=transcoder, layer=11, feature=15901, pos=55)",1
0,53,488,transcoder,12,37,15028,transcoder,0.6458759903907776,0.440069317817688,-0.2058066725730896,0.0,-0.31864734970031844,"Node(id=25_15028_37, type=transcoder, layer=12, feature=15028, pos=37)",1
0,53,488,transcoder,13,37,9843,lorsa,3.7563188076019287,1.1023366451263428,-2.653982162475586,0.0,-0.7065380491944757,"Node(id=26_9843_37, type=lorsa, layer=13, feature=9843, pos=37)",1
0,53,488,transcoder,13,54,1408,lorsa,1.9592878818511963,0.0,-1.9592878818511963,0.0,-1.0,"Node(id=26_1408_54, type=lorsa, layer=13, feature=1408, pos=54)",1
0,53,488,transcoder,13,54,1418,lorsa,2.4402384757995605,1.585382342338562,-0.8548561334609985,0.0,-0.3503166358283484,"Node(id=26_1418_54, type=lorsa, layer=13, feature=1418, pos=54)",1
0,53,488,transcoder,13,14,12341,transcoder,0.8768914937973022,0.3016585409641266,-0.5752329528331757,0.0,-0.6559910284249417,"Node(id=27_12341_14, type=transcoder, layer=13, feature=12341, pos=14)",1
0,53,488,transcoder,13,37,2468,transcoder,0.917811930179596,0.5509687662124634,-0.36684316396713257,0.0,-0.39969317449964864,"Node(id=27_2468_37, type=transcoder, layer=13, feature=2468, pos=37)",1
0,53,488,transcoder,13,54,3932,transcoder,0.4565145671367645,0.19921591877937317,-0.25729864835739136,0.0,-0.5636154175126438,"Node(id=27_3932_54, type=transcoder, layer=13, feature=3932, pos=54)",1
0,53,488,transcoder,13,55,9300,transcoder,0.6302089691162109,0.4169935882091522,-0.21321538090705872,0.0,-0.33832489119611636,"Node(id=27_9300_55, type=transcoder, layer=13, feature=9300, pos=55)",1
0,53,488,transcoder,14,54,4515,lorsa,2.634603977203369,1.0957543849945068,-1.5388495922088623,0.0,-0.5840914253239496,"Node(id=28_4515_54, type=lorsa, layer=14, feature=4515, pos=54)",1
0,53,488,transcoder,14,55,8748,lorsa,1.8016709089279175,0.0,-1.8016709089279175,0.0,-1.0,"Node(id=28_8748_55, type=lorsa, layer=14, feature=8748, pos=55)",1
0,53,488,transcoder,14,55,9044,lorsa,3.8024330139160156,2.5704798698425293,-1.2319531440734863,0.0,-0.32399075527821947,"Node(id=28_9044_55, type=lorsa, layer=14, feature=9044, pos=55)",1
0,53,488,transcoder,14,54,7964,transcoder,1.0550146102905273,0.6511338949203491,-0.4038807153701782,0.0,-0.38282002109805713,"Node(id=29_7964_54, type=transcoder, layer=14, feature=7964, pos=54)",1
0,53,488,transcoder,14,54,15619,transcoder,0.5415058135986328,0.30275431275367737,-0.23875150084495544,0.0,-0.4409029318786214,"Node(id=29_15619_54, type=transcoder, layer=14, feature=15619, pos=54)",1
0,54,5593,transcoder,1,54,9082,transcoder,0.7630938291549683,0.39040589332580566,-0.3726879358291626,0.0,-0.4883907084425886,"Node(id=3_9082_54, type=transcoder, layer=1, feature=9082, pos=54)",1
0,54,5593,transcoder,1,54,9400,transcoder,0.9067674875259399,0.0,-0.9067674875259399,0.0,-1.0,"Node(id=3_9400_54, type=transcoder, layer=1, feature=9400, pos=54)",1
0,54,5593,transcoder,2,54,3192,lorsa,4.136215686798096,0.785855770111084,-3.3503599166870117,0.0,-0.8100060950352842,"Node(id=4_3192_54, type=lorsa, layer=2, feature=3192, pos=54)",1
0,54,5593,transcoder,2,54,715,transcoder,0.9930531978607178,0.47027215361595154,-0.5227810442447662,0.0,-0.5264381056029687,"Node(id=5_715_54, type=transcoder, layer=2, feature=715, pos=54)",1
0,54,5593,transcoder,2,54,3355,transcoder,0.8198118209838867,0.33185645937919617,-0.48795536160469055,0.0,-0.5952041055215295,"Node(id=5_3355_54, type=transcoder, layer=2, feature=3355, pos=54)",1
0,54,5593,transcoder,2,54,5553,transcoder,0.46104303002357483,0.0,-0.46104303002357483,0.0,-1.0,"Node(id=5_5553_54, type=transcoder, layer=2, feature=5553, pos=54)",1
0,54,5593,transcoder,2,54,6885,transcoder,0.6178726553916931,0.0,-0.6178726553916931,0.0,-1.0,"Node(id=5_6885_54, type=transcoder, layer=2, feature=6885, pos=54)",1
0,54,5593,transcoder,2,55,239,transcoder,0.6692918539047241,0.43449920415878296,-0.23479264974594116,0.0,-0.3508075712802037,"Node(id=5_239_55, type=transcoder, layer=2, feature=239, pos=55)",1
0,54,5593,transcoder,3,54,5828,lorsa,2.9929561614990234,0.0,-2.9929561614990234,0.0,-1.0,"Node(id=6_5828_54, type=lorsa, layer=3, feature=5828, pos=54)",1
0,54,5593,transcoder,3,55,8792,lorsa,2.6274337768554688,1.3886020183563232,-1.2388317584991455,0.0,-0.47149875647171896,"Node(id=6_8792_55, type=lorsa, layer=3, feature=8792, pos=55)",1
0,54,5593,transcoder,3,54,14478,transcoder,1.0145859718322754,0.5221092104911804,-0.49247676134109497,0.0,-0.4853967776153207,"Node(id=7_14478_54, type=transcoder, layer=3, feature=14478, pos=54)",1
0,54,5593,transcoder,3,55,10711,transcoder,0.27328234910964966,0.0,-0.27328234910964966,0.0,-1.0,"Node(id=7_10711_55, type=transcoder, layer=3, feature=10711, pos=55)",1
0,54,5593,transcoder,4,54,15551,lorsa,4.019529342651367,0.8284428119659424,-3.191086530685425,0.0,-0.7938955680270059,"Node(id=8_15551_54, type=lorsa, layer=4, feature=15551, pos=54)",1
0,54,5593,transcoder,4,55,9090,lorsa,4.7906646728515625,2.922805070877075,-1.8678596019744873,0.0,-0.3898957095785782,"Node(id=8_9090_55, type=lorsa, layer=4, feature=9090, pos=55)",1
0,54,5593,transcoder,4,54,2320,transcoder,4.304287433624268,2.1780929565429688,-2.126194477081299,0.0,-0.4939713041633501,"Node(id=9_2320_54, type=transcoder, layer=4, feature=2320, pos=54)",1
0,54,5593,transcoder,5,37,11552,transcoder,1.0308445692062378,0.0,-1.0308445692062378,0.0,-1.0,"Node(id=11_11552_37, type=transcoder, layer=5, feature=11552, pos=37)",1
0,54,5593,transcoder,5,54,5938,transcoder,1.32710599899292,0.0,-1.32710599899292,0.0,-1.0,"Node(id=11_5938_54, type=transcoder, layer=5, feature=5938, pos=54)",1
0,54,5593,transcoder,6,45,4984,transcoder,0.9259824752807617,0.10801056027412415,-0.8179719150066376,0.0,-0.8833557187555036,"Node(id=13_4984_45, type=transcoder, layer=6, feature=4984, pos=45)",1
0,54,5593,transcoder,6,54,2579,transcoder,0.9656137228012085,0.0,-0.9656137228012085,0.0,-1.0,"Node(id=13_2579_54, type=transcoder, layer=6, feature=2579, pos=54)",1
0,54,5593,transcoder,6,54,15671,transcoder,5.101500511169434,3.490807056427002,-1.6106934547424316,0.0,-0.31572935280824016,"Node(id=13_15671_54, type=transcoder, layer=6, feature=15671, pos=54)",1
0,54,5593,transcoder,7,14,14452,transcoder,2.750537633895874,1.8002889156341553,-0.9502487182617188,0.0,-0.34547744650044365,"Node(id=15_14452_14, type=transcoder, layer=7, feature=14452, pos=14)",1
0,54,5593,transcoder,7,54,2518,transcoder,0.3623811900615692,0.0,-0.3623811900615692,0.0,-1.0,"Node(id=15_2518_54, type=transcoder, layer=7, feature=2518, pos=54)",1
0,54,5593,transcoder,7,54,13289,transcoder,0.9898383617401123,0.0,-0.9898383617401123,0.0,-1.0,"Node(id=15_13289_54, type=transcoder, layer=7, feature=13289, pos=54)",1
0,54,5593,transcoder,7,54,14452,transcoder,4.643435478210449,2.860191583633423,-1.7832438945770264,0.0,-0.3840354631705311,"Node(id=15_14452_54, type=transcoder, layer=7, feature=14452, pos=54)",1
0,54,5593,transcoder,8,23,3094,transcoder,1.1677106618881226,0.8471667170524597,-0.32054394483566284,0.0,-0.2745063099084505,"Node(id=17_3094_23, type=transcoder, layer=8, feature=3094, pos=23)",1
0,54,5593,transcoder,8,54,16159,transcoder,0.5418267250061035,0.0,-0.5418267250061035,0.0,-1.0,"Node(id=17_16159_54, type=transcoder, layer=8, feature=16159, pos=54)",1
0,54,5593,transcoder,9,14,3914,lorsa,2.4319560527801514,0.0,-2.4319560527801514,0.0,-1.0,"Node(id=18_3914_14, type=lorsa, layer=9, feature=3914, pos=14)",1
0,54,5593,transcoder,9,14,5285,lorsa,4.247608184814453,0.0,-4.247608184814453,0.0,-1.0,"Node(id=18_5285_14, type=lorsa, layer=9, feature=5285, pos=14)",1
0,54,5593,transcoder,9,14,3455,transcoder,0.7396717071533203,0.41994091868400574,-0.3197307884693146,0.0,-0.43226040063073584,"Node(id=19_3455_14, type=transcoder, layer=9, feature=3455, pos=14)",1
0,54,5593,transcoder,9,14,6254,transcoder,3.75095796585083,2.923180103302002,-0.8277778625488281,0.0,-0.2206843878510548,"Node(id=19_6254_14, type=transcoder, layer=9, feature=6254, pos=14)",1
0,54,5593,transcoder,9,14,12621,transcoder,0.46782758831977844,0.0,-0.46782758831977844,0.0,-1.0,"Node(id=19_12621_14, type=transcoder, layer=9, feature=12621, pos=14)",1
0,54,5593,transcoder,10,14,14712,transcoder,0.3488500416278839,0.0,-0.3488500416278839,0.0,-1.0,"Node(id=21_14712_14, type=transcoder, layer=10, feature=14712, pos=14)",1
0,54,5593,transcoder,10,23,1958,transcoder,0.535693883895874,0.3951667249202728,-0.1405271589756012,0.0,-0.26232735373718824,"Node(id=21_1958_23, type=transcoder, layer=10, feature=1958, pos=23)",1
0,54,5593,transcoder,10,54,9349,transcoder,0.3694993257522583,0.0,-0.3694993257522583,0.0,-1.0,"Node(id=21_9349_54, type=transcoder, layer=10, feature=9349, pos=54)",1
0,54,5593,transcoder,10,54,12026,transcoder,0.6972393989562988,0.0,-0.6972393989562988,0.0,-1.0,"Node(id=21_12026_54, type=transcoder, layer=10, feature=12026, pos=54)",1
0,54,5593,transcoder,11,55,15901,transcoder,0.444108784198761,0.2089768499135971,-0.23513193428516388,0.0,-0.5294467091196524,"Node(id=23_15901_55, type=transcoder, layer=11, feature=15901, pos=55)",1
0,54,5593,transcoder,12,14,15473,transcoder,0.37259894609451294,0.0,-0.37259894609451294,0.0,-1.0,"Node(id=25_15473_14, type=transcoder, layer=12, feature=15473, pos=14)",1
0,54,5593,transcoder,12,37,7154,transcoder,0.39370015263557434,0.0,-0.39370015263557434,0.0,-1.0,"Node(id=25_7154_37, type=transcoder, layer=12, feature=7154, pos=37)",1
0,54,5593,transcoder,12,37,15028,transcoder,0.6458759903907776,0.4132969081401825,-0.2325790822505951,0.0,-0.3600986655501416,"Node(id=25_15028_37, type=transcoder, layer=12, feature=15028, pos=37)",1
0,54,5593,transcoder,12,54,9524,transcoder,0.9488894939422607,0.0,-0.9488894939422607,0.0,-1.0,"Node(id=25_9524_54, type=transcoder, layer=12, feature=9524, pos=54)",1
0,54,5593,transcoder,13,37,9843,lorsa,3.7563188076019287,1.175763726234436,-2.5805550813674927,0.0,-0.6869904322671017,"Node(id=26_9843_37, type=lorsa, layer=13, feature=9843, pos=37)",1
0,54,5593,transcoder,13,54,1408,lorsa,1.9592878818511963,0.0,-1.9592878818511963,0.0,-1.0,"Node(id=26_1408_54, type=lorsa, layer=13, feature=1408, pos=54)",1
0,54,5593,transcoder,13,54,1418,lorsa,2.4402384757995605,1.0865129232406616,-1.353725552558899,0.0,-0.5547513351601185,"Node(id=26_1418_54, type=lorsa, layer=13, feature=1418, pos=54)",1
0,54,5593,transcoder,13,14,12341,transcoder,0.8768914937973022,0.0,-0.8768914937973022,0.0,-1.0,"Node(id=27_12341_14, type=transcoder, layer=13, feature=12341, pos=14)",1
0,54,5593,transcoder,13,37,2468,transcoder,0.917811930179596,0.0,-0.917811930179596,0.0,-1.0,"Node(id=27_2468_37, type=transcoder, layer=13, feature=2468, pos=37)",1
0,54,5593,transcoder,13,37,12356,transcoder,3.265740394592285,2.6081597805023193,-0.6575806140899658,0.0,-0.20135728338322562,"Node(id=27_12356_37, type=transcoder, layer=13, feature=12356, pos=37)",1
0,54,5593,transcoder,13,54,3932,transcoder,0.4565145671367645,0.0,-0.4565145671367645,0.0,-1.0,"Node(id=27_3932_54, type=transcoder, layer=13, feature=3932, pos=54)",1
0,54,5593,transcoder,13,54,7656,transcoder,0.6284548044204712,0.0,-0.6284548044204712,0.0,-1.0,"Node(id=27_7656_54, type=transcoder, layer=13, feature=7656, pos=54)",1
0,54,5593,transcoder,13,55,9300,transcoder,0.6302089691162109,0.0,-0.6302089691162109,0.0,-1.0,"Node(id=27_9300_55, type=transcoder, layer=13, feature=9300, pos=55)",1
0,54,5593,transcoder,13,55,14142,transcoder,0.6139975786209106,0.0,-0.6139975786209106,0.0,-1.0,"Node(id=27_14142_55, type=transcoder, layer=13, feature=14142, pos=55)",1
0,54,5593,transcoder,14,51,6541,lorsa,2.6790273189544678,0.485451877117157,-2.193575441837311,0.0,-0.8187954733859855,"Node(id=28_6541_51, type=lorsa, layer=14, feature=6541, pos=51)",1
0,54,5593,transcoder,14,54,4515,lorsa,2.634603977203369,0.0,-2.634603977203369,0.0,-1.0,"Node(id=28_4515_54, type=lorsa, layer=14, feature=4515, pos=54)",1
0,54,5593,transcoder,14,55,8748,lorsa,1.8016709089279175,0.7162632346153259,-1.0854076743125916,0.0,-0.6024450241906066,"Node(id=28_8748_55, type=lorsa, layer=14, feature=8748, pos=55)",1
0,54,5593,transcoder,14,55,9044,lorsa,3.8024330139160156,2.2798585891723633,-1.5225744247436523,0.0,-0.40042110384887414,"Node(id=28_9044_55, type=lorsa, layer=14, feature=9044, pos=55)",1
0,54,5593,transcoder,14,54,7964,transcoder,1.0550146102905273,0.24843473732471466,-0.8065798729658127,0.0,-0.764520097729925,"Node(id=29_7964_54, type=transcoder, layer=14, feature=7964, pos=54)",1
0,54,5593,transcoder,14,54,15619,transcoder,0.5415058135986328,0.0,-0.5415058135986328,0.0,-1.0,"Node(id=29_15619_54, type=transcoder, layer=14, feature=15619, pos=54)",1
0,54,5593,transcoder,14,55,8439,transcoder,1.9621776342391968,1.1021631956100464,-0.8600144386291504,0.0,-0.4382959134903234,"Node(id=29_8439_55, type=transcoder, layer=14, feature=8439, pos=55)",1
0,54,15890,transcoder,1,54,9400,transcoder,0.9067674875259399,0.7181117534637451,-0.18865573406219482,0.0,-0.20805304188500467,"Node(id=3_9400_54, type=transcoder, layer=1, feature=9400, pos=54)",1
0,54,15890,transcoder,3,55,12955,lorsa,0.8693147301673889,0.0,-0.8693147301673889,0.0,-1.0,"Node(id=6_12955_55, type=lorsa, layer=3, feature=12955, pos=55)",1
0,55,7917,transcoder,3,55,12955,lorsa,0.8693147301673889,0.0,-0.8693147301673889,0.0,-1.0,"Node(id=6_12955_55, type=lorsa, layer=3, feature=12955, pos=55)",1
0,55,11076,transcoder,1,55,11942,lorsa,0.677097737789154,0.0,-0.677097737789154,0.0,-1.0,"Node(id=2_11942_55, type=lorsa, layer=1, feature=11942, pos=55)",1
0,55,11076,transcoder,1,55,11995,lorsa,0.9528807401657104,0.3907844126224518,-0.5620963275432587,0.0,-0.5898915822829072,"Node(id=2_11995_55, type=lorsa, layer=1, feature=11995, pos=55)",1
0,55,11076,transcoder,1,55,16329,lorsa,1.2881624698638916,0.0,-1.2881624698638916,0.0,-1.0,"Node(id=2_16329_55, type=lorsa, layer=1, feature=16329, pos=55)",1
0,55,11076,transcoder,1,55,4857,transcoder,0.4845144748687744,0.0,-0.4845144748687744,0.0,-1.0,"Node(id=3_4857_55, type=transcoder, layer=1, feature=4857, pos=55)",1
0,55,11076,transcoder,1,55,8511,transcoder,0.6230177879333496,0.0,-0.6230177879333496,0.0,-1.0,"Node(id=3_8511_55, type=transcoder, layer=1, feature=8511, pos=55)",1
0,55,11076,transcoder,1,63,15260,transcoder,1.2971651554107666,1.00478994846344,-0.29237520694732666,0.0,-0.22539551400048338,"Node(id=3_15260_63, type=transcoder, layer=1, feature=15260, pos=63)",1
0,55,11076,transcoder,2,55,15040,lorsa,1.2088054418563843,0.6904662251472473,-0.518339216709137,0.0,-0.42880284846593186,"Node(id=4_15040_55, type=lorsa, layer=2, feature=15040, pos=55)",1
0,55,11076,transcoder,2,55,4532,transcoder,0.5893785953521729,0.0,-0.5893785953521729,0.0,-1.0,"Node(id=5_4532_55, type=transcoder, layer=2, feature=4532, pos=55)",1
0,55,11076,transcoder,2,55,12041,transcoder,0.4566259980201721,0.0,-0.4566259980201721,0.0,-1.0,"Node(id=5_12041_55, type=transcoder, layer=2, feature=12041, pos=55)",1
0,55,11076,transcoder,2,55,14270,transcoder,0.3816030025482178,0.0,-0.3816030025482178,0.0,-1.0,"Node(id=5_14270_55, type=transcoder, layer=2, feature=14270, pos=55)",1
0,55,11076,transcoder,3,55,8792,lorsa,2.6274337768554688,1.6419129371643066,-0.9855208396911621,0.0,-0.37508874566979206,"Node(id=6_8792_55, type=lorsa, layer=3, feature=8792, pos=55)",1
0,55,11076,transcoder,3,55,12955,lorsa,0.8693147301673889,0.0,-0.8693147301673889,0.0,-1.0,"Node(id=6_12955_55, type=lorsa, layer=3, feature=12955, pos=55)",1
0,55,11076,transcoder,3,55,15371,transcoder,0.6983613967895508,0.0,-0.6983613967895508,0.0,-1.0,"Node(id=7_15371_55, type=transcoder, layer=3, feature=15371, pos=55)",1
0,55,11076,transcoder,4,55,11208,lorsa,2.4909422397613525,0.0,-2.4909422397613525,0.0,-1.0,"Node(id=8_11208_55, type=lorsa, layer=4, feature=11208, pos=55)",1
0,55,11076,transcoder,5,55,14178,lorsa,1.0965865850448608,0.0,-1.0965865850448608,0.0,-1.0,"Node(id=10_14178_55, type=lorsa, layer=5, feature=14178, pos=55)",1
0,55,11076,transcoder,6,45,4984,transcoder,0.9259824752807617,0.734963595867157,-0.19101887941360474,0.0,-0.20628779108987674,"Node(id=13_4984_45, type=transcoder, layer=6, feature=4984, pos=45)",1
0,55,11076,transcoder,6,54,2579,transcoder,0.9656137228012085,0.6769835352897644,-0.2886301875114441,0.0,-0.29890853940449286,"Node(id=13_2579_54, type=transcoder, layer=6, feature=2579, pos=54)",1
0,55,11076,transcoder,6,55,4801,transcoder,1.9008395671844482,0.0,-1.9008395671844482,0.0,-1.0,"Node(id=13_4801_55, type=transcoder, layer=6, feature=4801, pos=55)",1
0,55,11076,transcoder,7,54,2518,transcoder,0.3623811900615692,0.22682002186775208,-0.13556116819381714,0.0,-0.37408445005323,"Node(id=15_2518_54, type=transcoder, layer=7, feature=2518, pos=54)",1
0,55,11076,transcoder,7,54,13289,transcoder,0.9898383617401123,0.688774824142456,-0.30106353759765625,0.0,-0.30415424299013194,"Node(id=15_13289_54, type=transcoder, layer=7, feature=13289, pos=54)",1
0,55,11076,transcoder,8,23,986,transcoder,0.8977439403533936,0.5303459763526917,-0.3673979640007019,0.0,-0.40924583000368353,"Node(id=17_986_23, type=transcoder, layer=8, feature=986, pos=23)",1
0,55,11076,transcoder,8,54,16159,transcoder,0.5418267250061035,0.3818247616291046,-0.1600019633769989,0.0,-0.2953009809089733,"Node(id=17_16159_54, type=transcoder, layer=8, feature=16159, pos=54)",1
0,55,11076,transcoder,9,14,3914,lorsa,2.4319560527801514,1.0259160995483398,-1.4060399532318115,0.0,-0.5781518755754085,"Node(id=18_3914_14, type=lorsa, layer=9, feature=3914, pos=14)",1
0,55,11076,transcoder,9,14,5285,lorsa,4.247608184814453,2.050902843475342,-2.1967053413391113,0.0,-0.5171628939770181,"Node(id=18_5285_14, type=lorsa, layer=9, feature=5285, pos=14)",1
0,55,11076,transcoder,9,14,6254,transcoder,3.75095796585083,2.8977627754211426,-0.8531951904296875,0.0,-0.2274606109152058,"Node(id=19_6254_14, type=transcoder, layer=9, feature=6254, pos=14)",1
0,55,11076,transcoder,9,14,12621,transcoder,0.46782758831977844,0.0,-0.46782758831977844,0.0,-1.0,"Node(id=19_12621_14, type=transcoder, layer=9, feature=12621, pos=14)",1
0,55,11076,transcoder,10,14,14712,transcoder,0.3488500416278839,0.12066575139760971,-0.2281842902302742,0.0,-0.6541042367817084,"Node(id=21_14712_14, type=transcoder, layer=10, feature=14712, pos=14)",1
0,55,11076,transcoder,10,23,1958,transcoder,0.535693883895874,0.4218275547027588,-0.11386632919311523,0.0,-0.21255857611256226,"Node(id=21_1958_23, type=transcoder, layer=10, feature=1958, pos=23)",1
0,55,11076,transcoder,10,54,9349,transcoder,0.3694993257522583,0.0,-0.3694993257522583,0.0,-1.0,"Node(id=21_9349_54, type=transcoder, layer=10, feature=9349, pos=54)",1
0,55,11076,transcoder,10,54,12026,transcoder,0.6972393989562988,0.541019856929779,-0.15621954202651978,0.0,-0.22405438112126996,"Node(id=21_12026_54, type=transcoder, layer=10, feature=12026, pos=54)",1
0,55,11076,transcoder,11,23,8583,transcoder,0.9685752391815186,0.7673858404159546,-0.20118939876556396,0.0,-0.2077168511303018,"Node(id=23_8583_23, type=transcoder, layer=11, feature=8583, pos=23)",1
0,55,11076,transcoder,11,55,15901,transcoder,0.444108784198761,0.0,-0.444108784198761,0.0,-1.0,"Node(id=23_15901_55, type=transcoder, layer=11, feature=15901, pos=55)",1
0,55,11076,transcoder,12,14,15473,transcoder,0.37259894609451294,0.0,-0.37259894609451294,0.0,-1.0,"Node(id=25_15473_14, type=transcoder, layer=12, feature=15473, pos=14)",1
0,55,11076,transcoder,12,54,9524,transcoder,0.9488894939422607,0.58709716796875,-0.36179232597351074,0.0,-0.3812797257037873,"Node(id=25_9524_54, type=transcoder, layer=12, feature=9524, pos=54)",1
0,55,11076,transcoder,13,54,1408,lorsa,1.9592878818511963,0.9058379530906677,-1.0534499287605286,0.0,-0.5376698026454367,"Node(id=26_1408_54, type=lorsa, layer=13, feature=1408, pos=54)",1
0,55,11076,transcoder,13,54,1418,lorsa,2.4402384757995605,1.1868687868118286,-1.253369688987732,0.0,-0.5136259023114768,"Node(id=26_1418_54, type=lorsa, layer=13, feature=1418, pos=54)",1
0,55,11076,transcoder,13,14,12341,transcoder,0.8768914937973022,0.3626357913017273,-0.514255702495575,0.0,-0.5864530630450473,"Node(id=27_12341_14, type=transcoder, layer=13, feature=12341, pos=14)",1
0,55,11076,transcoder,13,55,9300,transcoder,0.6302089691162109,0.0,-0.6302089691162109,0.0,-1.0,"Node(id=27_9300_55, type=transcoder, layer=13, feature=9300, pos=55)",1
0,55,11076,transcoder,14,55,8748,lorsa,1.8016709089279175,0.0,-1.8016709089279175,0.0,-1.0,"Node(id=28_8748_55, type=lorsa, layer=14, feature=8748, pos=55)",1
0,55,11076,transcoder,14,55,9044,lorsa,3.8024330139160156,1.457480549812317,-2.3449524641036987,0.0,-0.6166979025065585,"Node(id=28_9044_55, type=lorsa, layer=14, feature=9044, pos=55)",1
0,55,15355,transcoder,1,55,4200,lorsa,1.2039995193481445,0.8875904083251953,-0.3164091110229492,0.0,-0.26279836988162236,"Node(id=2_4200_55, type=lorsa, layer=1, feature=4200, pos=55)",1
0,55,15355,transcoder,1,55,10736,transcoder,0.5947915315628052,0.4412148594856262,-0.15357667207717896,0.0,-0.2582025195847337,"Node(id=3_10736_55, type=transcoder, layer=1, feature=10736, pos=55)",1
0,56,6291,transcoder,1,56,2693,transcoder,3.9147512912750244,2.872166156768799,-1.0425851345062256,0.0,-0.26632218931248075,"Node(id=3_2693_56, type=transcoder, layer=1, feature=2693, pos=56)",1
0,56,6291,transcoder,1,56,6039,transcoder,1.0534913539886475,0.8412964940071106,-0.21219485998153687,0.0,-0.20142059939850585,"Node(id=3_6039_56, type=transcoder, layer=1, feature=6039, pos=56)",1
0,56,6291,transcoder,1,56,14708,transcoder,0.787199854850769,0.3785107433795929,-0.40868911147117615,0.0,-0.5191681743242345,"Node(id=3_14708_56, type=transcoder, layer=1, feature=14708, pos=56)",1
0,56,6291,transcoder,2,56,2616,transcoder,3.1142807006835938,2.30802321434021,-0.8062574863433838,0.0,-0.258890435331153,"Node(id=5_2616_56, type=transcoder, layer=2, feature=2616, pos=56)",1
0,56,6291,transcoder,2,56,13333,transcoder,1.885103464126587,1.19856858253479,-0.6865348815917969,0.0,-0.3641894965748656,"Node(id=5_13333_56, type=transcoder, layer=2, feature=13333, pos=56)",1
0,56,6291,transcoder,3,56,1565,lorsa,8.72026538848877,5.279772758483887,-3.440492630004883,0.0,-0.3945398995019719,"Node(id=6_1565_56, type=lorsa, layer=3, feature=1565, pos=56)",1
0,56,6291,transcoder,11,56,7586,transcoder,2.6750638484954834,2.0067074298858643,-0.6683564186096191,0.0,-0.24984690327504444,"Node(id=23_7586_56, type=transcoder, layer=11, feature=7586, pos=56)",1
0,56,6291,transcoder,14,54,15619,transcoder,0.5415058135986328,0.20851923525333405,-0.33298657834529877,0.0,-0.614927060768567,"Node(id=29_15619_54, type=transcoder, layer=14, feature=15619, pos=54)",1
0,56,10880,transcoder,1,56,2693,transcoder,3.9147512912750244,2.6290478706359863,-1.285703420639038,0.0,-0.32842531363474886,"Node(id=3_2693_56, type=transcoder, layer=1, feature=2693, pos=56)",1
0,56,10880,transcoder,1,56,4856,transcoder,2.6325509548187256,1.9808746576309204,-0.6516762971878052,0.0,-0.24754555880293638,"Node(id=3_4856_56, type=transcoder, layer=1, feature=4856, pos=56)",1
0,56,10880,transcoder,1,56,6736,transcoder,2.032651424407959,1.164770483970642,-0.8678809404373169,0.0,-0.4269698827924225,"Node(id=3_6736_56, type=transcoder, layer=1, feature=6736, pos=56)",1
0,56,10880,transcoder,2,56,2616,transcoder,3.1142807006835938,1.8476014137268066,-1.266679286956787,0.0,-0.4067325359203322,"Node(id=5_2616_56, type=transcoder, layer=2, feature=2616, pos=56)",1
0,56,10880,transcoder,2,56,13333,transcoder,1.885103464126587,1.1069926023483276,-0.7781108617782593,0.0,-0.4127682520273636,"Node(id=5_13333_56, type=transcoder, layer=2, feature=13333, pos=56)",1
0,56,10880,transcoder,3,56,1565,lorsa,8.72026538848877,6.247267246246338,-2.4729981422424316,0.0,-0.28359207341406434,"Node(id=6_1565_56, type=lorsa, layer=3, feature=1565, pos=56)",1
0,56,10880,transcoder,3,56,2403,transcoder,1.9280507564544678,1.3827886581420898,-0.5452620983123779,0.0,-0.2828048465461934,"Node(id=7_2403_56, type=transcoder, layer=3, feature=2403, pos=56)",1
0,56,10880,transcoder,3,56,2509,transcoder,1.4861505031585693,1.0815236568450928,-0.40462684631347656,0.0,-0.27226505354168945,"Node(id=7_2509_56, type=transcoder, layer=3, feature=2509, pos=56)",1
0,56,10880,transcoder,3,56,5881,transcoder,4.1003336906433105,2.899596929550171,-1.2007367610931396,0.0,-0.2928387911045243,"Node(id=7_5881_56, type=transcoder, layer=3, feature=5881, pos=56)",1
0,56,10880,transcoder,10,56,11708,transcoder,2.9663991928100586,1.7661094665527344,-1.2002897262573242,0.0,-0.4046285237558652,"Node(id=21_11708_56, type=transcoder, layer=10, feature=11708, pos=56)",1
0,56,10880,transcoder,11,56,7586,transcoder,2.6750638484954834,1.5866485834121704,-1.088415265083313,0.0,-0.4068744997228617,"Node(id=23_7586_56, type=transcoder, layer=11, feature=7586, pos=56)",1
0,57,10880,transcoder,1,57,2693,transcoder,2.165726900100708,1.313228726387024,-0.8524981737136841,0.0,-0.39363142863213374,"Node(id=3_2693_57, type=transcoder, layer=1, feature=2693, pos=57)",1
0,57,10880,transcoder,1,57,4856,transcoder,1.772837519645691,1.2759708166122437,-0.49686670303344727,0.0,-0.28026635127439553,"Node(id=3_4856_57, type=transcoder, layer=1, feature=4856, pos=57)",1
0,63,4905,transcoder,1,54,26,lorsa,2.1685426235198975,0.0,-2.1685426235198975,0.0,-1.0,"Node(id=2_26_54, type=lorsa, layer=1, feature=26, pos=54)",1
0,63,4905,transcoder,1,55,11942,lorsa,0.677097737789154,0.0,-0.677097737789154,0.0,-1.0,"Node(id=2_11942_55, type=lorsa, layer=1, feature=11942, pos=55)",1
0,63,4905,transcoder,1,55,11995,lorsa,0.9528807401657104,0.0,-0.9528807401657104,0.0,-1.0,"Node(id=2_11995_55, type=lorsa, layer=1, feature=11995, pos=55)",1
0,63,4905,transcoder,1,55,16329,lorsa,1.2881624698638916,0.9231693744659424,-0.3649930953979492,0.0,-0.28334399110114944,"Node(id=2_16329_55, type=lorsa, layer=1, feature=16329, pos=55)",1
0,63,4905,transcoder,1,55,4857,transcoder,0.4845144748687744,0.35727620124816895,-0.12723827362060547,0.0,-0.2626098501083308,"Node(id=3_4857_55, type=transcoder, layer=1, feature=4857, pos=55)",1
0,63,4905,transcoder,1,63,15260,transcoder,1.2971651554107666,0.0,-1.2971651554107666,0.0,-1.0,"Node(id=3_15260_63, type=transcoder, layer=1, feature=15260, pos=63)",1
0,63,4905,transcoder,2,55,8117,lorsa,2.1266112327575684,0.0,-2.1266112327575684,0.0,-1.0,"Node(id=4_8117_55, type=lorsa, layer=2, feature=8117, pos=55)",1
0,63,4905,transcoder,2,54,5553,transcoder,0.46104303002357483,0.0,-0.46104303002357483,0.0,-1.0,"Node(id=5_5553_54, type=transcoder, layer=2, feature=5553, pos=54)",1
0,63,4905,transcoder,2,55,4532,transcoder,0.5893785953521729,0.0,-0.5893785953521729,0.0,-1.0,"Node(id=5_4532_55, type=transcoder, layer=2, feature=4532, pos=55)",1
0,63,4905,transcoder,2,55,9921,transcoder,0.6110722422599792,0.4644612669944763,-0.14661097526550293,0.0,-0.23992412864848742,"Node(id=5_9921_55, type=transcoder, layer=2, feature=9921, pos=55)",1
0,63,4905,transcoder,2,55,14270,transcoder,0.3816030025482178,0.2872821092605591,-0.09432089328765869,0.0,-0.24717020740878656,"Node(id=5_14270_55, type=transcoder, layer=2, feature=14270, pos=55)",1
0,63,4905,transcoder,2,63,14106,transcoder,1.4190014600753784,0.0,-1.4190014600753784,0.0,-1.0,"Node(id=5_14106_63, type=transcoder, layer=2, feature=14106, pos=63)",1
0,63,4905,transcoder,3,54,5003,lorsa,1.4944757223129272,0.0,-1.4944757223129272,0.0,-1.0,"Node(id=6_5003_54, type=lorsa, layer=3, feature=5003, pos=54)",1
0,63,4905,transcoder,3,54,12569,lorsa,1.9396735429763794,0.0,-1.9396735429763794,0.0,-1.0,"Node(id=6_12569_54, type=lorsa, layer=3, feature=12569, pos=54)",1
0,63,4905,transcoder,3,55,12955,lorsa,0.8693147301673889,0.0,-0.8693147301673889,0.0,-1.0,"Node(id=6_12955_55, type=lorsa, layer=3, feature=12955, pos=55)",1
0,63,4905,transcoder,3,54,753,transcoder,0.8902549743652344,0.0,-0.8902549743652344,0.0,-1.0,"Node(id=7_753_54, type=transcoder, layer=3, feature=753, pos=54)",1
0,63,4905,transcoder,3,54,2767,transcoder,0.7313656210899353,0.0,-0.7313656210899353,0.0,-1.0,"Node(id=7_2767_54, type=transcoder, layer=3, feature=2767, pos=54)",1
0,63,4905,transcoder,3,54,14478,transcoder,1.0145859718322754,0.7345182299613953,-0.2800677418708801,0.0,-0.27604140964525287,"Node(id=7_14478_54, type=transcoder, layer=3, feature=14478, pos=54)",1
0,63,4905,transcoder,3,55,15371,transcoder,0.6983613967895508,0.2937852740287781,-0.4045761227607727,0.0,-0.5793220023624681,"Node(id=7_15371_55, type=transcoder, layer=3, feature=15371, pos=55)",1
0,63,4905,transcoder,3,63,10866,transcoder,1.8151174783706665,0.0,-1.8151174783706665,0.0,-1.0,"Node(id=7_10866_63, type=transcoder, layer=3, feature=10866, pos=63)",1
0,63,4905,transcoder,4,54,15551,lorsa,4.019529342651367,2.944862127304077,-1.07466721534729,0.0,-0.26736145546792217,"Node(id=8_15551_54, type=lorsa, layer=4, feature=15551, pos=54)",1
0,63,4905,transcoder,4,55,11208,lorsa,2.4909422397613525,1.5642963647842407,-0.9266458749771118,0.0,-0.37200616705824946,"Node(id=8_11208_55, type=lorsa, layer=4, feature=11208, pos=55)",1
0,63,4905,transcoder,5,37,11552,transcoder,1.0308445692062378,0.7502625584602356,-0.2805820107460022,0.0,-0.2721865343502305,"Node(id=11_11552_37, type=transcoder, layer=5, feature=11552, pos=37)",1
0,63,4905,transcoder,5,54,5938,transcoder,1.32710599899292,1.0252355337142944,-0.3018704652786255,0.0,-0.2274652254663163,"Node(id=11_5938_54, type=transcoder, layer=5, feature=5938, pos=54)",1
0,63,4905,transcoder,6,45,4984,transcoder,0.9259824752807617,0.6308295130729675,-0.2951529622077942,0.0,-0.31874573232965625,"Node(id=13_4984_45, type=transcoder, layer=6, feature=4984, pos=45)",1
0,63,4905,transcoder,6,54,2579,transcoder,0.9656137228012085,0.0,-0.9656137228012085,0.0,-1.0,"Node(id=13_2579_54, type=transcoder, layer=6, feature=2579, pos=54)",1
0,63,4905,transcoder,6,55,4801,transcoder,1.9008395671844482,1.0116006135940552,-0.8892389535903931,0.0,-0.46781378551980957,"Node(id=13_4801_55, type=transcoder, layer=6, feature=4801, pos=55)",1
0,63,4905,transcoder,7,14,14452,transcoder,2.750537633895874,2.0615575313568115,-0.6889801025390625,0.0,-0.25048924764690017,"Node(id=15_14452_14, type=transcoder, layer=7, feature=14452, pos=14)",1
0,63,4905,transcoder,7,54,2518,transcoder,0.3623811900615692,0.0,-0.3623811900615692,0.0,-1.0,"Node(id=15_2518_54, type=transcoder, layer=7, feature=2518, pos=54)",1
0,63,4905,transcoder,7,54,11984,transcoder,0.6699543595314026,0.48940080404281616,-0.18055355548858643,0.0,-0.2695012770942696,"Node(id=15_11984_54, type=transcoder, layer=7, feature=11984, pos=54)",1
0,63,4905,transcoder,7,54,13289,transcoder,0.9898383617401123,0.2861398458480835,-0.7036985158920288,0.0,-0.7109226547402584,"Node(id=15_13289_54, type=transcoder, layer=7, feature=13289, pos=54)",1
0,63,4905,transcoder,8,23,986,transcoder,0.8977439403533936,0.6246368288993835,-0.27310711145401,0.0,-0.30421493165022356,"Node(id=17_986_23, type=transcoder, layer=8, feature=986, pos=23)",1
0,63,4905,transcoder,8,54,16159,transcoder,0.5418267250061035,0.35155895352363586,-0.19026777148246765,0.0,-0.3511598130939819,"Node(id=17_16159_54, type=transcoder, layer=8, feature=16159, pos=54)",1
0,63,4905,transcoder,9,14,3914,lorsa,2.4319560527801514,0.0,-2.4319560527801514,0.0,-1.0,"Node(id=18_3914_14, type=lorsa, layer=9, feature=3914, pos=14)",1
0,63,4905,transcoder,9,14,5285,lorsa,4.247608184814453,0.0,-4.247608184814453,0.0,-1.0,"Node(id=18_5285_14, type=lorsa, layer=9, feature=5285, pos=14)",1
0,63,4905,transcoder,9,14,6254,transcoder,3.75095796585083,2.4150309562683105,-1.3359270095825195,0.0,-0.3561562197563819,"Node(id=19_6254_14, type=transcoder, layer=9, feature=6254, pos=14)",1
0,63,4905,transcoder,9,14,12621,transcoder,0.46782758831977844,0.16894002258777618,-0.29888756573200226,0.0,-0.6388840102514453,"Node(id=19_12621_14, type=transcoder, layer=9, feature=12621, pos=14)",1
0,63,4905,transcoder,10,14,9278,transcoder,7.185402870178223,5.61549711227417,-1.5699057579040527,0.0,-0.21848541915717437,"Node(id=21_9278_14, type=transcoder, layer=10, feature=9278, pos=14)",1
0,63,4905,transcoder,10,14,14712,transcoder,0.3488500416278839,0.0,-0.3488500416278839,0.0,-1.0,"Node(id=21_14712_14, type=transcoder, layer=10, feature=14712, pos=14)",1
0,63,4905,transcoder,10,54,9349,transcoder,0.3694993257522583,0.0,-0.3694993257522583,0.0,-1.0,"Node(id=21_9349_54, type=transcoder, layer=10, feature=9349, pos=54)",1
0,63,4905,transcoder,10,54,12026,transcoder,0.6972393989562988,0.0,-0.6972393989562988,0.0,-1.0,"Node(id=21_12026_54, type=transcoder, layer=10, feature=12026, pos=54)",1
0,63,4905,transcoder,11,37,2664,lorsa,2.993786096572876,1.8234230279922485,-1.1703630685806274,0.0,-0.3909307581862297,"Node(id=22_2664_37, type=lorsa, layer=11, feature=2664, pos=37)",1
0,63,4905,transcoder,11,54,11603,transcoder,0.590173602104187,0.0,-0.590173602104187,0.0,-1.0,"Node(id=23_11603_54, type=transcoder, layer=11, feature=11603, pos=54)",1
0,63,4905,transcoder,11,55,15901,transcoder,0.444108784198761,0.30688226222991943,-0.13722652196884155,0.0,-0.3089930369569673,"Node(id=23_15901_55, type=transcoder, layer=11, feature=15901, pos=55)",1
0,63,4905,transcoder,12,14,15473,transcoder,0.37259894609451294,0.0,-0.37259894609451294,0.0,-1.0,"Node(id=25_15473_14, type=transcoder, layer=12, feature=15473, pos=14)",1
0,63,4905,transcoder,12,37,7154,transcoder,0.39370015263557434,0.0,-0.39370015263557434,0.0,-1.0,"Node(id=25_7154_37, type=transcoder, layer=12, feature=7154, pos=37)",1
0,63,4905,transcoder,12,54,9524,transcoder,0.9488894939422607,0.0,-0.9488894939422607,0.0,-1.0,"Node(id=25_9524_54, type=transcoder, layer=12, feature=9524, pos=54)",1
0,63,4905,transcoder,13,37,9843,lorsa,3.7563188076019287,0.0,-3.7563188076019287,0.0,-1.0,"Node(id=26_9843_37, type=lorsa, layer=13, feature=9843, pos=37)",1
0,63,4905,transcoder,13,54,1408,lorsa,1.9592878818511963,0.0,-1.9592878818511963,0.0,-1.0,"Node(id=26_1408_54, type=lorsa, layer=13, feature=1408, pos=54)",1
0,63,4905,transcoder,13,54,1418,lorsa,2.4402384757995605,0.0,-2.4402384757995605,0.0,-1.0,"Node(id=26_1418_54, type=lorsa, layer=13, feature=1418, pos=54)",1
0,63,4905,transcoder,13,14,12341,transcoder,0.8768914937973022,0.0,-0.8768914937973022,0.0,-1.0,"Node(id=27_12341_14, type=transcoder, layer=13, feature=12341, pos=14)",1
0,63,4905,transcoder,13,37,2468,transcoder,0.917811930179596,0.0,-0.917811930179596,0.0,-1.0,"Node(id=27_2468_37, type=transcoder, layer=13, feature=2468, pos=37)",1
0,63,4905,transcoder,13,37,12356,transcoder,3.265740394592285,2.4665136337280273,-0.7992267608642578,0.0,-0.2447306473557088,"Node(id=27_12356_37, type=transcoder, layer=13, feature=12356, pos=37)",1
0,63,4905,transcoder,13,54,3932,transcoder,0.4565145671367645,0.0,-0.4565145671367645,0.0,-1.0,"Node(id=27_3932_54, type=transcoder, layer=13, feature=3932, pos=54)",1
0,63,4905,transcoder,13,54,7656,transcoder,0.6284548044204712,0.0,-0.6284548044204712,0.0,-1.0,"Node(id=27_7656_54, type=transcoder, layer=13, feature=7656, pos=54)",1
0,63,4905,transcoder,13,54,10153,transcoder,0.38005462288856506,0.0,-0.38005462288856506,0.0,-1.0,"Node(id=27_10153_54, type=transcoder, layer=13, feature=10153, pos=54)",1
0,63,4905,transcoder,13,54,12356,transcoder,3.5540847778320312,2.8141098022460938,-0.7399749755859375,0.0,-0.20820408680214922,"Node(id=27_12356_54, type=transcoder, layer=13, feature=12356, pos=54)",1
0,63,4905,transcoder,13,55,9300,transcoder,0.6302089691162109,0.0,-0.6302089691162109,0.0,-1.0,"Node(id=27_9300_55, type=transcoder, layer=13, feature=9300, pos=55)",1
0,63,4905,transcoder,13,55,14142,transcoder,0.6139975786209106,0.0,-0.6139975786209106,0.0,-1.0,"Node(id=27_14142_55, type=transcoder, layer=13, feature=14142, pos=55)",1
0,63,4905,transcoder,14,51,6541,lorsa,2.6790273189544678,0.8079439997673035,-1.8710833191871643,0.0,-0.6984189022444847,"Node(id=28_6541_51, type=lorsa, layer=14, feature=6541, pos=51)",1
0,63,4905,transcoder,14,54,4515,lorsa,2.634603977203369,0.0,-2.634603977203369,0.0,-1.0,"Node(id=28_4515_54, type=lorsa, layer=14, feature=4515, pos=54)",1
0,63,4905,transcoder,14,55,9044,lorsa,3.8024330139160156,0.6029767394065857,-3.19945627450943,0.0,-0.841423441991001,"Node(id=28_9044_55, type=lorsa, layer=14, feature=9044, pos=55)",1
0,63,4905,transcoder,14,45,13630,transcoder,2.0045013427734375,1.266697645187378,-0.7378036975860596,0.0,-0.3680734364414198,"Node(id=29_13630_45, type=transcoder, layer=14, feature=13630, pos=45)",1
0,63,4905,transcoder,14,54,138,transcoder,5.203862190246582,3.5625557899475098,-1.6413064002990723,0.0,-0.315401588338622,"Node(id=29_138_54, type=transcoder, layer=14, feature=138, pos=54)",1
0,63,4905,transcoder,14,54,5701,transcoder,1.1805400848388672,0.2828289270401001,-0.8977111577987671,0.0,-0.7604241222535839,"Node(id=29_5701_54, type=transcoder, layer=14, feature=5701, pos=54)",1
0,63,4905,transcoder,14,54,7964,transcoder,1.0550146102905273,0.0,-1.0550146102905273,0.0,-1.0,"Node(id=29_7964_54, type=transcoder, layer=14, feature=7964, pos=54)",1
0,63,4905,transcoder,14,54,15619,transcoder,0.5415058135986328,0.0,-0.5415058135986328,0.0,-1.0,"Node(id=29_15619_54, type=transcoder, layer=14, feature=15619, pos=54)",1
0,63,4905,transcoder,14,55,8439,transcoder,1.9621776342391968,0.24131812155246735,-1.7208595126867294,0.0,-0.8770151502384061,"Node(id=29_8439_55, type=transcoder, layer=14, feature=8439, pos=55)",1
1,54,2511,lorsa,2,54,5553,transcoder,0.46104303002357483,0.34471771121025085,-0.11632531881332397,0.0,-0.252309028090883,"Node(id=5_5553_54, type=transcoder, layer=2, feature=5553, pos=54)",1
1,54,2511,lorsa,3,54,753,transcoder,0.8902549743652344,0.6944575309753418,-0.19579744338989258,0.0,-0.21993411890733797,"Node(id=7_753_54, type=transcoder, layer=3, feature=753, pos=54)",1
1,54,2511,lorsa,10,54,9349,transcoder,0.3694993257522583,0.28132811188697815,-0.08817121386528015,0.0,-0.2386234770138583,"Node(id=21_9349_54, type=transcoder, layer=10, feature=9349, pos=54)",1
1,55,11995,lorsa,1,55,10736,transcoder,0.5947915315628052,0.4573996067047119,-0.13739192485809326,0.0,-0.2309917299883174,"Node(id=3_10736_55, type=transcoder, layer=1, feature=10736, pos=55)",1
1,54,9082,transcoder,2,54,3355,transcoder,0.8198118209838867,0.5901302099227905,-0.2296816110610962,0.0,-0.2801638195280555,"Node(id=5_3355_54, type=transcoder, layer=2, feature=3355, pos=54)",1
1,54,9082,transcoder,2,54,5553,transcoder,0.46104303002357483,0.0,-0.46104303002357483,0.0,-1.0,"Node(id=5_5553_54, type=transcoder, layer=2, feature=5553, pos=54)",1
1,54,9082,transcoder,3,54,5003,lorsa,1.4944757223129272,1.1011539697647095,-0.3933217525482178,0.0,-0.2631837685121394,"Node(id=6_5003_54, type=lorsa, layer=3, feature=5003, pos=54)",1
1,54,9082,transcoder,3,54,2767,transcoder,0.7313656210899353,0.5824529528617859,-0.14891266822814941,0.0,-0.20360906219002844,"Node(id=7_2767_54, type=transcoder, layer=3, feature=2767, pos=54)",1
1,54,9082,transcoder,5,55,14178,lorsa,1.0965865850448608,0.8232319951057434,-0.27335458993911743,0.0,-0.2492777074488237,"Node(id=10_14178_55, type=lorsa, layer=5, feature=14178, pos=55)",1
1,54,9400,transcoder,2,54,3192,lorsa,4.136215686798096,3.1351380348205566,-1.001077651977539,0.0,-0.2420274298491643,"Node(id=4_3192_54, type=lorsa, layer=2, feature=3192, pos=54)",1
1,54,9400,transcoder,2,54,715,transcoder,0.9930531978607178,0.5067666172981262,-0.48628658056259155,0.0,-0.4896883486304391,"Node(id=5_715_54, type=transcoder, layer=2, feature=715, pos=54)",1
1,54,9400,transcoder,2,54,3355,transcoder,0.8198118209838867,0.5464457869529724,-0.2733660340309143,0.0,-0.33344973448033177,"Node(id=5_3355_54, type=transcoder, layer=2, feature=3355, pos=54)",1
1,54,9400,transcoder,2,54,5553,transcoder,0.46104303002357483,0.0,-0.46104303002357483,0.0,-1.0,"Node(id=5_5553_54, type=transcoder, layer=2, feature=5553, pos=54)",1
1,54,9400,transcoder,2,54,6885,transcoder,0.6178726553916931,0.0,-0.6178726553916931,0.0,-1.0,"Node(id=5_6885_54, type=transcoder, layer=2, feature=6885, pos=54)",1
1,54,9400,transcoder,3,54,5828,lorsa,2.9929561614990234,2.2584235668182373,-0.7345325946807861,0.0,-0.24542043218999077,"Node(id=6_5828_54, type=lorsa, layer=3, feature=5828, pos=54)",1
1,54,9400,transcoder,3,54,2767,transcoder,0.7313656210899353,0.5642768144607544,-0.1670888066291809,0.0,-0.2284613903237245,"Node(id=7_2767_54, type=transcoder, layer=3, feature=2767, pos=54)",1
1,54,9400,transcoder,4,54,15551,lorsa,4.019529342651367,2.547319173812866,-1.472210168838501,0.0,-0.3662643168733282,"Node(id=8_15551_54, type=lorsa, layer=4, feature=15551, pos=54)",1
1,54,9400,transcoder,5,37,11552,transcoder,1.0308445692062378,0.6863253116607666,-0.3445192575454712,0.0,-0.3342106733033041,"Node(id=11_11552_37, type=transcoder, layer=5, feature=11552, pos=37)",1
1,54,9400,transcoder,5,54,5938,transcoder,1.32710599899292,0.9766100645065308,-0.35049593448638916,0.0,-0.2641054555946281,"Node(id=11_5938_54, type=transcoder, layer=5, feature=5938, pos=54)",1
1,54,9400,transcoder,6,45,4984,transcoder,0.9259824752807617,0.7281537652015686,-0.19782871007919312,0.0,-0.21364195906538147,"Node(id=13_4984_45, type=transcoder, layer=6, feature=4984, pos=45)",1
1,54,9400,transcoder,6,54,2579,transcoder,0.9656137228012085,0.5502637624740601,-0.41534996032714844,0.0,-0.4301409047110827,"Node(id=13_2579_54, type=transcoder, layer=6, feature=2579, pos=54)",1
1,54,9400,transcoder,7,54,2518,transcoder,0.3623811900615692,0.26672226190567017,-0.09565892815589905,0.0,-0.26397321599293394,"Node(id=15_2518_54, type=transcoder, layer=7, feature=2518, pos=54)",1
1,54,9400,transcoder,7,54,13289,transcoder,0.9898383617401123,0.6617552638053894,-0.3280830979347229,0.0,-0.33145118497727305,"Node(id=15_13289_54, type=transcoder, layer=7, feature=13289, pos=54)",1
1,54,9400,transcoder,10,54,9349,transcoder,0.3694993257522583,0.21890407800674438,-0.15059524774551392,0.0,-0.40756569024562966,"Node(id=21_9349_54, type=transcoder, layer=10, feature=9349, pos=54)",1
1,54,9400,transcoder,13,54,1408,lorsa,1.9592878818511963,1.0195294618606567,-0.9397584199905396,0.0,-0.47964284814675956,"Node(id=26_1408_54, type=lorsa, layer=13, feature=1408, pos=54)",1
1,55,8511,transcoder,2,55,4532,transcoder,0.5893785953521729,0.45885807275772095,-0.1305205225944519,0.0,-0.22145446682952857,"Node(id=5_4532_55, type=transcoder, layer=2, feature=4532, pos=55)",1
1,55,8511,transcoder,2,55,12041,transcoder,0.4566259980201721,0.0,-0.4566259980201721,0.0,-1.0,"Node(id=5_12041_55, type=transcoder, layer=2, feature=12041, pos=55)",1
1,55,8511,transcoder,2,55,14270,transcoder,0.3816030025482178,0.3021783232688904,-0.07942467927932739,0.0,-0.2081343143239331,"Node(id=5_14270_55, type=transcoder, layer=2, feature=14270, pos=55)",1
1,55,8511,transcoder,4,55,11208,lorsa,2.4909422397613525,1.8875929117202759,-0.6033493280410767,0.0,-0.24221730974335287,"Node(id=8_11208_55, type=lorsa, layer=4, feature=11208, pos=55)",1
1,55,8511,transcoder,10,54,9349,transcoder,0.3694993257522583,0.2936992943286896,-0.07580003142356873,0.0,-0.2051425432759547,"Node(id=21_9349_54, type=transcoder, layer=10, feature=9349, pos=54)",1
1,56,2693,transcoder,2,56,2616,transcoder,3.1142807006835938,1.2852228879928589,-1.8290578126907349,0.0,-0.5873130871887211,"Node(id=5_2616_56, type=transcoder, layer=2, feature=2616, pos=56)",1
1,56,2693,transcoder,2,56,13333,transcoder,1.885103464126587,0.35931551456451416,-1.5257879495620728,0.0,-0.8093921519946952,"Node(id=5_13333_56, type=transcoder, layer=2, feature=13333, pos=56)",1
1,56,2693,transcoder,3,55,8792,lorsa,2.6274337768554688,1.2417527437210083,-1.3856810331344604,0.0,-0.5273895179930485,"Node(id=6_8792_55, type=lorsa, layer=3, feature=8792, pos=55)",1
1,56,2693,transcoder,3,56,1565,lorsa,8.72026538848877,2.0808303356170654,-6.639435052871704,0.0,-0.7613799302067256,"Node(id=6_1565_56, type=lorsa, layer=3, feature=1565, pos=56)",1
1,56,2693,transcoder,3,55,10711,transcoder,0.27328234910964966,0.0,-0.27328234910964966,0.0,-1.0,"Node(id=7_10711_55, type=transcoder, layer=3, feature=10711, pos=55)",1
1,56,2693,transcoder,3,56,2509,transcoder,1.4861505031585693,0.9513878226280212,-0.5347626805305481,0.0,-0.35983077043273726,"Node(id=7_2509_56, type=transcoder, layer=3, feature=2509, pos=56)",1
1,56,2693,transcoder,3,56,5881,transcoder,4.1003336906433105,1.8275699615478516,-2.272763729095459,0.0,-0.5542875045223161,"Node(id=7_5881_56, type=transcoder, layer=3, feature=5881, pos=56)",1
1,56,2693,transcoder,4,55,9090,lorsa,4.7906646728515625,3.5069124698638916,-1.283752202987671,0.0,-0.26796953881214547,"Node(id=8_9090_55, type=lorsa, layer=4, feature=9090, pos=55)",1
1,56,2693,transcoder,10,54,9349,transcoder,0.3694993257522583,0.2905149459838867,-0.07898437976837158,0.0,-0.2137605518158076,"Node(id=21_9349_54, type=transcoder, layer=10, feature=9349, pos=54)",1
1,56,2693,transcoder,11,56,7586,transcoder,2.6750638484954834,1.2586311101913452,-1.4164327383041382,0.0,-0.5294949274204322,"Node(id=23_7586_56, type=transcoder, layer=11, feature=7586, pos=56)",1
1,56,2693,transcoder,14,55,8748,lorsa,1.8016709089279175,0.78764808177948,-1.0140228271484375,0.0,-0.5628235556913281,"Node(id=28_8748_55, type=lorsa, layer=14, feature=8748, pos=55)",1
1,56,2693,transcoder,14,55,9044,lorsa,3.8024330139160156,1.0342297554016113,-2.7682032585144043,0.0,-0.7280084220769775,"Node(id=28_9044_55, type=lorsa, layer=14, feature=9044, pos=55)",1
1,56,2693,transcoder,14,54,15619,transcoder,0.5415058135986328,0.0,-0.5415058135986328,0.0,-1.0,"Node(id=29_15619_54, type=transcoder, layer=14, feature=15619, pos=54)",1
1,56,2693,transcoder,14,55,8439,transcoder,1.9621776342391968,1.27529776096344,-0.6868798732757568,0.0,-0.3500599850339664,"Node(id=29_8439_55, type=transcoder, layer=14, feature=8439, pos=55)",1
1,56,4856,transcoder,2,56,7272,transcoder,1.4503072500228882,0.0,-1.4503072500228882,0.0,-1.0,"Node(id=5_7272_56, type=transcoder, layer=2, feature=7272, pos=56)",1
1,56,4856,transcoder,3,56,1565,lorsa,8.72026538848877,3.5476536750793457,-5.172611713409424,0.0,-0.5931713638254125,"Node(id=6_1565_56, type=lorsa, layer=3, feature=1565, pos=56)",1
1,56,4856,transcoder,3,56,2403,transcoder,1.9280507564544678,1.1759734153747559,-0.7520773410797119,0.0,-0.39007133944062883,"Node(id=7_2403_56, type=transcoder, layer=3, feature=2403, pos=56)",1
1,56,4856,transcoder,4,55,9090,lorsa,4.7906646728515625,3.690112829208374,-1.1005518436431885,0.0,-0.229728423673641,"Node(id=8_9090_55, type=lorsa, layer=4, feature=9090, pos=55)",1
1,56,4856,transcoder,10,56,11708,transcoder,2.9663991928100586,2.0827393531799316,-0.883659839630127,0.0,-0.29788972494731547,"Node(id=21_11708_56, type=transcoder, layer=10, feature=11708, pos=56)",1
1,56,4856,transcoder,14,55,9044,lorsa,3.8024330139160156,2.755164384841919,-1.0472686290740967,0.0,-0.27542066493777495,"Node(id=28_9044_55, type=lorsa, layer=14, feature=9044, pos=55)",1
1,56,4856,transcoder,14,54,15619,transcoder,0.5415058135986328,0.3256118893623352,-0.2158939242362976,0.0,-0.39869179390993464,"Node(id=29_15619_54, type=transcoder, layer=14, feature=15619, pos=54)",1
1,56,6736,transcoder,3,56,1565,lorsa,8.72026538848877,6.7015509605407715,-2.018714427947998,0.0,-0.231496902676014,"Node(id=6_1565_56, type=lorsa, layer=3, feature=1565, pos=56)",1
1,56,6736,transcoder,14,54,15619,transcoder,0.5415058135986328,0.19620579481124878,-0.34530001878738403,0.0,-0.6376663188390482,"Node(id=29_15619_54, type=transcoder, layer=14, feature=15619, pos=54)",1
1,56,14708,transcoder,14,54,15619,transcoder,0.5415058135986328,0.35240113735198975,-0.18910467624664307,0.0,-0.349220029587362,"Node(id=29_15619_54, type=transcoder, layer=14, feature=15619, pos=54)",1
1,57,2693,transcoder,3,55,8792,lorsa,2.6274337768554688,1.9822680950164795,-0.6451656818389893,0.0,-0.24554974040530456,"Node(id=6_8792_55, type=lorsa, layer=3, feature=8792, pos=55)",1
1,57,2693,transcoder,14,54,15619,transcoder,0.5415058135986328,0.37218090891838074,-0.16932490468025208,0.0,-0.31269268109050563,"Node(id=29_15619_54, type=transcoder, layer=14, feature=15619, pos=54)",1
1,57,14708,transcoder,14,54,15619,transcoder,0.5415058135986328,0.42161598801612854,-0.11988982558250427,0.0,-0.22140080968986103,"Node(id=29_15619_54, type=transcoder, layer=14, feature=15619, pos=54)",1
1,63,15260,transcoder,2,55,8117,lorsa,2.1266112327575684,0.0,-2.1266112327575684,0.0,-1.0,"Node(id=4_8117_55, type=lorsa, layer=2, feature=8117, pos=55)",1
1,63,15260,transcoder,2,63,14106,transcoder,1.4190014600753784,0.37624549865722656,-1.0427559614181519,0.0,-0.7348519298653575,"Node(id=5_14106_63, type=transcoder, layer=2, feature=14106, pos=63)",1
1,63,15260,transcoder,3,54,5003,lorsa,1.4944757223129272,0.6883835196495056,-0.8060922026634216,0.0,-0.539381263026389,"Node(id=6_5003_54, type=lorsa, layer=3, feature=5003, pos=54)",1
1,63,15260,transcoder,3,54,12569,lorsa,1.9396735429763794,1.5069204568862915,-0.4327530860900879,0.0,-0.22310614466908663,"Node(id=6_12569_54, type=lorsa, layer=3, feature=12569, pos=54)",1
1,63,15260,transcoder,3,54,753,transcoder,0.8902549743652344,0.6003770232200623,-0.2898779511451721,0.0,-0.3256122790573112,"Node(id=7_753_54, type=transcoder, layer=3, feature=753, pos=54)",1
1,63,15260,transcoder,3,54,2767,transcoder,0.7313656210899353,0.5822795629501343,-0.14908605813980103,0.0,-0.2038461391138702,"Node(id=7_2767_54, type=transcoder, layer=3, feature=2767, pos=54)",1
1,63,15260,transcoder,3,63,10866,transcoder,1.8151174783706665,0.7206053137779236,-1.094512164592743,0.0,-0.6029979754121633,"Node(id=7_10866_63, type=transcoder, layer=3, feature=10866, pos=63)",1
2,54,3116,lorsa,2,54,5553,transcoder,0.46104303002357483,0.35723504424095154,-0.10380798578262329,0.0,-0.22515899606445672,"Node(id=5_5553_54, type=transcoder, layer=2, feature=5553, pos=54)",1
2,54,3192,lorsa,2,54,5553,transcoder,0.46104303002357483,0.0,-0.46104303002357483,0.0,-1.0,"Node(id=5_5553_54, type=transcoder, layer=2, feature=5553, pos=54)",1
2,54,3192,lorsa,10,54,9349,transcoder,0.3694993257522583,0.2842404842376709,-0.0852588415145874,0.0,-0.23074153475384607,"Node(id=21_9349_54, type=transcoder, layer=10, feature=9349, pos=54)",1
2,55,7450,lorsa,2,55,1943,transcoder,0.5499241352081299,0.42597997188568115,-0.12394416332244873,0.0,-0.225384112802286,"Node(id=5_1943_55, type=transcoder, layer=2, feature=1943, pos=55)",1
2,55,7450,lorsa,2,55,12041,transcoder,0.4566259980201721,0.0,-0.4566259980201721,0.0,-1.0,"Node(id=5_12041_55, type=transcoder, layer=2, feature=12041, pos=55)",1
2,55,7450,lorsa,4,55,11208,lorsa,2.4909422397613525,1.8266502618789673,-0.6642919778823853,0.0,-0.2666830114639786,"Node(id=8_11208_55, type=lorsa, layer=4, feature=11208, pos=55)",1
2,55,8117,lorsa,2,55,4532,transcoder,0.5893785953521729,0.39675527811050415,-0.1926233172416687,0.0,-0.326824419415113,"Node(id=5_4532_55, type=transcoder, layer=2, feature=4532, pos=55)",1
2,55,15040,lorsa,3,55,12955,lorsa,0.8693147301673889,0.0,-0.8693147301673889,0.0,-1.0,"Node(id=6_12955_55, type=lorsa, layer=3, feature=12955, pos=55)",1
2,50,12759,transcoder,3,35,4566,lorsa,5.927058219909668,0.8344223499298096,-5.092635869979858,0.0,-0.8592181282905423,"Node(id=6_4566_35, type=lorsa, layer=3, feature=4566, pos=35)",1
2,50,12759,transcoder,3,50,6487,transcoder,1.360425591468811,0.0,-1.360425591468811,0.0,-1.0,"Node(id=7_6487_50, type=transcoder, layer=3, feature=6487, pos=50)",1
2,50,12759,transcoder,14,54,4515,lorsa,2.634603977203369,2.0546839237213135,-0.5799200534820557,0.0,-0.220116593803081,"Node(id=28_4515_54, type=lorsa, layer=14, feature=4515, pos=54)",1
2,54,715,transcoder,4,54,15551,lorsa,4.019529342651367,3.1606695652008057,-0.8588597774505615,0.0,-0.2136717272684566,"Node(id=8_15551_54, type=lorsa, layer=4, feature=15551, pos=54)",1
2,54,3355,transcoder,3,54,5003,lorsa,1.4944757223129272,1.0012379884719849,-0.4932377338409424,0.0,-0.33004064668081884,"Node(id=6_5003_54, type=lorsa, layer=3, feature=5003, pos=54)",1
2,54,3355,transcoder,3,54,2767,transcoder,0.7313656210899353,0.45005542039871216,-0.28131020069122314,0.0,-0.3846368937495227,"Node(id=7_2767_54, type=transcoder, layer=3, feature=2767, pos=54)",1
2,55,4532,transcoder,3,55,15371,transcoder,0.6983613967895508,0.4475078582763672,-0.2508535385131836,0.0,-0.3592030425312549,"Node(id=7_15371_55, type=transcoder, layer=3, feature=15371, pos=55)",1
2,55,9921,transcoder,3,55,13353,transcoder,0.5527457594871521,0.3802551031112671,-0.172490656375885,0.0,-0.31206147386083083,"Node(id=7_13353_55, type=transcoder, layer=3, feature=13353, pos=55)",1
2,56,2616,transcoder,3,55,8792,lorsa,2.6274337768554688,1.8142544031143188,-0.8131793737411499,0.0,-0.309495668703159,"Node(id=6_8792_55, type=lorsa, layer=3, feature=8792, pos=55)",1
2,56,2616,transcoder,3,56,1565,lorsa,8.72026538848877,2.165896415710449,-6.55436897277832,0.0,-0.7516249426801217,"Node(id=6_1565_56, type=lorsa, layer=3, feature=1565, pos=56)",1
2,56,2616,transcoder,3,56,2509,transcoder,1.4861505031585693,0.9727599024772644,-0.5133906006813049,0.0,-0.34544993901369836,"Node(id=7_2509_56, type=transcoder, layer=3, feature=2509, pos=56)",1
2,56,2616,transcoder,4,55,9090,lorsa,4.7906646728515625,3.5499045848846436,-1.240760087966919,0.0,-0.2589953947305557,"Node(id=8_9090_55, type=lorsa, layer=4, feature=9090, pos=55)",1
2,56,2616,transcoder,14,54,15619,transcoder,0.5415058135986328,0.21461902558803558,-0.32688678801059723,0.0,-0.6036625642820662,"Node(id=29_15619_54, type=transcoder, layer=14, feature=15619, pos=54)",1
2,56,7272,transcoder,3,55,8792,lorsa,2.6274337768554688,1.8701192140579224,-0.7573145627975464,0.0,-0.2882335492024868,"Node(id=6_8792_55, type=lorsa, layer=3, feature=8792, pos=55)",1
2,56,13333,transcoder,3,55,8792,lorsa,2.6274337768554688,1.4932974576950073,-1.1341363191604614,0.0,-0.4316517238800986,"Node(id=6_8792_55, type=lorsa, layer=3, feature=8792, pos=55)",1
2,56,13333,transcoder,3,56,1565,lorsa,8.72026538848877,5.104632377624512,-3.615633010864258,0.0,-0.4146241943091655,"Node(id=6_1565_56, type=lorsa, layer=3, feature=1565, pos=56)",1
2,56,13333,transcoder,3,56,5881,transcoder,4.1003336906433105,2.620013475418091,-1.4803202152252197,0.0,-0.36102432799633166,"Node(id=7_5881_56, type=transcoder, layer=3, feature=5881, pos=56)",1
2,56,13333,transcoder,11,56,7586,transcoder,2.6750638484954834,2.075594425201416,-0.5994694232940674,0.0,-0.22409537014648176,"Node(id=23_7586_56, type=transcoder, layer=11, feature=7586, pos=56)",1
2,56,13333,transcoder,14,54,15619,transcoder,0.5415058135986328,0.4316636621952057,-0.10984215140342712,0.0,-0.202845747257005,"Node(id=29_15619_54, type=transcoder, layer=14, feature=15619, pos=54)",1
2,63,14106,transcoder,3,54,5003,lorsa,1.4944757223129272,0.0,-1.4944757223129272,0.0,-1.0,"Node(id=6_5003_54, type=lorsa, layer=3, feature=5003, pos=54)",1
2,63,14106,transcoder,3,54,12569,lorsa,1.9396735429763794,1.4312702417373657,-0.5084033012390137,0.0,-0.26210766398292046,"Node(id=6_12569_54, type=lorsa, layer=3, feature=12569, pos=54)",1
2,63,14106,transcoder,3,54,753,transcoder,0.8902549743652344,0.6058865785598755,-0.2843683958053589,0.0,-0.3194235404392073,"Node(id=7_753_54, type=transcoder, layer=3, feature=753, pos=54)",1
2,63,14106,transcoder,3,54,2767,transcoder,0.7313656210899353,0.4592270851135254,-0.2721385359764099,0.0,-0.37209642910320134,"Node(id=7_2767_54, type=transcoder, layer=3, feature=2767, pos=54)",1
2,63,14106,transcoder,3,63,10866,transcoder,1.8151174783706665,0.06277555227279663,-1.7523419260978699,0.0,-0.9654151574094549,"Node(id=7_10866_63, type=transcoder, layer=3, feature=10866, pos=63)",1
3,54,5003,lorsa,3,54,753,transcoder,0.8902549743652344,0.6572622060775757,-0.2329927682876587,0.0,-0.2617146491697911,"Node(id=7_753_54, type=transcoder, layer=3, feature=753, pos=54)",1
3,54,5003,lorsa,3,54,2767,transcoder,0.7313656210899353,0.4919589161872864,-0.23940670490264893,0.0,-0.32734202702318344,"Node(id=7_2767_54, type=transcoder, layer=3, feature=2767, pos=54)",1
3,54,5828,lorsa,3,54,14478,transcoder,1.0145859718322754,0.6090660095214844,-0.405519962310791,0.0,-0.39969009386010795,"Node(id=7_14478_54, type=transcoder, layer=3, feature=14478, pos=54)",1
3,54,12569,lorsa,3,54,753,transcoder,0.8902549743652344,0.6445279717445374,-0.24572700262069702,0.0,-0.27601867970005356,"Node(id=7_753_54, type=transcoder, layer=3, feature=753, pos=54)",1
3,23,13124,transcoder,4,55,11208,lorsa,2.4909422397613525,1.4770218133926392,-1.0139204263687134,0.0,-0.40704292945221127,"Node(id=8_11208_55, type=lorsa, layer=4, feature=11208, pos=55)",1
3,54,14478,transcoder,13,54,3932,transcoder,0.4565145671367645,0.35503724217414856,-0.10147732496261597,0.0,-0.22228715635313992,"Node(id=27_3932_54, type=transcoder, layer=13, feature=3932, pos=54)",1
3,56,2403,transcoder,4,55,9090,lorsa,4.7906646728515625,3.6743757724761963,-1.1162889003753662,0.0,-0.23301336591168967,"Node(id=8_9090_55, type=lorsa, layer=4, feature=9090, pos=55)",1
3,56,2403,transcoder,14,55,9044,lorsa,3.8024330139160156,2.6037991046905518,-1.1986339092254639,0.0,-0.3152281459893558,"Node(id=28_9044_55, type=lorsa, layer=14, feature=9044, pos=55)",1
3,56,2403,transcoder,14,54,15619,transcoder,0.5415058135986328,0.2134103626012802,-0.3280954509973526,0.0,-0.6058946049294659,"Node(id=29_15619_54, type=transcoder, layer=14, feature=15619, pos=54)",1
3,56,2509,transcoder,4,55,9090,lorsa,4.7906646728515625,3.6925644874572754,-1.098100185394287,0.0,-0.22921666624198547,"Node(id=8_9090_55, type=lorsa, layer=4, feature=9090, pos=55)",1
3,56,2509,transcoder,14,54,15619,transcoder,0.5415058135986328,0.3809845447540283,-0.1605212688446045,0.0,-0.2964349870555291,"Node(id=29_15619_54, type=transcoder, layer=14, feature=15619, pos=54)",1
3,56,5881,transcoder,4,55,9090,lorsa,4.7906646728515625,3.4642763137817383,-1.3263883590698242,0.0,-0.27686938027334607,"Node(id=8_9090_55, type=lorsa, layer=4, feature=9090, pos=55)",1
3,56,5881,transcoder,11,56,7586,transcoder,2.6750638484954834,1.4323674440383911,-1.2426964044570923,0.0,-0.46454831541909286,"Node(id=23_7586_56, type=transcoder, layer=11, feature=7586, pos=56)",1
3,56,5881,transcoder,14,55,8748,lorsa,1.8016709089279175,1.3607078790664673,-0.4409630298614502,0.0,-0.24475226173454998,"Node(id=28_8748_55, type=lorsa, layer=14, feature=8748, pos=55)",1
3,56,5881,transcoder,14,55,9044,lorsa,3.8024330139160156,2.6305792331695557,-1.17185378074646,0.0,-0.3081852530886801,"Node(id=28_9044_55, type=lorsa, layer=14, feature=9044, pos=55)",1
3,56,5881,transcoder,14,54,15619,transcoder,0.5415058135986328,0.0,-0.5415058135986328,0.0,-1.0,"Node(id=29_15619_54, type=transcoder, layer=14, feature=15619, pos=54)",1
4,54,2320,transcoder,5,54,5938,transcoder,1.32710599899292,0.7946019768714905,-0.5325040221214294,0.0,-0.40125206466214636,"Node(id=11_5938_54, type=transcoder, layer=5, feature=5938, pos=54)",1
4,54,2320,transcoder,6,45,4984,transcoder,0.9259824752807617,0.7002086043357849,-0.2257738709449768,0.0,-0.2438208896734479,"Node(id=13_4984_45, type=transcoder, layer=6, feature=4984, pos=45)",1
4,54,2320,transcoder,6,54,2579,transcoder,0.9656137228012085,0.5661860704421997,-0.3994276523590088,0.0,-0.4136515906177104,"Node(id=13_2579_54, type=transcoder, layer=6, feature=2579, pos=54)",1
4,54,2320,transcoder,7,54,13289,transcoder,0.9898383617401123,0.732933521270752,-0.25690484046936035,0.0,-0.25954221456696,"Node(id=15_13289_54, type=transcoder, layer=7, feature=13289, pos=54)",1
4,54,2320,transcoder,13,54,1408,lorsa,1.9592878818511963,1.5369141101837158,-0.42237377166748047,0.0,-0.21557514624569032,"Node(id=26_1408_54, type=lorsa, layer=13, feature=1408, pos=54)",1
4,54,2320,transcoder,14,54,15619,transcoder,0.5415058135986328,0.40230292081832886,-0.13920289278030396,0.0,-0.2570662941829133,"Node(id=29_15619_54, type=transcoder, layer=14, feature=15619, pos=54)",1
5,54,5938,transcoder,6,45,4984,transcoder,0.9259824752807617,0.6585602760314941,-0.2674221992492676,0.0,-0.2887983373207836,"Node(id=13_4984_45, type=transcoder, layer=6, feature=4984, pos=45)",1
5,54,5938,transcoder,6,54,2579,transcoder,0.9656137228012085,0.6485670208930969,-0.3170467019081116,0.0,-0.32833698861318084,"Node(id=13_2579_54, type=transcoder, layer=6, feature=2579, pos=54)",1
5,54,5938,transcoder,7,54,2518,transcoder,0.3623811900615692,0.28925561904907227,-0.07312557101249695,0.0,-0.201791850730643,"Node(id=15_2518_54, type=transcoder, layer=7, feature=2518, pos=54)",1
5,54,5938,transcoder,7,54,13289,transcoder,0.9898383617401123,0.7788899540901184,-0.2109484076499939,0.0,-0.21311399497504988,"Node(id=15_13289_54, type=transcoder, layer=7, feature=13289, pos=54)",1
5,54,5938,transcoder,10,54,9349,transcoder,0.3694993257522583,0.2883613109588623,-0.081138014793396,0.0,-0.21958907402119962,"Node(id=21_9349_54, type=transcoder, layer=10, feature=9349, pos=54)",1
5,54,12487,transcoder,6,54,2579,transcoder,0.9656137228012085,0.7540127038955688,-0.21160101890563965,0.0,-0.21913630047820074,"Node(id=13_2579_54, type=transcoder, layer=6, feature=2579, pos=54)",1
6,54,15671,transcoder,7,54,2518,transcoder,0.3623811900615692,0.1857496052980423,-0.17663158476352692,0.0,-0.48741929660730154,"Node(id=15_2518_54, type=transcoder, layer=7, feature=2518, pos=54)",1
6,54,15671,transcoder,7,54,13289,transcoder,0.9898383617401123,0.37560826539993286,-0.6142300963401794,0.0,-0.6205357562222357,"Node(id=15_13289_54, type=transcoder, layer=7, feature=13289, pos=54)",1
7,23,7600,transcoder,8,23,986,transcoder,0.8977439403533936,0.17615863680839539,-0.7215853035449982,0.0,-0.8037763009137648,"Node(id=17_986_23, type=transcoder, layer=8, feature=986, pos=23)",1
7,23,7600,transcoder,11,37,2664,lorsa,2.993786096572876,2.2994027137756348,-0.6943833827972412,0.0,-0.23194154839323144,"Node(id=22_2664_37, type=lorsa, layer=11, feature=2664, pos=37)",1
7,23,7600,transcoder,14,54,15619,transcoder,0.5415058135986328,0.39809831976890564,-0.14340749382972717,0.0,-0.2648309403673764,"Node(id=29_15619_54, type=transcoder, layer=14, feature=15619, pos=54)",1
7,23,14452,transcoder,8,23,986,transcoder,0.8977439403533936,0.552750289440155,-0.3449936509132385,0.0,-0.3842895901669167,"Node(id=17_986_23, type=transcoder, layer=8, feature=986, pos=23)",1
7,23,14452,transcoder,8,23,3094,transcoder,1.1677106618881226,0.863595187664032,-0.3041154742240906,0.0,-0.260437353318632,"Node(id=17_3094_23, type=transcoder, layer=8, feature=3094, pos=23)",1
7,54,2518,transcoder,10,54,9349,transcoder,0.3694993257522583,0.2650201916694641,-0.10447913408279419,0.0,-0.2827586596270146,"Node(id=21_9349_54, type=transcoder, layer=10, feature=9349, pos=54)",1
7,54,14452,transcoder,8,54,16159,transcoder,0.5418267250061035,0.3348892033100128,-0.2069375216960907,0.0,-0.3819256454981242,"Node(id=17_16159_54, type=transcoder, layer=8, feature=16159, pos=54)",1
7,54,14452,transcoder,9,14,3914,lorsa,2.4319560527801514,1.6062058210372925,-0.8257502317428589,0.0,-0.3395415927844921,"Node(id=18_3914_14, type=lorsa, layer=9, feature=3914, pos=14)",1
7,54,14452,transcoder,9,14,3455,transcoder,0.7396717071533203,0.5828629732131958,-0.1568087339401245,0.0,-0.21199774497744978,"Node(id=19_3455_14, type=transcoder, layer=9, feature=3455, pos=14)",1
7,54,14452,transcoder,9,14,12621,transcoder,0.46782758831977844,0.317768931388855,-0.15005865693092346,0.0,-0.32075632279375643,"Node(id=19_12621_14, type=transcoder, layer=9, feature=12621, pos=14)",1
7,54,14452,transcoder,10,54,9349,transcoder,0.3694993257522583,0.29088953137397766,-0.07860979437828064,0.0,-0.21274678706988193,"Node(id=21_9349_54, type=transcoder, layer=10, feature=9349, pos=54)",1
7,54,14452,transcoder,14,51,6541,lorsa,2.6790273189544678,1.9923391342163086,-0.6866881847381592,0.0,-0.2563199635478708,"Node(id=28_6541_51, type=lorsa, layer=14, feature=6541, pos=51)",1
8,23,986,transcoder,14,54,15619,transcoder,0.5415058135986328,0.42482441663742065,-0.11668139696121216,0.0,-0.21547579736179356,"Node(id=29_15619_54, type=transcoder, layer=14, feature=15619, pos=54)",1
8,23,3094,transcoder,9,23,2724,transcoder,0.79766446352005,0.5251545906066895,-0.2725098729133606,0.0,-0.34163471657091166,"Node(id=19_2724_23, type=transcoder, layer=9, feature=2724, pos=23)",1
8,54,8745,transcoder,9,14,3914,lorsa,2.4319560527801514,1.3953050374984741,-1.0366510152816772,0.0,-0.4262622320401735,"Node(id=18_3914_14, type=lorsa, layer=9, feature=3914, pos=14)",1
8,54,8745,transcoder,9,14,5285,lorsa,4.247608184814453,2.2097620964050293,-2.037846088409424,0.0,-0.4797631984265617,"Node(id=18_5285_14, type=lorsa, layer=9, feature=5285, pos=14)",1
8,54,8745,transcoder,9,14,12621,transcoder,0.46782758831977844,0.3200889527797699,-0.14773863554000854,0.0,-0.3157971851780221,"Node(id=19_12621_14, type=transcoder, layer=9, feature=12621, pos=14)",1
8,54,16159,transcoder,14,54,15619,transcoder,0.5415058135986328,0.41962993144989014,-0.12187588214874268,0.0,-0.2250684648033673,"Node(id=29_15619_54, type=transcoder, layer=14, feature=15619, pos=54)",1
9,14,5285,lorsa,9,14,12621,transcoder,0.46782758831977844,0.37142983078956604,-0.0963977575302124,0.0,-0.20605402489500205,"Node(id=19_12621_14, type=transcoder, layer=9, feature=12621, pos=14)",1
9,14,6254,transcoder,10,14,14712,transcoder,0.3488500416278839,0.275384783744812,-0.0734652578830719,0.0,-0.21059265906993016,"Node(id=21_14712_14, type=transcoder, layer=10, feature=14712, pos=14)",1
9,23,2724,transcoder,10,23,1958,transcoder,0.535693883895874,0.31247448921203613,-0.2232193946838379,0.0,-0.4166920724583564,"Node(id=21_1958_23, type=transcoder, layer=10, feature=1958, pos=23)",1
9,23,6254,transcoder,10,23,1958,transcoder,0.535693883895874,0.332770437002182,-0.20292344689369202,0.0,-0.37880486037644484,"Node(id=21_1958_23, type=transcoder, layer=10, feature=1958, pos=23)",1
9,23,6254,transcoder,14,54,15619,transcoder,0.5415058135986328,0.4144323468208313,-0.1270734667778015,0.0,-0.23466685599056022,"Node(id=29_15619_54, type=transcoder, layer=14, feature=15619, pos=54)",1
10,14,9278,transcoder,14,54,15619,transcoder,0.5415058135986328,0.40656355023384094,-0.13494226336479187,0.0,-0.24919818028918125,"Node(id=29_15619_54, type=transcoder, layer=14, feature=15619, pos=54)",1
10,23,9278,transcoder,11,37,2664,lorsa,2.993786096572876,1.887145757675171,-1.106640338897705,0.0,-0.3696457606522146,"Node(id=22_2664_37, type=lorsa, layer=11, feature=2664, pos=37)",1
10,23,9278,transcoder,12,37,15028,transcoder,0.6458759903907776,0.5064420700073242,-0.13943392038345337,0.0,-0.2158834241525079,"Node(id=25_15028_37, type=transcoder, layer=12, feature=15028, pos=37)",1
10,54,9278,transcoder,13,54,3932,transcoder,0.4565145671367645,0.364412784576416,-0.09210178256034851,0.0,-0.20174993130669647,"Node(id=27_3932_54, type=transcoder, layer=13, feature=3932, pos=54)",1
10,54,9278,transcoder,14,54,15619,transcoder,0.5415058135986328,0.4032207727432251,-0.13828504085540771,0.0,-0.25537129497543193,"Node(id=29_15619_54, type=transcoder, layer=14, feature=15619, pos=54)",1
10,55,16018,transcoder,11,55,15901,transcoder,0.444108784198761,0.33941400051116943,-0.10469478368759155,0.0,-0.23574130351075284,"Node(id=23_15901_55, type=transcoder, layer=11, feature=15901, pos=55)",1
10,56,11708,transcoder,11,56,7586,transcoder,2.6750638484954834,1.8057329654693604,-0.869330883026123,0.0,-0.32497575095826386,"Node(id=23_7586_56, type=transcoder, layer=11, feature=7586, pos=56)",1
10,56,11708,transcoder,14,55,9044,lorsa,3.8024330139160156,1.6820390224456787,-2.120393991470337,0.0,-0.5576413795352057,"Node(id=28_9044_55, type=lorsa, layer=14, feature=9044, pos=55)",1
10,56,11708,transcoder,14,54,15619,transcoder,0.5415058135986328,0.0,-0.5415058135986328,0.0,-1.0,"Node(id=29_15619_54, type=transcoder, layer=14, feature=15619, pos=54)",1
11,37,2664,lorsa,12,37,15028,transcoder,0.6458759903907776,0.48757022619247437,-0.15830576419830322,0.0,-0.2451024137040962,"Node(id=25_15028_37, type=transcoder, layer=12, feature=15028, pos=37)",1
11,56,7586,transcoder,14,55,8748,lorsa,1.8016709089279175,1.2104382514953613,-0.5912326574325562,0.0,-0.32815796408921794,"Node(id=28_8748_55, type=lorsa, layer=14, feature=8748, pos=55)",1
11,56,7586,transcoder,14,55,9044,lorsa,3.8024330139160156,0.7746363282203674,-3.027796685695648,0.0,-0.7962787706225515,"Node(id=28_9044_55, type=lorsa, layer=14, feature=9044, pos=55)",1
11,56,7586,transcoder,14,54,15619,transcoder,0.5415058135986328,0.0,-0.5415058135986328,0.0,-1.0,"Node(id=29_15619_54, type=transcoder, layer=14, feature=15619, pos=54)",1
11,56,7586,transcoder,14,55,8439,transcoder,1.9621776342391968,1.0995408296585083,-0.8626368045806885,0.0,-0.43963237044803144,"Node(id=29_8439_55, type=transcoder, layer=14, feature=8439, pos=55)",1
12,54,15847,transcoder,13,37,9843,lorsa,3.7563188076019287,2.4722704887390137,-1.284048318862915,0.0,-0.3418368846287209,"Node(id=26_9843_37, type=lorsa, layer=13, feature=9843, pos=37)",1
12,54,15847,transcoder,13,54,1408,lorsa,1.9592878818511963,1.479884147644043,-0.4794037342071533,0.0,-0.24468264140652865,"Node(id=26_1408_54, type=lorsa, layer=13, feature=1408, pos=54)",1
12,54,15847,transcoder,13,54,1418,lorsa,2.4402384757995605,1.8527129888534546,-0.587525486946106,0.0,-0.24076560253136706,"Node(id=26_1418_54, type=lorsa, layer=13, feature=1418, pos=54)",1
12,54,15847,transcoder,13,37,2468,transcoder,0.917811930179596,0.734238862991333,-0.18357306718826294,0.0,-0.2000116376263944,"Node(id=27_2468_37, type=transcoder, layer=13, feature=2468, pos=37)",1
12,54,15847,transcoder,13,54,3932,transcoder,0.4565145671367645,0.19595171511173248,-0.26056285202503204,0.0,-0.5707656902588424,"Node(id=27_3932_54, type=transcoder, layer=13, feature=3932, pos=54)",1
12,54,15847,transcoder,13,54,7656,transcoder,0.6284548044204712,0.4667133688926697,-0.1617414355278015,0.0,-0.2573636710072591,"Node(id=27_7656_54, type=transcoder, layer=13, feature=7656, pos=54)",1
12,55,15847,transcoder,13,55,9300,transcoder,0.6302089691162109,0.40199410915374756,-0.22821485996246338,0.0,-0.36212569345451573,"Node(id=27_9300_55, type=transcoder, layer=13, feature=9300, pos=55)",1
12,55,15847,transcoder,13,55,14142,transcoder,0.6139975786209106,0.471389502286911,-0.14260807633399963,0.0,-0.2322616265919308,"Node(id=27_14142_55, type=transcoder, layer=13, feature=14142, pos=55)",1
12,55,15847,transcoder,14,55,9044,lorsa,3.8024330139160156,2.6420934200286865,-1.160339593887329,0.0,-0.30515714271382494,"Node(id=28_9044_55, type=lorsa, layer=14, feature=9044, pos=55)",1
12,55,15847,transcoder,14,55,8439,transcoder,1.9621776342391968,1.5281745195388794,-0.4340031147003174,0.0,-0.22118441629704702,"Node(id=29_8439_55, type=transcoder, layer=14, feature=8439, pos=55)",1
13,37,9843,lorsa,13,37,2468,transcoder,0.917811930179596,0.46256211400032043,-0.4552498161792755,0.0,-0.49601645087593593,"Node(id=27_2468_37, type=transcoder, layer=13, feature=2468, pos=37)",1
13,37,9843,lorsa,14,54,4515,lorsa,2.634603977203369,1.2596945762634277,-1.3749094009399414,0.0,-0.5218656818393659,"Node(id=28_4515_54, type=lorsa, layer=14, feature=4515, pos=54)",1
13,37,2468,transcoder,14,54,4515,lorsa,2.634603977203369,1.1194019317626953,-1.5152020454406738,0.0,-0.5751156752784758,"Node(id=28_4515_54, type=lorsa, layer=14, feature=4515, pos=54)",1
13,37,12356,transcoder,14,54,4515,lorsa,2.634603977203369,0.0,-2.634603977203369,0.0,-1.0,"Node(id=28_4515_54, type=lorsa, layer=14, feature=4515, pos=54)",1
13,54,7656,transcoder,14,54,4515,lorsa,2.634603977203369,2.098329782485962,-0.5362741947174072,0.0,-0.20355021071768897,"Node(id=28_4515_54, type=lorsa, layer=14, feature=4515, pos=54)",1
13,54,7656,transcoder,14,54,5701,transcoder,1.1805400848388672,0.7714024186134338,-0.40913766622543335,0.0,-0.3465682118547265,"Node(id=29_5701_54, type=transcoder, layer=14, feature=5701, pos=54)",1
13,54,7656,transcoder,14,54,7964,transcoder,1.0550146102905273,0.8254626393318176,-0.22955197095870972,0.0,-0.21758179338909464,"Node(id=29_7964_54, type=transcoder, layer=14, feature=7964, pos=54)",1
13,54,12356,transcoder,14,54,4515,lorsa,2.634603977203369,1.4450867176055908,-1.1895172595977783,0.0,-0.45149755708653044,"Node(id=28_4515_54, type=lorsa, layer=14, feature=4515, pos=54)",1
13,54,12356,transcoder,14,45,13630,transcoder,2.0045013427734375,1.123440146446228,-0.8810611963272095,0.0,-0.43954133505751064,"Node(id=29_13630_45, type=transcoder, layer=14, feature=13630, pos=45)",1
13,54,12356,transcoder,14,54,5701,transcoder,1.1805400848388672,0.2707347869873047,-0.9098052978515625,0.0,-0.7706687045495304,"Node(id=29_5701_54, type=transcoder, layer=14, feature=5701, pos=54)",1
13,54,12356,transcoder,14,54,7964,transcoder,1.0550146102905273,0.5277621150016785,-0.5272524952888489,0.0,-0.4997584774145027,"Node(id=29_7964_54, type=transcoder, layer=14, feature=7964, pos=54)",1
13,54,12356,transcoder,14,54,15619,transcoder,0.5415058135986328,0.2583349049091339,-0.2831709086894989,0.0,-0.5229323519311038,"Node(id=29_15619_54, type=transcoder, layer=14, feature=15619, pos=54)",1
13,55,9300,transcoder,14,55,9044,lorsa,3.8024330139160156,2.8819735050201416,-0.920459508895874,0.0,-0.24207119639641447,"Node(id=28_9044_55, type=lorsa, layer=14, feature=9044, pos=55)",1
14,55,9044,lorsa,14,55,8439,transcoder,1.9621776342391968,1.1256908178329468,-0.83648681640625,0.0,-0.4263053465750997,"Node(id=29_8439_55, type=transcoder, layer=14, feature=8439, pos=55)",1
