source_layer,source_pos,source_feature,source_type,target_layer,target_pos,target_feature,target_type,original_activation,modified_activation,activation_change,steering_scale,reduction_ratio,target_node_str,steering_nodes_count
0,54,5593,transcoder,2,54,12759,transcoder,0.6271476745605469,0.1696503609418869,-0.45749731361866,0.0,-0.7294889739314367,"Node(id=5_12759_54, type=transcoder, layer=2, feature=12759, pos=54)",1
0,54,5593,transcoder,1,54,9082,transcoder,0.7630938291549683,0.39040589332580566,-0.3726879358291626,0.0,-0.4883907084425886,"Node(id=3_9082_54, type=transcoder, layer=1, feature=9082, pos=54)",1
0,54,5593,transcoder,4,19,8194,transcoder,1.4070217609405518,1.2424899339675903,-0.16453182697296143,0.0,-0.11693623477648053,"Node(id=9_8194_19, type=transcoder, layer=4, feature=8194, pos=19)",1
0,54,5593,transcoder,14,55,138,transcoder,5.991324424743652,3.180305004119873,-2.8110194206237793,0.0,-0.4691816402087178,"Node(id=29_138_55, type=transcoder, layer=14, feature=138, pos=55)",1
0,54,5593,transcoder,6,54,6679,transcoder,1.2186368703842163,0.0,-1.2186368703842163,0.0,-1.0,"Node(id=13_6679_54, type=transcoder, layer=6, feature=6679, pos=54)",1
0,54,5593,transcoder,4,54,2320,transcoder,4.304287433624268,2.1780929565429688,-2.126194477081299,0.0,-0.4939713041633501,"Node(id=9_2320_54, type=transcoder, layer=4, feature=2320, pos=54)",1
0,54,5593,transcoder,1,55,9142,lorsa,3.4574296474456787,1.0169209241867065,-2.440508723258972,0.0,-0.7058737189524595,"Node(id=2_9142_55, type=lorsa, layer=1, feature=9142, pos=55)",1
0,54,5593,transcoder,14,55,11103,transcoder,0.5930737257003784,0.0,-0.5930737257003784,0.0,-1.0,"Node(id=29_11103_55, type=transcoder, layer=14, feature=11103, pos=55)",1
0,54,5593,transcoder,6,55,7034,transcoder,0.6798377633094788,0.280502051115036,-0.39933571219444275,0.0,-0.5873985438091285,"Node(id=13_7034_55, type=transcoder, layer=6, feature=7034, pos=55)",1
0,54,5593,transcoder,7,54,14452,transcoder,4.643435478210449,2.860191583633423,-1.7832438945770264,0.0,-0.3840354631705311,"Node(id=15_14452_54, type=transcoder, layer=7, feature=14452, pos=54)",1
0,54,5593,transcoder,2,55,11401,lorsa,1.9274051189422607,1.623672604560852,-0.3037325143814087,0.0,-0.15758623415304296,"Node(id=4_11401_55, type=lorsa, layer=2, feature=11401, pos=55)",1
0,54,5593,transcoder,13,55,12356,transcoder,3.18350887298584,2.6985421180725098,-0.4849667549133301,0.0,-0.1523371770779692,"Node(id=27_12356_55, type=transcoder, layer=13, feature=12356, pos=55)",1
0,54,5593,transcoder,4,55,2320,transcoder,2.978559732437134,2.5969457626342773,-0.38161396980285645,0.0,-0.1281203011129846,"Node(id=9_2320_55, type=transcoder, layer=4, feature=2320, pos=55)",1
0,54,5593,transcoder,3,55,12235,lorsa,2.4719231128692627,1.2101917266845703,-1.2617313861846924,0.0,-0.5104250126615585,"Node(id=6_12235_55, type=lorsa, layer=3, feature=12235, pos=55)",1
0,54,5593,transcoder,5,55,2419,transcoder,0.6756512522697449,0.0,-0.6756512522697449,0.0,-1.0,"Node(id=11_2419_55, type=transcoder, layer=5, feature=2419, pos=55)",1
0,54,5593,transcoder,8,55,12466,lorsa,5.128899097442627,0.0,-5.128899097442627,0.0,-1.0,"Node(id=16_12466_55, type=lorsa, layer=8, feature=12466, pos=55)",1
0,54,5593,transcoder,10,1,10273,transcoder,28.066740036010742,24.87622833251953,-3.190511703491211,0.0,-0.11367589179924914,"Node(id=21_10273_1, type=transcoder, layer=10, feature=10273, pos=1)",1
0,54,5593,transcoder,2,55,4901,transcoder,1.173736810684204,0.9273883104324341,-0.24634850025177002,0.0,-0.20988393480491302,"Node(id=5_4901_55, type=transcoder, layer=2, feature=4901, pos=55)",1
0,54,5593,transcoder,2,55,11309,transcoder,0.29157570004463196,0.0,-0.29157570004463196,0.0,-1.0,"Node(id=5_11309_55, type=transcoder, layer=2, feature=11309, pos=55)",1
0,54,5593,transcoder,2,55,6076,lorsa,1.7181307077407837,0.0,-1.7181307077407837,0.0,-1.0,"Node(id=4_6076_55, type=lorsa, layer=2, feature=6076, pos=55)",1
0,54,5593,transcoder,7,50,10753,transcoder,1.0690118074417114,0.12540748715400696,-0.9436043202877045,0.0,-0.8826883984994293,"Node(id=15_10753_50, type=transcoder, layer=7, feature=10753, pos=50)",1
0,54,5593,transcoder,14,55,16044,lorsa,2.606524705886841,1.1648273468017578,-1.441697359085083,0.0,-0.5531109510794227,"Node(id=28_16044_55, type=lorsa, layer=14, feature=16044, pos=55)",1
0,54,5593,transcoder,1,55,1824,transcoder,0.6892250180244446,0.6042742133140564,-0.08495080471038818,0.0,-0.12325554425445313,"Node(id=3_1824_55, type=transcoder, layer=1, feature=1824, pos=55)",1
0,54,5593,transcoder,14,55,3391,transcoder,0.7034270167350769,0.0,-0.7034270167350769,0.0,-1.0,"Node(id=29_3391_55, type=transcoder, layer=14, feature=3391, pos=55)",1
0,54,5593,transcoder,11,55,2278,transcoder,0.4227127730846405,0.0,-0.4227127730846405,0.0,-1.0,"Node(id=23_2278_55, type=transcoder, layer=11, feature=2278, pos=55)",1
0,54,5593,transcoder,1,55,7963,transcoder,0.6885604858398438,0.5253853797912598,-0.16317510604858398,0.0,-0.2369800611627572,"Node(id=3_7963_55, type=transcoder, layer=1, feature=7963, pos=55)",1
0,54,5593,transcoder,14,55,15619,transcoder,1.2117552757263184,0.4312800168991089,-0.7804752588272095,0.0,-0.6440865366642597,"Node(id=29_15619_55, type=transcoder, layer=14, feature=15619, pos=55)",1
0,54,5593,transcoder,3,55,12206,lorsa,1.9337397813796997,1.0431382656097412,-0.8906015157699585,0.0,-0.4605591322812448,"Node(id=6_12206_55, type=lorsa, layer=3, feature=12206, pos=55)",1
0,54,5593,transcoder,2,55,13261,transcoder,0.6239655017852783,0.28239721059799194,-0.3415682911872864,0.0,-0.5474153462170547,"Node(id=5_13261_55, type=transcoder, layer=2, feature=13261, pos=55)",1
0,54,5593,transcoder,13,55,3932,transcoder,0.7734141945838928,0.0,-0.7734141945838928,0.0,-1.0,"Node(id=27_3932_55, type=transcoder, layer=13, feature=3932, pos=55)",1
0,54,5593,transcoder,9,55,12666,transcoder,0.6803210973739624,0.5687496066093445,-0.11157149076461792,0.0,-0.1639982813928358,"Node(id=19_12666_55, type=transcoder, layer=9, feature=12666, pos=55)",1
0,54,5593,transcoder,8,55,9586,lorsa,2.2772367000579834,1.6224335432052612,-0.6548031568527222,0.0,-0.28754286141447194,"Node(id=16_9586_55, type=lorsa, layer=8, feature=9586, pos=55)",1
0,54,5593,transcoder,4,55,9914,transcoder,0.5230033993721008,0.0,-0.5230033993721008,0.0,-1.0,"Node(id=9_9914_55, type=transcoder, layer=4, feature=9914, pos=55)",1
0,54,5593,transcoder,1,55,15014,lorsa,0.4733544886112213,0.0,-0.4733544886112213,0.0,-1.0,"Node(id=2_15014_55, type=lorsa, layer=1, feature=15014, pos=55)",1
0,54,5593,transcoder,3,54,9407,transcoder,0.9804326891899109,0.0,-0.9804326891899109,0.0,-1.0,"Node(id=7_9407_54, type=transcoder, layer=3, feature=9407, pos=54)",1
0,54,5593,transcoder,5,54,13299,transcoder,0.4998253881931305,0.0,-0.4998253881931305,0.0,-1.0,"Node(id=11_13299_54, type=transcoder, layer=5, feature=13299, pos=54)",1
0,54,5593,transcoder,4,55,16282,lorsa,1.991599440574646,0.0,-1.991599440574646,0.0,-1.0,"Node(id=8_16282_55, type=lorsa, layer=4, feature=16282, pos=55)",1
0,54,5593,transcoder,1,55,9198,lorsa,3.0222439765930176,2.6691691875457764,-0.3530747890472412,0.0,-0.11682537603905269,"Node(id=2_9198_55, type=lorsa, layer=1, feature=9198, pos=55)",1
0,54,5593,transcoder,8,55,2551,lorsa,2.676435947418213,1.4716476202011108,-1.204788327217102,0.0,-0.4501465198071654,"Node(id=16_2551_55, type=lorsa, layer=8, feature=2551, pos=55)",1
0,54,5593,transcoder,7,55,13128,transcoder,0.5602725148200989,0.0,-0.5602725148200989,0.0,-1.0,"Node(id=15_13128_55, type=transcoder, layer=7, feature=13128, pos=55)",1
0,54,5593,transcoder,1,54,15914,transcoder,0.506878674030304,0.0,-0.506878674030304,0.0,-1.0,"Node(id=3_15914_54, type=transcoder, layer=1, feature=15914, pos=54)",1
0,54,5593,transcoder,8,55,9724,transcoder,0.20959925651550293,0.0,-0.20959925651550293,0.0,-1.0,"Node(id=17_9724_55, type=transcoder, layer=8, feature=9724, pos=55)",1
0,54,5593,transcoder,3,55,11167,transcoder,0.2644384503364563,0.0,-0.2644384503364563,0.0,-1.0,"Node(id=7_11167_55, type=transcoder, layer=3, feature=11167, pos=55)",1
0,54,5593,transcoder,1,55,12154,transcoder,0.19804225862026215,0.0,-0.19804225862026215,0.0,-1.0,"Node(id=3_12154_55, type=transcoder, layer=1, feature=12154, pos=55)",1
0,54,5593,transcoder,13,55,15835,transcoder,0.3478931784629822,0.0,-0.3478931784629822,0.0,-1.0,"Node(id=27_15835_55, type=transcoder, layer=13, feature=15835, pos=55)",1
0,54,5593,transcoder,4,55,16377,lorsa,2.713291645050049,0.0,-2.713291645050049,0.0,-1.0,"Node(id=8_16377_55, type=lorsa, layer=4, feature=16377, pos=55)",1
0,54,5593,transcoder,4,55,9531,transcoder,0.5060067176818848,0.3064885139465332,-0.19951820373535156,0.0,-0.3942995157245803,"Node(id=9_9531_55, type=transcoder, layer=4, feature=9531, pos=55)",1
0,54,5593,transcoder,2,55,2440,lorsa,1.7886356115341187,1.4717323780059814,-0.3169032335281372,0.0,-0.1771759610982632,"Node(id=4_2440_55, type=lorsa, layer=2, feature=2440, pos=55)",1
0,54,5593,transcoder,2,55,5819,transcoder,0.7991868257522583,0.5066258311271667,-0.29256099462509155,0.0,-0.3660733450525912,"Node(id=5_5819_55, type=transcoder, layer=2, feature=5819, pos=55)",1
0,54,5593,transcoder,12,55,6669,transcoder,0.8420363068580627,0.0,-0.8420363068580627,0.0,-1.0,"Node(id=25_6669_55, type=transcoder, layer=12, feature=6669, pos=55)",1
0,54,5593,transcoder,6,50,7455,transcoder,0.7886064052581787,0.5547541379928589,-0.23385226726531982,0.0,-0.2965386353776316,"Node(id=13_7455_50, type=transcoder, layer=6, feature=7455, pos=50)",1
0,54,5593,transcoder,10,55,11535,transcoder,0.6737499833106995,0.0,-0.6737499833106995,0.0,-1.0,"Node(id=21_11535_55, type=transcoder, layer=10, feature=11535, pos=55)",1
0,54,5593,transcoder,9,55,12225,transcoder,0.47227632999420166,0.0,-0.47227632999420166,0.0,-1.0,"Node(id=19_12225_55, type=transcoder, layer=9, feature=12225, pos=55)",1
0,54,5593,transcoder,13,55,5819,transcoder,0.5956785082817078,0.0,-0.5956785082817078,0.0,-1.0,"Node(id=27_5819_55, type=transcoder, layer=13, feature=5819, pos=55)",1
0,54,5593,transcoder,2,54,12504,transcoder,0.6575953364372253,0.0,-0.6575953364372253,0.0,-1.0,"Node(id=5_12504_54, type=transcoder, layer=2, feature=12504, pos=54)",1
0,54,5593,transcoder,6,55,23,transcoder,0.9902805685997009,0.0,-0.9902805685997009,0.0,-1.0,"Node(id=13_23_55, type=transcoder, layer=6, feature=23, pos=55)",1
0,54,5593,transcoder,7,54,3543,transcoder,0.46587416529655457,0.0,-0.46587416529655457,0.0,-1.0,"Node(id=15_3543_54, type=transcoder, layer=7, feature=3543, pos=54)",1
0,54,5593,transcoder,8,54,9517,transcoder,0.4715726673603058,0.0,-0.4715726673603058,0.0,-1.0,"Node(id=17_9517_54, type=transcoder, layer=8, feature=9517, pos=54)",1
0,54,5593,transcoder,3,55,4439,transcoder,0.30011671781539917,0.0,-0.30011671781539917,0.0,-1.0,"Node(id=7_4439_55, type=transcoder, layer=3, feature=4439, pos=55)",1
0,54,5593,transcoder,14,55,5916,transcoder,0.3695855438709259,0.0,-0.3695855438709259,0.0,-1.0,"Node(id=29_5916_55, type=transcoder, layer=14, feature=5916, pos=55)",1
0,54,5593,transcoder,2,55,2823,transcoder,0.23902328312397003,0.0,-0.23902328312397003,0.0,-1.0,"Node(id=5_2823_55, type=transcoder, layer=2, feature=2823, pos=55)",1
0,54,5593,transcoder,1,55,9786,transcoder,0.7136760354042053,0.6078031063079834,-0.10587292909622192,0.0,-0.14834872385235492,"Node(id=3_9786_55, type=transcoder, layer=1, feature=9786, pos=55)",1
0,54,5593,transcoder,10,55,10622,transcoder,0.2998685836791992,0.20678094029426575,-0.09308764338493347,0.0,-0.3104281290250767,"Node(id=21_10622_55, type=transcoder, layer=10, feature=10622, pos=55)",1
0,54,5593,transcoder,8,55,8745,transcoder,4.492262840270996,3.9573633670806885,-0.5348994731903076,0.0,-0.11907127703997832,"Node(id=17_8745_55, type=transcoder, layer=8, feature=8745, pos=55)",1
0,54,5593,transcoder,4,55,16341,lorsa,0.9263823628425598,0.0,-0.9263823628425598,0.0,-1.0,"Node(id=8_16341_55, type=lorsa, layer=4, feature=16341, pos=55)",1
0,54,5593,transcoder,9,55,13128,transcoder,0.3520200252532959,0.29283779859542847,-0.05918222665786743,0.0,-0.16812176129833203,"Node(id=19_13128_55, type=transcoder, layer=9, feature=13128, pos=55)",1
0,54,5593,transcoder,13,55,7425,transcoder,0.6321931481361389,0.0,-0.6321931481361389,0.0,-1.0,"Node(id=27_7425_55, type=transcoder, layer=13, feature=7425, pos=55)",1
0,54,5593,transcoder,1,54,2519,transcoder,0.6752148270606995,0.0,-0.6752148270606995,0.0,-1.0,"Node(id=3_2519_54, type=transcoder, layer=1, feature=2519, pos=54)",1
0,54,5593,transcoder,13,63,7466,transcoder,0.8295653462409973,0.6358581185340881,-0.19370722770690918,0.0,-0.2335044835041063,"Node(id=27_7466_63, type=transcoder, layer=13, feature=7466, pos=63)",1
0,54,5593,transcoder,4,54,3019,transcoder,0.2689710259437561,0.0,-0.2689710259437561,0.0,-1.0,"Node(id=9_3019_54, type=transcoder, layer=4, feature=3019, pos=54)",1
0,54,5593,transcoder,14,55,1214,transcoder,0.7802796959877014,0.0,-0.7802796959877014,0.0,-1.0,"Node(id=29_1214_55, type=transcoder, layer=14, feature=1214, pos=55)",1
0,54,5593,transcoder,3,54,6230,transcoder,0.7401818633079529,0.0,-0.7401818633079529,0.0,-1.0,"Node(id=7_6230_54, type=transcoder, layer=3, feature=6230, pos=54)",1
0,54,5593,transcoder,1,55,2396,lorsa,0.5269799828529358,0.0,-0.5269799828529358,0.0,-1.0,"Node(id=2_2396_55, type=lorsa, layer=1, feature=2396, pos=55)",1
0,54,5593,transcoder,13,55,10331,transcoder,0.5097225308418274,0.0,-0.5097225308418274,0.0,-1.0,"Node(id=27_10331_55, type=transcoder, layer=13, feature=10331, pos=55)",1
0,54,5593,transcoder,9,55,7448,transcoder,0.2919863760471344,0.0,-0.2919863760471344,0.0,-1.0,"Node(id=19_7448_55, type=transcoder, layer=9, feature=7448, pos=55)",1
0,54,5593,transcoder,10,55,15174,transcoder,0.40954360365867615,0.0,-0.40954360365867615,0.0,-1.0,"Node(id=21_15174_55, type=transcoder, layer=10, feature=15174, pos=55)",1
0,54,5593,transcoder,11,55,8862,transcoder,0.643543541431427,0.0,-0.643543541431427,0.0,-1.0,"Node(id=23_8862_55, type=transcoder, layer=11, feature=8862, pos=55)",1
0,54,5593,transcoder,8,55,3569,transcoder,0.576390266418457,0.0,-0.576390266418457,0.0,-1.0,"Node(id=17_3569_55, type=transcoder, layer=8, feature=3569, pos=55)",1
0,54,5593,transcoder,4,55,15932,lorsa,2.069827079772949,1.3460313081741333,-0.7237957715988159,0.0,-0.3496890047830532,"Node(id=8_15932_55, type=lorsa, layer=4, feature=15932, pos=55)",1
0,54,5593,transcoder,7,54,13289,transcoder,0.9898383617401123,0.0,-0.9898383617401123,0.0,-1.0,"Node(id=15_13289_54, type=transcoder, layer=7, feature=13289, pos=54)",1
0,54,5593,transcoder,1,54,14103,transcoder,0.2923813760280609,0.0,-0.2923813760280609,0.0,-1.0,"Node(id=3_14103_54, type=transcoder, layer=1, feature=14103, pos=54)",1
0,54,5593,transcoder,10,1,5090,transcoder,17.671863555908203,15.655383110046387,-2.0164804458618164,0.0,-0.11410683652475632,"Node(id=21_5090_1, type=transcoder, layer=10, feature=5090, pos=1)",1
0,54,5593,transcoder,5,55,13666,transcoder,0.33196818828582764,0.0,-0.33196818828582764,0.0,-1.0,"Node(id=11_13666_55, type=transcoder, layer=5, feature=13666, pos=55)",1
0,54,5593,transcoder,8,55,7940,transcoder,0.6999607682228088,0.24671921133995056,-0.4532415568828583,0.0,-0.6475242291559177,"Node(id=17_7940_55, type=transcoder, layer=8, feature=7940, pos=55)",1
0,54,5593,transcoder,12,55,11739,transcoder,0.2567141354084015,0.0,-0.2567141354084015,0.0,-1.0,"Node(id=25_11739_55, type=transcoder, layer=12, feature=11739, pos=55)",1
0,54,5593,transcoder,10,55,3280,transcoder,0.24856069684028625,0.0,-0.24856069684028625,0.0,-1.0,"Node(id=21_3280_55, type=transcoder, layer=10, feature=3280, pos=55)",1
0,54,5593,transcoder,14,55,11920,transcoder,0.7073771357536316,0.4462018311023712,-0.2611753046512604,0.0,-0.3692164920951356,"Node(id=29_11920_55, type=transcoder, layer=14, feature=11920, pos=55)",1
0,54,5593,transcoder,2,54,14622,lorsa,2.7454328536987305,0.0,-2.7454328536987305,0.0,-1.0,"Node(id=4_14622_54, type=lorsa, layer=2, feature=14622, pos=54)",1
0,54,5593,transcoder,10,55,546,transcoder,0.65244460105896,0.3302266001701355,-0.32221800088882446,0.0,-0.49386262123380853,"Node(id=21_546_55, type=transcoder, layer=10, feature=546, pos=55)",1
0,54,5593,transcoder,11,55,1321,lorsa,4.358194351196289,3.8967490196228027,-0.46144533157348633,0.0,-0.10587993430050299,"Node(id=22_1321_55, type=lorsa, layer=11, feature=1321, pos=55)",1
0,54,5593,transcoder,5,55,16275,lorsa,1.9964919090270996,0.0,-1.9964919090270996,0.0,-1.0,"Node(id=10_16275_55, type=lorsa, layer=5, feature=16275, pos=55)",1
0,54,5593,transcoder,10,2,10273,transcoder,24.12562370300293,21.210599899291992,-2.9150238037109375,0.0,-0.120826878492186,"Node(id=21_10273_2, type=transcoder, layer=10, feature=10273, pos=2)",1
0,54,11059,lorsa,0,54,5593,transcoder,1.5712335109710693,1.2659595012664795,-0.30527400970458984,0.0,-0.1942893959255753,"Node(id=1_5593_54, type=transcoder, layer=0, feature=5593, pos=54)",1
0,54,11059,lorsa,1,54,9082,transcoder,0.7630938291549683,0.4827131927013397,-0.28038063645362854,0.0,-0.3674261614251491,"Node(id=3_9082_54, type=transcoder, layer=1, feature=9082, pos=54)",1
0,54,11059,lorsa,14,55,138,transcoder,5.991324424743652,5.392171382904053,-0.5991530418395996,0.0,-0.10000343819893133,"Node(id=29_138_55, type=transcoder, layer=14, feature=138, pos=55)",1
0,54,11059,lorsa,1,55,9142,lorsa,3.4574296474456787,1.930912971496582,-1.5265166759490967,0.0,-0.4415177839054151,"Node(id=2_9142_55, type=lorsa, layer=1, feature=9142, pos=55)",1
0,54,11059,lorsa,14,55,11103,transcoder,0.5930737257003784,0.2593373656272888,-0.3337363600730896,0.0,-0.5627232258164369,"Node(id=29_11103_55, type=transcoder, layer=14, feature=11103, pos=55)",1
0,54,11059,lorsa,6,55,7034,transcoder,0.6798377633094788,0.5152441263198853,-0.1645936369895935,0.0,-0.2421072289193598,"Node(id=13_7034_55, type=transcoder, layer=6, feature=7034, pos=55)",1
0,54,11059,lorsa,2,55,11401,lorsa,1.9274051189422607,1.7040481567382812,-0.2233569622039795,0.0,-0.11588480284132242,"Node(id=4_11401_55, type=lorsa, layer=2, feature=11401, pos=55)",1
0,54,11059,lorsa,0,54,12254,transcoder,0.5052937865257263,0.0,-0.5052937865257263,0.0,-1.0,"Node(id=1_12254_54, type=transcoder, layer=0, feature=12254, pos=54)",1
0,54,11059,lorsa,0,54,11720,transcoder,0.5299642086029053,0.11835400760173798,-0.4116102010011673,0.0,-0.7766754703798894,"Node(id=1_11720_54, type=transcoder, layer=0, feature=11720, pos=54)",1
0,54,11059,lorsa,3,55,12235,lorsa,2.4719231128692627,2.2167937755584717,-0.255129337310791,0.0,-0.10321087091363934,"Node(id=6_12235_55, type=lorsa, layer=3, feature=12235, pos=55)",1
0,54,11059,lorsa,5,55,2419,transcoder,0.6756512522697449,0.436967134475708,-0.23868411779403687,0.0,-0.3532652636877603,"Node(id=11_2419_55, type=transcoder, layer=5, feature=2419, pos=55)",1
0,54,11059,lorsa,8,55,12466,lorsa,5.128899097442627,4.611281871795654,-0.5176172256469727,0.0,-0.10092170187264302,"Node(id=16_12466_55, type=lorsa, layer=8, feature=12466, pos=55)",1
0,54,11059,lorsa,2,55,4901,transcoder,1.173736810684204,1.0205435752868652,-0.15319323539733887,0.0,-0.1305175351091172,"Node(id=5_4901_55, type=transcoder, layer=2, feature=4901, pos=55)",1
0,54,11059,lorsa,2,55,11309,transcoder,0.29157570004463196,0.0,-0.29157570004463196,0.0,-1.0,"Node(id=5_11309_55, type=transcoder, layer=2, feature=11309, pos=55)",1
0,54,11059,lorsa,2,55,6076,lorsa,1.7181307077407837,0.9798600077629089,-0.7382706999778748,0.0,-0.4296941418087142,"Node(id=4_6076_55, type=lorsa, layer=2, feature=6076, pos=55)",1
0,54,11059,lorsa,14,55,16044,lorsa,2.606524705886841,1.742493987083435,-0.8640307188034058,0.0,-0.33148763825333816,"Node(id=28_16044_55, type=lorsa, layer=14, feature=16044, pos=55)",1
0,54,11059,lorsa,1,55,1824,transcoder,0.6892250180244446,0.5912668108940125,-0.09795820713043213,0.0,-0.14212804899510753,"Node(id=3_1824_55, type=transcoder, layer=1, feature=1824, pos=55)",1
0,54,11059,lorsa,14,55,3391,transcoder,0.7034270167350769,0.6026373505592346,-0.10078966617584229,0.0,-0.14328375762940232,"Node(id=29_3391_55, type=transcoder, layer=14, feature=3391, pos=55)",1
0,54,11059,lorsa,11,55,2278,transcoder,0.4227127730846405,0.2803054451942444,-0.14240732789039612,0.0,-0.336889105222003,"Node(id=23_2278_55, type=transcoder, layer=11, feature=2278, pos=55)",1
0,54,11059,lorsa,1,55,7963,transcoder,0.6885604858398438,0.5866782665252686,-0.1018822193145752,0.0,-0.14796408073040743,"Node(id=3_7963_55, type=transcoder, layer=1, feature=7963, pos=55)",1
0,54,11059,lorsa,14,55,15619,transcoder,1.2117552757263184,0.7987231016159058,-0.4130321741104126,0.0,-0.3408544467552194,"Node(id=29_15619_55, type=transcoder, layer=14, feature=15619, pos=55)",1
0,54,11059,lorsa,2,55,13261,transcoder,0.6239655017852783,0.4222816228866577,-0.2016838788986206,0.0,-0.3232292143100324,"Node(id=5_13261_55, type=transcoder, layer=2, feature=13261, pos=55)",1
0,54,11059,lorsa,13,55,3932,transcoder,0.7734141945838928,0.47068092226982117,-0.30273327231407166,0.0,-0.39142451022242514,"Node(id=27_3932_55, type=transcoder, layer=13, feature=3932, pos=55)",1
0,54,11059,lorsa,4,55,9914,transcoder,0.5230033993721008,0.4430508315563202,-0.07995256781578064,0.0,-0.15287198498474167,"Node(id=9_9914_55, type=transcoder, layer=4, feature=9914, pos=55)",1
0,54,11059,lorsa,1,55,15014,lorsa,0.4733544886112213,0.0,-0.4733544886112213,0.0,-1.0,"Node(id=2_15014_55, type=lorsa, layer=1, feature=15014, pos=55)",1
0,54,11059,lorsa,4,55,16282,lorsa,1.991599440574646,1.6974642276763916,-0.2941352128982544,0.0,-0.14768793709511494,"Node(id=8_16282_55, type=lorsa, layer=4, feature=16282, pos=55)",1
0,54,11059,lorsa,0,54,12956,transcoder,0.2822692096233368,0.0,-0.2822692096233368,0.0,-1.0,"Node(id=1_12956_54, type=transcoder, layer=0, feature=12956, pos=54)",1
0,54,11059,lorsa,7,55,13128,transcoder,0.5602725148200989,0.3456782400608063,-0.2145942747592926,0.0,-0.3830176727983844,"Node(id=15_13128_55, type=transcoder, layer=7, feature=13128, pos=55)",1
0,54,11059,lorsa,1,54,15914,transcoder,0.506878674030304,0.25949224829673767,-0.24738642573356628,0.0,-0.4880584613405459,"Node(id=3_15914_54, type=transcoder, layer=1, feature=15914, pos=54)",1
0,54,11059,lorsa,8,55,9724,transcoder,0.20959925651550293,0.0,-0.20959925651550293,0.0,-1.0,"Node(id=17_9724_55, type=transcoder, layer=8, feature=9724, pos=55)",1
0,54,11059,lorsa,3,55,11167,transcoder,0.2644384503364563,0.0,-0.2644384503364563,0.0,-1.0,"Node(id=7_11167_55, type=transcoder, layer=3, feature=11167, pos=55)",1
0,54,11059,lorsa,1,55,12154,transcoder,0.19804225862026215,0.0,-0.19804225862026215,0.0,-1.0,"Node(id=3_12154_55, type=transcoder, layer=1, feature=12154, pos=55)",1
0,54,11059,lorsa,13,55,15835,transcoder,0.3478931784629822,0.24613922834396362,-0.10175395011901855,0.0,-0.2924861894923466,"Node(id=27_15835_55, type=transcoder, layer=13, feature=15835, pos=55)",1
0,54,11059,lorsa,4,55,9531,transcoder,0.5060067176818848,0.42096224427223206,-0.08504447340965271,0.0,-0.1680698505333249,"Node(id=9_9531_55, type=transcoder, layer=4, feature=9531, pos=55)",1
0,54,11059,lorsa,2,55,5819,transcoder,0.7991868257522583,0.687707781791687,-0.11147904396057129,0.0,-0.13949059264789349,"Node(id=5_5819_55, type=transcoder, layer=2, feature=5819, pos=55)",1
0,54,11059,lorsa,12,55,6669,transcoder,0.8420363068580627,0.7166200876235962,-0.12541621923446655,0.0,-0.14894395670709154,"Node(id=25_6669_55, type=transcoder, layer=12, feature=6669, pos=55)",1
0,54,11059,lorsa,0,54,11163,transcoder,0.41022422909736633,0.24523749947547913,-0.1649867296218872,0.0,-0.40218670161173675,"Node(id=1_11163_54, type=transcoder, layer=0, feature=11163, pos=54)",1
0,54,11059,lorsa,13,55,5819,transcoder,0.5956785082817078,0.32310453057289124,-0.27257397770881653,0.0,-0.4575857176635137,"Node(id=27_5819_55, type=transcoder, layer=13, feature=5819, pos=55)",1
0,54,11059,lorsa,6,55,23,transcoder,0.9902805685997009,0.7274375557899475,-0.2628430128097534,0.0,-0.26542277122676927,"Node(id=13_23_55, type=transcoder, layer=6, feature=23, pos=55)",1
0,54,11059,lorsa,8,54,9517,transcoder,0.4715726673603058,0.36331531405448914,-0.10825735330581665,0.0,-0.2295666411537428,"Node(id=17_9517_54, type=transcoder, layer=8, feature=9517, pos=54)",1
0,54,11059,lorsa,3,55,4439,transcoder,0.30011671781539917,0.0,-0.30011671781539917,0.0,-1.0,"Node(id=7_4439_55, type=transcoder, layer=3, feature=4439, pos=55)",1
0,54,11059,lorsa,2,55,2823,transcoder,0.23902328312397003,0.0,-0.23902328312397003,0.0,-1.0,"Node(id=5_2823_55, type=transcoder, layer=2, feature=2823, pos=55)",1
0,54,11059,lorsa,1,55,9786,transcoder,0.7136760354042053,0.6259899735450745,-0.08768606185913086,0.0,-0.12286535838276821,"Node(id=3_9786_55, type=transcoder, layer=1, feature=9786, pos=55)",1
0,54,11059,lorsa,13,55,7425,transcoder,0.6321931481361389,0.3686763048171997,-0.2635168433189392,0.0,-0.4168296415357423,"Node(id=27_7425_55, type=transcoder, layer=13, feature=7425, pos=55)",1
0,54,11059,lorsa,1,54,2519,transcoder,0.6752148270606995,0.4798666536808014,-0.19534817337989807,0.0,-0.2893126239989054,"Node(id=3_2519_54, type=transcoder, layer=1, feature=2519, pos=54)",1
0,54,11059,lorsa,1,55,9145,lorsa,2.293473720550537,0.0,-2.293473720550537,0.0,-1.0,"Node(id=2_9145_55, type=lorsa, layer=1, feature=9145, pos=55)",1
0,54,11059,lorsa,4,54,3019,transcoder,0.2689710259437561,0.0,-0.2689710259437561,0.0,-1.0,"Node(id=9_3019_54, type=transcoder, layer=4, feature=3019, pos=54)",1
0,54,11059,lorsa,14,55,1214,transcoder,0.7802796959877014,0.0,-0.7802796959877014,0.0,-1.0,"Node(id=29_1214_55, type=transcoder, layer=14, feature=1214, pos=55)",1
0,54,11059,lorsa,13,55,10331,transcoder,0.5097225308418274,0.4136550724506378,-0.09606745839118958,0.0,-0.18847010398486855,"Node(id=27_10331_55, type=transcoder, layer=13, feature=10331, pos=55)",1
0,54,11059,lorsa,4,55,15932,lorsa,2.069827079772949,1.66165030002594,-0.4081767797470093,0.0,-0.19720332376354088,"Node(id=8_15932_55, type=lorsa, layer=4, feature=15932, pos=55)",1
0,54,11059,lorsa,1,54,14103,transcoder,0.2923813760280609,0.0,-0.2923813760280609,0.0,-1.0,"Node(id=3_14103_54, type=transcoder, layer=1, feature=14103, pos=54)",1
0,54,11059,lorsa,5,55,13666,transcoder,0.33196818828582764,0.29198071360588074,-0.0399874746799469,0.0,-0.12045574272170115,"Node(id=11_13666_55, type=transcoder, layer=5, feature=13666, pos=55)",1
0,54,11059,lorsa,0,54,7232,transcoder,0.6145036220550537,0.4466415345668793,-0.16786208748817444,0.0,-0.27316696185907197,"Node(id=1_7232_54, type=transcoder, layer=0, feature=7232, pos=54)",1
0,54,11059,lorsa,10,55,3280,transcoder,0.24856069684028625,0.0,-0.24856069684028625,0.0,-1.0,"Node(id=21_3280_55, type=transcoder, layer=10, feature=3280, pos=55)",1
0,54,11059,lorsa,2,54,14622,lorsa,2.7454328536987305,2.2732529640197754,-0.4721798896789551,0.0,-0.17198741139956128,"Node(id=4_14622_54, type=lorsa, layer=2, feature=14622, pos=54)",1
0,54,11059,lorsa,11,55,1321,lorsa,4.358194351196289,3.779008626937866,-0.5791857242584229,0.0,-0.13289579986249145,"Node(id=22_1321_55, type=lorsa, layer=11, feature=1321, pos=55)",1
0,54,11059,lorsa,0,54,8584,transcoder,0.5230691432952881,0.2790822684764862,-0.24398687481880188,0.0,-0.46645243357638483,"Node(id=1_8584_54, type=transcoder, layer=0, feature=8584, pos=54)",1
0,54,11059,lorsa,5,55,16275,lorsa,1.9964919090270996,1.5773099660873413,-0.4191819429397583,0.0,-0.20995924954388007,"Node(id=10_16275_55, type=lorsa, layer=5, feature=16275, pos=55)",1
0,14,12663,transcoder,6,19,2562,transcoder,1.826368808746338,1.5517017841339111,-0.27466702461242676,0.0,-0.15038968213707318,"Node(id=13_2562_19, type=transcoder, layer=6, feature=2562, pos=19)",1
0,14,12663,transcoder,6,54,6679,transcoder,1.2186368703842163,1.0536831617355347,-0.16495370864868164,0.0,-0.13535919736014096,"Node(id=13_6679_54, type=transcoder, layer=6, feature=6679, pos=54)",1
0,14,12663,transcoder,10,1,10273,transcoder,28.066740036010742,22.52215003967285,-5.544589996337891,0.0,-0.19755019604072155,"Node(id=21_10273_1, type=transcoder, layer=10, feature=10273, pos=1)",1
0,14,12663,transcoder,7,50,10753,transcoder,1.0690118074417114,0.7439790964126587,-0.32503271102905273,0.0,-0.3040496922170575,"Node(id=15_10753_50, type=transcoder, layer=7, feature=10753, pos=50)",1
0,14,12663,transcoder,14,55,3391,transcoder,0.7034270167350769,0.4483553469181061,-0.2550716698169708,0.0,-0.36261284219772205,"Node(id=29_3391_55, type=transcoder, layer=14, feature=3391, pos=55)",1
0,14,12663,transcoder,14,55,15619,transcoder,1.2117552757263184,0.3437080979347229,-0.8680471777915955,0.0,-0.7163551875367685,"Node(id=29_15619_55, type=transcoder, layer=14, feature=15619, pos=55)",1
0,14,12663,transcoder,3,55,12206,lorsa,1.9337397813796997,0.0,-1.9337397813796997,0.0,-1.0,"Node(id=6_12206_55, type=lorsa, layer=3, feature=12206, pos=55)",1
0,14,12663,transcoder,9,55,12666,transcoder,0.6803210973739624,0.5610859394073486,-0.11923515796661377,0.0,-0.1752630609676242,"Node(id=19_12666_55, type=transcoder, layer=9, feature=12666, pos=55)",1
0,14,12663,transcoder,1,6,13953,transcoder,2.1033570766448975,1.864424705505371,-0.23893237113952637,0.0,-0.1135957245645859,"Node(id=3_13953_6, type=transcoder, layer=1, feature=13953, pos=6)",1
0,14,12663,transcoder,13,55,15835,transcoder,0.3478931784629822,0.30196142196655273,-0.04593175649642944,0.0,-0.1320283332353895,"Node(id=27_15835_55, type=transcoder, layer=13, feature=15835, pos=55)",1
0,14,12663,transcoder,2,55,2440,lorsa,1.7886356115341187,0.8714064359664917,-0.917229175567627,0.0,-0.5128094116279596,"Node(id=4_2440_55, type=lorsa, layer=2, feature=2440, pos=55)",1
0,14,12663,transcoder,10,55,11535,transcoder,0.6737499833106995,0.5678969621658325,-0.10585302114486694,0.0,-0.15711023935721996,"Node(id=21_11535_55, type=transcoder, layer=10, feature=11535, pos=55)",1
0,14,12663,transcoder,14,23,10814,transcoder,1.869791030883789,1.342637538909912,-0.527153491973877,0.0,-0.28193176845260015,"Node(id=29_10814_23, type=transcoder, layer=14, feature=10814, pos=23)",1
0,14,12663,transcoder,1,23,7319,transcoder,0.4151616096496582,0.36567938327789307,-0.04948222637176514,0.0,-0.11918786617462446,"Node(id=3_7319_23, type=transcoder, layer=1, feature=7319, pos=23)",1
0,14,12663,transcoder,8,54,9517,transcoder,0.4715726673603058,0.0,-0.4715726673603058,0.0,-1.0,"Node(id=17_9517_54, type=transcoder, layer=8, feature=9517, pos=54)",1
0,14,12663,transcoder,3,6,1991,transcoder,2.446690320968628,1.665966272354126,-0.780724048614502,0.0,-0.31909393760360266,"Node(id=7_1991_6, type=transcoder, layer=3, feature=1991, pos=6)",1
0,14,12663,transcoder,9,55,13128,transcoder,0.3520200252532959,0.30312633514404297,-0.04889369010925293,0.0,-0.13889462701467478,"Node(id=19_13128_55, type=transcoder, layer=9, feature=13128, pos=55)",1
0,14,12663,transcoder,1,23,1358,transcoder,0.7991279363632202,0.659809410572052,-0.1393185257911682,0.0,-0.1743381997445839,"Node(id=3_1358_23, type=transcoder, layer=1, feature=1358, pos=23)",1
0,14,12663,transcoder,1,23,2090,transcoder,0.3347303867340088,0.0,-0.3347303867340088,0.0,-1.0,"Node(id=3_2090_23, type=transcoder, layer=1, feature=2090, pos=23)",1
0,14,12663,transcoder,7,54,13289,transcoder,0.9898383617401123,0.6621707081794739,-0.3276676535606384,0.0,-0.33103147566902386,"Node(id=15_13289_54, type=transcoder, layer=7, feature=13289, pos=54)",1
0,14,12663,transcoder,10,1,5090,transcoder,17.671863555908203,14.456088066101074,-3.215775489807129,0.0,-0.18197149834444054,"Node(id=21_5090_1, type=transcoder, layer=10, feature=5090, pos=1)",1
0,14,12663,transcoder,14,23,11103,transcoder,1.1049634218215942,0.9533205628395081,-0.15164285898208618,0.0,-0.13723789945199671,"Node(id=29_11103_23, type=transcoder, layer=14, feature=11103, pos=23)",1
0,14,12663,transcoder,12,55,11739,transcoder,0.2567141354084015,0.0,-0.2567141354084015,0.0,-1.0,"Node(id=25_11739_55, type=transcoder, layer=12, feature=11739, pos=55)",1
0,14,12663,transcoder,10,2,10273,transcoder,24.12562370300293,16.526405334472656,-7.599218368530273,0.0,-0.314985364195347,"Node(id=21_10273_2, type=transcoder, layer=10, feature=10273, pos=2)",1
0,14,7465,lorsa,6,19,2562,transcoder,1.826368808746338,1.6375004053115845,-0.18886840343475342,0.0,-0.10341197381945932,"Node(id=13_2562_19, type=transcoder, layer=6, feature=2562, pos=19)",1
0,14,7465,lorsa,10,1,10273,transcoder,28.066740036010742,23.5019588470459,-4.564781188964844,0.0,-0.16264023477995834,"Node(id=21_10273_1, type=transcoder, layer=10, feature=10273, pos=1)",1
0,14,7465,lorsa,7,50,10753,transcoder,1.0690118074417114,0.8598129749298096,-0.20919883251190186,0.0,-0.19569365937364405,"Node(id=15_10753_50, type=transcoder, layer=7, feature=10753, pos=50)",1
0,14,7465,lorsa,14,55,3391,transcoder,0.7034270167350769,0.5609521269798279,-0.14247488975524902,0.0,-0.2025439546188309,"Node(id=29_3391_55, type=transcoder, layer=14, feature=3391, pos=55)",1
0,14,7465,lorsa,14,55,15619,transcoder,1.2117552757263184,0.7085926532745361,-0.5031626224517822,0.0,-0.4152345217974725,"Node(id=29_15619_55, type=transcoder, layer=14, feature=15619, pos=55)",1
0,14,7465,lorsa,3,55,12206,lorsa,1.9337397813796997,0.0,-1.9337397813796997,0.0,-1.0,"Node(id=6_12206_55, type=lorsa, layer=3, feature=12206, pos=55)",1
0,14,7465,lorsa,9,55,12666,transcoder,0.6803210973739624,0.6121864318847656,-0.06813466548919678,0.0,-0.10015074609944687,"Node(id=19_12666_55, type=transcoder, layer=9, feature=12666, pos=55)",1
0,14,7465,lorsa,2,55,2440,lorsa,1.7886356115341187,0.9770610928535461,-0.8115745186805725,0.0,-0.45373943884773843,"Node(id=4_2440_55, type=lorsa, layer=2, feature=2440, pos=55)",1
0,14,7465,lorsa,14,23,10814,transcoder,1.869791030883789,1.480729341506958,-0.38906168937683105,0.0,-0.2080776316447161,"Node(id=29_10814_23, type=transcoder, layer=14, feature=10814, pos=23)",1
0,14,7465,lorsa,8,54,9517,transcoder,0.4715726673603058,0.0,-0.4715726673603058,0.0,-1.0,"Node(id=17_9517_54, type=transcoder, layer=8, feature=9517, pos=54)",1
0,14,7465,lorsa,3,6,1991,transcoder,2.446690320968628,1.907048225402832,-0.5396420955657959,0.0,-0.22056003203223337,"Node(id=7_1991_6, type=transcoder, layer=3, feature=1991, pos=6)",1
0,14,7465,lorsa,2,55,2823,transcoder,0.23902328312397003,0.0,-0.23902328312397003,0.0,-1.0,"Node(id=5_2823_55, type=transcoder, layer=2, feature=2823, pos=55)",1
0,14,7465,lorsa,1,23,1358,transcoder,0.7991279363632202,0.6536164879798889,-0.1455114483833313,0.0,-0.18208780066624192,"Node(id=3_1358_23, type=transcoder, layer=1, feature=1358, pos=23)",1
0,14,7465,lorsa,1,23,2090,transcoder,0.3347303867340088,0.0,-0.3347303867340088,0.0,-1.0,"Node(id=3_2090_23, type=transcoder, layer=1, feature=2090, pos=23)",1
0,14,7465,lorsa,7,54,13289,transcoder,0.9898383617401123,0.8383034467697144,-0.15153491497039795,0.0,-0.15309056592230186,"Node(id=15_13289_54, type=transcoder, layer=7, feature=13289, pos=54)",1
0,14,7465,lorsa,10,1,5090,transcoder,17.671863555908203,14.994937896728516,-2.6769256591796875,0.0,-0.15147953415952647,"Node(id=21_5090_1, type=transcoder, layer=10, feature=5090, pos=1)",1
0,14,7465,lorsa,14,23,11103,transcoder,1.1049634218215942,0.986002504825592,-0.1189609169960022,0.0,-0.10766050228150399,"Node(id=29_11103_23, type=transcoder, layer=14, feature=11103, pos=23)",1
0,14,7465,lorsa,12,55,11739,transcoder,0.2567141354084015,0.0,-0.2567141354084015,0.0,-1.0,"Node(id=25_11739_55, type=transcoder, layer=12, feature=11739, pos=55)",1
0,14,7465,lorsa,10,2,10273,transcoder,24.12562370300293,18.092851638793945,-6.032772064208984,0.0,-0.2500566260369087,"Node(id=21_10273_2, type=transcoder, layer=10, feature=10273, pos=2)",1
0,45,12663,transcoder,1,54,9082,transcoder,0.7630938291549683,0.22038015723228455,-0.5427136719226837,0.0,-0.711201756832016,"Node(id=3_9082_54, type=transcoder, layer=1, feature=9082, pos=54)",1
0,45,12663,transcoder,6,54,6679,transcoder,1.2186368703842163,0.0,-1.2186368703842163,0.0,-1.0,"Node(id=13_6679_54, type=transcoder, layer=6, feature=6679, pos=54)",1
0,45,12663,transcoder,4,54,2320,transcoder,4.304287433624268,2.844661235809326,-1.4596261978149414,0.0,-0.3391098341650285,"Node(id=9_2320_54, type=transcoder, layer=4, feature=2320, pos=54)",1
0,45,12663,transcoder,6,23,4099,transcoder,2.014463186264038,1.7227160930633545,-0.2917470932006836,0.0,-0.14482622228592265,"Node(id=13_4099_23, type=transcoder, layer=6, feature=4099, pos=23)",1
0,45,12663,transcoder,7,54,14452,transcoder,4.643435478210449,3.969738006591797,-0.6736974716186523,0.0,-0.1450859982398832,"Node(id=15_14452_54, type=transcoder, layer=7, feature=14452, pos=54)",1
0,45,12663,transcoder,4,23,3675,transcoder,0.6166015863418579,0.5388558506965637,-0.07774573564529419,0.0,-0.1260874726361638,"Node(id=9_3675_23, type=transcoder, layer=4, feature=3675, pos=23)",1
0,45,12663,transcoder,10,1,10273,transcoder,28.066740036010742,17.60358428955078,-10.463155746459961,0.0,-0.37279554850457575,"Node(id=21_10273_1, type=transcoder, layer=10, feature=10273, pos=1)",1
0,45,12663,transcoder,14,55,15619,transcoder,1.2117552757263184,0.22848640382289886,-0.9832688719034195,0.0,-0.8114417915895225,"Node(id=29_15619_55, type=transcoder, layer=14, feature=15619, pos=55)",1
0,45,12663,transcoder,9,55,12666,transcoder,0.6803210973739624,0.5050439238548279,-0.17527717351913452,0.0,-0.2576388916876221,"Node(id=19_12666_55, type=transcoder, layer=9, feature=12666, pos=55)",1
0,45,12663,transcoder,3,54,9407,transcoder,0.9804326891899109,0.0,-0.9804326891899109,0.0,-1.0,"Node(id=7_9407_54, type=transcoder, layer=3, feature=9407, pos=54)",1
0,45,12663,transcoder,8,55,2551,lorsa,2.676435947418213,1.888519287109375,-0.7879166603088379,0.0,-0.29439025472247554,"Node(id=16_2551_55, type=lorsa, layer=8, feature=2551, pos=55)",1
0,45,12663,transcoder,7,55,13128,transcoder,0.5602725148200989,0.0,-0.5602725148200989,0.0,-1.0,"Node(id=15_13128_55, type=transcoder, layer=7, feature=13128, pos=55)",1
0,45,12663,transcoder,6,63,3789,transcoder,2.006242275238037,1.7294119596481323,-0.2768303155899048,0.0,-0.13798448921482295,"Node(id=13_3789_63, type=transcoder, layer=6, feature=3789, pos=63)",1
0,45,12663,transcoder,4,55,16377,lorsa,2.713291645050049,0.0,-2.713291645050049,0.0,-1.0,"Node(id=8_16377_55, type=lorsa, layer=4, feature=16377, pos=55)",1
0,45,12663,transcoder,10,55,11535,transcoder,0.6737499833106995,0.0,-0.6737499833106995,0.0,-1.0,"Node(id=21_11535_55, type=transcoder, layer=10, feature=11535, pos=55)",1
0,45,12663,transcoder,14,23,10814,transcoder,1.869791030883789,1.509276032447815,-0.3605149984359741,0.0,-0.192810315420954,"Node(id=29_10814_23, type=transcoder, layer=14, feature=10814, pos=23)",1
0,45,12663,transcoder,6,55,23,transcoder,0.9902805685997009,0.33612170815467834,-0.6541588604450226,0.0,-0.6605793157892931,"Node(id=13_23_55, type=transcoder, layer=6, feature=23, pos=55)",1
0,45,12663,transcoder,14,55,5916,transcoder,0.3695855438709259,0.31277430057525635,-0.056811243295669556,0.0,-0.1537160861343384,"Node(id=29_5916_55, type=transcoder, layer=14, feature=5916, pos=55)",1
0,45,12663,transcoder,4,55,16341,lorsa,0.9263823628425598,0.0,-0.9263823628425598,0.0,-1.0,"Node(id=8_16341_55, type=lorsa, layer=4, feature=16341, pos=55)",1
0,45,12663,transcoder,9,55,13128,transcoder,0.3520200252532959,0.0,-0.3520200252532959,0.0,-1.0,"Node(id=19_13128_55, type=transcoder, layer=9, feature=13128, pos=55)",1
0,45,12663,transcoder,9,55,7448,transcoder,0.2919863760471344,0.0,-0.2919863760471344,0.0,-1.0,"Node(id=19_7448_55, type=transcoder, layer=9, feature=7448, pos=55)",1
0,45,12663,transcoder,11,55,8862,transcoder,0.643543541431427,0.4682457447052002,-0.1752977967262268,0.0,-0.2723946173654603,"Node(id=23_8862_55, type=transcoder, layer=11, feature=8862, pos=55)",1
0,45,12663,transcoder,4,55,15932,lorsa,2.069827079772949,1.3798511028289795,-0.6899759769439697,0.0,-0.3333495747961984,"Node(id=8_15932_55, type=lorsa, layer=4, feature=15932, pos=55)",1
0,45,12663,transcoder,7,54,13289,transcoder,0.9898383617401123,0.0,-0.9898383617401123,0.0,-1.0,"Node(id=15_13289_54, type=transcoder, layer=7, feature=13289, pos=54)",1
0,45,12663,transcoder,10,1,5090,transcoder,17.671863555908203,11.355531692504883,-6.31633186340332,0.0,-0.3574230778446449,"Node(id=21_5090_1, type=transcoder, layer=10, feature=5090, pos=1)",1
0,45,12663,transcoder,8,55,7940,transcoder,0.6999607682228088,0.5206508040428162,-0.17930996417999268,0.0,-0.25617144891599897,"Node(id=17_7940_55, type=transcoder, layer=8, feature=7940, pos=55)",1
0,45,12663,transcoder,14,23,11103,transcoder,1.1049634218215942,0.8239896893501282,-0.28097373247146606,0.0,-0.2542832884081041,"Node(id=29_11103_23, type=transcoder, layer=14, feature=11103, pos=23)",1
0,45,12663,transcoder,12,55,11739,transcoder,0.2567141354084015,0.21397900581359863,-0.042735129594802856,0.0,-0.16646971748094969,"Node(id=25_11739_55, type=transcoder, layer=12, feature=11739, pos=55)",1
0,45,12663,transcoder,10,55,3280,transcoder,0.24856069684028625,0.0,-0.24856069684028625,0.0,-1.0,"Node(id=21_3280_55, type=transcoder, layer=10, feature=3280, pos=55)",1
0,45,12663,transcoder,7,54,14952,lorsa,4.527721881866455,3.863558292388916,-0.6641635894775391,0.0,-0.14668824782226952,"Node(id=14_14952_54, type=lorsa, layer=7, feature=14952, pos=54)",1
0,45,12663,transcoder,10,2,10273,transcoder,24.12562370300293,12.723749160766602,-11.401874542236328,0.0,-0.4726043431083247,"Node(id=21_10273_2, type=transcoder, layer=10, feature=10273, pos=2)",1
0,45,7465,lorsa,1,54,9082,transcoder,0.7630938291549683,0.3077296316623688,-0.4553641974925995,0.0,-0.5967342154985827,"Node(id=3_9082_54, type=transcoder, layer=1, feature=9082, pos=54)",1
0,45,7465,lorsa,6,54,6679,transcoder,1.2186368703842163,0.1770794838666916,-1.0415573865175247,0.0,-0.854690524987266,"Node(id=13_6679_54, type=transcoder, layer=6, feature=6679, pos=54)",1
0,45,7465,lorsa,4,54,2320,transcoder,4.304287433624268,3.3709635734558105,-0.933323860168457,0.0,-0.21683585832988525,"Node(id=9_2320_54, type=transcoder, layer=4, feature=2320, pos=54)",1
0,45,7465,lorsa,6,23,4099,transcoder,2.014463186264038,1.7515153884887695,-0.26294779777526855,0.0,-0.13052995933021913,"Node(id=13_4099_23, type=transcoder, layer=6, feature=4099, pos=23)",1
0,45,7465,lorsa,4,23,3675,transcoder,0.6166015863418579,0.5478280186653137,-0.06877356767654419,0.0,-0.11153647541609561,"Node(id=9_3675_23, type=transcoder, layer=4, feature=3675, pos=23)",1
0,45,7465,lorsa,10,1,10273,transcoder,28.066740036010742,18.502899169921875,-9.563840866088867,0.0,-0.3407535343904593,"Node(id=21_10273_1, type=transcoder, layer=10, feature=10273, pos=1)",1
0,45,7465,lorsa,2,55,11309,transcoder,0.29157570004463196,0.0,-0.29157570004463196,0.0,-1.0,"Node(id=5_11309_55, type=transcoder, layer=2, feature=11309, pos=55)",1
0,45,7465,lorsa,14,55,15619,transcoder,1.2117552757263184,0.12813659012317657,-1.0836186856031418,0.0,-0.8942553891119869,"Node(id=29_15619_55, type=transcoder, layer=14, feature=15619, pos=55)",1
0,45,7465,lorsa,9,55,12666,transcoder,0.6803210973739624,0.5223867297172546,-0.15793436765670776,0.0,-0.2321468028352112,"Node(id=19_12666_55, type=transcoder, layer=9, feature=12666, pos=55)",1
0,45,7465,lorsa,3,54,9407,transcoder,0.9804326891899109,0.6087274551391602,-0.37170523405075073,0.0,-0.37912366463206637,"Node(id=7_9407_54, type=transcoder, layer=3, feature=9407, pos=54)",1
0,45,7465,lorsa,8,55,2551,lorsa,2.676435947418213,1.9580312967300415,-0.7184046506881714,0.0,-0.2684183984978869,"Node(id=16_2551_55, type=lorsa, layer=8, feature=2551, pos=55)",1
0,45,7465,lorsa,7,55,13128,transcoder,0.5602725148200989,0.0,-0.5602725148200989,0.0,-1.0,"Node(id=15_13128_55, type=transcoder, layer=7, feature=13128, pos=55)",1
0,45,7465,lorsa,4,55,16377,lorsa,2.713291645050049,0.0,-2.713291645050049,0.0,-1.0,"Node(id=8_16377_55, type=lorsa, layer=4, feature=16377, pos=55)",1
0,45,7465,lorsa,10,55,11535,transcoder,0.6737499833106995,0.0,-0.6737499833106995,0.0,-1.0,"Node(id=21_11535_55, type=transcoder, layer=10, feature=11535, pos=55)",1
0,45,7465,lorsa,14,23,10814,transcoder,1.869791030883789,1.5113835334777832,-0.35840749740600586,0.0,-0.1916831835676302,"Node(id=29_10814_23, type=transcoder, layer=14, feature=10814, pos=23)",1
0,45,7465,lorsa,6,55,23,transcoder,0.9902805685997009,0.42999693751335144,-0.5602836310863495,0.0,-0.5657827173955503,"Node(id=13_23_55, type=transcoder, layer=6, feature=23, pos=55)",1
0,45,7465,lorsa,14,55,5916,transcoder,0.3695855438709259,0.3188261091709137,-0.05075943470001221,0.0,-0.13734150467135,"Node(id=29_5916_55, type=transcoder, layer=14, feature=5916, pos=55)",1
0,45,7465,lorsa,9,55,13128,transcoder,0.3520200252532959,0.0,-0.3520200252532959,0.0,-1.0,"Node(id=19_13128_55, type=transcoder, layer=9, feature=13128, pos=55)",1
0,45,7465,lorsa,9,55,7448,transcoder,0.2919863760471344,0.0,-0.2919863760471344,0.0,-1.0,"Node(id=19_7448_55, type=transcoder, layer=9, feature=7448, pos=55)",1
0,45,7465,lorsa,11,55,8862,transcoder,0.643543541431427,0.5185790061950684,-0.12496453523635864,0.0,-0.19418194293178884,"Node(id=23_8862_55, type=transcoder, layer=11, feature=8862, pos=55)",1
0,45,7465,lorsa,7,54,13289,transcoder,0.9898383617401123,0.0,-0.9898383617401123,0.0,-1.0,"Node(id=15_13289_54, type=transcoder, layer=7, feature=13289, pos=54)",1
0,45,7465,lorsa,10,1,5090,transcoder,17.671863555908203,11.953619956970215,-5.718243598937988,0.0,-0.3235789808385103,"Node(id=21_5090_1, type=transcoder, layer=10, feature=5090, pos=1)",1
0,45,7465,lorsa,8,55,7940,transcoder,0.6999607682228088,0.5672276616096497,-0.13273310661315918,0.0,-0.18962935158518496,"Node(id=17_7940_55, type=transcoder, layer=8, feature=7940, pos=55)",1
0,45,7465,lorsa,14,23,11103,transcoder,1.1049634218215942,0.8124505877494812,-0.29251283407211304,0.0,-0.26472625997871424,"Node(id=29_11103_23, type=transcoder, layer=14, feature=11103, pos=23)",1
0,45,7465,lorsa,12,55,11739,transcoder,0.2567141354084015,0.2145724594593048,-0.04214167594909668,0.0,-0.16415798795829575,"Node(id=25_11739_55, type=transcoder, layer=12, feature=11739, pos=55)",1
0,45,7465,lorsa,10,55,3280,transcoder,0.24856069684028625,0.0,-0.24856069684028625,0.0,-1.0,"Node(id=21_3280_55, type=transcoder, layer=10, feature=3280, pos=55)",1
0,45,7465,lorsa,7,54,14952,lorsa,4.527721881866455,4.061405658721924,-0.46631622314453125,0.0,-0.10299135753283117,"Node(id=14_14952_54, type=lorsa, layer=7, feature=14952, pos=54)",1
0,45,7465,lorsa,10,2,10273,transcoder,24.12562370300293,13.50105094909668,-10.62457275390625,0.0,-0.44038541281665616,"Node(id=21_10273_2, type=transcoder, layer=10, feature=10273, pos=2)",1
1,63,15260,transcoder,14,55,15619,transcoder,1.2117552757263184,1.0749986171722412,-0.13675665855407715,0.0,-0.11285831495316254,"Node(id=29_15619_55, type=transcoder, layer=14, feature=15619, pos=55)",1
1,63,15260,transcoder,3,55,11167,transcoder,0.2644384503364563,0.0,-0.2644384503364563,0.0,-1.0,"Node(id=7_11167_55, type=transcoder, layer=3, feature=11167, pos=55)",1
1,63,15260,transcoder,4,55,9531,transcoder,0.5060067176818848,0.39446014165878296,-0.1115465760231018,0.0,-0.22044485206464923,"Node(id=9_9531_55, type=transcoder, layer=4, feature=9531, pos=55)",1
1,63,15260,transcoder,2,55,2823,transcoder,0.23902328312397003,0.0,-0.23902328312397003,0.0,-1.0,"Node(id=5_2823_55, type=transcoder, layer=2, feature=2823, pos=55)",1
1,63,15260,transcoder,10,55,10622,transcoder,0.2998685836791992,0.2680341899394989,-0.03183439373970032,0.0,-0.1061611501582203,"Node(id=21_10622_55, type=transcoder, layer=10, feature=10622, pos=55)",1
1,63,15260,transcoder,14,55,1214,transcoder,0.7802796959877014,0.6831286549568176,-0.09715104103088379,0.0,-0.12450797006566612,"Node(id=29_1214_55, type=transcoder, layer=14, feature=1214, pos=55)",1
1,63,15260,transcoder,5,55,13666,transcoder,0.33196818828582764,0.20554865896701813,-0.1264195293188095,0.0,-0.38081820421287216,"Node(id=11_13666_55, type=transcoder, layer=5, feature=13666, pos=55)",1
1,63,15260,transcoder,3,63,10866,transcoder,1.8151174783706665,0.7206053137779236,-1.094512164592743,0.0,-0.6029979754121633,"Node(id=7_10866_63, type=transcoder, layer=3, feature=10866, pos=63)",1
1,63,15260,transcoder,2,63,14106,transcoder,1.4190014600753784,0.37624549865722656,-1.0427559614181519,0.0,-0.7348519298653575,"Node(id=5_14106_63, type=transcoder, layer=2, feature=14106, pos=63)",1
0,63,7285,lorsa,2,55,2823,transcoder,0.23902328312397003,0.0,-0.23902328312397003,0.0,-1.0,"Node(id=5_2823_55, type=transcoder, layer=2, feature=2823, pos=55)",1
0,63,7285,lorsa,1,55,11918,lorsa,1.2722526788711548,0.8826972842216492,-0.3895553946495056,0.0,-0.306193416700172,"Node(id=2_11918_55, type=lorsa, layer=1, feature=11918, pos=55)",1
0,63,7285,lorsa,1,51,11331,transcoder,0.7390512824058533,0.5837509036064148,-0.15530037879943848,0.0,-0.21013478021969603,"Node(id=3_11331_51, type=transcoder, layer=1, feature=11331, pos=51)",1
0,63,7285,lorsa,5,55,13666,transcoder,0.33196818828582764,0.27038243412971497,-0.06158575415611267,0.0,-0.1855170354548755,"Node(id=11_13666_55, type=transcoder, layer=5, feature=13666, pos=55)",1
0,63,7285,lorsa,3,63,10866,transcoder,1.8151174783706665,1.5672870874404907,-0.24783039093017578,0.0,-0.1365368323997628,"Node(id=7_10866_63, type=transcoder, layer=3, feature=10866, pos=63)",1
0,63,7285,lorsa,2,63,14106,transcoder,1.4190014600753784,1.2181313037872314,-0.20087015628814697,0.0,-0.14155739929786726,"Node(id=5_14106_63, type=transcoder, layer=2, feature=14106, pos=63)",1
2,63,14106,transcoder,3,55,11167,transcoder,0.2644384503364563,0.20282647013664246,-0.06161198019981384,0.0,-0.2329917609236565,"Node(id=7_11167_55, type=transcoder, layer=3, feature=11167, pos=55)",1
2,63,14106,transcoder,5,63,12930,transcoder,2.3792543411254883,2.0952723026275635,-0.2839820384979248,0.0,-0.11935757921685214,"Node(id=11_12930_63, type=transcoder, layer=5, feature=12930, pos=63)",1
2,63,14106,transcoder,4,55,9531,transcoder,0.5060067176818848,0.40709662437438965,-0.09891009330749512,0.0,-0.19547189760764738,"Node(id=9_9531_55, type=transcoder, layer=4, feature=9531, pos=55)",1
2,63,14106,transcoder,6,55,23,transcoder,0.9902805685997009,0.8618165254592896,-0.12846404314041138,0.0,-0.12972489536179127,"Node(id=13_23_55, type=transcoder, layer=6, feature=23, pos=55)",1
2,63,14106,transcoder,14,55,5916,transcoder,0.3695855438709259,0.332592248916626,-0.03699329495429993,0.0,-0.10009399871770815,"Node(id=29_5916_55, type=transcoder, layer=14, feature=5916, pos=55)",1
2,63,14106,transcoder,3,63,10866,transcoder,1.8151174783706665,0.06277555227279663,-1.7523419260978699,0.0,-0.9654151574094549,"Node(id=7_10866_63, type=transcoder, layer=3, feature=10866, pos=63)",1
0,63,4905,transcoder,4,19,8194,transcoder,1.4070217609405518,1.1495174169540405,-0.25750434398651123,0.0,-0.18301376079242535,"Node(id=9_8194_19, type=transcoder, layer=4, feature=8194, pos=19)",1
0,63,4905,transcoder,6,19,2562,transcoder,1.826368808746338,1.5774775743484497,-0.24889123439788818,0.0,-0.13627654677739098,"Node(id=13_2562_19, type=transcoder, layer=6, feature=2562, pos=19)",1
0,63,4905,transcoder,6,54,6679,transcoder,1.2186368703842163,0.7879095077514648,-0.43072736263275146,0.0,-0.3534501319469763,"Node(id=13_6679_54, type=transcoder, layer=6, feature=6679, pos=54)",1
0,63,4905,transcoder,14,23,5634,transcoder,3.0851762294769287,2.646522283554077,-0.43865394592285156,0.0,-0.14218116350430407,"Node(id=29_5634_23, type=transcoder, layer=14, feature=5634, pos=23)",1
0,63,4905,transcoder,14,55,11103,transcoder,0.5930737257003784,0.0,-0.5930737257003784,0.0,-1.0,"Node(id=29_11103_55, type=transcoder, layer=14, feature=11103, pos=55)",1
0,63,4905,transcoder,6,55,7034,transcoder,0.6798377633094788,0.41987144947052,-0.25996631383895874,0.0,-0.3823946357046008,"Node(id=13_7034_55, type=transcoder, layer=6, feature=7034, pos=55)",1
0,63,4905,transcoder,6,23,4099,transcoder,2.014463186264038,1.7144408226013184,-0.3000223636627197,0.0,-0.1489341506503934,"Node(id=13_4099_23, type=transcoder, layer=6, feature=4099, pos=23)",1
0,63,4905,transcoder,1,55,1377,transcoder,0.5498209595680237,0.43902587890625,-0.11079508066177368,0.0,-0.20151119875244797,"Node(id=3_1377_55, type=transcoder, layer=1, feature=1377, pos=55)",1
0,63,4905,transcoder,4,23,3675,transcoder,0.6166015863418579,0.4356602430343628,-0.18094134330749512,0.0,-0.2934493639255367,"Node(id=9_3675_23, type=transcoder, layer=4, feature=3675, pos=23)",1
0,63,4905,transcoder,5,55,2419,transcoder,0.6756512522697449,0.4457131028175354,-0.22993814945220947,0.0,-0.34032076264162636,"Node(id=11_2419_55, type=transcoder, layer=5, feature=2419, pos=55)",1
0,63,4905,transcoder,10,1,10273,transcoder,28.066740036010742,24.507247924804688,-3.5594921112060547,0.0,-0.12682242777889718,"Node(id=21_10273_1, type=transcoder, layer=10, feature=10273, pos=1)",1
0,63,4905,transcoder,7,63,3804,transcoder,1.3894561529159546,0.0,-1.3894561529159546,0.0,-1.0,"Node(id=15_3804_63, type=transcoder, layer=7, feature=3804, pos=63)",1
0,63,4905,transcoder,14,55,16044,lorsa,2.606524705886841,0.0,-2.606524705886841,0.0,-1.0,"Node(id=28_16044_55, type=lorsa, layer=14, feature=16044, pos=55)",1
0,63,4905,transcoder,12,23,15674,transcoder,0.6342616677284241,0.5679003000259399,-0.06636136770248413,0.0,-0.1046277444767457,"Node(id=25_15674_23, type=transcoder, layer=12, feature=15674, pos=23)",1
0,63,4905,transcoder,14,55,3391,transcoder,0.7034270167350769,0.26712021231651306,-0.43630680441856384,0.0,-0.620258810137349,"Node(id=29_3391_55, type=transcoder, layer=14, feature=3391, pos=55)",1
0,63,4905,transcoder,11,55,2278,transcoder,0.4227127730846405,0.0,-0.4227127730846405,0.0,-1.0,"Node(id=23_2278_55, type=transcoder, layer=11, feature=2278, pos=55)",1
0,63,4905,transcoder,14,55,15619,transcoder,1.2117552757263184,0.0,-1.2117552757263184,0.0,-1.0,"Node(id=29_15619_55, type=transcoder, layer=14, feature=15619, pos=55)",1
0,63,4905,transcoder,13,55,3932,transcoder,0.7734141945838928,0.5121047496795654,-0.2613094449043274,0.0,-0.33786481646476035,"Node(id=27_3932_55, type=transcoder, layer=13, feature=3932, pos=55)",1
0,63,4905,transcoder,9,55,12666,transcoder,0.6803210973739624,0.0,-0.6803210973739624,0.0,-1.0,"Node(id=19_12666_55, type=transcoder, layer=9, feature=12666, pos=55)",1
0,63,4905,transcoder,7,55,14502,lorsa,2.268876075744629,1.5816826820373535,-0.6871933937072754,0.0,-0.3028783286375583,"Node(id=14_14502_55, type=lorsa, layer=7, feature=14502, pos=55)",1
0,63,4905,transcoder,8,55,9586,lorsa,2.2772367000579834,1.8066773414611816,-0.47055935859680176,0.0,-0.2066361211308514,"Node(id=16_9586_55, type=lorsa, layer=8, feature=9586, pos=55)",1
0,63,4905,transcoder,8,55,2551,lorsa,2.676435947418213,1.9292149543762207,-0.7472209930419922,0.0,-0.2791850833429392,"Node(id=16_2551_55, type=lorsa, layer=8, feature=2551, pos=55)",1
0,63,4905,transcoder,7,55,13128,transcoder,0.5602725148200989,0.3837948739528656,-0.17647764086723328,0.0,-0.31498536194283866,"Node(id=15_13128_55, type=transcoder, layer=7, feature=13128, pos=55)",1
0,63,4905,transcoder,3,55,11167,transcoder,0.2644384503364563,0.0,-0.2644384503364563,0.0,-1.0,"Node(id=7_11167_55, type=transcoder, layer=3, feature=11167, pos=55)",1
0,63,4905,transcoder,8,2,11854,transcoder,15.785051345825195,13.526457786560059,-2.2585935592651367,0.0,-0.1430843340184944,"Node(id=17_11854_2, type=transcoder, layer=8, feature=11854, pos=2)",1
0,63,4905,transcoder,1,55,12154,transcoder,0.19804225862026215,0.14411714673042297,-0.05392511188983917,0.0,-0.27229093560904266,"Node(id=3_12154_55, type=transcoder, layer=1, feature=12154, pos=55)",1
0,63,4905,transcoder,6,63,3789,transcoder,2.006242275238037,0.0,-2.006242275238037,0.0,-1.0,"Node(id=13_3789_63, type=transcoder, layer=6, feature=3789, pos=63)",1
0,63,4905,transcoder,13,55,15835,transcoder,0.3478931784629822,0.0,-0.3478931784629822,0.0,-1.0,"Node(id=27_15835_55, type=transcoder, layer=13, feature=15835, pos=55)",1
0,63,4905,transcoder,5,63,12930,transcoder,2.3792543411254883,0.0,-2.3792543411254883,0.0,-1.0,"Node(id=11_12930_63, type=transcoder, layer=5, feature=12930, pos=63)",1
0,63,4905,transcoder,4,55,9531,transcoder,0.5060067176818848,0.0,-0.5060067176818848,0.0,-1.0,"Node(id=9_9531_55, type=transcoder, layer=4, feature=9531, pos=55)",1
0,63,4905,transcoder,2,55,5819,transcoder,0.7991868257522583,0.5941558480262756,-0.20503097772598267,0.0,-0.2565494964622211,"Node(id=5_5819_55, type=transcoder, layer=2, feature=5819, pos=55)",1
0,63,4905,transcoder,12,55,6669,transcoder,0.8420363068580627,0.0,-0.8420363068580627,0.0,-1.0,"Node(id=25_6669_55, type=transcoder, layer=12, feature=6669, pos=55)",1
0,63,4905,transcoder,10,55,11535,transcoder,0.6737499833106995,0.0,-0.6737499833106995,0.0,-1.0,"Node(id=21_11535_55, type=transcoder, layer=10, feature=11535, pos=55)",1
0,63,4905,transcoder,1,55,8874,transcoder,0.5501189231872559,0.48558366298675537,-0.06453526020050049,0.0,-0.11731147117535753,"Node(id=3_8874_55, type=transcoder, layer=1, feature=8874, pos=55)",1
0,63,4905,transcoder,13,55,5819,transcoder,0.5956785082817078,0.0,-0.5956785082817078,0.0,-1.0,"Node(id=27_5819_55, type=transcoder, layer=13, feature=5819, pos=55)",1
0,63,4905,transcoder,2,55,14393,transcoder,0.4859774708747864,0.4188726246356964,-0.06710484623908997,0.0,-0.13808221627701697,"Node(id=5_14393_55, type=transcoder, layer=2, feature=14393, pos=55)",1
0,63,4905,transcoder,6,55,23,transcoder,0.9902805685997009,0.35230207443237305,-0.6379784941673279,0.0,-0.6442401420331378,"Node(id=13_23_55, type=transcoder, layer=6, feature=23, pos=55)",1
0,63,4905,transcoder,2,55,2823,transcoder,0.23902328312397003,0.0,-0.23902328312397003,0.0,-1.0,"Node(id=5_2823_55, type=transcoder, layer=2, feature=2823, pos=55)",1
0,63,4905,transcoder,10,55,10622,transcoder,0.2998685836791992,0.0,-0.2998685836791992,0.0,-1.0,"Node(id=21_10622_55, type=transcoder, layer=10, feature=10622, pos=55)",1
0,63,4905,transcoder,8,63,2167,transcoder,2.175069808959961,0.0,-2.175069808959961,0.0,-1.0,"Node(id=17_2167_63, type=transcoder, layer=8, feature=2167, pos=63)",1
0,63,4905,transcoder,9,55,13128,transcoder,0.3520200252532959,0.0,-0.3520200252532959,0.0,-1.0,"Node(id=19_13128_55, type=transcoder, layer=9, feature=13128, pos=55)",1
0,63,4905,transcoder,9,63,13165,transcoder,2.440319061279297,0.0,-2.440319061279297,0.0,-1.0,"Node(id=19_13165_63, type=transcoder, layer=9, feature=13165, pos=63)",1
0,63,4905,transcoder,1,55,11918,lorsa,1.2722526788711548,0.8055540919303894,-0.4666985869407654,0.0,-0.3668285354721029,"Node(id=2_11918_55, type=lorsa, layer=1, feature=11918, pos=55)",1
0,63,4905,transcoder,13,55,7425,transcoder,0.6321931481361389,0.0,-0.6321931481361389,0.0,-1.0,"Node(id=27_7425_55, type=transcoder, layer=13, feature=7425, pos=55)",1
0,63,4905,transcoder,13,63,7466,transcoder,0.8295653462409973,0.0,-0.8295653462409973,0.0,-1.0,"Node(id=27_7466_63, type=transcoder, layer=13, feature=7466, pos=63)",1
0,63,4905,transcoder,14,55,1214,transcoder,0.7802796959877014,0.26103872060775757,-0.5192409753799438,0.0,-0.6654549362875233,"Node(id=29_1214_55, type=transcoder, layer=14, feature=1214, pos=55)",1
0,63,4905,transcoder,1,55,2396,lorsa,0.5269799828529358,0.0,-0.5269799828529358,0.0,-1.0,"Node(id=2_2396_55, type=lorsa, layer=1, feature=2396, pos=55)",1
0,63,4905,transcoder,9,55,7448,transcoder,0.2919863760471344,0.0,-0.2919863760471344,0.0,-1.0,"Node(id=19_7448_55, type=transcoder, layer=9, feature=7448, pos=55)",1
0,63,4905,transcoder,10,55,15174,transcoder,0.40954360365867615,0.2209603637456894,-0.18858323991298676,0.0,-0.4604717012505382,"Node(id=21_15174_55, type=transcoder, layer=10, feature=15174, pos=55)",1
0,63,4905,transcoder,11,55,8862,transcoder,0.643543541431427,0.0,-0.643543541431427,0.0,-1.0,"Node(id=23_8862_55, type=transcoder, layer=11, feature=8862, pos=55)",1
0,63,4905,transcoder,14,23,138,transcoder,4.625486850738525,4.139153957366943,-0.48633289337158203,0.0,-0.1051419902521033,"Node(id=29_138_23, type=transcoder, layer=14, feature=138, pos=23)",1
0,63,4905,transcoder,7,54,13289,transcoder,0.9898383617401123,0.2861398458480835,-0.7036985158920288,0.0,-0.7109226547402584,"Node(id=15_13289_54, type=transcoder, layer=7, feature=13289, pos=54)",1
0,63,4905,transcoder,1,51,11331,transcoder,0.7390512824058533,0.11190459132194519,-0.6271466910839081,0.0,-0.8485834555923383,"Node(id=3_11331_51, type=transcoder, layer=1, feature=11331, pos=51)",1
0,63,4905,transcoder,10,1,5090,transcoder,17.671863555908203,15.828803062438965,-1.8430604934692383,0.0,-0.10429349953039056,"Node(id=21_5090_1, type=transcoder, layer=10, feature=5090, pos=1)",1
0,63,4905,transcoder,5,55,13666,transcoder,0.33196818828582764,0.0,-0.33196818828582764,0.0,-1.0,"Node(id=11_13666_55, type=transcoder, layer=5, feature=13666, pos=55)",1
0,63,4905,transcoder,8,55,7940,transcoder,0.6999607682228088,0.5926051735877991,-0.10735559463500977,0.0,-0.15337373108436378,"Node(id=17_7940_55, type=transcoder, layer=8, feature=7940, pos=55)",1
0,63,4905,transcoder,3,63,10866,transcoder,1.8151174783706665,0.0,-1.8151174783706665,0.0,-1.0,"Node(id=7_10866_63, type=transcoder, layer=3, feature=10866, pos=63)",1
0,63,4905,transcoder,12,55,11739,transcoder,0.2567141354084015,0.1899183690547943,-0.06679576635360718,0.0,-0.260195124227745,"Node(id=25_11739_55, type=transcoder, layer=12, feature=11739, pos=55)",1
0,63,4905,transcoder,10,55,3280,transcoder,0.24856069684028625,0.0,-0.24856069684028625,0.0,-1.0,"Node(id=21_3280_55, type=transcoder, layer=10, feature=3280, pos=55)",1
0,63,4905,transcoder,14,55,11920,transcoder,0.7073771357536316,0.5937231779098511,-0.11365395784378052,0.0,-0.16066953835409858,"Node(id=29_11920_55, type=transcoder, layer=14, feature=11920, pos=55)",1
0,63,4905,transcoder,1,55,6272,transcoder,0.3085007071495056,0.2743326425552368,-0.0341680645942688,0.0,-0.11075522292955481,"Node(id=3_6272_55, type=transcoder, layer=1, feature=6272, pos=55)",1
0,63,4905,transcoder,10,55,546,transcoder,0.65244460105896,0.42851150035858154,-0.22393310070037842,0.0,-0.34322163190088545,"Node(id=21_546_55, type=transcoder, layer=10, feature=546, pos=55)",1
0,63,4905,transcoder,5,55,16275,lorsa,1.9964919090270996,1.4460391998291016,-0.550452709197998,0.0,-0.2757099624141409,"Node(id=10_16275_55, type=lorsa, layer=5, feature=16275, pos=55)",1
0,63,4905,transcoder,1,51,11218,transcoder,0.6390401721000671,0.37057656049728394,-0.2684636116027832,0.0,-0.4201044368158197,"Node(id=3_11218_51, type=transcoder, layer=1, feature=11218, pos=51)",1
0,63,4905,transcoder,2,63,14106,transcoder,1.4190014600753784,0.0,-1.4190014600753784,0.0,-1.0,"Node(id=5_14106_63, type=transcoder, layer=2, feature=14106, pos=63)",1
0,63,4905,transcoder,10,2,10273,transcoder,24.12562370300293,16.247333526611328,-7.878290176391602,0.0,-0.32655280847354784,"Node(id=21_10273_2, type=transcoder, layer=10, feature=10273, pos=2)",1
2,54,12759,transcoder,6,54,6679,transcoder,1.2186368703842163,0.7778177261352539,-0.4408191442489624,0.0,-0.36173133684194153,"Node(id=13_6679_54, type=transcoder, layer=6, feature=6679, pos=54)",1
2,54,12759,transcoder,4,54,2320,transcoder,4.304287433624268,3.549792528152466,-0.7544949054718018,0.0,-0.1752891546177498,"Node(id=9_2320_54, type=transcoder, layer=4, feature=2320, pos=54)",1
2,54,12759,transcoder,14,55,11103,transcoder,0.5930737257003784,0.5117295384407043,-0.08134418725967407,0.0,-0.13715695660537364,"Node(id=29_11103_55, type=transcoder, layer=14, feature=11103, pos=55)",1
2,54,12759,transcoder,6,55,7034,transcoder,0.6798377633094788,0.5651467442512512,-0.11469101905822754,0.0,-0.16870351317335897,"Node(id=13_7034_55, type=transcoder, layer=6, feature=7034, pos=55)",1
2,54,12759,transcoder,5,55,2419,transcoder,0.6756512522697449,0.6000127196311951,-0.0756385326385498,0.0,-0.11194907488804907,"Node(id=11_2419_55, type=transcoder, layer=5, feature=2419, pos=55)",1
2,54,12759,transcoder,8,55,12466,lorsa,5.128899097442627,3.9367480278015137,-1.1921510696411133,0.0,-0.23243800413923993,"Node(id=16_12466_55, type=lorsa, layer=8, feature=12466, pos=55)",1
2,54,12759,transcoder,7,50,10753,transcoder,1.0690118074417114,0.8503627181053162,-0.21864908933639526,0.0,-0.20453383939664038,"Node(id=15_10753_50, type=transcoder, layer=7, feature=10753, pos=50)",1
2,54,12759,transcoder,11,55,2278,transcoder,0.4227127730846405,0.3331013321876526,-0.08961144089698792,0.0,-0.2119913250859937,"Node(id=23_2278_55, type=transcoder, layer=11, feature=2278, pos=55)",1
2,54,12759,transcoder,14,55,15619,transcoder,1.2117552757263184,1.07938814163208,-0.13236713409423828,0.0,-0.1092358636647142,"Node(id=29_15619_55, type=transcoder, layer=14, feature=15619, pos=55)",1
2,54,12759,transcoder,4,55,9914,transcoder,0.5230033993721008,0.40186405181884766,-0.12113934755325317,0.0,-0.23162248600810004,"Node(id=9_9914_55, type=transcoder, layer=4, feature=9914, pos=55)",1
2,54,12759,transcoder,3,54,9407,transcoder,0.9804326891899109,0.3624020516872406,-0.6180306375026703,0.0,-0.6303651890812844,"Node(id=7_9407_54, type=transcoder, layer=3, feature=9407, pos=54)",1
2,54,12759,transcoder,5,54,13299,transcoder,0.4998253881931305,0.0,-0.4998253881931305,0.0,-1.0,"Node(id=11_13299_54, type=transcoder, layer=5, feature=13299, pos=54)",1
2,54,12759,transcoder,4,55,16282,lorsa,1.991599440574646,0.0,-1.991599440574646,0.0,-1.0,"Node(id=8_16282_55, type=lorsa, layer=4, feature=16282, pos=55)",1
2,54,12759,transcoder,7,55,13128,transcoder,0.5602725148200989,0.48977887630462646,-0.07049363851547241,0.0,-0.12582026897769136,"Node(id=15_13128_55, type=transcoder, layer=7, feature=13128, pos=55)",1
2,54,12759,transcoder,4,55,16377,lorsa,2.713291645050049,2.1073994636535645,-0.6058921813964844,0.0,-0.22330521766866981,"Node(id=8_16377_55, type=lorsa, layer=4, feature=16377, pos=55)",1
2,54,12759,transcoder,13,55,5819,transcoder,0.5956785082817078,0.45149654150009155,-0.1441819667816162,0.0,-0.2420466153756714,"Node(id=27_5819_55, type=transcoder, layer=13, feature=5819, pos=55)",1
2,54,12759,transcoder,7,54,3543,transcoder,0.46587416529655457,0.0,-0.46587416529655457,0.0,-1.0,"Node(id=15_3543_54, type=transcoder, layer=7, feature=3543, pos=54)",1
2,54,12759,transcoder,8,54,9517,transcoder,0.4715726673603058,0.31108322739601135,-0.16048943996429443,0.0,-0.34032812135329343,"Node(id=17_9517_54, type=transcoder, layer=8, feature=9517, pos=54)",1
2,54,12759,transcoder,14,55,5916,transcoder,0.3695855438709259,0.2835550010204315,-0.08603054285049438,0.0,-0.23277572480091294,"Node(id=29_5916_55, type=transcoder, layer=14, feature=5916, pos=55)",1
2,54,12759,transcoder,4,55,16341,lorsa,0.9263823628425598,0.0,-0.9263823628425598,0.0,-1.0,"Node(id=8_16341_55, type=lorsa, layer=4, feature=16341, pos=55)",1
2,54,12759,transcoder,4,54,3019,transcoder,0.2689710259437561,0.0,-0.2689710259437561,0.0,-1.0,"Node(id=9_3019_54, type=transcoder, layer=4, feature=3019, pos=54)",1
2,54,12759,transcoder,3,54,6230,transcoder,0.7401818633079529,0.5822302103042603,-0.15795165300369263,0.0,-0.21339573533697462,"Node(id=7_6230_54, type=transcoder, layer=3, feature=6230, pos=54)",1
2,54,12759,transcoder,13,55,10331,transcoder,0.5097225308418274,0.43896645307540894,-0.07075607776641846,0.0,-0.13881292955514823,"Node(id=27_10331_55, type=transcoder, layer=13, feature=10331, pos=55)",1
2,54,12759,transcoder,11,55,8862,transcoder,0.643543541431427,0.5746490955352783,-0.06889444589614868,0.0,-0.10705483228517453,"Node(id=23_8862_55, type=transcoder, layer=11, feature=8862, pos=55)",1
2,54,12759,transcoder,8,55,3569,transcoder,0.576390266418457,0.48334914445877075,-0.09304112195968628,0.0,-0.16142035592970752,"Node(id=17_3569_55, type=transcoder, layer=8, feature=3569, pos=55)",1
2,54,12759,transcoder,7,54,13289,transcoder,0.9898383617401123,0.8795592784881592,-0.11027908325195312,0.0,-0.11141120360104564,"Node(id=15_13289_54, type=transcoder, layer=7, feature=13289, pos=54)",1
2,54,12759,transcoder,11,55,1321,lorsa,4.358194351196289,3.7670485973358154,-0.5911457538604736,0.0,-0.13564006242590096,"Node(id=22_1321_55, type=lorsa, layer=11, feature=1321, pos=55)",1
2,54,12759,transcoder,5,55,16275,lorsa,1.9964919090270996,1.4227886199951172,-0.5737032890319824,0.0,-0.28735567944853374,"Node(id=10_16275_55, type=lorsa, layer=5, feature=16275, pos=55)",1
1,54,9400,transcoder,2,54,12759,transcoder,0.6271476745605469,0.3242390751838684,-0.30290859937667847,0.0,-0.4829940565257325,"Node(id=5_12759_54, type=transcoder, layer=2, feature=12759, pos=54)",1
1,54,9400,transcoder,6,54,6679,transcoder,1.2186368703842163,0.7084503769874573,-0.510186493396759,0.0,-0.41865341989521915,"Node(id=13_6679_54, type=transcoder, layer=6, feature=6679, pos=54)",1
1,54,9400,transcoder,4,54,2320,transcoder,4.304287433624268,3.6953654289245605,-0.608922004699707,0.0,-0.1414687132515652,"Node(id=9_2320_54, type=transcoder, layer=4, feature=2320, pos=54)",1
1,54,9400,transcoder,5,55,2419,transcoder,0.6756512522697449,0.5929117202758789,-0.08273953199386597,0.0,-0.12245893383001279,"Node(id=11_2419_55, type=transcoder, layer=5, feature=2419, pos=55)",1
1,54,9400,transcoder,11,55,2278,transcoder,0.4227127730846405,0.33856579661369324,-0.08414697647094727,0.0,-0.1990641916422487,"Node(id=23_2278_55, type=transcoder, layer=11, feature=2278, pos=55)",1
1,54,9400,transcoder,3,54,9407,transcoder,0.9804326891899109,0.47568053007125854,-0.5047521591186523,0.0,-0.5148259178666382,"Node(id=7_9407_54, type=transcoder, layer=3, feature=9407, pos=54)",1
1,54,9400,transcoder,5,54,13299,transcoder,0.4998253881931305,0.2980065941810608,-0.2018187940120697,0.0,-0.4037785970449499,"Node(id=11_13299_54, type=transcoder, layer=5, feature=13299, pos=54)",1
1,54,9400,transcoder,4,55,16282,lorsa,1.991599440574646,1.6518815755844116,-0.3397178649902344,0.0,-0.17057539687408926,"Node(id=8_16282_55, type=lorsa, layer=4, feature=16282, pos=55)",1
1,54,9400,transcoder,10,55,11535,transcoder,0.6737499833106995,0.5485877394676208,-0.1251622438430786,0.0,-0.1857695687472249,"Node(id=21_11535_55, type=transcoder, layer=10, feature=11535, pos=55)",1
1,54,9400,transcoder,2,54,12504,transcoder,0.6575953364372253,0.31222257018089294,-0.3453727662563324,0.0,-0.5252056198079531,"Node(id=5_12504_54, type=transcoder, layer=2, feature=12504, pos=54)",1
1,54,9400,transcoder,6,55,23,transcoder,0.9902805685997009,0.7649837732315063,-0.22529679536819458,0.0,-0.22750804419678142,"Node(id=13_23_55, type=transcoder, layer=6, feature=23, pos=55)",1
1,54,9400,transcoder,8,54,9517,transcoder,0.4715726673603058,0.4160260260105133,-0.05554664134979248,0.0,-0.11779020540084013,"Node(id=17_9517_54, type=transcoder, layer=8, feature=9517, pos=54)",1
1,54,9400,transcoder,14,55,5916,transcoder,0.3695855438709259,0.2790748178958893,-0.09051072597503662,0.0,-0.24489790652268206,"Node(id=29_5916_55, type=transcoder, layer=14, feature=5916, pos=55)",1
1,54,9400,transcoder,4,55,16341,lorsa,0.9263823628425598,0.7379418015480042,-0.18844056129455566,0.0,-0.20341553213117622,"Node(id=8_16341_55, type=lorsa, layer=4, feature=16341, pos=55)",1
1,54,9400,transcoder,9,55,13128,transcoder,0.3520200252532959,0.30251359939575195,-0.049506425857543945,0.0,-0.14063525454815137,"Node(id=19_13128_55, type=transcoder, layer=9, feature=13128, pos=55)",1
1,54,9400,transcoder,4,54,3019,transcoder,0.2689710259437561,0.0,-0.2689710259437561,0.0,-1.0,"Node(id=9_3019_54, type=transcoder, layer=4, feature=3019, pos=54)",1
1,54,9400,transcoder,9,55,7448,transcoder,0.2919863760471344,0.24881228804588318,-0.04317408800125122,0.0,-0.14786336467384276,"Node(id=19_7448_55, type=transcoder, layer=9, feature=7448, pos=55)",1
1,54,9400,transcoder,7,54,13289,transcoder,0.9898383617401123,0.6617552638053894,-0.3280830979347229,0.0,-0.33145118497727305,"Node(id=15_13289_54, type=transcoder, layer=7, feature=13289, pos=54)",1
1,54,9400,transcoder,12,55,11739,transcoder,0.2567141354084015,0.22945734858512878,-0.027256786823272705,0.0,-0.1061756368807289,"Node(id=25_11739_55, type=transcoder, layer=12, feature=11739, pos=55)",1
1,54,9400,transcoder,10,55,3280,transcoder,0.24856069684028625,0.0,-0.24856069684028625,0.0,-1.0,"Node(id=21_3280_55, type=transcoder, layer=10, feature=3280, pos=55)",1
1,54,9400,transcoder,2,54,14622,lorsa,2.7454328536987305,0.8138784170150757,-1.9315544366836548,0.0,-0.7035518767400943,"Node(id=4_14622_54, type=lorsa, layer=2, feature=14622, pos=54)",1
3,63,10866,transcoder,5,63,12930,transcoder,2.3792543411254883,1.9766907691955566,-0.40256357192993164,0.0,-0.16919736783563122,"Node(id=11_12930_63, type=transcoder, layer=5, feature=12930, pos=63)",1
3,63,10866,transcoder,4,55,9531,transcoder,0.5060067176818848,0.3552341163158417,-0.1507726013660431,0.0,-0.2979656121103722,"Node(id=9_9531_55, type=transcoder, layer=4, feature=9531, pos=55)",1
5,63,12930,transcoder,7,63,3804,transcoder,1.3894561529159546,0.9885834455490112,-0.40087270736694336,0.0,-0.28851051292670143,"Node(id=15_3804_63, type=transcoder, layer=7, feature=3804, pos=63)",1
5,63,12930,transcoder,6,63,3789,transcoder,2.006242275238037,0.6395878195762634,-1.3666544556617737,0.0,-0.6812011054345979,"Node(id=13_3789_63, type=transcoder, layer=6, feature=3789, pos=63)",1
5,63,12930,transcoder,8,63,2167,transcoder,2.175069808959961,1.936509609222412,-0.23856019973754883,0.0,-0.10967933017819764,"Node(id=17_2167_63, type=transcoder, layer=8, feature=2167, pos=63)",1
0,53,6981,lorsa,2,55,11309,transcoder,0.29157570004463196,0.0,-0.29157570004463196,0.0,-1.0,"Node(id=5_11309_55, type=transcoder, layer=2, feature=11309, pos=55)",1
0,53,6981,lorsa,1,55,7963,transcoder,0.6885604858398438,0.6131744384765625,-0.07538604736328125,0.0,-0.10948355142879303,"Node(id=3_7963_55, type=transcoder, layer=1, feature=7963, pos=55)",1
0,53,6981,lorsa,2,55,2440,lorsa,1.7886356115341187,1.5950512886047363,-0.19358432292938232,0.0,-0.108230162522228,"Node(id=4_2440_55, type=lorsa, layer=2, feature=2440, pos=55)",1
0,53,6981,lorsa,1,55,8874,transcoder,0.5501189231872559,0.4631538391113281,-0.08696508407592773,0.0,-0.15808415309924823,"Node(id=3_8874_55, type=transcoder, layer=1, feature=8874, pos=55)",1
7,63,3804,transcoder,11,55,2278,transcoder,0.4227127730846405,0.321658194065094,-0.10105457901954651,0.0,-0.23906204272495968,"Node(id=23_2278_55, type=transcoder, layer=11, feature=2278, pos=55)",1
7,63,3804,transcoder,14,55,15619,transcoder,1.2117552757263184,1.087396502494812,-0.12435877323150635,0.0,-0.10262697074453957,"Node(id=29_15619_55, type=transcoder, layer=14, feature=15619, pos=55)",1
7,63,3804,transcoder,13,55,15835,transcoder,0.3478931784629822,0.31295859813690186,-0.03493458032608032,0.0,-0.10041754908913099,"Node(id=27_15835_55, type=transcoder, layer=13, feature=15835, pos=55)",1
7,63,3804,transcoder,13,55,5819,transcoder,0.5956785082817078,0.5260634422302246,-0.06961506605148315,0.0,-0.1168668419015058,"Node(id=27_5819_55, type=transcoder, layer=13, feature=5819, pos=55)",1
7,63,3804,transcoder,10,55,10622,transcoder,0.2998685836791992,0.22310243546962738,-0.07676614820957184,0.0,-0.25599930232003437,"Node(id=21_10622_55, type=transcoder, layer=10, feature=10622, pos=55)",1
7,63,3804,transcoder,8,63,2167,transcoder,2.175069808959961,1.1128944158554077,-1.0621753931045532,0.0,-0.48834082875365126,"Node(id=17_2167_63, type=transcoder, layer=8, feature=2167, pos=63)",1
7,63,3804,transcoder,9,63,13165,transcoder,2.440319061279297,1.8085756301879883,-0.6317434310913086,0.0,-0.2588773907130519,"Node(id=19_13165_63, type=transcoder, layer=9, feature=13165, pos=63)",1
7,63,3804,transcoder,11,55,8862,transcoder,0.643543541431427,0.5691407322883606,-0.0744028091430664,0.0,-0.1156142581705863,"Node(id=23_8862_55, type=transcoder, layer=11, feature=8862, pos=55)",1
0,54,2952,lorsa,0,54,5593,transcoder,1.5712335109710693,1.154268503189087,-0.4169650077819824,0.0,-0.26537430933756345,"Node(id=1_5593_54, type=transcoder, layer=0, feature=5593, pos=54)",1
0,54,2952,lorsa,1,55,9142,lorsa,3.4574296474456787,2.773144245147705,-0.6842854022979736,0.0,-0.19791737564451042,"Node(id=2_9142_55, type=lorsa, layer=1, feature=9142, pos=55)",1
0,54,2952,lorsa,0,54,12254,transcoder,0.5052937865257263,0.3315916359424591,-0.1737021505832672,0.0,-0.3437646676354359,"Node(id=1_12254_54, type=transcoder, layer=0, feature=12254, pos=54)",1
0,54,2952,lorsa,0,54,11720,transcoder,0.5299642086029053,0.37243518233299255,-0.15752902626991272,0.0,-0.2972446510778372,"Node(id=1_11720_54, type=transcoder, layer=0, feature=11720, pos=54)",1
0,54,2952,lorsa,2,55,11309,transcoder,0.29157570004463196,0.0,-0.29157570004463196,0.0,-1.0,"Node(id=5_11309_55, type=transcoder, layer=2, feature=11309, pos=55)",1
0,54,2952,lorsa,2,55,6076,lorsa,1.7181307077407837,1.5137535333633423,-0.2043771743774414,0.0,-0.11895321668872472,"Node(id=4_6076_55, type=lorsa, layer=2, feature=6076, pos=55)",1
0,54,2952,lorsa,1,55,15014,lorsa,0.4733544886112213,0.0,-0.4733544886112213,0.0,-1.0,"Node(id=2_15014_55, type=lorsa, layer=1, feature=15014, pos=55)",1
0,54,2952,lorsa,0,54,12956,transcoder,0.2822692096233368,0.0,-0.2822692096233368,0.0,-1.0,"Node(id=1_12956_54, type=transcoder, layer=0, feature=12956, pos=54)",1
0,54,2952,lorsa,3,55,11167,transcoder,0.2644384503364563,0.21367953717708588,-0.05075891315937042,0.0,-0.19194982081761444,"Node(id=7_11167_55, type=transcoder, layer=3, feature=11167, pos=55)",1
0,54,2952,lorsa,1,55,12154,transcoder,0.19804225862026215,0.1778397411108017,-0.02020251750946045,0.0,-0.10201114474359708,"Node(id=3_12154_55, type=transcoder, layer=1, feature=12154, pos=55)",1
0,54,2952,lorsa,0,54,11163,transcoder,0.41022422909736633,0.3290538191795349,-0.08117040991783142,0.0,-0.19786839528331637,"Node(id=1_11163_54, type=transcoder, layer=0, feature=11163, pos=54)",1
0,54,2952,lorsa,2,55,2823,transcoder,0.23902328312397003,0.0,-0.23902328312397003,0.0,-1.0,"Node(id=5_2823_55, type=transcoder, layer=2, feature=2823, pos=55)",1
0,54,2952,lorsa,4,55,16341,lorsa,0.9263823628425598,0.8167840838432312,-0.10959827899932861,0.0,-0.11830782125755455,"Node(id=8_16341_55, type=lorsa, layer=4, feature=16341, pos=55)",1
0,54,2952,lorsa,1,54,2519,transcoder,0.6752148270606995,0.5210089087486267,-0.15420591831207275,0.0,-0.22838052739948228,"Node(id=3_2519_54, type=transcoder, layer=1, feature=2519, pos=54)",1
0,54,2952,lorsa,1,55,9145,lorsa,2.293473720550537,2.043713331222534,-0.24976038932800293,0.0,-0.10890048012760711,"Node(id=2_9145_55, type=lorsa, layer=1, feature=9145, pos=55)",1
0,54,2952,lorsa,4,54,3019,transcoder,0.2689710259437561,0.23795919120311737,-0.031011834740638733,0.0,-0.11529804978742783,"Node(id=9_3019_54, type=transcoder, layer=4, feature=3019, pos=54)",1
0,54,2952,lorsa,1,54,14103,transcoder,0.2923813760280609,0.0,-0.2923813760280609,0.0,-1.0,"Node(id=3_14103_54, type=transcoder, layer=1, feature=14103, pos=54)",1
0,54,2952,lorsa,0,54,7232,transcoder,0.6145036220550537,0.53425133228302,-0.08025228977203369,0.0,-0.13059693530145514,"Node(id=1_7232_54, type=transcoder, layer=0, feature=7232, pos=54)",1
0,54,2952,lorsa,2,54,14622,lorsa,2.7454328536987305,2.262273073196411,-0.48315978050231934,0.0,-0.17598674098016706,"Node(id=4_14622_54, type=lorsa, layer=2, feature=14622, pos=54)",1
0,54,2952,lorsa,0,54,8584,transcoder,0.5230691432952881,0.44739338755607605,-0.07567575573921204,0.0,-0.1446763907013548,"Node(id=1_8584_54, type=transcoder, layer=0, feature=8584, pos=54)",1
6,63,3789,transcoder,7,63,3804,transcoder,1.3894561529159546,0.7948142290115356,-0.594641923904419,0.0,-0.4279673904473239,"Node(id=15_3804_63, type=transcoder, layer=7, feature=3804, pos=63)",1
6,63,3789,transcoder,8,63,2167,transcoder,2.175069808959961,1.8478295803070068,-0.3272402286529541,0.0,-0.15045044867292257,"Node(id=17_2167_63, type=transcoder, layer=8, feature=2167, pos=63)",1
0,53,488,transcoder,6,54,6679,transcoder,1.2186368703842163,0.9797975420951843,-0.23883932828903198,0.0,-0.19598892343847257,"Node(id=13_6679_54, type=transcoder, layer=6, feature=6679, pos=54)",1
0,53,488,transcoder,2,55,4901,transcoder,1.173736810684204,1.0237582921981812,-0.14997851848602295,0.0,-0.12777866138371877,"Node(id=5_4901_55, type=transcoder, layer=2, feature=4901, pos=55)",1
0,53,488,transcoder,2,55,11309,transcoder,0.29157570004463196,0.0,-0.29157570004463196,0.0,-1.0,"Node(id=5_11309_55, type=transcoder, layer=2, feature=11309, pos=55)",1
0,53,488,transcoder,14,55,16044,lorsa,2.606524705886841,1.8649706840515137,-0.7415540218353271,0.0,-0.2844991341001012,"Node(id=28_16044_55, type=lorsa, layer=14, feature=16044, pos=55)",1
0,53,488,transcoder,14,55,3391,transcoder,0.7034270167350769,0.30416494607925415,-0.39926207065582275,0.0,-0.5675955872564843,"Node(id=29_3391_55, type=transcoder, layer=14, feature=3391, pos=55)",1
0,53,488,transcoder,1,55,7963,transcoder,0.6885604858398438,0.5695387125015259,-0.11902177333831787,0.0,-0.1728559448094758,"Node(id=3_7963_55, type=transcoder, layer=1, feature=7963, pos=55)",1
0,53,488,transcoder,14,55,15619,transcoder,1.2117552757263184,1.046690583229065,-0.16506469249725342,0.0,-0.13621949563893146,"Node(id=29_15619_55, type=transcoder, layer=14, feature=15619, pos=55)",1
0,53,488,transcoder,13,55,3932,transcoder,0.7734141945838928,0.5574883222579956,-0.21592587232589722,0.0,-0.27918529791409924,"Node(id=27_3932_55, type=transcoder, layer=13, feature=3932, pos=55)",1
0,53,488,transcoder,4,55,9914,transcoder,0.5230033993721008,0.244551882147789,-0.27845151722431183,0.0,-0.5324086182969571,"Node(id=9_9914_55, type=transcoder, layer=4, feature=9914, pos=55)",1
0,53,488,transcoder,8,55,2551,lorsa,2.676435947418213,2.294959545135498,-0.38147640228271484,0.0,-0.14253148955449535,"Node(id=16_2551_55, type=lorsa, layer=8, feature=2551, pos=55)",1
0,53,488,transcoder,7,55,13128,transcoder,0.5602725148200989,0.49922478199005127,-0.06104773283004761,0.0,-0.10896078464539667,"Node(id=15_13128_55, type=transcoder, layer=7, feature=13128, pos=55)",1
0,53,488,transcoder,13,55,15835,transcoder,0.3478931784629822,0.2719011604785919,-0.07599201798439026,0.0,-0.2184349182129084,"Node(id=27_15835_55, type=transcoder, layer=13, feature=15835, pos=55)",1
0,53,488,transcoder,2,55,2440,lorsa,1.7886356115341187,1.3640245199203491,-0.42461109161376953,0.0,-0.237393848627211,"Node(id=4_2440_55, type=lorsa, layer=2, feature=2440, pos=55)",1
0,53,488,transcoder,10,55,11535,transcoder,0.6737499833106995,0.34542116522789,-0.32832881808280945,0.0,-0.48731551200855583,"Node(id=21_11535_55, type=transcoder, layer=10, feature=11535, pos=55)",1
0,53,488,transcoder,5,55,12487,transcoder,2.9206624031066895,2.590115547180176,-0.33054685592651367,0.0,-0.11317530419637448,"Node(id=11_12487_55, type=transcoder, layer=5, feature=12487, pos=55)",1
0,53,488,transcoder,1,55,8874,transcoder,0.5501189231872559,0.3629247546195984,-0.18719416856765747,0.0,-0.3402794571819122,"Node(id=3_8874_55, type=transcoder, layer=1, feature=8874, pos=55)",1
0,53,488,transcoder,6,55,23,transcoder,0.9902805685997009,0.8499176502227783,-0.1403629183769226,0.0,-0.1417405559874832,"Node(id=13_23_55, type=transcoder, layer=6, feature=23, pos=55)",1
0,53,488,transcoder,8,54,9517,transcoder,0.4715726673603058,0.4167461693286896,-0.05482649803161621,0.0,-0.11626309543874803,"Node(id=17_9517_54, type=transcoder, layer=8, feature=9517, pos=54)",1
0,53,488,transcoder,10,55,10622,transcoder,0.2998685836791992,0.0,-0.2998685836791992,0.0,-1.0,"Node(id=21_10622_55, type=transcoder, layer=10, feature=10622, pos=55)",1
0,53,488,transcoder,9,55,13128,transcoder,0.3520200252532959,0.2580887973308563,-0.09393122792243958,0.0,-0.26683489910794533,"Node(id=19_13128_55, type=transcoder, layer=9, feature=13128, pos=55)",1
0,53,488,transcoder,1,54,2519,transcoder,0.6752148270606995,0.5789214372634888,-0.0962933897972107,0.0,-0.14261148591240022,"Node(id=3_2519_54, type=transcoder, layer=1, feature=2519, pos=54)",1
0,53,488,transcoder,14,55,1214,transcoder,0.7802796959877014,0.38369935750961304,-0.3965803384780884,0.0,-0.5082540792966362,"Node(id=29_1214_55, type=transcoder, layer=14, feature=1214, pos=55)",1
0,53,488,transcoder,9,55,7448,transcoder,0.2919863760471344,0.22279252111911774,-0.06919385492801666,0.0,-0.23697631329499746,"Node(id=19_7448_55, type=transcoder, layer=9, feature=7448, pos=55)",1
0,53,488,transcoder,10,55,15174,transcoder,0.40954360365867615,0.29318952560424805,-0.1163540780544281,0.0,-0.28410669099693836,"Node(id=21_15174_55, type=transcoder, layer=10, feature=15174, pos=55)",1
0,53,488,transcoder,7,54,13289,transcoder,0.9898383617401123,0.7788389921188354,-0.21099936962127686,0.0,-0.21316548011974903,"Node(id=15_13289_54, type=transcoder, layer=7, feature=13289, pos=54)",1
0,53,488,transcoder,3,62,11384,lorsa,8.462882995605469,0.0,-8.462882995605469,0.0,-1.0,"Node(id=6_11384_62, type=lorsa, layer=3, feature=11384, pos=62)",1
0,53,488,transcoder,5,55,13666,transcoder,0.33196818828582764,0.2928750813007355,-0.03909310698509216,0.0,-0.11776160597482503,"Node(id=11_13666_55, type=transcoder, layer=5, feature=13666, pos=55)",1
0,53,488,transcoder,8,55,7940,transcoder,0.6999607682228088,0.18178679049015045,-0.5181739777326584,0.0,-0.7402900294659304,"Node(id=17_7940_55, type=transcoder, layer=8, feature=7940, pos=55)",1
0,53,488,transcoder,14,23,11103,transcoder,1.1049634218215942,0.9394543766975403,-0.16550904512405396,0.0,-0.14978689959818128,"Node(id=29_11103_23, type=transcoder, layer=14, feature=11103, pos=23)",1
0,53,488,transcoder,14,55,11920,transcoder,0.7073771357536316,0.0,-0.7073771357536316,0.0,-1.0,"Node(id=29_11920_55, type=transcoder, layer=14, feature=11920, pos=55)",1
0,53,488,transcoder,10,55,546,transcoder,0.65244460105896,0.49639496207237244,-0.15604963898658752,0.0,-0.23917684157905333,"Node(id=21_546_55, type=transcoder, layer=10, feature=546, pos=55)",1
0,53,488,transcoder,7,54,14952,lorsa,4.527721881866455,0.0,-4.527721881866455,0.0,-1.0,"Node(id=14_14952_54, type=lorsa, layer=7, feature=14952, pos=54)",1
0,3,10273,lorsa,2,55,11309,transcoder,0.29157570004463196,0.0,-0.29157570004463196,0.0,-1.0,"Node(id=5_11309_55, type=transcoder, layer=2, feature=11309, pos=55)",1
0,3,10273,lorsa,14,55,15619,transcoder,1.2117552757263184,1.0813966989517212,-0.13035857677459717,0.0,-0.10757830346268644,"Node(id=29_15619_55, type=transcoder, layer=14, feature=15619, pos=55)",1
0,5,13486,transcoder,14,55,15619,transcoder,1.2117552757263184,0.9420483708381653,-0.2697069048881531,0.0,-0.2225753914927191,"Node(id=29_15619_55, type=transcoder, layer=14, feature=15619, pos=55)",1
0,5,13486,transcoder,1,55,15014,lorsa,0.4733544886112213,0.0,-0.4733544886112213,0.0,-1.0,"Node(id=2_15014_55, type=lorsa, layer=1, feature=15014, pos=55)",1
0,5,13486,transcoder,3,54,9407,transcoder,0.9804326891899109,0.8738223910331726,-0.10661029815673828,0.0,-0.10873800856724367,"Node(id=7_9407_54, type=transcoder, layer=3, feature=9407, pos=54)",1
0,5,13486,transcoder,8,55,2551,lorsa,2.676435947418213,2.394822120666504,-0.281613826751709,0.0,-0.10521971468189399,"Node(id=16_2551_55, type=lorsa, layer=8, feature=2551, pos=55)",1
0,5,13486,transcoder,6,50,7455,transcoder,0.7886064052581787,0.6815454363822937,-0.10706096887588501,0.0,-0.13575969984777736,"Node(id=13_7455_50, type=transcoder, layer=6, feature=7455, pos=50)",1
0,5,13486,transcoder,10,55,11535,transcoder,0.6737499833106995,0.6040939092636108,-0.06965607404708862,0.0,-0.10338564122081285,"Node(id=21_11535_55, type=transcoder, layer=10, feature=11535, pos=55)",1
0,5,13486,transcoder,14,55,5916,transcoder,0.3695855438709259,0.3104848265647888,-0.059100717306137085,0.0,-0.15991079274133468,"Node(id=29_5916_55, type=transcoder, layer=14, feature=5916, pos=55)",1
0,5,13486,transcoder,4,55,16341,lorsa,0.9263823628425598,0.0,-0.9263823628425598,0.0,-1.0,"Node(id=8_16341_55, type=lorsa, layer=4, feature=16341, pos=55)",1
0,5,13486,transcoder,9,55,13128,transcoder,0.3520200252532959,0.23051418364048004,-0.12150584161281586,0.0,-0.3451674134884411,"Node(id=19_13128_55, type=transcoder, layer=9, feature=13128, pos=55)",1
0,5,13486,transcoder,13,63,7466,transcoder,0.8295653462409973,0.7145510315895081,-0.11501431465148926,0.0,-0.13864406845422447,"Node(id=27_7466_63, type=transcoder, layer=13, feature=7466, pos=63)",1
0,5,13486,transcoder,9,55,7448,transcoder,0.2919863760471344,0.23727360367774963,-0.054712772369384766,0.0,-0.1873812508312123,"Node(id=19_7448_55, type=transcoder, layer=9, feature=7448, pos=55)",1
0,5,13486,transcoder,7,54,13289,transcoder,0.9898383617401123,0.8559960126876831,-0.1338423490524292,0.0,-0.13521636887980126,"Node(id=15_13289_54, type=transcoder, layer=7, feature=13289, pos=54)",1
0,51,2952,transcoder,4,19,8194,transcoder,1.4070217609405518,1.093865156173706,-0.3131566047668457,0.0,-0.22256699466930058,"Node(id=9_8194_19, type=transcoder, layer=4, feature=8194, pos=19)",1
0,51,2952,transcoder,6,19,2562,transcoder,1.826368808746338,1.5324013233184814,-0.29396748542785645,0.0,-0.1609573510126044,"Node(id=13_2562_19, type=transcoder, layer=6, feature=2562, pos=19)",1
0,51,2952,transcoder,6,54,6679,transcoder,1.2186368703842163,0.9170279502868652,-0.3016089200973511,0.0,-0.24749695945294903,"Node(id=13_6679_54, type=transcoder, layer=6, feature=6679, pos=54)",1
0,51,2952,transcoder,14,23,5634,transcoder,3.0851762294769287,2.5983760356903076,-0.4868001937866211,0.0,-0.15778683536309848,"Node(id=29_5634_23, type=transcoder, layer=14, feature=5634, pos=23)",1
0,51,2952,transcoder,1,23,1321,transcoder,0.8943891525268555,0.514775276184082,-0.37961387634277344,0.0,-0.4244392670352461,"Node(id=3_1321_23, type=transcoder, layer=1, feature=1321, pos=23)",1
0,51,2952,transcoder,14,55,11103,transcoder,0.5930737257003784,0.0,-0.5930737257003784,0.0,-1.0,"Node(id=29_11103_55, type=transcoder, layer=14, feature=11103, pos=55)",1
0,51,2952,transcoder,6,55,7034,transcoder,0.6798377633094788,0.40000641345977783,-0.2798313498497009,0.0,-0.4116148954236819,"Node(id=13_7034_55, type=transcoder, layer=6, feature=7034, pos=55)",1
0,51,2952,transcoder,7,54,14452,transcoder,4.643435478210449,4.086573123931885,-0.5568623542785645,0.0,-0.11992464564042477,"Node(id=15_14452_54, type=transcoder, layer=7, feature=14452, pos=54)",1
0,51,2952,transcoder,2,55,11401,lorsa,1.9274051189422607,0.9851040244102478,-0.9423010945320129,0.0,-0.48889622906529256,"Node(id=4_11401_55, type=lorsa, layer=2, feature=11401, pos=55)",1
0,51,2952,transcoder,1,23,1816,transcoder,0.8825504183769226,0.4116586744785309,-0.4708917438983917,0.0,-0.5335578954960981,"Node(id=3_1816_23, type=transcoder, layer=1, feature=1816, pos=23)",1
0,51,2952,transcoder,3,55,12235,lorsa,2.4719231128692627,0.0,-2.4719231128692627,0.0,-1.0,"Node(id=6_12235_55, type=lorsa, layer=3, feature=12235, pos=55)",1
0,51,2952,transcoder,10,1,10273,transcoder,28.066740036010742,15.985068321228027,-12.081671714782715,0.0,-0.43046223748399176,"Node(id=21_10273_1, type=transcoder, layer=10, feature=10273, pos=1)",1
0,51,2952,transcoder,7,63,3804,transcoder,1.3894561529159546,1.0654062032699585,-0.3240499496459961,0.0,-0.23322070938757952,"Node(id=15_3804_63, type=transcoder, layer=7, feature=3804, pos=63)",1
0,51,2952,transcoder,2,55,4901,transcoder,1.173736810684204,0.8846012949943542,-0.28913551568984985,0.0,-0.24633760572040392,"Node(id=5_4901_55, type=transcoder, layer=2, feature=4901, pos=55)",1
0,51,2952,transcoder,2,55,11309,transcoder,0.29157570004463196,0.0,-0.29157570004463196,0.0,-1.0,"Node(id=5_11309_55, type=transcoder, layer=2, feature=11309, pos=55)",1
0,51,2952,transcoder,14,55,16044,lorsa,2.606524705886841,1.2358393669128418,-1.370685338973999,0.0,-0.5258670043979647,"Node(id=28_16044_55, type=lorsa, layer=14, feature=16044, pos=55)",1
0,51,2952,transcoder,14,55,3391,transcoder,0.7034270167350769,0.0,-0.7034270167350769,0.0,-1.0,"Node(id=29_3391_55, type=transcoder, layer=14, feature=3391, pos=55)",1
0,51,2952,transcoder,11,55,2278,transcoder,0.4227127730846405,0.0,-0.4227127730846405,0.0,-1.0,"Node(id=23_2278_55, type=transcoder, layer=11, feature=2278, pos=55)",1
0,51,2952,transcoder,1,55,7963,transcoder,0.6885604858398438,0.6064075231552124,-0.08215296268463135,0.0,-0.11931117799248762,"Node(id=3_7963_55, type=transcoder, layer=1, feature=7963, pos=55)",1
0,51,2952,transcoder,8,1,11854,transcoder,18.707630157470703,11.641465187072754,-7.066164970397949,0.0,-0.3777156652616498,"Node(id=17_11854_1, type=transcoder, layer=8, feature=11854, pos=1)",1
0,51,2952,transcoder,14,55,15619,transcoder,1.2117552757263184,0.0,-1.2117552757263184,0.0,-1.0,"Node(id=29_15619_55, type=transcoder, layer=14, feature=15619, pos=55)",1
0,51,2952,transcoder,3,55,12206,lorsa,1.9337397813796997,0.0,-1.9337397813796997,0.0,-1.0,"Node(id=6_12206_55, type=lorsa, layer=3, feature=12206, pos=55)",1
0,51,2952,transcoder,9,55,12666,transcoder,0.6803210973739624,0.5327193737030029,-0.14760172367095947,0.0,-0.21695890990401698,"Node(id=19_12666_55, type=transcoder, layer=9, feature=12666, pos=55)",1
0,51,2952,transcoder,7,55,14502,lorsa,2.268876075744629,1.5606683492660522,-0.7082077264785767,0.0,-0.3121403297648806,"Node(id=14_14502_55, type=lorsa, layer=7, feature=14502, pos=55)",1
0,51,2952,transcoder,8,55,9586,lorsa,2.2772367000579834,1.7806248664855957,-0.4966118335723877,0.0,-0.2180765106937469,"Node(id=16_9586_55, type=lorsa, layer=8, feature=9586, pos=55)",1
0,51,2952,transcoder,4,55,9914,transcoder,0.5230033993721008,0.0,-0.5230033993721008,0.0,-1.0,"Node(id=9_9914_55, type=transcoder, layer=4, feature=9914, pos=55)",1
0,51,2952,transcoder,1,55,15014,lorsa,0.4733544886112213,0.0,-0.4733544886112213,0.0,-1.0,"Node(id=2_15014_55, type=lorsa, layer=1, feature=15014, pos=55)",1
0,51,2952,transcoder,8,55,2551,lorsa,2.676435947418213,0.0,-2.676435947418213,0.0,-1.0,"Node(id=16_2551_55, type=lorsa, layer=8, feature=2551, pos=55)",1
0,51,2952,transcoder,7,55,13128,transcoder,0.5602725148200989,0.4472714066505432,-0.11300110816955566,0.0,-0.2016895442494441,"Node(id=15_13128_55, type=transcoder, layer=7, feature=13128, pos=55)",1
0,51,2952,transcoder,8,55,9724,transcoder,0.20959925651550293,0.0,-0.20959925651550293,0.0,-1.0,"Node(id=17_9724_55, type=transcoder, layer=8, feature=9724, pos=55)",1
0,51,2952,transcoder,3,55,11167,transcoder,0.2644384503364563,0.0,-0.2644384503364563,0.0,-1.0,"Node(id=7_11167_55, type=transcoder, layer=3, feature=11167, pos=55)",1
0,51,2952,transcoder,8,2,11854,transcoder,15.785051345825195,9.017627716064453,-6.767423629760742,0.0,-0.4287235740636713,"Node(id=17_11854_2, type=transcoder, layer=8, feature=11854, pos=2)",1
0,51,2952,transcoder,13,55,15835,transcoder,0.3478931784629822,0.0,-0.3478931784629822,0.0,-1.0,"Node(id=27_15835_55, type=transcoder, layer=13, feature=15835, pos=55)",1
0,51,2952,transcoder,5,63,12930,transcoder,2.3792543411254883,1.7742897272109985,-0.6049646139144897,0.0,-0.25426647477642755,"Node(id=11_12930_63, type=transcoder, layer=5, feature=12930, pos=63)",1
0,51,2952,transcoder,4,55,9531,transcoder,0.5060067176818848,0.0,-0.5060067176818848,0.0,-1.0,"Node(id=9_9531_55, type=transcoder, layer=4, feature=9531, pos=55)",1
0,51,2952,transcoder,2,55,2440,lorsa,1.7886356115341187,1.0656338930130005,-0.7230017185211182,0.0,-0.4042196822308582,"Node(id=4_2440_55, type=lorsa, layer=2, feature=2440, pos=55)",1
0,51,2952,transcoder,12,55,6669,transcoder,0.8420363068580627,0.0,-0.8420363068580627,0.0,-1.0,"Node(id=25_6669_55, type=transcoder, layer=12, feature=6669, pos=55)",1
0,51,2952,transcoder,10,55,11535,transcoder,0.6737499833106995,0.5843890309333801,-0.08936095237731934,0.0,-0.13263221460609756,"Node(id=21_11535_55, type=transcoder, layer=10, feature=11535, pos=55)",1
0,51,2952,transcoder,1,55,8874,transcoder,0.5501189231872559,0.4807445704936981,-0.06937435269355774,0.0,-0.12610791915976918,"Node(id=3_8874_55, type=transcoder, layer=1, feature=8874, pos=55)",1
0,51,2952,transcoder,13,55,5819,transcoder,0.5956785082817078,0.2815099358558655,-0.3141685724258423,0.0,-0.5274129720276327,"Node(id=27_5819_55, type=transcoder, layer=13, feature=5819, pos=55)",1
0,51,2952,transcoder,2,54,12504,transcoder,0.6575953364372253,0.5033172965049744,-0.15427803993225098,0.0,-0.2346093887589157,"Node(id=5_12504_54, type=transcoder, layer=2, feature=12504, pos=54)",1
0,51,2952,transcoder,6,55,23,transcoder,0.9902805685997009,0.5063707828521729,-0.4839097857475281,0.0,-0.4886592760593063,"Node(id=13_23_55, type=transcoder, layer=6, feature=23, pos=55)",1
0,51,2952,transcoder,8,54,9517,transcoder,0.4715726673603058,0.29566872119903564,-0.17590394616127014,0.0,-0.3730155675601751,"Node(id=17_9517_54, type=transcoder, layer=8, feature=9517, pos=54)",1
0,51,2952,transcoder,3,55,4439,transcoder,0.30011671781539917,0.0,-0.30011671781539917,0.0,-1.0,"Node(id=7_4439_55, type=transcoder, layer=3, feature=4439, pos=55)",1
0,51,2952,transcoder,2,55,2823,transcoder,0.23902328312397003,0.0,-0.23902328312397003,0.0,-1.0,"Node(id=5_2823_55, type=transcoder, layer=2, feature=2823, pos=55)",1
0,51,2952,transcoder,10,55,10622,transcoder,0.2998685836791992,0.17371875047683716,-0.12614983320236206,0.0,-0.4206837263663396,"Node(id=21_10622_55, type=transcoder, layer=10, feature=10622, pos=55)",1
0,51,2952,transcoder,2,6,13953,transcoder,1.7135149240493774,1.4187846183776855,-0.2947303056716919,0.0,-0.1720033491013813,"Node(id=5_13953_6, type=transcoder, layer=2, feature=13953, pos=6)",1
0,51,2952,transcoder,4,55,16341,lorsa,0.9263823628425598,0.0,-0.9263823628425598,0.0,-1.0,"Node(id=8_16341_55, type=lorsa, layer=4, feature=16341, pos=55)",1
0,51,2952,transcoder,8,63,2167,transcoder,2.175069808959961,1.9371840953826904,-0.2378857135772705,0.0,-0.10936923155170766,"Node(id=17_2167_63, type=transcoder, layer=8, feature=2167, pos=63)",1
0,51,2952,transcoder,13,55,7425,transcoder,0.6321931481361389,0.4022895395755768,-0.22990360856056213,0.0,-0.36366039277454143,"Node(id=27_7425_55, type=transcoder, layer=13, feature=7425, pos=55)",1
0,51,2952,transcoder,1,23,1358,transcoder,0.7991279363632202,0.5213151574134827,-0.27781277894973755,0.0,-0.3476449343193352,"Node(id=3_1358_23, type=transcoder, layer=1, feature=1358, pos=23)",1
0,51,2952,transcoder,1,55,2396,lorsa,0.5269799828529358,0.0,-0.5269799828529358,0.0,-1.0,"Node(id=2_2396_55, type=lorsa, layer=1, feature=2396, pos=55)",1
0,51,2952,transcoder,13,55,10331,transcoder,0.5097225308418274,0.4049822986125946,-0.10474023222923279,0.0,-0.20548479985032259,"Node(id=27_10331_55, type=transcoder, layer=13, feature=10331, pos=55)",1
0,51,2952,transcoder,9,55,7448,transcoder,0.2919863760471344,0.0,-0.2919863760471344,0.0,-1.0,"Node(id=19_7448_55, type=transcoder, layer=9, feature=7448, pos=55)",1
0,51,2952,transcoder,10,55,15174,transcoder,0.40954360365867615,0.3009949028491974,-0.10854870080947876,0.0,-0.26504797008121744,"Node(id=21_15174_55, type=transcoder, layer=10, feature=15174, pos=55)",1
0,51,2952,transcoder,11,55,8862,transcoder,0.643543541431427,0.34887903928756714,-0.29466450214385986,0.0,-0.45787811262691064,"Node(id=23_8862_55, type=transcoder, layer=11, feature=8862, pos=55)",1
0,51,2952,transcoder,8,55,3569,transcoder,0.576390266418457,0.37860915064811707,-0.19778111577033997,0.0,-0.3431375012616047,"Node(id=17_3569_55, type=transcoder, layer=8, feature=3569, pos=55)",1
0,51,2952,transcoder,7,54,13289,transcoder,0.9898383617401123,0.6509582996368408,-0.3388800621032715,0.0,-0.3423589903179024,"Node(id=15_13289_54, type=transcoder, layer=7, feature=13289, pos=54)",1
0,51,2952,transcoder,1,51,11331,transcoder,0.7390512824058533,0.0,-0.7390512824058533,0.0,-1.0,"Node(id=3_11331_51, type=transcoder, layer=1, feature=11331, pos=51)",1
0,51,2952,transcoder,3,62,11384,lorsa,8.462882995605469,7.149542331695557,-1.313340663909912,0.0,-0.15518832820823494,"Node(id=6_11384_62, type=lorsa, layer=3, feature=11384, pos=62)",1
0,51,2952,transcoder,10,1,5090,transcoder,17.671863555908203,9.77138900756836,-7.900474548339844,0.0,-0.44706516227591014,"Node(id=21_5090_1, type=transcoder, layer=10, feature=5090, pos=1)",1
0,51,2952,transcoder,5,55,13666,transcoder,0.33196818828582764,0.0,-0.33196818828582764,0.0,-1.0,"Node(id=11_13666_55, type=transcoder, layer=5, feature=13666, pos=55)",1
0,51,2952,transcoder,8,55,7940,transcoder,0.6999607682228088,0.25563907623291016,-0.4443216919898987,0.0,-0.634780850815433,"Node(id=17_7940_55, type=transcoder, layer=8, feature=7940, pos=55)",1
0,51,2952,transcoder,8,8,11854,transcoder,22.290363311767578,20.05851936340332,-2.231843948364258,0.0,-0.10012595654670275,"Node(id=17_11854_8, type=transcoder, layer=8, feature=11854, pos=8)",1
0,51,2952,transcoder,10,55,3280,transcoder,0.24856069684028625,0.0,-0.24856069684028625,0.0,-1.0,"Node(id=21_3280_55, type=transcoder, layer=10, feature=3280, pos=55)",1
0,51,2952,transcoder,14,55,11920,transcoder,0.7073771357536316,0.0,-0.7073771357536316,0.0,-1.0,"Node(id=29_11920_55, type=transcoder, layer=14, feature=11920, pos=55)",1
0,51,2952,transcoder,5,55,16275,lorsa,1.9964919090270996,0.0,-1.9964919090270996,0.0,-1.0,"Node(id=10_16275_55, type=lorsa, layer=5, feature=16275, pos=55)",1
0,51,2952,transcoder,1,51,11218,transcoder,0.6390401721000671,0.0,-0.6390401721000671,0.0,-1.0,"Node(id=3_11218_51, type=transcoder, layer=1, feature=11218, pos=51)",1
0,51,2952,transcoder,2,63,14106,transcoder,1.4190014600753784,1.2646446228027344,-0.15435683727264404,0.0,-0.10877849080186605,"Node(id=5_14106_63, type=transcoder, layer=2, feature=14106, pos=63)",1
0,51,2952,transcoder,10,2,10273,transcoder,24.12562370300293,9.163463592529297,-14.962160110473633,0.0,-0.6201771317775832,"Node(id=21_10273_2, type=transcoder, layer=10, feature=10273, pos=2)",1
0,5,10273,lorsa,1,55,15014,lorsa,0.4733544886112213,0.0,-0.4733544886112213,0.0,-1.0,"Node(id=2_15014_55, type=lorsa, layer=1, feature=15014, pos=55)",1
0,51,13740,lorsa,2,55,11309,transcoder,0.29157570004463196,0.0,-0.29157570004463196,0.0,-1.0,"Node(id=5_11309_55, type=transcoder, layer=2, feature=11309, pos=55)",1
0,51,13740,lorsa,14,55,1214,transcoder,0.7802796959877014,0.6657558083534241,-0.11452388763427734,0.0,-0.14677286647746174,"Node(id=29_1214_55, type=transcoder, layer=14, feature=1214, pos=55)",1
0,51,13740,lorsa,0,51,3106,transcoder,0.5610666871070862,0.2900710701942444,-0.2709956169128418,0.0,-0.4830007254754711,"Node(id=1_3106_51, type=transcoder, layer=0, feature=3106, pos=51)",1
0,51,13740,lorsa,1,51,11331,transcoder,0.7390512824058533,0.5067070126533508,-0.23234426975250244,0.0,-0.31438179634320634,"Node(id=3_11331_51, type=transcoder, layer=1, feature=11331, pos=51)",1
0,51,13740,lorsa,5,55,13666,transcoder,0.33196818828582764,0.2971459627151489,-0.03482222557067871,0.0,-0.1048962725931331,"Node(id=11_13666_55, type=transcoder, layer=5, feature=13666, pos=55)",1
0,51,13740,lorsa,0,51,2952,transcoder,1.7277238368988037,1.5041389465332031,-0.22358489036560059,0.0,-0.1294100860279422,"Node(id=1_2952_51, type=transcoder, layer=0, feature=2952, pos=51)",1
1,55,8511,transcoder,2,55,7624,lorsa,3.8822731971740723,3.4871292114257812,-0.395143985748291,0.0,-0.10178160208712732,"Node(id=4_7624_55, type=lorsa, layer=2, feature=7624, pos=55)",1
1,55,8511,transcoder,2,55,13261,transcoder,0.6239655017852783,0.5289690494537354,-0.09499645233154297,0.0,-0.15224632140677796,"Node(id=5_13261_55, type=transcoder, layer=2, feature=13261, pos=55)",1
1,55,8511,transcoder,10,55,11535,transcoder,0.6737499833106995,0.6051225066184998,-0.06862747669219971,0.0,-0.10185896607369886,"Node(id=21_11535_55, type=transcoder, layer=10, feature=11535, pos=55)",1
1,55,8511,transcoder,2,55,14393,transcoder,0.4859774708747864,0.43011313676834106,-0.05586433410644531,0.0,-0.11495251828420444,"Node(id=5_14393_55, type=transcoder, layer=2, feature=14393, pos=55)",1
1,55,8511,transcoder,9,55,13128,transcoder,0.3520200252532959,0.3009624183177948,-0.0510576069355011,0.0,-0.14504176828793366,"Node(id=19_13128_55, type=transcoder, layer=9, feature=13128, pos=55)",1
1,55,8511,transcoder,3,54,6230,transcoder,0.7401818633079529,0.6367225050926208,-0.10345935821533203,0.0,-0.1397755921132152,"Node(id=7_6230_54, type=transcoder, layer=3, feature=6230, pos=54)",1
1,55,8511,transcoder,9,55,7448,transcoder,0.2919863760471344,0.25826534628868103,-0.03372102975845337,0.0,-0.11548836700863706,"Node(id=19_7448_55, type=transcoder, layer=9, feature=7448, pos=55)",1
1,55,8511,transcoder,14,55,11920,transcoder,0.7073771357536316,0.6225982904434204,-0.08477884531021118,0.0,-0.11984956966397954,"Node(id=29_11920_55, type=transcoder, layer=14, feature=11920, pos=55)",1
0,3,13486,transcoder,2,55,11309,transcoder,0.29157570004463196,0.0,-0.29157570004463196,0.0,-1.0,"Node(id=5_11309_55, type=transcoder, layer=2, feature=11309, pos=55)",1
0,3,13486,transcoder,14,55,15619,transcoder,1.2117552757263184,0.523593544960022,-0.6881617307662964,0.0,-0.5679048769594311,"Node(id=29_15619_55, type=transcoder, layer=14, feature=15619, pos=55)",1
0,3,13486,transcoder,1,55,15014,lorsa,0.4733544886112213,0.0,-0.4733544886112213,0.0,-1.0,"Node(id=2_15014_55, type=lorsa, layer=1, feature=15014, pos=55)",1
0,3,13486,transcoder,3,54,9407,transcoder,0.9804326891899109,0.8113595247268677,-0.1690731644630432,0.0,-0.17244749825991731,"Node(id=7_9407_54, type=transcoder, layer=3, feature=9407, pos=54)",1
0,3,13486,transcoder,6,50,7455,transcoder,0.7886064052581787,0.629297137260437,-0.1593092679977417,0.0,-0.2020136622471207,"Node(id=13_7455_50, type=transcoder, layer=6, feature=7455, pos=50)",1
0,3,13486,transcoder,14,23,10814,transcoder,1.869791030883789,1.6117299795150757,-0.2580610513687134,0.0,-0.13801598526587025,"Node(id=29_10814_23, type=transcoder, layer=14, feature=10814, pos=23)",1
0,3,13486,transcoder,6,55,23,transcoder,0.9902805685997009,0.8098670244216919,-0.18041354417800903,0.0,-0.18218427170909907,"Node(id=13_23_55, type=transcoder, layer=6, feature=23, pos=55)",1
0,3,13486,transcoder,3,55,4439,transcoder,0.30011671781539917,0.2671359181404114,-0.03298079967498779,0.0,-0.10989324391876822,"Node(id=7_4439_55, type=transcoder, layer=3, feature=4439, pos=55)",1
0,3,13486,transcoder,14,55,5916,transcoder,0.3695855438709259,0.24476128816604614,-0.12482425570487976,0.0,-0.3377411746073959,"Node(id=29_5916_55, type=transcoder, layer=14, feature=5916, pos=55)",1
0,3,13486,transcoder,4,55,16341,lorsa,0.9263823628425598,0.8002400994300842,-0.12614226341247559,0.0,-0.13616652094434753,"Node(id=8_16341_55, type=lorsa, layer=4, feature=16341, pos=55)",1
0,3,13486,transcoder,9,55,13128,transcoder,0.3520200252532959,0.2290627658367157,-0.1229572594165802,0.0,-0.34929052495836377,"Node(id=19_13128_55, type=transcoder, layer=9, feature=13128, pos=55)",1
0,3,13486,transcoder,13,63,7466,transcoder,0.8295653462409973,0.7221356630325317,-0.10742968320846558,0.0,-0.12950117033608122,"Node(id=27_7466_63, type=transcoder, layer=13, feature=7466, pos=63)",1
0,3,13486,transcoder,9,55,7448,transcoder,0.2919863760471344,0.0,-0.2919863760471344,0.0,-1.0,"Node(id=19_7448_55, type=transcoder, layer=9, feature=7448, pos=55)",1
0,3,13486,transcoder,8,55,3569,transcoder,0.576390266418457,0.5062037706375122,-0.07018649578094482,0.0,-0.1217690510581761,"Node(id=17_3569_55, type=transcoder, layer=8, feature=3569, pos=55)",1
0,3,13486,transcoder,7,54,13289,transcoder,0.9898383617401123,0.7556886672973633,-0.23414969444274902,0.0,-0.23655346518508277,"Node(id=15_13289_54, type=transcoder, layer=7, feature=13289, pos=54)",1
0,3,13486,transcoder,14,23,11103,transcoder,1.1049634218215942,0.8537412285804749,-0.2512221932411194,0.0,-0.22735792722166812,"Node(id=29_11103_23, type=transcoder, layer=14, feature=11103, pos=23)",1
0,3,13486,transcoder,10,55,3280,transcoder,0.24856069684028625,0.0,-0.24856069684028625,0.0,-1.0,"Node(id=21_3280_55, type=transcoder, layer=10, feature=3280, pos=55)",1
0,55,11076,transcoder,14,55,138,transcoder,5.991324424743652,5.200662612915039,-0.7906618118286133,0.0,-0.131967784712717,"Node(id=29_138_55, type=transcoder, layer=14, feature=138, pos=55)",1
0,55,11076,transcoder,6,23,4099,transcoder,2.014463186264038,1.6494992971420288,-0.3649638891220093,0.0,-0.181171783932602,"Node(id=13_4099_23, type=transcoder, layer=6, feature=4099, pos=23)",1
0,55,11076,transcoder,1,55,1377,transcoder,0.5498209595680237,0.0,-0.5498209595680237,0.0,-1.0,"Node(id=3_1377_55, type=transcoder, layer=1, feature=1377, pos=55)",1
0,55,11076,transcoder,2,55,11401,lorsa,1.9274051189422607,1.6418983936309814,-0.2855067253112793,0.0,-0.1481301063825971,"Node(id=4_11401_55, type=lorsa, layer=2, feature=11401, pos=55)",1
0,55,11076,transcoder,4,23,3675,transcoder,0.6166015863418579,0.5344604849815369,-0.08214110136032104,0.0,-0.13321584501208233,"Node(id=9_3675_23, type=transcoder, layer=4, feature=3675, pos=23)",1
0,55,11076,transcoder,3,55,12235,lorsa,2.4719231128692627,2.009843587875366,-0.4620795249938965,0.0,-0.1869311883481448,"Node(id=6_12235_55, type=lorsa, layer=3, feature=12235, pos=55)",1
0,55,11076,transcoder,5,55,2419,transcoder,0.6756512522697449,0.46854057908058167,-0.2071106731891632,0.0,-0.3065348765260291,"Node(id=11_2419_55, type=transcoder, layer=5, feature=2419, pos=55)",1
0,55,11076,transcoder,10,1,10273,transcoder,28.066740036010742,24.839086532592773,-3.2276535034179688,0.0,-0.11499923038004276,"Node(id=21_10273_1, type=transcoder, layer=10, feature=10273, pos=1)",1
0,55,11076,transcoder,2,55,4901,transcoder,1.173736810684204,0.9886894822120667,-0.18504732847213745,0.0,-0.15765657751184287,"Node(id=5_4901_55, type=transcoder, layer=2, feature=4901, pos=55)",1
0,55,11076,transcoder,12,23,15674,transcoder,0.6342616677284241,0.47118717432022095,-0.16307449340820312,0.0,-0.2571091738717967,"Node(id=25_15674_23, type=transcoder, layer=12, feature=15674, pos=23)",1
0,55,11076,transcoder,1,55,8308,lorsa,1.5582549571990967,1.3578181266784668,-0.20043683052062988,0.0,-0.12862903441738915,"Node(id=2_8308_55, type=lorsa, layer=1, feature=8308, pos=55)",1
0,55,11076,transcoder,1,55,1824,transcoder,0.6892250180244446,0.43268463015556335,-0.2565403878688812,0.0,-0.3722157222386007,"Node(id=3_1824_55, type=transcoder, layer=1, feature=1824, pos=55)",1
0,55,11076,transcoder,14,55,3391,transcoder,0.7034270167350769,0.4406946301460266,-0.2627323865890503,0.0,-0.37350340595177906,"Node(id=29_3391_55, type=transcoder, layer=14, feature=3391, pos=55)",1
0,55,11076,transcoder,11,55,2278,transcoder,0.4227127730846405,0.2571905255317688,-0.1655222475528717,0.0,-0.39157143595405125,"Node(id=23_2278_55, type=transcoder, layer=11, feature=2278, pos=55)",1
0,55,11076,transcoder,14,55,15619,transcoder,1.2117552757263184,0.7906191945075989,-0.4211360812187195,0.0,-0.3475421891324494,"Node(id=29_15619_55, type=transcoder, layer=14, feature=15619, pos=55)",1
0,55,11076,transcoder,2,55,13261,transcoder,0.6239655017852783,0.42193368077278137,-0.20203182101249695,0.0,-0.32378684468043073,"Node(id=5_13261_55, type=transcoder, layer=2, feature=13261, pos=55)",1
0,55,11076,transcoder,13,55,3932,transcoder,0.7734141945838928,0.35812661051750183,-0.415287584066391,0.0,-0.536953662054032,"Node(id=27_3932_55, type=transcoder, layer=13, feature=3932, pos=55)",1
0,55,11076,transcoder,9,55,12666,transcoder,0.6803210973739624,0.5344992876052856,-0.14582180976867676,0.0,-0.21434262487456077,"Node(id=19_12666_55, type=transcoder, layer=9, feature=12666, pos=55)",1
0,55,11076,transcoder,1,23,6844,transcoder,0.542878270149231,0.48450106382369995,-0.058377206325531006,0.0,-0.10753277398537943,"Node(id=3_6844_23, type=transcoder, layer=1, feature=6844, pos=23)",1
0,55,11076,transcoder,8,55,2551,lorsa,2.676435947418213,0.0,-2.676435947418213,0.0,-1.0,"Node(id=16_2551_55, type=lorsa, layer=8, feature=2551, pos=55)",1
0,55,11076,transcoder,6,55,15671,transcoder,5.856712341308594,3.59291410446167,-2.263798236846924,0.0,-0.3865305490385605,"Node(id=13_15671_55, type=transcoder, layer=6, feature=15671, pos=55)",1
0,55,11076,transcoder,7,55,13128,transcoder,0.5602725148200989,0.0,-0.5602725148200989,0.0,-1.0,"Node(id=15_13128_55, type=transcoder, layer=7, feature=13128, pos=55)",1
0,55,11076,transcoder,1,55,12154,transcoder,0.19804225862026215,0.16035477817058563,-0.037687480449676514,0.0,-0.19030019508079182,"Node(id=3_12154_55, type=transcoder, layer=1, feature=12154, pos=55)",1
0,55,11076,transcoder,10,55,11535,transcoder,0.6737499833106995,0.5158595442771912,-0.1578904390335083,0.0,-0.23434574091959154,"Node(id=21_11535_55, type=transcoder, layer=10, feature=11535, pos=55)",1
0,55,11076,transcoder,9,55,6254,transcoder,4.370347499847412,3.774750232696533,-0.5955972671508789,0.0,-0.13628144379175197,"Node(id=19_6254_55, type=transcoder, layer=9, feature=6254, pos=55)",1
0,55,11076,transcoder,13,55,5819,transcoder,0.5956785082817078,0.46156153082847595,-0.1341169774532318,0.0,-0.2251499350549094,"Node(id=27_5819_55, type=transcoder, layer=13, feature=5819, pos=55)",1
0,55,11076,transcoder,1,55,8260,lorsa,1.92356276512146,1.3664079904556274,-0.5571547746658325,0.0,-0.2896473069495354,"Node(id=2_8260_55, type=lorsa, layer=1, feature=8260, pos=55)",1
0,55,11076,transcoder,1,55,16036,lorsa,1.270075798034668,1.121886134147644,-0.14818966388702393,0.0,-0.11667781097500997,"Node(id=2_16036_55, type=lorsa, layer=1, feature=16036, pos=55)",1
0,55,11076,transcoder,6,55,23,transcoder,0.9902805685997009,0.3429972231388092,-0.6472833454608917,0.0,-0.6536363188224303,"Node(id=13_23_55, type=transcoder, layer=6, feature=23, pos=55)",1
0,55,11076,transcoder,8,54,9517,transcoder,0.4715726673603058,0.2697496712207794,-0.20182299613952637,0.0,-0.427978570660719,"Node(id=17_9517_54, type=transcoder, layer=8, feature=9517, pos=54)",1
0,55,11076,transcoder,3,55,4439,transcoder,0.30011671781539917,0.0,-0.30011671781539917,0.0,-1.0,"Node(id=7_4439_55, type=transcoder, layer=3, feature=4439, pos=55)",1
0,55,11076,transcoder,14,55,5916,transcoder,0.3695855438709259,0.0,-0.3695855438709259,0.0,-1.0,"Node(id=29_5916_55, type=transcoder, layer=14, feature=5916, pos=55)",1
0,55,11076,transcoder,1,55,9786,transcoder,0.7136760354042053,0.4886281490325928,-0.22504788637161255,0.0,-0.31533619626747306,"Node(id=3_9786_55, type=transcoder, layer=1, feature=9786, pos=55)",1
0,55,11076,transcoder,10,55,10622,transcoder,0.2998685836791992,0.21521174907684326,-0.08465683460235596,0.0,-0.28231311717843116,"Node(id=21_10622_55, type=transcoder, layer=10, feature=10622, pos=55)",1
0,55,11076,transcoder,4,55,16341,lorsa,0.9263823628425598,0.8269309997558594,-0.09945136308670044,0.0,-0.10735455150672203,"Node(id=8_16341_55, type=lorsa, layer=4, feature=16341, pos=55)",1
0,55,11076,transcoder,9,55,13128,transcoder,0.3520200252532959,0.0,-0.3520200252532959,0.0,-1.0,"Node(id=19_13128_55, type=transcoder, layer=9, feature=13128, pos=55)",1
0,55,11076,transcoder,9,63,13165,transcoder,2.440319061279297,1.8647205829620361,-0.5755984783172607,0.0,-0.23587017265501042,"Node(id=19_13165_63, type=transcoder, layer=9, feature=13165, pos=63)",1
0,55,11076,transcoder,1,55,11918,lorsa,1.2722526788711548,1.03534734249115,-0.23690533638000488,0.0,-0.18620934372109668,"Node(id=2_11918_55, type=lorsa, layer=1, feature=11918, pos=55)",1
0,55,11076,transcoder,14,55,1214,transcoder,0.7802796959877014,0.0,-0.7802796959877014,0.0,-1.0,"Node(id=29_1214_55, type=transcoder, layer=14, feature=1214, pos=55)",1
0,55,11076,transcoder,3,54,6230,transcoder,0.7401818633079529,0.616284191608429,-0.12389767169952393,0.0,-0.1673881485636676,"Node(id=7_6230_54, type=transcoder, layer=3, feature=6230, pos=54)",1
0,55,11076,transcoder,13,55,10331,transcoder,0.5097225308418274,0.0,-0.5097225308418274,0.0,-1.0,"Node(id=27_10331_55, type=transcoder, layer=13, feature=10331, pos=55)",1
0,55,11076,transcoder,1,55,2413,lorsa,1.1879911422729492,1.0545400381088257,-0.13345110416412354,0.0,-0.1123334168205963,"Node(id=2_2413_55, type=lorsa, layer=1, feature=2413, pos=55)",1
0,55,11076,transcoder,10,55,15174,transcoder,0.40954360365867615,0.21361908316612244,-0.1959245204925537,0.0,-0.47839721763996124,"Node(id=21_15174_55, type=transcoder, layer=10, feature=15174, pos=55)",1
0,55,11076,transcoder,11,55,8862,transcoder,0.643543541431427,0.28240448236465454,-0.36113905906677246,0.0,-0.5611726881191205,"Node(id=23_8862_55, type=transcoder, layer=11, feature=8862, pos=55)",1
0,55,11076,transcoder,8,55,3569,transcoder,0.576390266418457,0.47552916407585144,-0.10086110234260559,0.0,-0.17498751838633728,"Node(id=17_3569_55, type=transcoder, layer=8, feature=3569, pos=55)",1
0,55,11076,transcoder,4,55,15932,lorsa,2.069827079772949,1.810054063796997,-0.25977301597595215,0.0,-0.12550469481945714,"Node(id=8_15932_55, type=lorsa, layer=4, feature=15932, pos=55)",1
0,55,11076,transcoder,7,54,13289,transcoder,0.9898383617401123,0.688774824142456,-0.30106353759765625,0.0,-0.30415424299013194,"Node(id=15_13289_54, type=transcoder, layer=7, feature=13289, pos=54)",1
0,55,11076,transcoder,1,54,14103,transcoder,0.2923813760280609,0.0,-0.2923813760280609,0.0,-1.0,"Node(id=3_14103_54, type=transcoder, layer=1, feature=14103, pos=54)",1
0,55,11076,transcoder,10,1,5090,transcoder,17.671863555908203,15.676908493041992,-1.994955062866211,0.0,-0.11288877692806999,"Node(id=21_5090_1, type=transcoder, layer=10, feature=5090, pos=1)",1
0,55,11076,transcoder,10,55,3280,transcoder,0.24856069684028625,0.0,-0.24856069684028625,0.0,-1.0,"Node(id=21_3280_55, type=transcoder, layer=10, feature=3280, pos=55)",1
0,55,11076,transcoder,14,55,11920,transcoder,0.7073771357536316,0.43205520510673523,-0.27532193064689636,0.0,-0.38921519615356454,"Node(id=29_11920_55, type=transcoder, layer=14, feature=11920, pos=55)",1
0,55,11076,transcoder,1,55,6272,transcoder,0.3085007071495056,0.19048188626766205,-0.11801882088184357,0.0,-0.38255607895462385,"Node(id=3_6272_55, type=transcoder, layer=1, feature=6272, pos=55)",1
0,55,11076,transcoder,10,55,546,transcoder,0.65244460105896,0.4316900670528412,-0.22075453400611877,0.0,-0.3383498516928791,"Node(id=21_546_55, type=transcoder, layer=10, feature=546, pos=55)",1
0,55,11076,transcoder,11,55,1321,lorsa,4.358194351196289,3.2667667865753174,-1.0914275646209717,0.0,-0.25043113653740195,"Node(id=22_1321_55, type=lorsa, layer=11, feature=1321, pos=55)",1
0,55,11076,transcoder,10,2,10273,transcoder,24.12562370300293,18.878463745117188,-5.247159957885742,0.0,-0.21749323551094868,"Node(id=21_10273_2, type=transcoder, layer=10, feature=10273, pos=2)",1
10,63,3332,transcoder,13,63,7466,transcoder,0.8295653462409973,0.7445060014724731,-0.08505934476852417,0.0,-0.10253483363782358,"Node(id=27_7466_63, type=transcoder, layer=13, feature=7466, pos=63)",1
0,55,12046,lorsa,0,55,11076,transcoder,1.237419605255127,0.9205142855644226,-0.31690531969070435,0.0,-0.2561017445859571,"Node(id=1_11076_55, type=transcoder, layer=0, feature=11076, pos=55)",1
0,55,12046,lorsa,1,55,1377,transcoder,0.5498209595680237,0.34870797395706177,-0.20111298561096191,0.0,-0.365779045180398,"Node(id=3_1377_55, type=transcoder, layer=1, feature=1377, pos=55)",1
0,55,12046,lorsa,0,55,2549,transcoder,0.5423716306686401,0.33846014738082886,-0.20391148328781128,0.0,-0.37596266426477276,"Node(id=1_2549_55, type=transcoder, layer=0, feature=2549, pos=55)",1
0,55,12046,lorsa,2,55,11401,lorsa,1.9274051189422607,1.7187778949737549,-0.20862722396850586,0.0,-0.108242539110303,"Node(id=4_11401_55, type=lorsa, layer=2, feature=11401, pos=55)",1
0,55,12046,lorsa,0,55,12836,transcoder,0.3047124743461609,0.16061480343341827,-0.14409767091274261,0.0,-0.4728971835562075,"Node(id=1_12836_55, type=transcoder, layer=0, feature=12836, pos=55)",1
0,55,12046,lorsa,2,55,13261,transcoder,0.6239655017852783,0.5560884475708008,-0.06787705421447754,0.0,-0.10878334462445279,"Node(id=5_13261_55, type=transcoder, layer=2, feature=13261, pos=55)",1
0,55,12046,lorsa,1,55,15014,lorsa,0.4733544886112213,0.0,-0.4733544886112213,0.0,-1.0,"Node(id=2_15014_55, type=lorsa, layer=1, feature=15014, pos=55)",1
0,55,12046,lorsa,0,55,2956,transcoder,0.49862179160118103,0.43242180347442627,-0.06619998812675476,0.0,-0.13276593450553467,"Node(id=1_2956_55, type=transcoder, layer=0, feature=2956, pos=55)",1
0,55,12046,lorsa,2,55,2440,lorsa,1.7886356115341187,1.4455012083053589,-0.34313440322875977,0.0,-0.19184142427671574,"Node(id=4_2440_55, type=lorsa, layer=2, feature=2440, pos=55)",1
0,55,12046,lorsa,1,55,8260,lorsa,1.92356276512146,1.5241578817367554,-0.3994048833847046,0.0,-0.20763808211866946,"Node(id=2_8260_55, type=lorsa, layer=1, feature=8260, pos=55)",1
0,55,12046,lorsa,1,55,16036,lorsa,1.270075798034668,1.100020170211792,-0.17005562782287598,0.0,-0.13389407788576263,"Node(id=2_16036_55, type=lorsa, layer=1, feature=16036, pos=55)",1
0,55,12046,lorsa,2,55,2823,transcoder,0.23902328312397003,0.0,-0.23902328312397003,0.0,-1.0,"Node(id=5_2823_55, type=transcoder, layer=2, feature=2823, pos=55)",1
0,55,12046,lorsa,0,55,4388,transcoder,0.1894603967666626,0.15912234783172607,-0.030338048934936523,0.0,-0.16012871002429357,"Node(id=1_4388_55, type=transcoder, layer=0, feature=4388, pos=55)",1
0,55,12046,lorsa,1,54,14103,transcoder,0.2923813760280609,0.0,-0.2923813760280609,0.0,-1.0,"Node(id=3_14103_54, type=transcoder, layer=1, feature=14103, pos=54)",1
1,51,11331,transcoder,14,55,11103,transcoder,0.5930737257003784,0.461979478597641,-0.13109424710273743,0.0,-0.2210420752460823,"Node(id=29_11103_55, type=transcoder, layer=14, feature=11103, pos=55)",1
1,51,11331,transcoder,6,55,7034,transcoder,0.6798377633094788,0.590144693851471,-0.08969306945800781,0.0,-0.13193304976378215,"Node(id=13_7034_55, type=transcoder, layer=6, feature=7034, pos=55)",1
1,51,11331,transcoder,3,55,12235,lorsa,2.4719231128692627,2.087726354598999,-0.38419675827026367,0.0,-0.155424234787105,"Node(id=6_12235_55, type=lorsa, layer=3, feature=12235, pos=55)",1
1,51,11331,transcoder,11,55,2278,transcoder,0.4227127730846405,0.370207816362381,-0.05250495672225952,0.0,-0.12420953438221836,"Node(id=23_2278_55, type=transcoder, layer=11, feature=2278, pos=55)",1
1,51,11331,transcoder,3,55,12206,lorsa,1.9337397813796997,1.5665957927703857,-0.36714398860931396,0.0,-0.1898621480225024,"Node(id=6_12206_55, type=lorsa, layer=3, feature=12206, pos=55)",1
1,51,11331,transcoder,4,55,9914,transcoder,0.5230033993721008,0.4530065953731537,-0.06999680399894714,0.0,-0.13383623143364423,"Node(id=9_9914_55, type=transcoder, layer=4, feature=9914, pos=55)",1
1,51,11331,transcoder,8,55,2551,lorsa,2.676435947418213,2.377957820892334,-0.2984781265258789,0.0,-0.11152074340273367,"Node(id=16_2551_55, type=lorsa, layer=8, feature=2551, pos=55)",1
1,51,11331,transcoder,7,55,13128,transcoder,0.5602725148200989,0.49282407760620117,-0.0674484372138977,0.0,-0.12038505446863677,"Node(id=15_13128_55, type=transcoder, layer=7, feature=13128, pos=55)",1
1,51,11331,transcoder,8,55,9724,transcoder,0.20959925651550293,0.18307001888751984,-0.026529237627983093,0.0,-0.12657123917813548,"Node(id=17_9724_55, type=transcoder, layer=8, feature=9724, pos=55)",1
1,51,11331,transcoder,3,55,11167,transcoder,0.2644384503364563,0.22363613545894623,-0.04080231487751007,0.0,-0.15429796546453645,"Node(id=7_11167_55, type=transcoder, layer=3, feature=11167, pos=55)",1
1,51,11331,transcoder,13,55,15835,transcoder,0.3478931784629822,0.30268344283103943,-0.04520973563194275,0.0,-0.1299529235717777,"Node(id=27_15835_55, type=transcoder, layer=13, feature=15835, pos=55)",1
1,51,11331,transcoder,4,55,9531,transcoder,0.5060067176818848,0.4364164471626282,-0.06959027051925659,0.0,-0.1375283530583609,"Node(id=9_9531_55, type=transcoder, layer=4, feature=9531, pos=55)",1
1,51,11331,transcoder,13,55,5819,transcoder,0.5956785082817078,0.5075006484985352,-0.08817785978317261,0.0,-0.14802927847360176,"Node(id=27_5819_55, type=transcoder, layer=13, feature=5819, pos=55)",1
1,51,11331,transcoder,10,55,10622,transcoder,0.2998685836791992,0.2654012143611908,-0.03446736931800842,0.0,-0.1149415817259529,"Node(id=21_10622_55, type=transcoder, layer=10, feature=10622, pos=55)",1
1,51,11331,transcoder,13,55,7425,transcoder,0.6321931481361389,0.5301474332809448,-0.10204571485519409,0.0,-0.1614154078639574,"Node(id=27_7425_55, type=transcoder, layer=13, feature=7425, pos=55)",1
1,51,11331,transcoder,14,55,1214,transcoder,0.7802796959877014,0.46458637714385986,-0.31569331884384155,0.0,-0.40458994443553664,"Node(id=29_1214_55, type=transcoder, layer=14, feature=1214, pos=55)",1
1,51,11331,transcoder,5,55,13666,transcoder,0.33196818828582764,0.26682162284851074,-0.0651465654373169,0.0,-0.1962433984223365,"Node(id=11_13666_55, type=transcoder, layer=5, feature=13666, pos=55)",1
9,63,13165,transcoder,14,55,16044,lorsa,2.606524705886841,2.0501718521118164,-0.5563528537750244,0.0,-0.2134462230565091,"Node(id=28_16044_55, type=lorsa, layer=14, feature=16044, pos=55)",1
9,63,13165,transcoder,11,55,2278,transcoder,0.4227127730846405,0.37878525257110596,-0.043927520513534546,0.0,-0.10391812907138924,"Node(id=23_2278_55, type=transcoder, layer=11, feature=2278, pos=55)",1
9,63,13165,transcoder,10,55,10622,transcoder,0.2998685836791992,0.21421191096305847,-0.08565667271614075,0.0,-0.2856473714758217,"Node(id=21_10622_55, type=transcoder, layer=10, feature=10622, pos=55)",1
9,63,13165,transcoder,13,63,7466,transcoder,0.8295653462409973,0.6965994834899902,-0.13296586275100708,0.0,-0.1602837719216626,"Node(id=27_7466_63, type=transcoder, layer=13, feature=7466, pos=63)",1
1,54,11614,lorsa,1,54,9082,transcoder,0.7630938291549683,0.4536917805671692,-0.3094020485877991,0.0,-0.40545741135192176,"Node(id=3_9082_54, type=transcoder, layer=1, feature=9082, pos=54)",1
1,51,11218,transcoder,14,55,11103,transcoder,0.5930737257003784,0.495525598526001,-0.09754812717437744,0.0,-0.1644789221764629,"Node(id=29_11103_55, type=transcoder, layer=14, feature=11103, pos=55)",1
1,51,11218,transcoder,3,55,12235,lorsa,2.4719231128692627,1.8873271942138672,-0.5845959186553955,0.0,-0.23649437784366642,"Node(id=6_12235_55, type=lorsa, layer=3, feature=12235, pos=55)",1
1,51,11218,transcoder,3,55,12206,lorsa,1.9337397813796997,1.6324608325958252,-0.3012789487838745,0.0,-0.1558011846707294,"Node(id=6_12206_55, type=lorsa, layer=3, feature=12206, pos=55)",1
1,51,11218,transcoder,4,55,9914,transcoder,0.5230033993721008,0.43910157680511475,-0.08390182256698608,0.0,-0.16042309221644757,"Node(id=9_9914_55, type=transcoder, layer=4, feature=9914, pos=55)",1
1,51,11218,transcoder,8,55,2551,lorsa,2.676435947418213,2.4014334678649902,-0.27500247955322266,0.0,-0.1027495090321515,"Node(id=16_2551_55, type=lorsa, layer=8, feature=2551, pos=55)",1
1,51,11218,transcoder,4,55,9531,transcoder,0.5060067176818848,0.4234694838523865,-0.08253723382949829,0.0,-0.16311489738242493,"Node(id=9_9531_55, type=transcoder, layer=4, feature=9531, pos=55)",1
1,51,11218,transcoder,13,55,5819,transcoder,0.5956785082817078,0.5225642323493958,-0.07311427593231201,0.0,-0.12274116812308238,"Node(id=27_5819_55, type=transcoder, layer=13, feature=5819, pos=55)",1
1,51,11218,transcoder,13,55,7425,transcoder,0.6321931481361389,0.5536347031593323,-0.07855844497680664,0.0,-0.1242633603486787,"Node(id=27_7425_55, type=transcoder, layer=13, feature=7425, pos=55)",1
1,51,11218,transcoder,4,54,3019,transcoder,0.2689710259437561,0.22325515747070312,-0.04571586847305298,0.0,-0.16996577349789532,"Node(id=9_3019_54, type=transcoder, layer=4, feature=3019, pos=54)",1
1,51,11218,transcoder,14,55,1214,transcoder,0.7802796959877014,0.4975599944591522,-0.2827197015285492,0.0,-0.36233122940700657,"Node(id=29_1214_55, type=transcoder, layer=14, feature=1214, pos=55)",1
1,51,11218,transcoder,5,55,13666,transcoder,0.33196818828582764,0.2611668109893799,-0.07080137729644775,0.0,-0.21327759645296832,"Node(id=11_13666_55, type=transcoder, layer=5, feature=13666, pos=55)",1
0,26,12046,lorsa,1,19,9035,transcoder,1.3196029663085938,1.1381011009216309,-0.1815018653869629,0.0,-0.13754278371674866,"Node(id=3_9035_19, type=transcoder, layer=1, feature=9035, pos=19)",1
0,50,5593,transcoder,14,55,11103,transcoder,0.5930737257003784,0.4951310455799103,-0.09794268012046814,0.0,-0.1651441901338737,"Node(id=29_11103_55, type=transcoder, layer=14, feature=11103, pos=55)",1
0,50,5593,transcoder,7,50,10753,transcoder,1.0690118074417114,0.0,-1.0690118074417114,0.0,-1.0,"Node(id=15_10753_50, type=transcoder, layer=7, feature=10753, pos=50)",1
0,50,5593,transcoder,9,55,12666,transcoder,0.6803210973739624,0.600694477558136,-0.07962661981582642,0.0,-0.11704270251677473,"Node(id=19_12666_55, type=transcoder, layer=9, feature=12666, pos=55)",1
0,50,5593,transcoder,8,55,9586,lorsa,2.2772367000579834,1.9978959560394287,-0.2793407440185547,0.0,-0.1226665387974127,"Node(id=16_9586_55, type=lorsa, layer=8, feature=9586, pos=55)",1
0,50,5593,transcoder,13,55,15835,transcoder,0.3478931784629822,0.28032565116882324,-0.06756752729415894,0.0,-0.19421917840607647,"Node(id=27_15835_55, type=transcoder, layer=13, feature=15835, pos=55)",1
0,50,5593,transcoder,4,55,9531,transcoder,0.5060067176818848,0.42244163155555725,-0.08356508612632751,0.0,-0.16514619906462,"Node(id=9_9531_55, type=transcoder, layer=4, feature=9531, pos=55)",1
0,50,5593,transcoder,6,50,7455,transcoder,0.7886064052581787,0.0,-0.7886064052581787,0.0,-1.0,"Node(id=13_7455_50, type=transcoder, layer=6, feature=7455, pos=50)",1
0,50,5593,transcoder,6,55,23,transcoder,0.9902805685997009,0.8484212756156921,-0.1418592929840088,0.0,-0.1432516172508604,"Node(id=13_23_55, type=transcoder, layer=6, feature=23, pos=55)",1
0,50,5593,transcoder,8,54,9517,transcoder,0.4715726673603058,0.36984381079673767,-0.10172885656356812,0.0,-0.21572254628965176,"Node(id=17_9517_54, type=transcoder, layer=8, feature=9517, pos=54)",1
0,50,5593,transcoder,10,55,10622,transcoder,0.2998685836791992,0.23154185712337494,-0.06832672655582428,0.0,-0.22785556832095663,"Node(id=21_10622_55, type=transcoder, layer=10, feature=10622, pos=55)",1
0,50,5593,transcoder,14,55,1214,transcoder,0.7802796959877014,0.608317494392395,-0.1719622015953064,0.0,-0.22038533423278622,"Node(id=29_1214_55, type=transcoder, layer=14, feature=1214, pos=55)",1
0,50,5593,transcoder,10,55,15174,transcoder,0.40954360365867615,0.3355008661746979,-0.07404273748397827,0.0,-0.1807932948348214,"Node(id=21_15174_55, type=transcoder, layer=10, feature=15174, pos=55)",1
0,50,5593,transcoder,8,49,11854,transcoder,12.425396919250488,5.468565940856934,-6.956830978393555,0.0,-0.5598880280126454,"Node(id=17_11854_49, type=transcoder, layer=8, feature=11854, pos=49)",1
0,50,5593,transcoder,7,54,13289,transcoder,0.9898383617401123,0.8787735104560852,-0.1110648512840271,0.0,-0.11220503829410867,"Node(id=15_13289_54, type=transcoder, layer=7, feature=13289, pos=54)",1
0,50,5593,transcoder,1,54,14103,transcoder,0.2923813760280609,0.0,-0.2923813760280609,0.0,-1.0,"Node(id=3_14103_54, type=transcoder, layer=1, feature=14103, pos=54)",1
0,50,5593,transcoder,8,55,7940,transcoder,0.6999607682228088,0.5783701539039612,-0.12159061431884766,0.0,-0.17371061327846218,"Node(id=17_7940_55, type=transcoder, layer=8, feature=7940, pos=55)",1
0,50,5593,transcoder,12,55,11739,transcoder,0.2567141354084015,0.2234240472316742,-0.033290088176727295,0.0,-0.1296776592522525,"Node(id=25_11739_55, type=transcoder, layer=12, feature=11739, pos=55)",1
0,50,5593,transcoder,14,55,11920,transcoder,0.7073771357536316,0.5305458307266235,-0.17683130502700806,0.0,-0.24998165206260728,"Node(id=29_11920_55, type=transcoder, layer=14, feature=11920, pos=55)",1
0,50,5593,transcoder,10,55,546,transcoder,0.65244460105896,0.502147376537323,-0.15029722452163696,0.0,-0.2303601321517487,"Node(id=21_546_55, type=transcoder, layer=10, feature=546, pos=55)",1
0,50,5593,transcoder,11,55,1321,lorsa,4.358194351196289,3.8015658855438232,-0.5566284656524658,0.0,-0.12771997318102066,"Node(id=22_1321_55, type=lorsa, layer=11, feature=1321, pos=55)",1
0,50,5593,transcoder,5,55,16275,lorsa,1.9964919090270996,1.5793235301971436,-0.41716837882995605,0.0,-0.20895069844447517,"Node(id=10_16275_55, type=lorsa, layer=5, feature=16275, pos=55)",1
0,50,11059,lorsa,1,54,14103,transcoder,0.2923813760280609,0.0,-0.2923813760280609,0.0,-1.0,"Node(id=3_14103_54, type=transcoder, layer=1, feature=14103, pos=54)",1
1,50,7268,transcoder,6,50,7455,transcoder,0.7886064052581787,0.6797667741775513,-0.10883963108062744,0.0,-0.13801514970575832,"Node(id=13_7455_50, type=transcoder, layer=6, feature=7455, pos=50)",1
0,26,11076,transcoder,1,19,9035,transcoder,1.3196029663085938,0.6632073521614075,-0.6563956141471863,0.0,-0.4974190198915375,"Node(id=3_9035_19, type=transcoder, layer=1, feature=9035, pos=19)",1
0,26,11076,transcoder,4,19,8194,transcoder,1.4070217609405518,1.2248096466064453,-0.18221211433410645,0.0,-0.12950198738383628,"Node(id=9_8194_19, type=transcoder, layer=4, feature=8194, pos=19)",1
0,26,11076,transcoder,3,19,2651,lorsa,3.13403058052063,2.8132567405700684,-0.3207738399505615,0.0,-0.1023518538537279,"Node(id=6_2651_19, type=lorsa, layer=3, feature=2651, pos=19)",1
0,26,11076,transcoder,3,19,3024,transcoder,1.101823091506958,0.0,-1.101823091506958,0.0,-1.0,"Node(id=7_3024_19, type=transcoder, layer=3, feature=3024, pos=19)",1
0,26,11076,transcoder,6,55,7034,transcoder,0.6798377633094788,0.5151141881942749,-0.16472357511520386,0.0,-0.2422983599988953,"Node(id=13_7034_55, type=transcoder, layer=6, feature=7034, pos=55)",1
0,26,11076,transcoder,5,55,2419,transcoder,0.6756512522697449,0.605821430683136,-0.06982982158660889,0.0,-0.10335187177116376,"Node(id=11_2419_55, type=transcoder, layer=5, feature=2419, pos=55)",1
0,26,11076,transcoder,2,55,4901,transcoder,1.173736810684204,0.9842242002487183,-0.18951261043548584,0.0,-0.161460907343456,"Node(id=5_4901_55, type=transcoder, layer=2, feature=4901, pos=55)",1
0,26,11076,transcoder,7,50,10753,transcoder,1.0690118074417114,0.913935661315918,-0.15507614612579346,0.0,-0.14506495161817853,"Node(id=15_10753_50, type=transcoder, layer=7, feature=10753, pos=50)",1
0,26,11076,transcoder,14,55,3391,transcoder,0.7034270167350769,0.5573697686195374,-0.14605724811553955,0.0,-0.2076366767848317,"Node(id=29_3391_55, type=transcoder, layer=14, feature=3391, pos=55)",1
0,26,11076,transcoder,14,55,15619,transcoder,1.2117552757263184,0.3339649438858032,-0.8777903318405151,0.0,-0.7243957170430912,"Node(id=29_15619_55, type=transcoder, layer=14, feature=15619, pos=55)",1
0,26,11076,transcoder,2,55,13261,transcoder,0.6239655017852783,0.5202833414077759,-0.10368216037750244,0.0,-0.1661664949117363,"Node(id=5_13261_55, type=transcoder, layer=2, feature=13261, pos=55)",1
0,26,11076,transcoder,9,55,12666,transcoder,0.6803210973739624,0.5776090025901794,-0.10271209478378296,0.0,-0.1509759070830691,"Node(id=19_12666_55, type=transcoder, layer=9, feature=12666, pos=55)",1
0,26,11076,transcoder,5,54,13299,transcoder,0.4998253881931305,0.4452526569366455,-0.054572731256484985,0.0,-0.10918359200152974,"Node(id=11_13299_54, type=transcoder, layer=5, feature=13299, pos=54)",1
0,26,11076,transcoder,8,55,2551,lorsa,2.676435947418213,1.7214806079864502,-0.9549553394317627,0.0,-0.3568011184250261,"Node(id=16_2551_55, type=lorsa, layer=8, feature=2551, pos=55)",1
0,26,11076,transcoder,13,55,15835,transcoder,0.3478931784629822,0.26920539140701294,-0.07868778705596924,0.0,-0.2261837596345456,"Node(id=27_15835_55, type=transcoder, layer=13, feature=15835, pos=55)",1
0,26,11076,transcoder,2,55,5819,transcoder,0.7991868257522583,0.6995214223861694,-0.09966540336608887,0.0,-0.1247085164001244,"Node(id=5_5819_55, type=transcoder, layer=2, feature=5819, pos=55)",1
0,26,11076,transcoder,6,50,7455,transcoder,0.7886064052581787,0.7035938501358032,-0.08501255512237549,0.0,-0.10780099496471064,"Node(id=13_7455_50, type=transcoder, layer=6, feature=7455, pos=50)",1
0,26,11076,transcoder,10,55,11535,transcoder,0.6737499833106995,0.42405784130096436,-0.2496921420097351,0.0,-0.3706005910126898,"Node(id=21_11535_55, type=transcoder, layer=10, feature=11535, pos=55)",1
0,26,11076,transcoder,6,55,23,transcoder,0.9902805685997009,0.8413849472999573,-0.14889562129974365,0.0,-0.15035700590418372,"Node(id=13_23_55, type=transcoder, layer=6, feature=23, pos=55)",1
0,26,11076,transcoder,7,54,3543,transcoder,0.46587416529655457,0.2995389401912689,-0.16633522510528564,0.0,-0.3570389549276769,"Node(id=15_3543_54, type=transcoder, layer=7, feature=3543, pos=54)",1
0,26,11076,transcoder,8,54,9517,transcoder,0.4715726673603058,0.33605727553367615,-0.13551539182662964,0.0,-0.28736905509217925,"Node(id=17_9517_54, type=transcoder, layer=8, feature=9517, pos=54)",1
0,26,11076,transcoder,4,55,16341,lorsa,0.9263823628425598,0.8256399035453796,-0.10074245929718018,0.0,-0.10874824838855608,"Node(id=8_16341_55, type=lorsa, layer=4, feature=16341, pos=55)",1
0,26,11076,transcoder,9,55,13128,transcoder,0.3520200252532959,0.31481054425239563,-0.03720948100090027,0.0,-0.10570273942263994,"Node(id=19_13128_55, type=transcoder, layer=9, feature=13128, pos=55)",1
0,26,11076,transcoder,14,55,1214,transcoder,0.7802796959877014,0.4158834218978882,-0.36439627408981323,0.0,-0.467007248764239,"Node(id=29_1214_55, type=transcoder, layer=14, feature=1214, pos=55)",1
0,26,11076,transcoder,3,54,6230,transcoder,0.7401818633079529,0.6417422890663147,-0.09843957424163818,0.0,-0.13299376696654125,"Node(id=7_6230_54, type=transcoder, layer=3, feature=6230, pos=54)",1
0,26,11076,transcoder,13,55,10331,transcoder,0.5097225308418274,0.45474883913993835,-0.05497369170188904,0.0,-0.10785022904735594,"Node(id=27_10331_55, type=transcoder, layer=13, feature=10331, pos=55)",1
0,26,11076,transcoder,10,55,15174,transcoder,0.40954360365867615,0.2516739070415497,-0.15786969661712646,0.0,-0.3854771389585638,"Node(id=21_15174_55, type=transcoder, layer=10, feature=15174, pos=55)",1
0,26,11076,transcoder,11,55,8862,transcoder,0.643543541431427,0.4655476212501526,-0.17799592018127441,0.0,-0.2765872217214083,"Node(id=23_8862_55, type=transcoder, layer=11, feature=8862, pos=55)",1
0,26,11076,transcoder,8,55,3569,transcoder,0.576390266418457,0.4714142382144928,-0.10497602820396423,0.0,-0.18212664980666426,"Node(id=17_3569_55, type=transcoder, layer=8, feature=3569, pos=55)",1
0,26,11076,transcoder,8,49,11854,transcoder,12.425396919250488,11.007582664489746,-1.4178142547607422,0.0,-0.11410615403071293,"Node(id=17_11854_49, type=transcoder, layer=8, feature=11854, pos=49)",1
0,26,11076,transcoder,14,55,11920,transcoder,0.7073771357536316,0.44154345989227295,-0.26583367586135864,0.0,-0.375801905977838,"Node(id=29_11920_55, type=transcoder, layer=14, feature=11920, pos=55)",1
2,50,12759,transcoder,7,50,10753,transcoder,1.0690118074417114,0.21305060386657715,-0.8559612035751343,0.0,-0.8007032266776961,"Node(id=15_10753_50, type=transcoder, layer=7, feature=10753, pos=50)",1
2,50,12759,transcoder,13,55,15835,transcoder,0.3478931784629822,0.29650944471359253,-0.05138373374938965,0.0,-0.14769974500910535,"Node(id=27_15835_55, type=transcoder, layer=13, feature=15835, pos=55)",1
2,50,12759,transcoder,6,50,7455,transcoder,0.7886064052581787,0.12027911841869354,-0.6683272868394852,0.0,-0.8474788974364014,"Node(id=13_7455_50, type=transcoder, layer=6, feature=7455, pos=50)",1
2,50,12759,transcoder,8,49,11854,transcoder,12.425396919250488,9.573660850524902,-2.851736068725586,0.0,-0.22950864968405416,"Node(id=17_11854_49, type=transcoder, layer=8, feature=11854, pos=49)",1
8,63,2167,transcoder,11,55,2278,transcoder,0.4227127730846405,0.35139626264572144,-0.07131651043891907,0.0,-0.16871151046254104,"Node(id=23_2278_55, type=transcoder, layer=11, feature=2278, pos=55)",1
8,63,2167,transcoder,10,55,10622,transcoder,0.2998685836791992,0.25114119052886963,-0.04872739315032959,0.0,-0.16249582584635935,"Node(id=21_10622_55, type=transcoder, layer=10, feature=10622, pos=55)",1
8,63,2167,transcoder,9,63,13165,transcoder,2.440319061279297,1.6423252820968628,-0.7979937791824341,0.0,-0.3270038708643693,"Node(id=19_13165_63, type=transcoder, layer=9, feature=13165, pos=63)",1
8,63,2167,transcoder,10,55,3280,transcoder,0.24856069684028625,0.22208422422409058,-0.02647647261619568,0.0,-0.10651914382589718,"Node(id=21_3280_55, type=transcoder, layer=10, feature=3280, pos=55)",1
3,50,6487,transcoder,6,50,7455,transcoder,0.7886064052581787,0.5642200112342834,-0.22438639402389526,0.0,-0.2845353430149154,"Node(id=13_7455_50, type=transcoder, layer=6, feature=7455, pos=50)",1
0,35,11076,transcoder,10,1,10273,transcoder,28.066740036010742,24.81688117980957,-3.249858856201172,0.0,-0.11579039290033234,"Node(id=21_10273_1, type=transcoder, layer=10, feature=10273, pos=1)",1
0,35,11076,transcoder,14,55,15619,transcoder,1.2117552757263184,0.35023385286331177,-0.8615214228630066,0.0,-0.7109698138897033,"Node(id=29_15619_55, type=transcoder, layer=14, feature=15619, pos=55)",1
0,35,11076,transcoder,8,55,9586,lorsa,2.2772367000579834,1.795783281326294,-0.48145341873168945,0.0,-0.21142001563536658,"Node(id=16_9586_55, type=lorsa, layer=8, feature=9586, pos=55)",1
0,35,11076,transcoder,8,55,2551,lorsa,2.676435947418213,2.055575132369995,-0.6208608150482178,0.0,-0.23197297721513666,"Node(id=16_2551_55, type=lorsa, layer=8, feature=2551, pos=55)",1
0,35,11076,transcoder,7,55,13128,transcoder,0.5602725148200989,0.38654544949531555,-0.17372706532478333,0.0,-0.31007600895890164,"Node(id=15_13128_55, type=transcoder, layer=7, feature=13128, pos=55)",1
0,35,11076,transcoder,9,55,12225,transcoder,0.47227632999420166,0.41660594940185547,-0.05567038059234619,0.0,-0.11787671127415952,"Node(id=19_12225_55, type=transcoder, layer=9, feature=12225, pos=55)",1
0,35,11076,transcoder,6,55,23,transcoder,0.9902805685997009,0.7575289011001587,-0.23275166749954224,0.0,-0.2350360846004108,"Node(id=13_23_55, type=transcoder, layer=6, feature=23, pos=55)",1
0,35,11076,transcoder,10,55,10622,transcoder,0.2998685836791992,0.0,-0.2998685836791992,0.0,-1.0,"Node(id=21_10622_55, type=transcoder, layer=10, feature=10622, pos=55)",1
0,35,11076,transcoder,9,55,13128,transcoder,0.3520200252532959,0.22551767528057098,-0.12650234997272491,0.0,-0.35936123202565023,"Node(id=19_13128_55, type=transcoder, layer=9, feature=13128, pos=55)",1
0,35,11076,transcoder,13,55,7425,transcoder,0.6321931481361389,0.44592639803886414,-0.18626675009727478,0.0,-0.294635825532806,"Node(id=27_7425_55, type=transcoder, layer=13, feature=7425, pos=55)",1
0,35,11076,transcoder,14,55,1214,transcoder,0.7802796959877014,0.4193671941757202,-0.3609125018119812,0.0,-0.46254247504816504,"Node(id=29_1214_55, type=transcoder, layer=14, feature=1214, pos=55)",1
0,35,11076,transcoder,10,55,15174,transcoder,0.40954360365867615,0.29216569662094116,-0.11737790703773499,0.0,-0.28660661768157086,"Node(id=21_15174_55, type=transcoder, layer=10, feature=15174, pos=55)",1
0,35,11076,transcoder,11,55,8862,transcoder,0.643543541431427,0.5347341299057007,-0.10880941152572632,0.0,-0.16907855416232243,"Node(id=23_8862_55, type=transcoder, layer=11, feature=8862, pos=55)",1
0,35,11076,transcoder,8,49,11854,transcoder,12.425396919250488,9.01672077178955,-3.4086761474609375,0.0,-0.27433136901887817,"Node(id=17_11854_49, type=transcoder, layer=8, feature=11854, pos=49)",1
0,35,11076,transcoder,7,54,13289,transcoder,0.9898383617401123,0.8086311221122742,-0.18120723962783813,0.0,-0.18306750539480013,"Node(id=15_13289_54, type=transcoder, layer=7, feature=13289, pos=54)",1
0,35,11076,transcoder,1,51,11331,transcoder,0.7390512824058533,0.6521532535552979,-0.08689802885055542,0.0,-0.11758051290794592,"Node(id=3_11331_51, type=transcoder, layer=1, feature=11331, pos=51)",1
0,35,11076,transcoder,10,1,5090,transcoder,17.671863555908203,15.399540901184082,-2.272322654724121,0.0,-0.12858421227253192,"Node(id=21_5090_1, type=transcoder, layer=10, feature=5090, pos=1)",1
0,35,11076,transcoder,8,55,7940,transcoder,0.6999607682228088,0.5031501054763794,-0.19681066274642944,0.0,-0.2811738481374165,"Node(id=17_7940_55, type=transcoder, layer=8, feature=7940, pos=55)",1
0,35,11076,transcoder,12,55,11739,transcoder,0.2567141354084015,0.0,-0.2567141354084015,0.0,-1.0,"Node(id=25_11739_55, type=transcoder, layer=12, feature=11739, pos=55)",1
0,35,11076,transcoder,10,55,3280,transcoder,0.24856069684028625,0.0,-0.24856069684028625,0.0,-1.0,"Node(id=21_3280_55, type=transcoder, layer=10, feature=3280, pos=55)",1
0,35,11076,transcoder,10,55,546,transcoder,0.65244460105896,0.5195865631103516,-0.1328580379486084,0.0,-0.20363114007376437,"Node(id=21_546_55, type=transcoder, layer=10, feature=546, pos=55)",1
0,35,11076,transcoder,5,55,16275,lorsa,1.9964919090270996,1.6289491653442383,-0.36754274368286133,0.0,-0.18409428158512633,"Node(id=10_16275_55, type=lorsa, layer=5, feature=16275, pos=55)",1
0,35,11076,transcoder,10,2,10273,transcoder,24.12562370300293,19.34144401550293,-4.7841796875,0.0,-0.19830283960304457,"Node(id=21_10273_2, type=transcoder, layer=10, feature=10273, pos=2)",1
0,35,12046,lorsa,2,55,2823,transcoder,0.23902328312397003,0.0,-0.23902328312397003,0.0,-1.0,"Node(id=5_2823_55, type=transcoder, layer=2, feature=2823, pos=55)",1
1,56,2693,transcoder,14,55,15619,transcoder,1.2117552757263184,0.0,-1.2117552757263184,0.0,-1.0,"Node(id=29_15619_55, type=transcoder, layer=14, feature=15619, pos=55)",1
1,56,2693,transcoder,2,55,2823,transcoder,0.23902328312397003,0.0,-0.23902328312397003,0.0,-1.0,"Node(id=5_2823_55, type=transcoder, layer=2, feature=2823, pos=55)",1
1,56,2693,transcoder,14,55,11920,transcoder,0.7073771357536316,0.6076074242591858,-0.0997697114944458,0.0,-0.1410417533331103,"Node(id=29_11920_55, type=transcoder, layer=14, feature=11920, pos=55)",1
7,23,7600,transcoder,8,55,9724,transcoder,0.20959925651550293,0.17632943391799927,-0.03326982259750366,0.0,-0.15873063268734863,"Node(id=17_9724_55, type=transcoder, layer=8, feature=9724, pos=55)",1
5,54,5938,transcoder,6,54,6679,transcoder,1.2186368703842163,1.0064860582351685,-0.21215081214904785,0.0,-0.17408862090489693,"Node(id=13_6679_54, type=transcoder, layer=6, feature=6679, pos=54)",1
5,54,5938,transcoder,9,55,7448,transcoder,0.2919863760471344,0.22868452966213226,-0.06330184638500214,0.0,-0.21679726034472077,"Node(id=19_7448_55, type=transcoder, layer=9, feature=7448, pos=55)",1
5,54,5938,transcoder,7,54,13289,transcoder,0.9898383617401123,0.7788899540901184,-0.2109484076499939,0.0,-0.21311399497504988,"Node(id=15_13289_54, type=transcoder, layer=7, feature=13289, pos=54)",1
5,54,5938,transcoder,10,55,3280,transcoder,0.24856069684028625,0.0,-0.24856069684028625,0.0,-1.0,"Node(id=21_3280_55, type=transcoder, layer=10, feature=3280, pos=55)",1
6,54,6679,transcoder,8,55,12466,lorsa,5.128899097442627,3.863126277923584,-1.265772819519043,0.0,-0.24679230288429402,"Node(id=16_12466_55, type=lorsa, layer=8, feature=12466, pos=55)",1
6,54,6679,transcoder,7,50,10753,transcoder,1.0690118074417114,0.7738972306251526,-0.29511457681655884,0.0,-0.2760629721413532,"Node(id=15_10753_50, type=transcoder, layer=7, feature=10753, pos=50)",1
6,54,6679,transcoder,7,55,13128,transcoder,0.5602725148200989,0.49411454796791077,-0.06615796685218811,0.0,-0.11808176396700658,"Node(id=15_13128_55, type=transcoder, layer=7, feature=13128, pos=55)",1
6,54,6679,transcoder,9,55,12225,transcoder,0.47227632999420166,0.3849784731864929,-0.08729785680770874,0.0,-0.184844869970046,"Node(id=19_12225_55, type=transcoder, layer=9, feature=12225, pos=55)",1
6,54,6679,transcoder,7,54,3543,transcoder,0.46587416529655457,0.0,-0.46587416529655457,0.0,-1.0,"Node(id=15_3543_54, type=transcoder, layer=7, feature=3543, pos=54)",1
6,54,6679,transcoder,14,55,1214,transcoder,0.7802796959877014,0.6916612982749939,-0.08861839771270752,0.0,-0.11357260501381072,"Node(id=29_1214_55, type=transcoder, layer=14, feature=1214, pos=55)",1
6,54,6679,transcoder,8,55,3569,transcoder,0.576390266418457,0.4541166424751282,-0.12227362394332886,0.0,-0.21213686466828482,"Node(id=17_3569_55, type=transcoder, layer=8, feature=3569, pos=55)",1
6,54,6679,transcoder,7,54,13289,transcoder,0.9898383617401123,0.39878642559051514,-0.5910519361495972,0.0,-0.5971196500310838,"Node(id=15_13289_54, type=transcoder, layer=7, feature=13289, pos=54)",1
6,54,6679,transcoder,12,55,11739,transcoder,0.2567141354084015,0.0,-0.2567141354084015,0.0,-1.0,"Node(id=25_11739_55, type=transcoder, layer=12, feature=11739, pos=55)",1
7,54,14452,transcoder,14,55,11103,transcoder,0.5930737257003784,0.42675891518592834,-0.16631481051445007,0.0,-0.2804285593971373,"Node(id=29_11103_55, type=transcoder, layer=14, feature=11103, pos=55)",1
7,54,14452,transcoder,8,55,12466,lorsa,5.128899097442627,3.244635820388794,-1.884263277053833,0.0,-0.36738162347420034,"Node(id=16_12466_55, type=lorsa, layer=8, feature=12466, pos=55)",1
7,54,14452,transcoder,13,55,3932,transcoder,0.7734141945838928,0.6208088397979736,-0.1526053547859192,0.0,-0.19731387897273195,"Node(id=27_3932_55, type=transcoder, layer=13, feature=3932, pos=55)",1
7,54,14452,transcoder,13,55,15835,transcoder,0.3478931784629822,0.3039052188396454,-0.04398795962333679,0.0,-0.12644099495620711,"Node(id=27_15835_55, type=transcoder, layer=13, feature=15835, pos=55)",1
7,54,14452,transcoder,12,55,6669,transcoder,0.8420363068580627,0.7454549074172974,-0.09658139944076538,0.0,-0.1146998040988814,"Node(id=25_6669_55, type=transcoder, layer=12, feature=6669, pos=55)",1
7,54,14452,transcoder,13,55,5819,transcoder,0.5956785082817078,0.5242243409156799,-0.07145416736602783,0.0,-0.11995424775714049,"Node(id=27_5819_55, type=transcoder, layer=13, feature=5819, pos=55)",1
7,54,14452,transcoder,8,54,9517,transcoder,0.4715726673603058,0.3429889976978302,-0.12858366966247559,0.0,-0.2726698949331409,"Node(id=17_9517_54, type=transcoder, layer=8, feature=9517, pos=54)",1
7,54,14452,transcoder,14,55,5916,transcoder,0.3695855438709259,0.312409371137619,-0.057176172733306885,0.0,-0.15470348795156094,"Node(id=29_5916_55, type=transcoder, layer=14, feature=5916, pos=55)",1
7,54,14452,transcoder,13,55,7425,transcoder,0.6321931481361389,0.5561195015907288,-0.07607364654541016,0.0,-0.12033291845964164,"Node(id=27_7425_55, type=transcoder, layer=13, feature=7425, pos=55)",1
7,54,14452,transcoder,14,55,1214,transcoder,0.7802796959877014,0.49822378158569336,-0.28205591440200806,0.0,-0.3614805253197999,"Node(id=29_1214_55, type=transcoder, layer=14, feature=1214, pos=55)",1
7,54,14452,transcoder,13,55,10331,transcoder,0.5097225308418274,0.4563424587249756,-0.05338007211685181,0.0,-0.10472378379800566,"Node(id=27_10331_55, type=transcoder, layer=13, feature=10331, pos=55)",1
7,54,14452,transcoder,8,55,3569,transcoder,0.576390266418457,0.30874595046043396,-0.26764431595802307,0.0,-0.464345655281615,"Node(id=17_3569_55, type=transcoder, layer=8, feature=3569, pos=55)",1
7,54,14452,transcoder,8,55,7940,transcoder,0.6999607682228088,0.6064496636390686,-0.09351110458374023,0.0,-0.13359477963481253,"Node(id=17_7940_55, type=transcoder, layer=8, feature=7940, pos=55)",1
6,53,3210,transcoder,14,55,11103,transcoder,0.5930737257003784,0.5332880616188049,-0.059785664081573486,0.0,-0.10080646214932354,"Node(id=29_11103_55, type=transcoder, layer=14, feature=11103, pos=55)",1
6,53,3210,transcoder,13,55,3932,transcoder,0.7734141945838928,0.6760765910148621,-0.09733760356903076,0.0,-0.1258544312357749,"Node(id=27_3932_55, type=transcoder, layer=13, feature=3932, pos=55)",1
6,53,3210,transcoder,8,55,9724,transcoder,0.20959925651550293,0.1882450431585312,-0.02135421335697174,0.0,-0.10188115030547489,"Node(id=17_9724_55, type=transcoder, layer=8, feature=9724, pos=55)",1
6,53,3210,transcoder,13,55,5819,transcoder,0.5956785082817078,0.5330683588981628,-0.06261014938354492,0.0,-0.10510728272562653,"Node(id=27_5819_55, type=transcoder, layer=13, feature=5819, pos=55)",1
6,53,3210,transcoder,14,55,5916,transcoder,0.3695855438709259,0.32984599471092224,-0.03973954916000366,0.0,-0.10752463081695184,"Node(id=29_5916_55, type=transcoder, layer=14, feature=5916, pos=55)",1
6,53,3210,transcoder,7,54,14952,lorsa,4.527721881866455,3.8263001441955566,-0.7014217376708984,0.0,-0.15491714287489597,"Node(id=14_14952_54, type=lorsa, layer=7, feature=14952, pos=54)",1
0,55,1338,lorsa,0,55,2905,transcoder,0.5370144248008728,0.47888118028640747,-0.05813324451446533,0.0,-0.10825266851262214,"Node(id=1_2905_55, type=transcoder, layer=0, feature=2905, pos=55)",1
0,55,1338,lorsa,0,55,4945,transcoder,0.1812516152858734,0.1498565673828125,-0.03139504790306091,0.0,-0.17321251373977584,"Node(id=1_4945_55, type=transcoder, layer=0, feature=4945, pos=55)",1
0,55,1338,lorsa,1,55,15014,lorsa,0.4733544886112213,0.0,-0.4733544886112213,0.0,-1.0,"Node(id=2_15014_55, type=lorsa, layer=1, feature=15014, pos=55)",1
0,55,1338,lorsa,0,55,2956,transcoder,0.49862179160118103,0.443925678730011,-0.054696112871170044,0.0,-0.1096945897521429,"Node(id=1_2956_55, type=transcoder, layer=0, feature=2956, pos=55)",1
0,55,1338,lorsa,9,55,7448,transcoder,0.2919863760471344,0.2552007734775543,-0.03678560256958008,0.0,-0.1259839690727279,"Node(id=19_7448_55, type=transcoder, layer=9, feature=7448, pos=55)",1
0,55,1338,lorsa,14,55,11920,transcoder,0.7073771357536316,0.6270800828933716,-0.08029705286026001,0.0,-0.11351378041744654,"Node(id=29_11920_55, type=transcoder, layer=14, feature=11920, pos=55)",1
14,55,9044,lorsa,14,55,15619,transcoder,1.2117552757263184,0.0,-1.2117552757263184,0.0,-1.0,"Node(id=29_15619_55, type=transcoder, layer=14, feature=15619, pos=55)",1
3,54,5828,lorsa,14,55,15619,transcoder,1.2117552757263184,1.0688916444778442,-0.14286363124847412,0.0,-0.11789808892133155,"Node(id=29_15619_55, type=transcoder, layer=14, feature=15619, pos=55)",1
3,54,5828,lorsa,3,54,9407,transcoder,0.9804326891899109,0.6679466962814331,-0.3124859929084778,0.0,-0.31872253582922805,"Node(id=7_9407_54, type=transcoder, layer=3, feature=9407, pos=54)",1
3,54,5828,lorsa,4,55,16377,lorsa,2.713291645050049,1.9301546812057495,-0.7831369638442993,0.0,-0.2886298512262782,"Node(id=8_16377_55, type=lorsa, layer=4, feature=16377, pos=55)",1
3,54,5828,lorsa,4,55,16341,lorsa,0.9263823628425598,0.7958276867866516,-0.1305546760559082,0.0,-0.14092957864105643,"Node(id=8_16341_55, type=lorsa, layer=4, feature=16341, pos=55)",1
3,54,5828,lorsa,9,55,7448,transcoder,0.2919863760471344,0.2555992007255554,-0.03638717532157898,0.0,-0.12461942853013497,"Node(id=19_7448_55, type=transcoder, layer=9, feature=7448, pos=55)",1
3,54,5828,lorsa,12,55,11739,transcoder,0.2567141354084015,0.0,-0.2567141354084015,0.0,-1.0,"Node(id=25_11739_55, type=transcoder, layer=12, feature=11739, pos=55)",1
4,23,3675,transcoder,6,23,4099,transcoder,2.014463186264038,1.047529697418213,-0.9669334888458252,0.0,-0.4799956114557102,"Node(id=13_4099_23, type=transcoder, layer=6, feature=4099, pos=23)",1
4,23,3675,transcoder,7,23,7600,transcoder,1.5129057168960571,1.19950270652771,-0.31340301036834717,0.0,-0.20715303463281132,"Node(id=15_7600_23, type=transcoder, layer=7, feature=7600, pos=23)",1
4,23,3675,transcoder,8,55,9724,transcoder,0.20959925651550293,0.18125592172145844,-0.028343334794044495,0.0,-0.1352263136102684,"Node(id=17_9724_55, type=transcoder, layer=8, feature=9724, pos=55)",1
1,56,4856,transcoder,2,23,12879,lorsa,2.5271050930023193,2.2309951782226562,-0.2961099147796631,0.0,-0.11717356575300579,"Node(id=4_12879_23, type=lorsa, layer=2, feature=12879, pos=23)",1
1,56,4856,transcoder,14,55,15619,transcoder,1.2117552757263184,1.0539782047271729,-0.1577770709991455,0.0,-0.13020539226006253,"Node(id=29_15619_55, type=transcoder, layer=14, feature=15619, pos=55)",1
4,50,3019,transcoder,7,50,10753,transcoder,1.0690118074417114,0.8710212707519531,-0.1979905366897583,0.0,-0.1852089334387954,"Node(id=15_10753_50, type=transcoder, layer=7, feature=10753, pos=50)",1
4,50,3019,transcoder,6,50,7455,transcoder,0.7886064052581787,0.5842524766921997,-0.204353928565979,0.0,-0.25913298091850573,"Node(id=13_7455_50, type=transcoder, layer=6, feature=7455, pos=50)",1
0,54,15890,transcoder,1,55,15014,lorsa,0.4733544886112213,0.0,-0.4733544886112213,0.0,-1.0,"Node(id=2_15014_55, type=lorsa, layer=1, feature=15014, pos=55)",1
0,54,15890,transcoder,1,55,9145,lorsa,2.293473720550537,0.0,-2.293473720550537,0.0,-1.0,"Node(id=2_9145_55, type=lorsa, layer=1, feature=9145, pos=55)",1
0,23,8135,transcoder,14,55,138,transcoder,5.991324424743652,3.4262988567352295,-2.565025568008423,0.0,-0.4281232973155466,"Node(id=29_138_55, type=transcoder, layer=14, feature=138, pos=55)",1
0,23,8135,transcoder,6,54,6679,transcoder,1.2186368703842163,0.949929416179657,-0.2687074542045593,0.0,-0.22049837874988984,"Node(id=13_6679_54, type=transcoder, layer=6, feature=6679, pos=54)",1
0,23,8135,transcoder,14,23,5634,transcoder,3.0851762294769287,0.0,-3.0851762294769287,0.0,-1.0,"Node(id=29_5634_23, type=transcoder, layer=14, feature=5634, pos=23)",1
0,23,8135,transcoder,1,23,1321,transcoder,0.8943891525268555,0.2142552137374878,-0.6801339387893677,0.0,-0.7604452009148731,"Node(id=3_1321_23, type=transcoder, layer=1, feature=1321, pos=23)",1
0,23,8135,transcoder,2,23,13354,transcoder,0.9106659889221191,0.25972849130630493,-0.6509374976158142,0.0,-0.714792806071824,"Node(id=5_13354_23, type=transcoder, layer=2, feature=13354, pos=23)",1
0,23,8135,transcoder,1,55,780,lorsa,1.3893356323242188,1.1007328033447266,-0.2886028289794922,0.0,-0.20772722030938534,"Node(id=2_780_55, type=lorsa, layer=1, feature=780, pos=55)",1
0,23,8135,transcoder,14,55,11103,transcoder,0.5930737257003784,0.0,-0.5930737257003784,0.0,-1.0,"Node(id=29_11103_55, type=transcoder, layer=14, feature=11103, pos=55)",1
0,23,8135,transcoder,3,23,15009,transcoder,0.8224453330039978,0.0,-0.8224453330039978,0.0,-1.0,"Node(id=7_15009_23, type=transcoder, layer=3, feature=15009, pos=23)",1
0,23,8135,transcoder,6,55,7034,transcoder,0.6798377633094788,0.0,-0.6798377633094788,0.0,-1.0,"Node(id=13_7034_55, type=transcoder, layer=6, feature=7034, pos=55)",1
0,23,8135,transcoder,6,23,4099,transcoder,2.014463186264038,0.0,-2.014463186264038,0.0,-1.0,"Node(id=13_4099_23, type=transcoder, layer=6, feature=4099, pos=23)",1
0,23,8135,transcoder,1,55,1377,transcoder,0.5498209595680237,0.32663336396217346,-0.22318759560585022,0.0,-0.4059277692527426,"Node(id=3_1377_55, type=transcoder, layer=1, feature=1377, pos=55)",1
0,23,8135,transcoder,2,55,11401,lorsa,1.9274051189422607,0.0,-1.9274051189422607,0.0,-1.0,"Node(id=4_11401_55, type=lorsa, layer=2, feature=11401, pos=55)",1
0,23,8135,transcoder,4,23,3675,transcoder,0.6166015863418579,0.0,-0.6166015863418579,0.0,-1.0,"Node(id=9_3675_23, type=transcoder, layer=4, feature=3675, pos=23)",1
0,23,8135,transcoder,1,23,1816,transcoder,0.8825504183769226,0.1182267963886261,-0.7643236219882965,0.0,-0.866039612098248,"Node(id=3_1816_23, type=transcoder, layer=1, feature=1816, pos=23)",1
0,23,8135,transcoder,13,55,12356,transcoder,3.18350887298584,2.572484254837036,-0.6110246181488037,0.0,-0.1919343223239452,"Node(id=27_12356_55, type=transcoder, layer=13, feature=12356, pos=55)",1
0,23,8135,transcoder,4,55,2320,transcoder,2.978559732437134,2.3444273471832275,-0.6341323852539062,0.0,-0.2128989989181929,"Node(id=9_2320_55, type=transcoder, layer=4, feature=2320, pos=55)",1
0,23,8135,transcoder,3,55,12235,lorsa,2.4719231128692627,0.0,-2.4719231128692627,0.0,-1.0,"Node(id=6_12235_55, type=lorsa, layer=3, feature=12235, pos=55)",1
0,23,8135,transcoder,5,55,2419,transcoder,0.6756512522697449,0.20658887922763824,-0.46906237304210663,0.0,-0.6942374064524632,"Node(id=11_2419_55, type=transcoder, layer=5, feature=2419, pos=55)",1
0,23,8135,transcoder,8,55,12466,lorsa,5.128899097442627,4.402772426605225,-0.7261266708374023,0.0,-0.14157554224442898,"Node(id=16_12466_55, type=lorsa, layer=8, feature=12466, pos=55)",1
0,23,8135,transcoder,10,1,10273,transcoder,28.066740036010742,17.27604866027832,-10.790691375732422,0.0,-0.3844654335304897,"Node(id=21_10273_1, type=transcoder, layer=10, feature=10273, pos=1)",1
0,23,8135,transcoder,7,23,7600,transcoder,1.5129057168960571,0.0,-1.5129057168960571,0.0,-1.0,"Node(id=15_7600_23, type=transcoder, layer=7, feature=7600, pos=23)",1
0,23,8135,transcoder,2,55,4901,transcoder,1.173736810684204,0.9584325551986694,-0.21530425548553467,0.0,-0.18343486676542742,"Node(id=5_4901_55, type=transcoder, layer=2, feature=4901, pos=55)",1
0,23,8135,transcoder,2,55,11309,transcoder,0.29157570004463196,0.0,-0.29157570004463196,0.0,-1.0,"Node(id=5_11309_55, type=transcoder, layer=2, feature=11309, pos=55)",1
0,23,8135,transcoder,2,55,6076,lorsa,1.7181307077407837,0.6955304741859436,-1.02260023355484,0.0,-0.5951818618616534,"Node(id=4_6076_55, type=lorsa, layer=2, feature=6076, pos=55)",1
0,23,8135,transcoder,14,55,16044,lorsa,2.606524705886841,0.0,-2.606524705886841,0.0,-1.0,"Node(id=28_16044_55, type=lorsa, layer=14, feature=16044, pos=55)",1
0,23,8135,transcoder,12,23,15674,transcoder,0.6342616677284241,0.0,-0.6342616677284241,0.0,-1.0,"Node(id=25_15674_23, type=transcoder, layer=12, feature=15674, pos=23)",1
0,23,8135,transcoder,14,55,3391,transcoder,0.7034270167350769,0.0,-0.7034270167350769,0.0,-1.0,"Node(id=29_3391_55, type=transcoder, layer=14, feature=3391, pos=55)",1
0,23,8135,transcoder,11,55,2278,transcoder,0.4227127730846405,0.0,-0.4227127730846405,0.0,-1.0,"Node(id=23_2278_55, type=transcoder, layer=11, feature=2278, pos=55)",1
0,23,8135,transcoder,2,23,12879,lorsa,2.5271050930023193,0.8312184810638428,-1.6958866119384766,0.0,-0.6710787836384294,"Node(id=4_12879_23, type=lorsa, layer=2, feature=12879, pos=23)",1
0,23,8135,transcoder,14,55,15619,transcoder,1.2117552757263184,0.0,-1.2117552757263184,0.0,-1.0,"Node(id=29_15619_55, type=transcoder, layer=14, feature=15619, pos=55)",1
0,23,8135,transcoder,3,55,12206,lorsa,1.9337397813796997,0.0,-1.9337397813796997,0.0,-1.0,"Node(id=6_12206_55, type=lorsa, layer=3, feature=12206, pos=55)",1
0,23,8135,transcoder,2,55,13261,transcoder,0.6239655017852783,0.21595783531665802,-0.4080076664686203,0.0,-0.6538945908086848,"Node(id=5_13261_55, type=transcoder, layer=2, feature=13261, pos=55)",1
0,23,8135,transcoder,13,55,3932,transcoder,0.7734141945838928,0.0,-0.7734141945838928,0.0,-1.0,"Node(id=27_3932_55, type=transcoder, layer=13, feature=3932, pos=55)",1
0,23,8135,transcoder,9,55,12666,transcoder,0.6803210973739624,0.0,-0.6803210973739624,0.0,-1.0,"Node(id=19_12666_55, type=transcoder, layer=9, feature=12666, pos=55)",1
0,23,8135,transcoder,7,55,14502,lorsa,2.268876075744629,1.2999812364578247,-0.9688948392868042,0.0,-0.42703735547514193,"Node(id=14_14502_55, type=lorsa, layer=7, feature=14502, pos=55)",1
0,23,8135,transcoder,8,55,9586,lorsa,2.2772367000579834,1.6003566980361938,-0.6768800020217896,0.0,-0.29723743781423984,"Node(id=16_9586_55, type=lorsa, layer=8, feature=9586, pos=55)",1
0,23,8135,transcoder,1,23,9682,lorsa,2.450392484664917,0.6831966638565063,-1.7671958208084106,0.0,-0.7211888837677646,"Node(id=2_9682_23, type=lorsa, layer=1, feature=9682, pos=23)",1
0,23,8135,transcoder,1,23,6844,transcoder,0.542878270149231,0.13951265811920166,-0.4033656120300293,0.0,-0.7430129998003949,"Node(id=3_6844_23, type=transcoder, layer=1, feature=6844, pos=23)",1
0,23,8135,transcoder,3,54,9407,transcoder,0.9804326891899109,0.6005051136016846,-0.3799275755882263,0.0,-0.3875101062798549,"Node(id=7_9407_54, type=transcoder, layer=3, feature=9407, pos=54)",1
0,23,8135,transcoder,8,55,2551,lorsa,2.676435947418213,0.0,-2.676435947418213,0.0,-1.0,"Node(id=16_2551_55, type=lorsa, layer=8, feature=2551, pos=55)",1
0,23,8135,transcoder,7,55,13128,transcoder,0.5602725148200989,0.2884450852870941,-0.27182742953300476,0.0,-0.4851700241270757,"Node(id=15_13128_55, type=transcoder, layer=7, feature=13128, pos=55)",1
0,23,8135,transcoder,8,55,9724,transcoder,0.20959925651550293,0.0,-0.20959925651550293,0.0,-1.0,"Node(id=17_9724_55, type=transcoder, layer=8, feature=9724, pos=55)",1
0,23,8135,transcoder,3,55,11167,transcoder,0.2644384503364563,0.0,-0.2644384503364563,0.0,-1.0,"Node(id=7_11167_55, type=transcoder, layer=3, feature=11167, pos=55)",1
0,23,8135,transcoder,1,55,12154,transcoder,0.19804225862026215,0.0,-0.19804225862026215,0.0,-1.0,"Node(id=3_12154_55, type=transcoder, layer=1, feature=12154, pos=55)",1
0,23,8135,transcoder,13,55,15835,transcoder,0.3478931784629822,0.0,-0.3478931784629822,0.0,-1.0,"Node(id=27_15835_55, type=transcoder, layer=13, feature=15835, pos=55)",1
0,23,8135,transcoder,4,55,16377,lorsa,2.713291645050049,2.1489834785461426,-0.5643081665039062,0.0,-0.20797917818137723,"Node(id=8_16377_55, type=lorsa, layer=4, feature=16377, pos=55)",1
0,23,8135,transcoder,4,55,9531,transcoder,0.5060067176818848,0.0,-0.5060067176818848,0.0,-1.0,"Node(id=9_9531_55, type=transcoder, layer=4, feature=9531, pos=55)",1
0,23,8135,transcoder,2,55,2440,lorsa,1.7886356115341187,0.0,-1.7886356115341187,0.0,-1.0,"Node(id=4_2440_55, type=lorsa, layer=2, feature=2440, pos=55)",1
0,23,8135,transcoder,2,55,5819,transcoder,0.7991868257522583,0.6660178899765015,-0.13316893577575684,0.0,-0.16663054430409013,"Node(id=5_5819_55, type=transcoder, layer=2, feature=5819, pos=55)",1
0,23,8135,transcoder,12,55,6669,transcoder,0.8420363068580627,0.0,-0.8420363068580627,0.0,-1.0,"Node(id=25_6669_55, type=transcoder, layer=12, feature=6669, pos=55)",1
0,23,8135,transcoder,6,50,7455,transcoder,0.7886064052581787,0.6049299240112305,-0.18367648124694824,0.0,-0.23291274331815137,"Node(id=13_7455_50, type=transcoder, layer=6, feature=7455, pos=50)",1
0,23,8135,transcoder,10,55,11535,transcoder,0.6737499833106995,0.0,-0.6737499833106995,0.0,-1.0,"Node(id=21_11535_55, type=transcoder, layer=10, feature=11535, pos=55)",1
0,23,8135,transcoder,14,23,10814,transcoder,1.869791030883789,0.0,-1.869791030883789,0.0,-1.0,"Node(id=29_10814_23, type=transcoder, layer=14, feature=10814, pos=23)",1
0,23,8135,transcoder,9,55,12225,transcoder,0.47227632999420166,0.161469966173172,-0.31080636382102966,0.0,-0.6581027760270043,"Node(id=19_12225_55, type=transcoder, layer=9, feature=12225, pos=55)",1
0,23,8135,transcoder,13,55,5819,transcoder,0.5956785082817078,0.0,-0.5956785082817078,0.0,-1.0,"Node(id=27_5819_55, type=transcoder, layer=13, feature=5819, pos=55)",1
0,23,8135,transcoder,1,23,7319,transcoder,0.4151616096496582,0.0,-0.4151616096496582,0.0,-1.0,"Node(id=3_7319_23, type=transcoder, layer=1, feature=7319, pos=23)",1
0,23,8135,transcoder,2,55,14393,transcoder,0.4859774708747864,0.291228324174881,-0.1947491466999054,0.0,-0.4007369855012952,"Node(id=5_14393_55, type=transcoder, layer=2, feature=14393, pos=55)",1
0,23,8135,transcoder,6,55,23,transcoder,0.9902805685997009,0.6469765305519104,-0.3433040380477905,0.0,-0.3466735074214746,"Node(id=13_23_55, type=transcoder, layer=6, feature=23, pos=55)",1
0,23,8135,transcoder,8,54,9517,transcoder,0.4715726673603058,0.16793206334114075,-0.30364060401916504,0.0,-0.643889319792082,"Node(id=17_9517_54, type=transcoder, layer=8, feature=9517, pos=54)",1
0,23,8135,transcoder,3,55,4439,transcoder,0.30011671781539917,0.0,-0.30011671781539917,0.0,-1.0,"Node(id=7_4439_55, type=transcoder, layer=3, feature=4439, pos=55)",1
0,23,8135,transcoder,14,55,5916,transcoder,0.3695855438709259,0.0,-0.3695855438709259,0.0,-1.0,"Node(id=29_5916_55, type=transcoder, layer=14, feature=5916, pos=55)",1
0,23,8135,transcoder,10,55,10622,transcoder,0.2998685836791992,0.0,-0.2998685836791992,0.0,-1.0,"Node(id=21_10622_55, type=transcoder, layer=10, feature=10622, pos=55)",1
0,23,8135,transcoder,2,6,13953,transcoder,1.7135149240493774,1.5077705383300781,-0.20574438571929932,0.0,-0.12007154582178035,"Node(id=5_13953_6, type=transcoder, layer=2, feature=13953, pos=6)",1
0,23,8135,transcoder,4,55,16341,lorsa,0.9263823628425598,0.0,-0.9263823628425598,0.0,-1.0,"Node(id=8_16341_55, type=lorsa, layer=4, feature=16341, pos=55)",1
0,23,8135,transcoder,8,63,2167,transcoder,2.175069808959961,1.833009958267212,-0.342059850692749,0.0,-0.1572638493181557,"Node(id=17_2167_63, type=transcoder, layer=8, feature=2167, pos=63)",1
0,23,8135,transcoder,9,55,13128,transcoder,0.3520200252532959,0.0,-0.3520200252532959,0.0,-1.0,"Node(id=19_13128_55, type=transcoder, layer=9, feature=13128, pos=55)",1
0,23,8135,transcoder,13,55,7425,transcoder,0.6321931481361389,0.0,-0.6321931481361389,0.0,-1.0,"Node(id=27_7425_55, type=transcoder, layer=13, feature=7425, pos=55)",1
0,23,8135,transcoder,1,23,1358,transcoder,0.7991279363632202,0.0,-0.7991279363632202,0.0,-1.0,"Node(id=3_1358_23, type=transcoder, layer=1, feature=1358, pos=23)",1
0,23,8135,transcoder,1,23,2090,transcoder,0.3347303867340088,0.0,-0.3347303867340088,0.0,-1.0,"Node(id=3_2090_23, type=transcoder, layer=1, feature=2090, pos=23)",1
0,23,8135,transcoder,14,55,1214,transcoder,0.7802796959877014,0.0,-0.7802796959877014,0.0,-1.0,"Node(id=29_1214_55, type=transcoder, layer=14, feature=1214, pos=55)",1
0,23,8135,transcoder,3,54,6230,transcoder,0.7401818633079529,0.5229200720787048,-0.21726179122924805,0.0,-0.29352487814046346,"Node(id=7_6230_54, type=transcoder, layer=3, feature=6230, pos=54)",1
0,23,8135,transcoder,13,55,10331,transcoder,0.5097225308418274,0.0,-0.5097225308418274,0.0,-1.0,"Node(id=27_10331_55, type=transcoder, layer=13, feature=10331, pos=55)",1
0,23,8135,transcoder,9,55,7448,transcoder,0.2919863760471344,0.0,-0.2919863760471344,0.0,-1.0,"Node(id=19_7448_55, type=transcoder, layer=9, feature=7448, pos=55)",1
0,23,8135,transcoder,10,55,15174,transcoder,0.40954360365867615,0.0,-0.40954360365867615,0.0,-1.0,"Node(id=21_15174_55, type=transcoder, layer=10, feature=15174, pos=55)",1
0,23,8135,transcoder,11,55,8862,transcoder,0.643543541431427,0.0,-0.643543541431427,0.0,-1.0,"Node(id=23_8862_55, type=transcoder, layer=11, feature=8862, pos=55)",1
0,23,8135,transcoder,8,55,3569,transcoder,0.576390266418457,0.0,-0.576390266418457,0.0,-1.0,"Node(id=17_3569_55, type=transcoder, layer=8, feature=3569, pos=55)",1
0,23,8135,transcoder,14,23,138,transcoder,4.625486850738525,1.5958032608032227,-3.0296835899353027,0.0,-0.6549977737914379,"Node(id=29_138_23, type=transcoder, layer=14, feature=138, pos=23)",1
0,23,8135,transcoder,4,55,15932,lorsa,2.069827079772949,0.0,-2.069827079772949,0.0,-1.0,"Node(id=8_15932_55, type=lorsa, layer=4, feature=15932, pos=55)",1
0,23,8135,transcoder,7,54,13289,transcoder,0.9898383617401123,0.5016735196113586,-0.48816484212875366,0.0,-0.4931763215062422,"Node(id=15_13289_54, type=transcoder, layer=7, feature=13289, pos=54)",1
0,23,8135,transcoder,1,54,14103,transcoder,0.2923813760280609,0.0,-0.2923813760280609,0.0,-1.0,"Node(id=3_14103_54, type=transcoder, layer=1, feature=14103, pos=54)",1
0,23,8135,transcoder,10,1,5090,transcoder,17.671863555908203,11.257085800170898,-6.414777755737305,0.0,-0.3629938481271639,"Node(id=21_5090_1, type=transcoder, layer=10, feature=5090, pos=1)",1
0,23,8135,transcoder,5,55,13666,transcoder,0.33196818828582764,0.0,-0.33196818828582764,0.0,-1.0,"Node(id=11_13666_55, type=transcoder, layer=5, feature=13666, pos=55)",1
0,23,8135,transcoder,8,55,7940,transcoder,0.6999607682228088,0.0,-0.6999607682228088,0.0,-1.0,"Node(id=17_7940_55, type=transcoder, layer=8, feature=7940, pos=55)",1
0,23,8135,transcoder,14,23,11103,transcoder,1.1049634218215942,0.0,-1.1049634218215942,0.0,-1.0,"Node(id=29_11103_23, type=transcoder, layer=14, feature=11103, pos=23)",1
0,23,8135,transcoder,12,55,11739,transcoder,0.2567141354084015,0.0,-0.2567141354084015,0.0,-1.0,"Node(id=25_11739_55, type=transcoder, layer=12, feature=11739, pos=55)",1
0,23,8135,transcoder,10,55,3280,transcoder,0.24856069684028625,0.0,-0.24856069684028625,0.0,-1.0,"Node(id=21_3280_55, type=transcoder, layer=10, feature=3280, pos=55)",1
0,23,8135,transcoder,14,55,11920,transcoder,0.7073771357536316,0.0,-0.7073771357536316,0.0,-1.0,"Node(id=29_11920_55, type=transcoder, layer=14, feature=11920, pos=55)",1
0,23,8135,transcoder,1,55,6272,transcoder,0.3085007071495056,0.2421438843011856,-0.06635682284832001,0.0,-0.21509455670765176,"Node(id=3_6272_55, type=transcoder, layer=1, feature=6272, pos=55)",1
0,23,8135,transcoder,10,55,546,transcoder,0.65244460105896,0.22377699613571167,-0.4286676049232483,0.0,-0.6570176291251286,"Node(id=21_546_55, type=transcoder, layer=10, feature=546, pos=55)",1
0,23,8135,transcoder,1,51,11218,transcoder,0.6390401721000671,0.44674965739250183,-0.1922905147075653,0.0,-0.3009052061244353,"Node(id=3_11218_51, type=transcoder, layer=1, feature=11218, pos=51)",1
0,23,8135,transcoder,10,2,10273,transcoder,24.12562370300293,14.96405029296875,-9.16157341003418,0.0,-0.3797445207144565,"Node(id=21_10273_2, type=transcoder, layer=10, feature=10273, pos=2)",1
6,23,4099,transcoder,14,55,11103,transcoder,0.5930737257003784,0.5113552212715149,-0.08171850442886353,0.0,-0.13778810439184389,"Node(id=29_11103_55, type=transcoder, layer=14, feature=11103, pos=55)",1
6,23,4099,transcoder,7,23,7600,transcoder,1.5129057168960571,0.49426284432411194,-1.0186428725719452,0.0,-0.6733022826180054,"Node(id=15_7600_23, type=transcoder, layer=7, feature=7600, pos=23)",1
6,23,4099,transcoder,14,55,15619,transcoder,1.2117552757263184,1.0822694301605225,-0.1294858455657959,0.0,-0.10685808278258406,"Node(id=29_15619_55, type=transcoder, layer=14, feature=15619, pos=55)",1
6,23,4099,transcoder,8,55,9724,transcoder,0.20959925651550293,0.1514451503753662,-0.05815410614013672,0.0,-0.2774537806427542,"Node(id=17_9724_55, type=transcoder, layer=8, feature=9724, pos=55)",1
6,23,4099,transcoder,13,55,15835,transcoder,0.3478931784629822,0.3030419945716858,-0.04485118389129639,0.0,-0.12892228611510073,"Node(id=27_15835_55, type=transcoder, layer=13, feature=15835, pos=55)",1
1,5,853,transcoder,2,55,2823,transcoder,0.23902328312397003,0.0,-0.23902328312397003,0.0,-1.0,"Node(id=5_2823_55, type=transcoder, layer=2, feature=2823, pos=55)",1
2,51,5718,transcoder,4,55,9914,transcoder,0.5230033993721008,0.4638965129852295,-0.05910688638687134,0.0,-0.11301434456799507,"Node(id=9_9914_55, type=transcoder, layer=4, feature=9914, pos=55)",1
2,51,5718,transcoder,8,55,2551,lorsa,2.676435947418213,1.8950424194335938,-0.7813935279846191,0.0,-0.29195300890289555,"Node(id=16_2551_55, type=lorsa, layer=8, feature=2551, pos=55)",1
2,51,5718,transcoder,5,55,16275,lorsa,1.9964919090270996,0.0,-1.9964919090270996,0.0,-1.0,"Node(id=10_16275_55, type=lorsa, layer=5, feature=16275, pos=55)",1
3,54,14478,transcoder,7,55,13128,transcoder,0.5602725148200989,0.49297672510147095,-0.06729578971862793,0.0,-0.12011260224006584,"Node(id=15_13128_55, type=transcoder, layer=7, feature=13128, pos=55)",1
3,54,14478,transcoder,13,55,15835,transcoder,0.3478931784629822,0.31199806928634644,-0.03589510917663574,0.0,-0.10317853697282307,"Node(id=27_15835_55, type=transcoder, layer=13, feature=15835, pos=55)",1
3,54,14478,transcoder,4,55,16377,lorsa,2.713291645050049,0.0,-2.713291645050049,0.0,-1.0,"Node(id=8_16377_55, type=lorsa, layer=4, feature=16377, pos=55)",1
3,54,14478,transcoder,10,55,11535,transcoder,0.6737499833106995,0.5917559862136841,-0.08199399709701538,0.0,-0.12169795788952753,"Node(id=21_11535_55, type=transcoder, layer=10, feature=11535, pos=55)",1
3,54,14478,transcoder,14,55,5916,transcoder,0.3695855438709259,0.3089238107204437,-0.06066173315048218,0.0,-0.16413448565961142,"Node(id=29_5916_55, type=transcoder, layer=14, feature=5916, pos=55)",1
3,54,14478,transcoder,10,55,10622,transcoder,0.2998685836791992,0.25137150287628174,-0.04849708080291748,0.0,-0.16172778157647844,"Node(id=21_10622_55, type=transcoder, layer=10, feature=10622, pos=55)",1
3,54,14478,transcoder,9,55,7448,transcoder,0.2919863760471344,0.25298258662223816,-0.03900378942489624,0.0,-0.13358085384983848,"Node(id=19_7448_55, type=transcoder, layer=9, feature=7448, pos=55)",1
3,54,14478,transcoder,14,55,11920,transcoder,0.7073771357536316,0.6355282068252563,-0.07184892892837524,0.0,-0.10157089520829396,"Node(id=29_11920_55, type=transcoder, layer=14, feature=11920, pos=55)",1
3,54,14478,transcoder,5,55,16275,lorsa,1.9964919090270996,1.6828923225402832,-0.3135995864868164,0.0,-0.1570753104827933,"Node(id=10_16275_55, type=lorsa, layer=5, feature=16275, pos=55)",1
1,55,10736,transcoder,2,55,14393,transcoder,0.4859774708747864,0.42247238755226135,-0.06350508332252502,0.0,-0.13067495332286155,"Node(id=5_14393_55, type=transcoder, layer=2, feature=14393, pos=55)",1
3,54,9407,transcoder,6,54,6679,transcoder,1.2186368703842163,0.9228872060775757,-0.2957496643066406,0.0,-0.24268891865498504,"Node(id=13_6679_54, type=transcoder, layer=6, feature=6679, pos=54)",1
3,54,9407,transcoder,4,54,2320,transcoder,4.304287433624268,3.834078550338745,-0.47020888328552246,0.0,-0.1092419803594762,"Node(id=9_2320_54, type=transcoder, layer=4, feature=2320, pos=54)",1
3,54,9407,transcoder,8,55,12466,lorsa,5.128899097442627,4.586448669433594,-0.5424504280090332,0.0,-0.1057635211188908,"Node(id=16_12466_55, type=lorsa, layer=8, feature=12466, pos=55)",1
3,54,9407,transcoder,5,54,13299,transcoder,0.4998253881931305,0.28080809116363525,-0.21901729702949524,0.0,-0.43818761952297597,"Node(id=11_13299_54, type=transcoder, layer=5, feature=13299, pos=54)",1
3,54,9407,transcoder,4,55,16282,lorsa,1.991599440574646,1.5443987846374512,-0.4472006559371948,0.0,-0.22454347336438385,"Node(id=8_16282_55, type=lorsa, layer=4, feature=16282, pos=55)",1
3,54,9407,transcoder,4,55,16377,lorsa,2.713291645050049,2.323824167251587,-0.3894674777984619,0.0,-0.1435405878719233,"Node(id=8_16377_55, type=lorsa, layer=4, feature=16377, pos=55)",1
3,54,9407,transcoder,7,54,3543,transcoder,0.46587416529655457,0.2892724871635437,-0.17660167813301086,0.0,-0.37907592068470713,"Node(id=15_3543_54, type=transcoder, layer=7, feature=3543, pos=54)",1
3,54,9407,transcoder,4,55,16341,lorsa,0.9263823628425598,0.0,-0.9263823628425598,0.0,-1.0,"Node(id=8_16341_55, type=lorsa, layer=4, feature=16341, pos=55)",1
3,54,9407,transcoder,4,54,3019,transcoder,0.2689710259437561,0.0,-0.2689710259437561,0.0,-1.0,"Node(id=9_3019_54, type=transcoder, layer=4, feature=3019, pos=54)",1
3,54,9407,transcoder,5,55,16275,lorsa,1.9964919090270996,1.778092384338379,-0.2183995246887207,0.0,-0.10939164025720889,"Node(id=10_16275_55, type=lorsa, layer=5, feature=16275, pos=55)",1
11,23,11974,transcoder,12,23,15674,transcoder,0.6342616677284241,0.3226959705352783,-0.31156569719314575,0.0,-0.49122580323827936,"Node(id=25_15674_23, type=transcoder, layer=12, feature=15674, pos=23)",1
11,23,11974,transcoder,12,55,6669,transcoder,0.8420363068580627,0.7253592014312744,-0.11667710542678833,0.0,-0.13856540920682167,"Node(id=25_6669_55, type=transcoder, layer=12, feature=6669, pos=55)",1
11,23,11974,transcoder,13,55,5819,transcoder,0.5956785082817078,0.5228886008262634,-0.07278990745544434,0.0,-0.12219663198092183,"Node(id=27_5819_55, type=transcoder, layer=13, feature=5819, pos=55)",1
11,23,11974,transcoder,14,55,1214,transcoder,0.7802796959877014,0.6859533190727234,-0.09432637691497803,0.0,-0.1208879039144763,"Node(id=29_1214_55, type=transcoder, layer=14, feature=1214, pos=55)",1
11,23,11974,transcoder,14,23,11103,transcoder,1.1049634218215942,0.9906660914421082,-0.11429733037948608,0.0,-0.10343992219313515,"Node(id=29_11103_23, type=transcoder, layer=14, feature=11103, pos=23)",1
8,54,8745,transcoder,9,55,12225,transcoder,0.47227632999420166,0.4238285422325134,-0.04844778776168823,0.0,-0.10258356111618604,"Node(id=19_12225_55, type=transcoder, layer=9, feature=12225, pos=55)",1
8,54,8745,transcoder,14,55,5916,transcoder,0.3695855438709259,0.3323308229446411,-0.03725472092628479,0.0,-0.10080134773695487,"Node(id=29_5916_55, type=transcoder, layer=14, feature=5916, pos=55)",1
3,23,15009,transcoder,14,55,11103,transcoder,0.5930737257003784,0.5197257399559021,-0.07334798574447632,0.0,-0.1236743132700028,"Node(id=29_11103_55, type=transcoder, layer=14, feature=11103, pos=55)",1
3,23,15009,transcoder,6,23,4099,transcoder,2.014463186264038,1.478452205657959,-0.5360109806060791,0.0,-0.26608129861144236,"Node(id=13_4099_23, type=transcoder, layer=6, feature=4099, pos=23)",1
3,23,15009,transcoder,4,23,3675,transcoder,0.6166015863418579,0.1433754414319992,-0.4732261449098587,0.0,-0.7674747444575847,"Node(id=9_3675_23, type=transcoder, layer=4, feature=3675, pos=23)",1
3,23,15009,transcoder,14,55,15619,transcoder,1.2117552757263184,0.9783994555473328,-0.2333558201789856,0.0,-0.19257669007392075,"Node(id=29_15619_55, type=transcoder, layer=14, feature=15619, pos=55)",1
3,23,15009,transcoder,13,55,3932,transcoder,0.7734141945838928,0.6901208162307739,-0.0832933783531189,0.0,-0.10769569389391909,"Node(id=27_3932_55, type=transcoder, layer=13, feature=3932, pos=55)",1
3,23,15009,transcoder,8,55,9724,transcoder,0.20959925651550293,0.17206647992134094,-0.03753277659416199,0.0,-0.17906922580799273,"Node(id=17_9724_55, type=transcoder, layer=8, feature=9724, pos=55)",1
3,23,15009,transcoder,4,55,9531,transcoder,0.5060067176818848,0.4069393277168274,-0.09906738996505737,0.0,-0.19578275644027882,"Node(id=9_9531_55, type=transcoder, layer=4, feature=9531, pos=55)",1
3,23,15009,transcoder,13,55,7425,transcoder,0.6321931481361389,0.5685542821884155,-0.06363886594772339,0.0,-0.10066364391222277,"Node(id=27_7425_55, type=transcoder, layer=13, feature=7425, pos=55)",1
3,23,15009,transcoder,14,55,1214,transcoder,0.7802796959877014,0.6460884213447571,-0.13419127464294434,0.0,-0.17197842688073667,"Node(id=29_1214_55, type=transcoder, layer=14, feature=1214, pos=55)",1
3,23,15009,transcoder,5,55,13666,transcoder,0.33196818828582764,0.24136486649513245,-0.09060332179069519,0.0,-0.2729277231608858,"Node(id=11_13666_55, type=transcoder, layer=5, feature=13666, pos=55)",1
3,23,15009,transcoder,12,55,11739,transcoder,0.2567141354084015,0.0,-0.2567141354084015,0.0,-1.0,"Node(id=25_11739_55, type=transcoder, layer=12, feature=11739, pos=55)",1
3,23,15009,transcoder,10,55,3280,transcoder,0.24856069684028625,0.0,-0.24856069684028625,0.0,-1.0,"Node(id=21_3280_55, type=transcoder, layer=10, feature=3280, pos=55)",1
8,1,11854,transcoder,10,2,10273,transcoder,24.12562370300293,20.554019927978516,-3.571603775024414,0.0,-0.14804192500854826,"Node(id=21_10273_2, type=transcoder, layer=10, feature=10273, pos=2)",1
2,56,13333,transcoder,14,55,15619,transcoder,1.2117552757263184,0.9671542048454285,-0.2446010708808899,0.0,-0.2018568235523279,"Node(id=29_15619_55, type=transcoder, layer=14, feature=15619, pos=55)",1
0,55,12875,transcoder,1,55,8260,lorsa,1.92356276512146,1.7075281143188477,-0.2160346508026123,0.0,-0.11230964474869692,"Node(id=2_8260_55, type=lorsa, layer=1, feature=8260, pos=55)",1
0,55,12875,transcoder,1,55,16036,lorsa,1.270075798034668,0.0,-1.270075798034668,0.0,-1.0,"Node(id=2_16036_55, type=lorsa, layer=1, feature=16036, pos=55)",1
4,54,2320,transcoder,6,54,6679,transcoder,1.2186368703842163,0.6109273433685303,-0.607709527015686,0.0,-0.49867974766271855,"Node(id=13_6679_54, type=transcoder, layer=6, feature=6679, pos=54)",1
4,54,2320,transcoder,5,54,13299,transcoder,0.4998253881931305,0.0,-0.4998253881931305,0.0,-1.0,"Node(id=11_13299_54, type=transcoder, layer=5, feature=13299, pos=54)",1
4,54,2320,transcoder,7,55,13128,transcoder,0.5602725148200989,0.48347416520118713,-0.07679834961891174,0.0,-0.13707320560526046,"Node(id=15_13128_55, type=transcoder, layer=7, feature=13128, pos=55)",1
4,54,2320,transcoder,10,55,11535,transcoder,0.6737499833106995,0.5794042348861694,-0.09434574842453003,0.0,-0.14003079890396455,"Node(id=21_11535_55, type=transcoder, layer=10, feature=11535, pos=55)",1
4,54,2320,transcoder,14,55,5916,transcoder,0.3695855438709259,0.31730446219444275,-0.052281081676483154,0.0,-0.14145867592359565,"Node(id=29_5916_55, type=transcoder, layer=14, feature=5916, pos=55)",1
4,54,2320,transcoder,10,55,10622,transcoder,0.2998685836791992,0.25795236229896545,-0.041916221380233765,0.0,-0.139781970041503,"Node(id=21_10622_55, type=transcoder, layer=10, feature=10622, pos=55)",1
4,54,2320,transcoder,9,55,7448,transcoder,0.2919863760471344,0.2476135939359665,-0.04437278211116791,0.0,-0.15196867303152856,"Node(id=19_7448_55, type=transcoder, layer=9, feature=7448, pos=55)",1
4,54,2320,transcoder,7,54,13289,transcoder,0.9898383617401123,0.732933521270752,-0.25690484046936035,0.0,-0.25954221456696,"Node(id=15_13289_54, type=transcoder, layer=7, feature=13289, pos=54)",1
2,54,715,transcoder,3,54,9407,transcoder,0.9804326891899109,0.8355452418327332,-0.14488744735717773,0.0,-0.14777908667742604,"Node(id=7_9407_54, type=transcoder, layer=3, feature=9407, pos=54)",1
7,53,6310,transcoder,13,55,3932,transcoder,0.7734141945838928,0.6812384128570557,-0.09217578172683716,0.0,-0.11918035946628697,"Node(id=27_3932_55, type=transcoder, layer=13, feature=3932, pos=55)",1
1,51,11215,lorsa,14,55,11103,transcoder,0.5930737257003784,0.46735328435897827,-0.12572044134140015,0.0,-0.21198113471125893,"Node(id=29_11103_55, type=transcoder, layer=14, feature=11103, pos=55)",1
1,51,11215,lorsa,3,55,12235,lorsa,2.4719231128692627,1.967993140220642,-0.5039299726486206,0.0,-0.20386150767597638,"Node(id=6_12235_55, type=lorsa, layer=3, feature=12235, pos=55)",1
1,51,11215,lorsa,14,55,3391,transcoder,0.7034270167350769,0.6144677996635437,-0.0889592170715332,0.0,-0.1264654540629292,"Node(id=29_3391_55, type=transcoder, layer=14, feature=3391, pos=55)",1
1,51,11215,lorsa,11,55,2278,transcoder,0.4227127730846405,0.36755770444869995,-0.05515506863594055,0.0,-0.13047883136688837,"Node(id=23_2278_55, type=transcoder, layer=11, feature=2278, pos=55)",1
1,51,11215,lorsa,3,55,12206,lorsa,1.9337397813796997,1.7291913032531738,-0.20454847812652588,0.0,-0.10577869892120802,"Node(id=6_12206_55, type=lorsa, layer=3, feature=12206, pos=55)",1
1,51,11215,lorsa,13,55,3932,transcoder,0.7734141945838928,0.6942508220672607,-0.07916337251663208,0.0,-0.10235572746272524,"Node(id=27_3932_55, type=transcoder, layer=13, feature=3932, pos=55)",1
1,51,11215,lorsa,4,55,9914,transcoder,0.5230033993721008,0.4509865641593933,-0.07201683521270752,0.0,-0.1376985987073284,"Node(id=9_9914_55, type=transcoder, layer=4, feature=9914, pos=55)",1
1,51,11215,lorsa,8,55,2551,lorsa,2.676435947418213,2.340503215789795,-0.33593273162841797,0.0,-0.12551495280597724,"Node(id=16_2551_55, type=lorsa, layer=8, feature=2551, pos=55)",1
1,51,11215,lorsa,7,55,13128,transcoder,0.5602725148200989,0.4784736633300781,-0.08179885149002075,0.0,-0.145998329966777,"Node(id=15_13128_55, type=transcoder, layer=7, feature=13128, pos=55)",1
1,51,11215,lorsa,8,55,9724,transcoder,0.20959925651550293,0.18562191724777222,-0.023977339267730713,0.0,-0.1143961083943885,"Node(id=17_9724_55, type=transcoder, layer=8, feature=9724, pos=55)",1
1,51,11215,lorsa,13,55,15835,transcoder,0.3478931784629822,0.30601292848587036,-0.041880249977111816,0.0,-0.12038249833509775,"Node(id=27_15835_55, type=transcoder, layer=13, feature=15835, pos=55)",1
1,51,11215,lorsa,4,55,9531,transcoder,0.5060067176818848,0.41746455430984497,-0.0885421633720398,0.0,-0.17498218952046463,"Node(id=9_9531_55, type=transcoder, layer=4, feature=9531, pos=55)",1
1,51,11215,lorsa,13,55,5819,transcoder,0.5956785082817078,0.5093247890472412,-0.08635371923446655,0.0,-0.14496698812176756,"Node(id=27_5819_55, type=transcoder, layer=13, feature=5819, pos=55)",1
1,51,11215,lorsa,6,55,23,transcoder,0.9902805685997009,0.8861209750175476,-0.10415959358215332,0.0,-0.10518190186185258,"Node(id=13_23_55, type=transcoder, layer=6, feature=23, pos=55)",1
1,51,11215,lorsa,10,55,10622,transcoder,0.2998685836791992,0.26546692848205566,-0.034401655197143555,0.0,-0.1147224386598184,"Node(id=21_10622_55, type=transcoder, layer=10, feature=10622, pos=55)",1
1,51,11215,lorsa,13,55,7425,transcoder,0.6321931481361389,0.5327221155166626,-0.09947103261947632,0.0,-0.1573427882170843,"Node(id=27_7425_55, type=transcoder, layer=13, feature=7425, pos=55)",1
1,51,11215,lorsa,14,55,1214,transcoder,0.7802796959877014,0.4300844669342041,-0.3501952290534973,0.0,-0.44880730698779714,"Node(id=29_1214_55, type=transcoder, layer=14, feature=1214, pos=55)",1
1,51,11215,lorsa,1,51,11331,transcoder,0.7390512824058533,0.0,-0.7390512824058533,0.0,-1.0,"Node(id=3_11331_51, type=transcoder, layer=1, feature=11331, pos=51)",1
1,51,11215,lorsa,5,55,13666,transcoder,0.33196818828582764,0.2625332772731781,-0.06943491101264954,0.0,-0.20916133973917236,"Node(id=11_13666_55, type=transcoder, layer=5, feature=13666, pos=55)",1
1,51,11215,lorsa,1,51,11218,transcoder,0.6390401721000671,0.4379347562789917,-0.20110541582107544,0.0,-0.3146991763603625,"Node(id=3_11218_51, type=transcoder, layer=1, feature=11218, pos=51)",1
3,54,2767,transcoder,9,55,7448,transcoder,0.2919863760471344,0.25893455743789673,-0.03305181860923767,0.0,-0.11319644106923066,"Node(id=19_7448_55, type=transcoder, layer=9, feature=7448, pos=55)",1
1,55,4200,lorsa,1,55,6272,transcoder,0.3085007071495056,0.2704707384109497,-0.03802996873855591,0.0,-0.12327352209317895,"Node(id=3_6272_55, type=transcoder, layer=1, feature=6272, pos=55)",1
1,56,6736,transcoder,14,55,15619,transcoder,1.2117552757263184,0.9016174077987671,-0.31013786792755127,0.0,-0.2559410089975937,"Node(id=29_15619_55, type=transcoder, layer=14, feature=15619, pos=55)",1
1,56,6736,transcoder,14,55,11920,transcoder,0.7073771357536316,0.6259768605232239,-0.08140027523040771,0.0,-0.11507337616119694,"Node(id=29_11920_55, type=transcoder, layer=14, feature=11920, pos=55)",1
3,56,5881,transcoder,14,55,15619,transcoder,1.2117552757263184,0.43950310349464417,-0.7722521722316742,0.0,-0.6373004415176086,"Node(id=29_15619_55, type=transcoder, layer=14, feature=15619, pos=55)",1
0,55,9428,lorsa,0,55,4945,transcoder,0.1812516152858734,0.1329873949289322,-0.04826422035694122,0.0,-0.26628298060029976,"Node(id=1_4945_55, type=transcoder, layer=0, feature=4945, pos=55)",1
0,55,9428,lorsa,0,55,2956,transcoder,0.49862179160118103,0.39996153116226196,-0.09866026043891907,0.0,-0.19786592182844617,"Node(id=1_2956_55, type=transcoder, layer=0, feature=2956, pos=55)",1
0,55,9428,lorsa,1,55,8260,lorsa,1.92356276512146,1.5618510246276855,-0.3617117404937744,0.0,-0.18804259837652595,"Node(id=2_8260_55, type=lorsa, layer=1, feature=8260, pos=55)",1
0,55,9428,lorsa,1,55,16036,lorsa,1.270075798034668,0.0,-1.270075798034668,0.0,-1.0,"Node(id=2_16036_55, type=lorsa, layer=1, feature=16036, pos=55)",1
0,55,9428,lorsa,2,55,14393,transcoder,0.4859774708747864,0.41466158628463745,-0.07131588459014893,0.0,-0.1467473059230017,"Node(id=5_14393_55, type=transcoder, layer=2, feature=14393, pos=55)",1
0,55,9428,lorsa,0,55,4388,transcoder,0.1894603967666626,0.15326045453548431,-0.036199942231178284,0.0,-0.1910686499604545,"Node(id=1_4388_55, type=transcoder, layer=0, feature=4388, pos=55)",1
0,55,9428,lorsa,1,55,11918,lorsa,1.2722526788711548,0.6843203902244568,-0.587932288646698,0.0,-0.46211912021152823,"Node(id=2_11918_55, type=lorsa, layer=1, feature=11918, pos=55)",1
0,55,9428,lorsa,5,55,13666,transcoder,0.33196818828582764,0.28441518545150757,-0.04755300283432007,0.0,-0.14324566182039256,"Node(id=11_13666_55, type=transcoder, layer=5, feature=13666, pos=55)",1
6,45,4984,transcoder,7,54,13289,transcoder,0.9898383617401123,0.8692540526390076,-0.12058430910110474,0.0,-0.12182222245773582,"Node(id=15_13289_54, type=transcoder, layer=7, feature=13289, pos=54)",1
0,56,329,transcoder,14,55,15619,transcoder,1.2117552757263184,0.7163057923316956,-0.4954494833946228,0.0,-0.40886926041865473,"Node(id=29_15619_55, type=transcoder, layer=14, feature=15619, pos=55)",1
7,23,14452,transcoder,8,55,2551,lorsa,2.676435947418213,1.6593765020370483,-1.0170594453811646,0.0,-0.38000515064156754,"Node(id=16_2551_55, type=lorsa, layer=8, feature=2551, pos=55)",1
9,23,6254,transcoder,13,55,5819,transcoder,0.5956785082817078,0.5200815796852112,-0.07559692859649658,0.0,-0.1269089408892109,"Node(id=27_5819_55, type=transcoder, layer=13, feature=5819, pos=55)",1
10,1,10273,transcoder,12,55,11739,transcoder,0.2567141354084015,0.0,-0.2567141354084015,0.0,-1.0,"Node(id=25_11739_55, type=transcoder, layer=12, feature=11739, pos=55)",1
3,56,2403,transcoder,14,55,15619,transcoder,1.2117552757263184,0.8064728379249573,-0.4052824378013611,0.0,-0.33445898352572667,"Node(id=29_15619_55, type=transcoder, layer=14, feature=15619, pos=55)",1
4,54,15551,lorsa,10,55,10622,transcoder,0.2998685836791992,0.2684963345527649,-0.031372249126434326,0.0,-0.10461999300332342,"Node(id=21_10622_55, type=transcoder, layer=10, feature=10622, pos=55)",1
4,54,15551,lorsa,9,55,7448,transcoder,0.2919863760471344,0.23026660084724426,-0.06171977519989014,0.0,-0.21137895553704505,"Node(id=19_7448_55, type=transcoder, layer=9, feature=7448, pos=55)",1
0,15,12663,transcoder,2,55,11309,transcoder,0.29157570004463196,0.0,-0.29157570004463196,0.0,-1.0,"Node(id=5_11309_55, type=transcoder, layer=2, feature=11309, pos=55)",1
0,15,12663,transcoder,14,55,15619,transcoder,1.2117552757263184,0.93659907579422,-0.2751561999320984,0.0,-0.22707241754501256,"Node(id=29_15619_55, type=transcoder, layer=14, feature=15619, pos=55)",1
0,15,12663,transcoder,1,23,7319,transcoder,0.4151616096496582,0.0,-0.4151616096496582,0.0,-1.0,"Node(id=3_7319_23, type=transcoder, layer=1, feature=7319, pos=23)",1
0,15,12663,transcoder,9,55,13128,transcoder,0.3520200252532959,0.3140289783477783,-0.03799104690551758,0.0,-0.10792297079741738,"Node(id=19_13128_55, type=transcoder, layer=9, feature=13128, pos=55)",1
0,56,6291,transcoder,14,55,15619,transcoder,1.2117552757263184,0.9508471488952637,-0.2609081268310547,0.0,-0.2153142074621198,"Node(id=29_15619_55, type=transcoder, layer=14, feature=15619, pos=55)",1
0,56,6291,transcoder,1,55,16036,lorsa,1.270075798034668,1.1382187604904175,-0.1318570375442505,0.0,-0.10381824277597275,"Node(id=2_16036_55, type=lorsa, layer=1, feature=16036, pos=55)",1
0,56,6291,transcoder,1,55,2396,lorsa,0.5269799828529358,0.0,-0.5269799828529358,0.0,-1.0,"Node(id=2_2396_55, type=lorsa, layer=1, feature=2396, pos=55)",1
2,54,6509,transcoder,9,55,7448,transcoder,0.2919863760471344,0.26056233048439026,-0.03142404556274414,0.0,-0.10762161573480901,"Node(id=19_7448_55, type=transcoder, layer=9, feature=7448, pos=55)",1
2,56,2616,transcoder,14,55,11920,transcoder,0.7073771357536316,0.6217216849327087,-0.08565545082092285,0.0,-0.12108880325862739,"Node(id=29_11920_55, type=transcoder, layer=14, feature=11920, pos=55)",1
0,56,4757,lorsa,14,55,15619,transcoder,1.2117552757263184,0.8872343897819519,-0.32452088594436646,0.0,-0.26781058225626514,"Node(id=29_15619_55, type=transcoder, layer=14, feature=15619, pos=55)",1
0,56,4757,lorsa,1,55,16036,lorsa,1.270075798034668,1.1308168172836304,-0.1392589807510376,0.0,-0.10964619668096091,"Node(id=2_16036_55, type=lorsa, layer=1, feature=16036, pos=55)",1
0,56,4757,lorsa,1,55,2396,lorsa,0.5269799828529358,0.0,-0.5269799828529358,0.0,-1.0,"Node(id=2_2396_55, type=lorsa, layer=1, feature=2396, pos=55)",1
0,56,4757,lorsa,1,54,14103,transcoder,0.2923813760280609,0.0,-0.2923813760280609,0.0,-1.0,"Node(id=3_14103_54, type=transcoder, layer=1, feature=14103, pos=54)",1
6,50,1735,transcoder,7,50,10753,transcoder,1.0690118074417114,0.7371386885643005,-0.3318731188774109,0.0,-0.31044850633748167,"Node(id=15_10753_50, type=transcoder, layer=7, feature=10753, pos=50)",1
0,10,7465,lorsa,10,1,10273,transcoder,28.066740036010742,0.0,-28.066740036010742,0.0,-1.0,"Node(id=21_10273_1, type=transcoder, layer=10, feature=10273, pos=1)",1
0,10,7465,lorsa,8,1,11854,transcoder,18.707630157470703,8.81800651550293,-9.889623641967773,0.0,-0.528641177889571,"Node(id=17_11854_1, type=transcoder, layer=8, feature=11854, pos=1)",1
0,10,7465,lorsa,14,55,15619,transcoder,1.2117552757263184,0.6308776140213013,-0.5808776617050171,0.0,-0.47936879115862957,"Node(id=29_15619_55, type=transcoder, layer=14, feature=15619, pos=55)",1
0,10,7465,lorsa,13,55,3932,transcoder,0.7734141945838928,0.695399820804596,-0.07801437377929688,0.0,-0.1008701085726383,"Node(id=27_3932_55, type=transcoder, layer=13, feature=3932, pos=55)",1
0,10,7465,lorsa,13,55,15835,transcoder,0.3478931784629822,0.30170324444770813,-0.04618993401527405,0.0,-0.13277045045650104,"Node(id=27_15835_55, type=transcoder, layer=13, feature=15835, pos=55)",1
0,10,7465,lorsa,2,55,2823,transcoder,0.23902328312397003,0.0,-0.23902328312397003,0.0,-1.0,"Node(id=5_2823_55, type=transcoder, layer=2, feature=2823, pos=55)",1
0,10,7465,lorsa,9,55,13128,transcoder,0.3520200252532959,0.3042660653591156,-0.0477539598941803,0.0,-0.13565694127718714,"Node(id=19_13128_55, type=transcoder, layer=9, feature=13128, pos=55)",1
0,10,7465,lorsa,10,1,5090,transcoder,17.671863555908203,0.0,-17.671863555908203,0.0,-1.0,"Node(id=21_5090_1, type=transcoder, layer=10, feature=5090, pos=1)",1
1,54,2511,lorsa,5,55,13666,transcoder,0.33196818828582764,0.29663702845573425,-0.035331159830093384,0.0,-0.1064293540068753,"Node(id=11_13666_55, type=transcoder, layer=5, feature=13666, pos=55)",1
1,54,2511,lorsa,12,55,11739,transcoder,0.2567141354084015,0.0,-0.2567141354084015,0.0,-1.0,"Node(id=25_11739_55, type=transcoder, layer=12, feature=11739, pos=55)",1
6,54,15671,transcoder,8,55,12466,lorsa,5.128899097442627,4.456317901611328,-0.6725811958312988,0.0,-0.13113558739470257,"Node(id=16_12466_55, type=lorsa, layer=8, feature=12466, pos=55)",1
6,54,15671,transcoder,7,50,10753,transcoder,1.0690118074417114,0.6639453172683716,-0.40506649017333984,0.0,-0.37891675971542194,"Node(id=15_10753_50, type=transcoder, layer=7, feature=10753, pos=50)",1
6,54,15671,transcoder,7,54,3543,transcoder,0.46587416529655457,0.0,-0.46587416529655457,0.0,-1.0,"Node(id=15_3543_54, type=transcoder, layer=7, feature=3543, pos=54)",1
6,54,15671,transcoder,14,55,5916,transcoder,0.3695855438709259,0.3310406506061554,-0.03854489326477051,0.0,-0.10429221029876626,"Node(id=29_5916_55, type=transcoder, layer=14, feature=5916, pos=55)",1
6,54,15671,transcoder,8,55,3569,transcoder,0.576390266418457,0.46788665652275085,-0.10850360989570618,0.0,-0.18824677691023498,"Node(id=17_3569_55, type=transcoder, layer=8, feature=3569, pos=55)",1
6,54,15671,transcoder,7,54,13289,transcoder,0.9898383617401123,0.37560826539993286,-0.6142300963401794,0.0,-0.6205357562222357,"Node(id=15_13289_54, type=transcoder, layer=7, feature=13289, pos=54)",1
1,19,9035,transcoder,2,19,15512,transcoder,0.6515789031982422,0.14933937788009644,-0.5022395253181458,0.0,-0.7708038471671326,"Node(id=5_15512_19, type=transcoder, layer=2, feature=15512, pos=19)",1
1,19,9035,transcoder,4,19,8194,transcoder,1.4070217609405518,0.982438325881958,-0.42458343505859375,0.0,-0.3017603898142787,"Node(id=9_8194_19, type=transcoder, layer=4, feature=8194, pos=19)",1
1,19,9035,transcoder,6,19,2562,transcoder,1.826368808746338,0.804019570350647,-1.022349238395691,0.0,-0.5597715168479335,"Node(id=13_2562_19, type=transcoder, layer=6, feature=2562, pos=19)",1
1,19,9035,transcoder,14,55,138,transcoder,5.991324424743652,5.257632732391357,-0.7336916923522949,0.0,-0.12245901579327129,"Node(id=29_138_55, type=transcoder, layer=14, feature=138, pos=55)",1
1,19,9035,transcoder,2,55,7624,lorsa,3.8822731971740723,3.397045850753784,-0.4852273464202881,0.0,-0.12498536856537755,"Node(id=4_7624_55, type=lorsa, layer=2, feature=7624, pos=55)",1
1,19,9035,transcoder,3,19,2651,lorsa,3.13403058052063,0.49402475357055664,-2.6400058269500732,0.0,-0.8423676027154501,"Node(id=6_2651_19, type=lorsa, layer=3, feature=2651, pos=19)",1
1,19,9035,transcoder,3,19,3024,transcoder,1.101823091506958,0.14847081899642944,-0.9533522725105286,0.0,-0.8652498571314505,"Node(id=7_3024_19, type=transcoder, layer=3, feature=3024, pos=19)",1
1,19,9035,transcoder,14,55,11103,transcoder,0.5930737257003784,0.49668213725090027,-0.09639158844947815,0.0,-0.16252884636837764,"Node(id=29_11103_55, type=transcoder, layer=14, feature=11103, pos=55)",1
1,19,9035,transcoder,6,55,7034,transcoder,0.6798377633094788,0.5959767699241638,-0.08386099338531494,0.0,-0.12335442058569401,"Node(id=13_7034_55, type=transcoder, layer=6, feature=7034, pos=55)",1
1,19,9035,transcoder,7,19,10549,transcoder,2.072998046875,1.2331223487854004,-0.8398756980895996,0.0,-0.4051502602019786,"Node(id=15_10549_19, type=transcoder, layer=7, feature=10549, pos=19)",1
1,19,9035,transcoder,4,55,2320,transcoder,2.978559732437134,2.382066249847412,-0.5964934825897217,0.0,-0.20026238725172568,"Node(id=9_2320_55, type=transcoder, layer=4, feature=2320, pos=55)",1
1,19,9035,transcoder,8,55,12466,lorsa,5.128899097442627,3.294506072998047,-1.83439302444458,0.0,-0.357658240022551,"Node(id=16_12466_55, type=lorsa, layer=8, feature=12466, pos=55)",1
1,19,9035,transcoder,7,63,3804,transcoder,1.3894561529159546,1.2377525568008423,-0.1517035961151123,0.0,-0.1091819959893967,"Node(id=15_3804_63, type=transcoder, layer=7, feature=3804, pos=63)",1
1,19,9035,transcoder,2,55,4901,transcoder,1.173736810684204,0.9163885712623596,-0.2573482394218445,0.0,-0.219255489884337,"Node(id=5_4901_55, type=transcoder, layer=2, feature=4901, pos=55)",1
1,19,9035,transcoder,7,50,10753,transcoder,1.0690118074417114,0.8032620549201965,-0.2657497525215149,0.0,-0.24859384215548533,"Node(id=15_10753_50, type=transcoder, layer=7, feature=10753, pos=50)",1
1,19,9035,transcoder,14,55,16044,lorsa,2.606524705886841,1.701215386390686,-0.9053093194961548,0.0,-0.34732428104422414,"Node(id=28_16044_55, type=lorsa, layer=14, feature=16044, pos=55)",1
1,19,9035,transcoder,14,55,3391,transcoder,0.7034270167350769,0.2549022436141968,-0.4485247731208801,0.0,-0.6376280160558612,"Node(id=29_3391_55, type=transcoder, layer=14, feature=3391, pos=55)",1
1,19,9035,transcoder,14,55,15619,transcoder,1.2117552757263184,1.0701980590820312,-0.1415572166442871,0.0,-0.11681997139186262,"Node(id=29_15619_55, type=transcoder, layer=14, feature=15619, pos=55)",1
1,19,9035,transcoder,2,55,13261,transcoder,0.6239655017852783,0.0,-0.6239655017852783,0.0,-1.0,"Node(id=5_13261_55, type=transcoder, layer=2, feature=13261, pos=55)",1
1,19,9035,transcoder,13,55,3932,transcoder,0.7734141945838928,0.40166768431663513,-0.3717465102672577,0.0,-0.48065643593115365,"Node(id=27_3932_55, type=transcoder, layer=13, feature=3932, pos=55)",1
1,19,9035,transcoder,9,55,12666,transcoder,0.6803210973739624,0.5899566411972046,-0.09036445617675781,0.0,-0.13282618534918933,"Node(id=19_12666_55, type=transcoder, layer=9, feature=12666, pos=55)",1
1,19,9035,transcoder,7,55,14502,lorsa,2.268876075744629,0.8907361030578613,-1.3781399726867676,0.0,-0.6074108618887314,"Node(id=14_14502_55, type=lorsa, layer=7, feature=14502, pos=55)",1
1,19,9035,transcoder,3,54,9407,transcoder,0.9804326891899109,0.8287284970283508,-0.15170419216156006,0.0,-0.15473187892878876,"Node(id=7_9407_54, type=transcoder, layer=3, feature=9407, pos=54)",1
1,19,9035,transcoder,5,54,13299,transcoder,0.4998253881931305,0.418962299823761,-0.0808630883693695,0.0,-0.16178267506916702,"Node(id=11_13299_54, type=transcoder, layer=5, feature=13299, pos=54)",1
1,19,9035,transcoder,4,55,16282,lorsa,1.991599440574646,1.675553321838379,-0.3160461187362671,0.0,-0.15868960007594538,"Node(id=8_16282_55, type=lorsa, layer=4, feature=16282, pos=55)",1
1,19,9035,transcoder,8,55,2551,lorsa,2.676435947418213,2.3694980144500732,-0.30693793296813965,0.0,-0.11468159111531255,"Node(id=16_2551_55, type=lorsa, layer=8, feature=2551, pos=55)",1
1,19,9035,transcoder,6,55,15671,transcoder,5.856712341308594,5.252843379974365,-0.6038689613342285,0.0,-0.1031071574191918,"Node(id=13_15671_55, type=transcoder, layer=6, feature=15671, pos=55)",1
1,19,9035,transcoder,7,55,13128,transcoder,0.5602725148200989,0.2878987491130829,-0.272373765707016,0.0,-0.4861451499088333,"Node(id=15_13128_55, type=transcoder, layer=7, feature=13128, pos=55)",1
1,19,9035,transcoder,8,55,9724,transcoder,0.20959925651550293,0.0,-0.20959925651550293,0.0,-1.0,"Node(id=17_9724_55, type=transcoder, layer=8, feature=9724, pos=55)",1
1,19,9035,transcoder,6,63,3789,transcoder,2.006242275238037,1.7768516540527344,-0.22939062118530273,0.0,-0.11433844457199764,"Node(id=13_3789_63, type=transcoder, layer=6, feature=3789, pos=63)",1
1,19,9035,transcoder,13,55,15835,transcoder,0.3478931784629822,0.0,-0.3478931784629822,0.0,-1.0,"Node(id=27_15835_55, type=transcoder, layer=13, feature=15835, pos=55)",1
1,19,9035,transcoder,4,55,9531,transcoder,0.5060067176818848,0.36256617307662964,-0.14344054460525513,0.0,-0.2834755737283176,"Node(id=9_9531_55, type=transcoder, layer=4, feature=9531, pos=55)",1
1,19,9035,transcoder,2,55,5819,transcoder,0.7991868257522583,0.5910046696662903,-0.20818215608596802,0.0,-0.26049247732532427,"Node(id=5_5819_55, type=transcoder, layer=2, feature=5819, pos=55)",1
1,19,9035,transcoder,12,55,6669,transcoder,0.8420363068580627,0.7348047494888306,-0.10723155736923218,0.0,-0.12734790233612525,"Node(id=25_6669_55, type=transcoder, layer=12, feature=6669, pos=55)",1
1,19,9035,transcoder,6,50,7455,transcoder,0.7886064052581787,0.608436644077301,-0.18016976118087769,0.0,-0.22846601293061097,"Node(id=13_7455_50, type=transcoder, layer=6, feature=7455, pos=50)",1
1,19,9035,transcoder,9,55,12225,transcoder,0.47227632999420166,0.34911030530929565,-0.123166024684906,0.0,-0.26079228803700194,"Node(id=19_12225_55, type=transcoder, layer=9, feature=12225, pos=55)",1
1,19,9035,transcoder,5,55,12487,transcoder,2.9206624031066895,2.622291326522827,-0.2983710765838623,0.0,-0.10215870080242309,"Node(id=11_12487_55, type=transcoder, layer=5, feature=12487, pos=55)",1
1,19,9035,transcoder,13,55,5819,transcoder,0.5956785082817078,0.35221362113952637,-0.2434648871421814,0.0,-0.4087186019930103,"Node(id=27_5819_55, type=transcoder, layer=13, feature=5819, pos=55)",1
1,19,9035,transcoder,2,55,14393,transcoder,0.4859774708747864,0.35319796204566956,-0.13277950882911682,0.0,-0.2732215314222413,"Node(id=5_14393_55, type=transcoder, layer=2, feature=14393, pos=55)",1
1,19,9035,transcoder,7,54,3543,transcoder,0.46587416529655457,0.0,-0.46587416529655457,0.0,-1.0,"Node(id=15_3543_54, type=transcoder, layer=7, feature=3543, pos=54)",1
1,19,9035,transcoder,8,54,9517,transcoder,0.4715726673603058,0.3131793439388275,-0.15839332342147827,0.0,-0.33588317216964064,"Node(id=17_9517_54, type=transcoder, layer=8, feature=9517, pos=54)",1
1,19,9035,transcoder,14,55,5916,transcoder,0.3695855438709259,0.30228331685066223,-0.06730222702026367,0.0,-0.1821018926101945,"Node(id=29_5916_55, type=transcoder, layer=14, feature=5916, pos=55)",1
1,19,9035,transcoder,10,55,10622,transcoder,0.2998685836791992,0.26454421877861023,-0.03532436490058899,0.0,-0.11779948558525609,"Node(id=21_10622_55, type=transcoder, layer=10, feature=10622, pos=55)",1
1,19,9035,transcoder,13,55,7425,transcoder,0.6321931481361389,0.48550495505332947,-0.14668819308280945,0.0,-0.23203065948323287,"Node(id=27_7425_55, type=transcoder, layer=13, feature=7425, pos=55)",1
1,19,9035,transcoder,4,54,3019,transcoder,0.2689710259437561,0.0,-0.2689710259437561,0.0,-1.0,"Node(id=9_3019_54, type=transcoder, layer=4, feature=3019, pos=54)",1
1,19,9035,transcoder,14,55,1214,transcoder,0.7802796959877014,0.0,-0.7802796959877014,0.0,-1.0,"Node(id=29_1214_55, type=transcoder, layer=14, feature=1214, pos=55)",1
1,19,9035,transcoder,3,54,6230,transcoder,0.7401818633079529,0.6291521787643433,-0.11102968454360962,0.0,-0.15000324926553313,"Node(id=7_6230_54, type=transcoder, layer=3, feature=6230, pos=54)",1
1,19,9035,transcoder,13,55,10331,transcoder,0.5097225308418274,0.4071846604347229,-0.10253787040710449,0.0,-0.20116409262458743,"Node(id=27_10331_55, type=transcoder, layer=13, feature=10331, pos=55)",1
1,19,9035,transcoder,10,55,15174,transcoder,0.40954360365867615,0.36528781056404114,-0.04425579309463501,0.0,-0.10806124842208228,"Node(id=21_15174_55, type=transcoder, layer=10, feature=15174, pos=55)",1
1,19,9035,transcoder,11,55,8862,transcoder,0.643543541431427,0.34622922539711,-0.297314316034317,0.0,-0.461995648923776,"Node(id=23_8862_55, type=transcoder, layer=11, feature=8862, pos=55)",1
1,19,9035,transcoder,8,55,3569,transcoder,0.576390266418457,0.28758111596107483,-0.2888091504573822,0.0,-0.5010652803906094,"Node(id=17_3569_55, type=transcoder, layer=8, feature=3569, pos=55)",1
1,19,9035,transcoder,4,55,15932,lorsa,2.069827079772949,1.7612345218658447,-0.3085925579071045,0.0,-0.14909098490534567,"Node(id=8_15932_55, type=lorsa, layer=4, feature=15932, pos=55)",1
1,19,9035,transcoder,8,55,7940,transcoder,0.6999607682228088,0.4096824526786804,-0.2902783155441284,0.0,-0.4147065503130143,"Node(id=17_7940_55, type=transcoder, layer=8, feature=7940, pos=55)",1
1,19,9035,transcoder,12,55,11739,transcoder,0.2567141354084015,0.0,-0.2567141354084015,0.0,-1.0,"Node(id=25_11739_55, type=transcoder, layer=12, feature=11739, pos=55)",1
1,19,9035,transcoder,14,55,11920,transcoder,0.7073771357536316,0.4714435935020447,-0.23593354225158691,0.0,-0.33353289260646796,"Node(id=29_11920_55, type=transcoder, layer=14, feature=11920, pos=55)",1
1,19,9035,transcoder,5,55,16275,lorsa,1.9964919090270996,1.7525482177734375,-0.2439436912536621,0.0,-0.12218616571931767,"Node(id=10_16275_55, type=lorsa, layer=5, feature=16275, pos=55)",1
6,55,4801,transcoder,9,55,7448,transcoder,0.2919863760471344,0.23959185183048248,-0.052394524216651917,0.0,-0.17944167438892436,"Node(id=19_7448_55, type=transcoder, layer=9, feature=7448, pos=55)",1
6,55,4801,transcoder,12,55,11739,transcoder,0.2567141354084015,0.0,-0.2567141354084015,0.0,-1.0,"Node(id=25_11739_55, type=transcoder, layer=12, feature=11739, pos=55)",1
2,54,6885,transcoder,3,54,9407,transcoder,0.9804326891899109,0.818623423576355,-0.1618092656135559,0.0,-0.16503862773817946,"Node(id=7_9407_54, type=transcoder, layer=3, feature=9407, pos=54)",1
10,55,16018,transcoder,11,55,2278,transcoder,0.4227127730846405,0.36352279782295227,-0.05918997526168823,0.0,-0.14002409917676303,"Node(id=23_2278_55, type=transcoder, layer=11, feature=2278, pos=55)",1
10,55,16018,transcoder,11,55,8862,transcoder,0.643543541431427,0.4435567259788513,-0.19998681545257568,0.0,-0.31075879498028547,"Node(id=23_8862_55, type=transcoder, layer=11, feature=8862, pos=55)",1
10,55,16018,transcoder,12,55,11739,transcoder,0.2567141354084015,0.0,-0.2567141354084015,0.0,-1.0,"Node(id=25_11739_55, type=transcoder, layer=12, feature=11739, pos=55)",1
10,55,16018,transcoder,11,55,1321,lorsa,4.358194351196289,0.41837078332901,-3.939823567867279,0.0,-0.9040036424226536,"Node(id=22_1321_55, type=lorsa, layer=11, feature=1321, pos=55)",1
1,56,14708,transcoder,14,55,15619,transcoder,1.2117552757263184,1.078149437904358,-0.13360583782196045,0.0,-0.11025810285156627,"Node(id=29_15619_55, type=transcoder, layer=14, feature=15619, pos=55)",1
5,23,11039,transcoder,6,23,4099,transcoder,2.014463186264038,1.7387347221374512,-0.2757284641265869,0.0,-0.13687441200548545,"Node(id=13_4099_23, type=transcoder, layer=6, feature=4099, pos=23)",1
3,56,1565,lorsa,14,55,5916,transcoder,0.3695855438709259,0.3166424036026001,-0.052943140268325806,0.0,-0.1432500300574951,"Node(id=29_5916_55, type=transcoder, layer=14, feature=5916, pos=55)",1
14,55,8748,lorsa,14,55,15619,transcoder,1.2117552757263184,1.08299720287323,-0.12875807285308838,0.0,-0.10625748897681639,"Node(id=29_15619_55, type=transcoder, layer=14, feature=15619, pos=55)",1
14,55,8748,lorsa,14,55,1214,transcoder,0.7802796959877014,0.6895325779914856,-0.09074711799621582,0.0,-0.11630075530972954,"Node(id=29_1214_55, type=transcoder, layer=14, feature=1214, pos=55)",1
0,23,14802,lorsa,3,55,12206,lorsa,1.9337397813796997,1.5233510732650757,-0.410388708114624,0.0,-0.21222540492072656,"Node(id=6_12206_55, type=lorsa, layer=3, feature=12206, pos=55)",1
0,23,14802,lorsa,1,55,15014,lorsa,0.4733544886112213,0.0,-0.4733544886112213,0.0,-1.0,"Node(id=2_15014_55, type=lorsa, layer=1, feature=15014, pos=55)",1
0,23,14802,lorsa,2,55,2440,lorsa,1.7886356115341187,1.24662446975708,-0.5420111417770386,0.0,-0.30303049893552875,"Node(id=4_2440_55, type=lorsa, layer=2, feature=2440, pos=55)",1
0,23,14802,lorsa,1,23,1358,transcoder,0.7991279363632202,0.6148739457130432,-0.184253990650177,0.0,-0.23056882667461864,"Node(id=3_1358_23, type=transcoder, layer=1, feature=1358, pos=23)",1
0,23,14802,lorsa,1,23,2090,transcoder,0.3347303867340088,0.230619877576828,-0.10411050915718079,0.0,-0.3110279594661105,"Node(id=3_2090_23, type=transcoder, layer=1, feature=2090, pos=23)",1
0,23,14802,lorsa,1,54,14103,transcoder,0.2923813760280609,0.0,-0.2923813760280609,0.0,-1.0,"Node(id=3_14103_54, type=transcoder, layer=1, feature=14103, pos=54)",1
0,56,14339,transcoder,14,55,15619,transcoder,1.2117552757263184,1.0306605100631714,-0.18109476566314697,0.0,-0.1494482997440221,"Node(id=29_15619_55, type=transcoder, layer=14, feature=15619, pos=55)",1
0,37,8352,lorsa,2,55,11309,transcoder,0.29157570004463196,0.0,-0.29157570004463196,0.0,-1.0,"Node(id=5_11309_55, type=transcoder, layer=2, feature=11309, pos=55)",1
6,54,9512,transcoder,13,55,15835,transcoder,0.3478931784629822,0.3023751676082611,-0.04551801085472107,0.0,-0.13083904391521275,"Node(id=27_15835_55, type=transcoder, layer=13, feature=15835, pos=55)",1
6,54,9512,transcoder,7,54,3543,transcoder,0.46587416529655457,0.31885451078414917,-0.1470196545124054,0.0,-0.31557803686928915,"Node(id=15_3543_54, type=transcoder, layer=7, feature=3543, pos=54)",1
6,54,9512,transcoder,9,55,7448,transcoder,0.2919863760471344,0.2565785348415375,-0.035407841205596924,0.0,-0.12126538808057659,"Node(id=19_7448_55, type=transcoder, layer=9, feature=7448, pos=55)",1
6,54,9512,transcoder,10,55,3280,transcoder,0.24856069684028625,0.0,-0.24856069684028625,0.0,-1.0,"Node(id=21_3280_55, type=transcoder, layer=10, feature=3280, pos=55)",1
1,54,26,lorsa,2,55,2823,transcoder,0.23902328312397003,0.0,-0.23902328312397003,0.0,-1.0,"Node(id=5_2823_55, type=transcoder, layer=2, feature=2823, pos=55)",1
5,23,4945,transcoder,6,23,4099,transcoder,2.014463186264038,1.343933343887329,-0.670529842376709,0.0,-0.332857828799668,"Node(id=13_4099_23, type=transcoder, layer=6, feature=4099, pos=23)",1
5,23,4945,transcoder,7,23,7600,transcoder,1.5129057168960571,1.307172417640686,-0.2057332992553711,0.0,-0.13598553892536175,"Node(id=15_7600_23, type=transcoder, layer=7, feature=7600, pos=23)",1
2,55,4532,transcoder,3,55,11167,transcoder,0.2644384503364563,0.23066623508930206,-0.033772215247154236,0.0,-0.12771295250060802,"Node(id=7_11167_55, type=transcoder, layer=3, feature=11167, pos=55)",1
2,55,4532,transcoder,3,55,4439,transcoder,0.30011671781539917,0.20055757462978363,-0.09955914318561554,0.0,-0.3317347461025282,"Node(id=7_4439_55, type=transcoder, layer=3, feature=4439, pos=55)",1
2,55,4532,transcoder,4,55,15932,lorsa,2.069827079772949,1.8607251644134521,-0.20910191535949707,0.0,-0.101023857211509,"Node(id=8_15932_55, type=lorsa, layer=4, feature=15932, pos=55)",1
13,55,14142,transcoder,14,55,15619,transcoder,1.2117552757263184,1.0177708864212036,-0.19398438930511475,0.0,-0.16008545057816376,"Node(id=29_15619_55, type=transcoder, layer=14, feature=15619, pos=55)",1
3,23,8633,lorsa,8,55,2551,lorsa,2.676435947418213,2.3751795291900635,-0.3012564182281494,0.0,-0.11255879989160669,"Node(id=16_2551_55, type=lorsa, layer=8, feature=2551, pos=55)",1
0,15,7465,lorsa,2,55,11309,transcoder,0.29157570004463196,0.0,-0.29157570004463196,0.0,-1.0,"Node(id=5_11309_55, type=transcoder, layer=2, feature=11309, pos=55)",1
0,15,7465,lorsa,1,23,7319,transcoder,0.4151616096496582,0.2491684854030609,-0.1659931242465973,0.0,-0.3998277306677601,"Node(id=3_7319_23, type=transcoder, layer=1, feature=7319, pos=23)",1
0,10,12663,transcoder,10,1,10273,transcoder,28.066740036010742,0.0,-28.066740036010742,0.0,-1.0,"Node(id=21_10273_1, type=transcoder, layer=10, feature=10273, pos=1)",1
0,10,12663,transcoder,8,1,11854,transcoder,18.707630157470703,4.669790267944336,-14.037839889526367,0.0,-0.7503804475159831,"Node(id=17_11854_1, type=transcoder, layer=8, feature=11854, pos=1)",1
0,10,12663,transcoder,14,55,15619,transcoder,1.2117552757263184,0.5638617873191833,-0.647893488407135,0.0,-0.5346735445560918,"Node(id=29_15619_55, type=transcoder, layer=14, feature=15619, pos=55)",1
0,10,12663,transcoder,13,55,15835,transcoder,0.3478931784629822,0.31153595447540283,-0.036357223987579346,0.0,-0.10450686083644484,"Node(id=27_15835_55, type=transcoder, layer=13, feature=15835, pos=55)",1
0,10,12663,transcoder,2,55,2823,transcoder,0.23902328312397003,0.0,-0.23902328312397003,0.0,-1.0,"Node(id=5_2823_55, type=transcoder, layer=2, feature=2823, pos=55)",1
0,10,12663,transcoder,9,55,13128,transcoder,0.3520200252532959,0.28481486439704895,-0.06720516085624695,0.0,-0.19091289141261067,"Node(id=19_13128_55, type=transcoder, layer=9, feature=13128, pos=55)",1
0,10,12663,transcoder,10,1,5090,transcoder,17.671863555908203,0.0,-17.671863555908203,0.0,-1.0,"Node(id=21_5090_1, type=transcoder, layer=10, feature=5090, pos=1)",1
1,54,14348,transcoder,2,55,2823,transcoder,0.23902328312397003,0.0,-0.23902328312397003,0.0,-1.0,"Node(id=5_2823_55, type=transcoder, layer=2, feature=2823, pos=55)",1
1,54,14348,transcoder,5,55,13666,transcoder,0.33196818828582764,0.28600621223449707,-0.045961976051330566,0.0,-0.13845295324429366,"Node(id=11_13666_55, type=transcoder, layer=5, feature=13666, pos=55)",1
5,54,12487,transcoder,6,54,6679,transcoder,1.2186368703842163,0.9274449944496155,-0.29119187593460083,0.0,-0.23894884769307265,"Node(id=13_6679_54, type=transcoder, layer=6, feature=6679, pos=54)",1
5,54,12487,transcoder,7,50,10753,transcoder,1.0690118074417114,0.9151325225830078,-0.1538792848587036,0.0,-0.14394535568971625,"Node(id=15_10753_50, type=transcoder, layer=7, feature=10753, pos=50)",1
5,54,12487,transcoder,7,54,3543,transcoder,0.46587416529655457,0.3703404366970062,-0.09553372859954834,0.0,-0.20506337486805232,"Node(id=15_3543_54, type=transcoder, layer=7, feature=3543, pos=54)",1
5,54,12487,transcoder,7,54,13289,transcoder,0.9898383617401123,0.8039930462837219,-0.18584531545639038,0.0,-0.18775319551131434,"Node(id=15_13289_54, type=transcoder, layer=7, feature=13289, pos=54)",1
7,54,13289,transcoder,8,55,12466,lorsa,5.128899097442627,4.128573894500732,-1.0003252029418945,0.0,-0.1950370213835318,"Node(id=16_12466_55, type=lorsa, layer=8, feature=12466, pos=55)",1
7,54,13289,transcoder,9,55,12225,transcoder,0.47227632999420166,0.4176844656467438,-0.054591864347457886,0.0,-0.11559305618413723,"Node(id=19_12225_55, type=transcoder, layer=9, feature=12225, pos=55)",1
7,54,13289,transcoder,8,54,9517,transcoder,0.4715726673603058,0.38209643959999084,-0.08947622776031494,0.0,-0.18974006331022256,"Node(id=17_9517_54, type=transcoder, layer=8, feature=9517, pos=54)",1
7,54,13289,transcoder,11,55,8862,transcoder,0.643543541431427,0.5772197842597961,-0.06632375717163086,0.0,-0.10306024829976172,"Node(id=23_8862_55, type=transcoder, layer=11, feature=8862, pos=55)",1
7,54,13289,transcoder,8,55,3569,transcoder,0.576390266418457,0.44054436683654785,-0.13584589958190918,0.0,-0.23568388901849638,"Node(id=17_3569_55, type=transcoder, layer=8, feature=3569, pos=55)",1
7,54,13289,transcoder,12,55,11739,transcoder,0.2567141354084015,0.0,-0.2567141354084015,0.0,-1.0,"Node(id=25_11739_55, type=transcoder, layer=12, feature=11739, pos=55)",1
1,45,3336,transcoder,2,55,2823,transcoder,0.23902328312397003,0.0,-0.23902328312397003,0.0,-1.0,"Node(id=5_2823_55, type=transcoder, layer=2, feature=2823, pos=55)",1
0,57,6291,transcoder,14,55,15619,transcoder,1.2117552757263184,1.0777418613433838,-0.13401341438293457,0.0,-0.11059445505826891,"Node(id=29_15619_55, type=transcoder, layer=14, feature=15619, pos=55)",1
