source_layer,source_pos,source_feature,source_type,target_layer,target_pos,target_feature,target_type,original_activation,modified_activation,activation_change,steering_scale,reduction_ratio,target_node_str,steering_nodes_count
0,54,5593,transcoder,6,51,2057,transcoder,2.2570786476135254,1.9543291330337524,-0.30274951457977295,0.0,-0.1341333475020371,"Node(id=13_2057_51, type=transcoder, layer=6, feature=2057, pos=51)",1
0,54,5593,transcoder,3,51,5284,transcoder,0.8926391005516052,0.7636255621910095,-0.1290135383605957,0.0,-0.1445304583687539,"Node(id=7_5284_51, type=transcoder, layer=3, feature=5284, pos=51)",1
0,54,5593,transcoder,1,54,9400,transcoder,0.9067674875259399,0.0,-0.9067674875259399,0.0,-1.0,"Node(id=3_9400_54, type=transcoder, layer=1, feature=9400, pos=54)",1
0,54,5593,transcoder,11,51,9680,transcoder,1.042241096496582,0.660822868347168,-0.38141822814941406,0.0,-0.3659596895876816,"Node(id=23_9680_51, type=transcoder, layer=11, feature=9680, pos=51)",1
0,54,5593,transcoder,10,51,12950,transcoder,0.8460464477539062,0.48840582370758057,-0.3576406240463257,0.0,-0.4227198459325656,"Node(id=21_12950_51, type=transcoder, layer=10, feature=12950, pos=51)",1
0,54,5593,transcoder,2,54,12759,transcoder,0.6271476745605469,0.1696503609418869,-0.45749731361866,0.0,-0.7294889739314367,"Node(id=5_12759_54, type=transcoder, layer=2, feature=12759, pos=54)",1
0,54,5593,transcoder,4,55,9090,lorsa,4.7906646728515625,2.922805070877075,-1.8678596019744873,0.0,-0.3898957095785782,"Node(id=8_9090_55, type=lorsa, layer=4, feature=9090, pos=55)",1
0,54,5593,transcoder,9,54,12243,lorsa,2.3094804286956787,0.717268168926239,-1.5922122597694397,0.0,-0.6894244436912897,"Node(id=18_12243_54, type=lorsa, layer=9, feature=12243, pos=54)",1
0,54,5593,transcoder,14,55,9044,lorsa,3.8024330139160156,2.2798585891723633,-1.5225744247436523,0.0,-0.40042110384887414,"Node(id=28_9044_55, type=lorsa, layer=14, feature=9044, pos=55)",1
0,54,5593,transcoder,11,54,10708,transcoder,0.9755883812904358,0.0,-0.9755883812904358,0.0,-1.0,"Node(id=23_10708_54, type=transcoder, layer=11, feature=10708, pos=54)",1
0,54,5593,transcoder,13,55,9300,transcoder,0.6302089691162109,0.0,-0.6302089691162109,0.0,-1.0,"Node(id=27_9300_55, type=transcoder, layer=13, feature=9300, pos=55)",1
0,54,5593,transcoder,3,54,5828,lorsa,2.9929561614990234,0.0,-2.9929561614990234,0.0,-1.0,"Node(id=6_5828_54, type=lorsa, layer=3, feature=5828, pos=54)",1
0,54,5593,transcoder,10,54,9629,transcoder,0.9417102336883545,0.21597521007061005,-0.7257350236177444,0.0,-0.7706564053947789,"Node(id=21_9629_54, type=transcoder, layer=10, feature=9629, pos=54)",1
0,54,5593,transcoder,8,14,912,transcoder,0.7022373080253601,0.6245708465576172,-0.07766646146774292,0.0,-0.1105985976252605,"Node(id=17_912_14, type=transcoder, layer=8, feature=912, pos=14)",1
0,54,5593,transcoder,11,51,9849,transcoder,0.687792956829071,0.0,-0.687792956829071,0.0,-1.0,"Node(id=23_9849_51, type=transcoder, layer=11, feature=9849, pos=51)",1
0,54,5593,transcoder,13,55,14142,transcoder,0.6139975786209106,0.0,-0.6139975786209106,0.0,-1.0,"Node(id=27_14142_55, type=transcoder, layer=13, feature=14142, pos=55)",1
0,54,5593,transcoder,3,55,8792,lorsa,2.6274337768554688,1.3886020183563232,-1.2388317584991455,0.0,-0.47149875647171896,"Node(id=6_8792_55, type=lorsa, layer=3, feature=8792, pos=55)",1
0,54,5593,transcoder,13,56,13473,transcoder,1.8784750699996948,1.5880820751190186,-0.29039299488067627,0.0,-0.15458975182498613,"Node(id=27_13473_56, type=transcoder, layer=13, feature=13473, pos=56)",1
0,54,5593,transcoder,8,51,5050,transcoder,0.8566882014274597,0.7446374297142029,-0.11205077171325684,0.0,-0.13079527828975798,"Node(id=17_5050_51, type=transcoder, layer=8, feature=5050, pos=51)",1
0,54,5593,transcoder,9,14,13080,lorsa,4.417771816253662,1.2889816761016846,-3.1287901401519775,0.0,-0.7082281001116167,"Node(id=18_13080_14, type=lorsa, layer=9, feature=13080, pos=14)",1
0,54,5593,transcoder,13,51,5681,lorsa,1.9713155031204224,0.0,-1.9713155031204224,0.0,-1.0,"Node(id=26_5681_51, type=lorsa, layer=13, feature=5681, pos=51)",1
0,54,5593,transcoder,12,32,13896,transcoder,8.983194351196289,0.0,-8.983194351196289,0.0,-1.0,"Node(id=25_13896_32, type=transcoder, layer=12, feature=13896, pos=32)",1
0,54,5593,transcoder,12,54,9524,transcoder,0.9488894939422607,0.0,-0.9488894939422607,0.0,-1.0,"Node(id=25_9524_54, type=transcoder, layer=12, feature=9524, pos=54)",1
0,54,5593,transcoder,4,54,15551,lorsa,4.019529342651367,0.8284428119659424,-3.191086530685425,0.0,-0.7938955680270059,"Node(id=8_15551_54, type=lorsa, layer=4, feature=15551, pos=54)",1
0,54,5593,transcoder,8,54,1436,lorsa,2.9068973064422607,0.0,-2.9068973064422607,0.0,-1.0,"Node(id=16_1436_54, type=lorsa, layer=8, feature=1436, pos=54)",1
0,54,5593,transcoder,13,56,2268,transcoder,0.6461610198020935,0.5611926913261414,-0.08496832847595215,0.0,-0.13149714370262738,"Node(id=27_2268_56, type=transcoder, layer=13, feature=2268, pos=56)",1
0,54,5593,transcoder,10,14,14175,transcoder,0.5143704414367676,0.15839532017707825,-0.35597512125968933,0.0,-0.692059831947886,"Node(id=21_14175_14, type=transcoder, layer=10, feature=14175, pos=14)",1
0,54,5593,transcoder,13,51,3932,transcoder,0.40207821130752563,0.0,-0.40207821130752563,0.0,-1.0,"Node(id=27_3932_51, type=transcoder, layer=13, feature=3932, pos=51)",1
0,54,5593,transcoder,12,54,9881,lorsa,2.963268280029297,0.0,-2.963268280029297,0.0,-1.0,"Node(id=24_9881_54, type=lorsa, layer=12, feature=9881, pos=54)",1
0,54,5593,transcoder,3,56,2286,transcoder,0.6956806182861328,0.5152071118354797,-0.18047350645065308,0.0,-0.25942005815149,"Node(id=7_2286_56, type=transcoder, layer=3, feature=2286, pos=56)",1
0,54,5593,transcoder,9,54,1889,transcoder,0.6214693784713745,0.3271445631980896,-0.2943248152732849,0.0,-0.4735950401888414,"Node(id=19_1889_54, type=transcoder, layer=9, feature=1889, pos=54)",1
0,54,5593,transcoder,14,51,4640,lorsa,1.3973380327224731,0.0,-1.3973380327224731,0.0,-1.0,"Node(id=28_4640_51, type=lorsa, layer=14, feature=4640, pos=51)",1
0,54,5593,transcoder,2,54,15503,lorsa,2.726947069168091,2.259010076522827,-0.46793699264526367,0.0,-0.1715973873992417,"Node(id=4_15503_54, type=lorsa, layer=2, feature=15503, pos=54)",1
0,54,5593,transcoder,9,54,13348,transcoder,0.5763208270072937,0.3225695490837097,-0.253751277923584,0.0,-0.44029517246714495,"Node(id=19_13348_54, type=transcoder, layer=9, feature=13348, pos=54)",1
0,54,5593,transcoder,2,54,715,transcoder,0.9930531978607178,0.47027215361595154,-0.5227810442447662,0.0,-0.5264381056029687,"Node(id=5_715_54, type=transcoder, layer=2, feature=715, pos=54)",1
0,54,5593,transcoder,3,51,13895,transcoder,1.1960400342941284,1.0022045373916626,-0.19383549690246582,0.0,-0.16206438860289696,"Node(id=7_13895_51, type=transcoder, layer=3, feature=13895, pos=51)",1
0,54,5593,transcoder,14,55,8748,lorsa,1.8016709089279175,0.7162632346153259,-1.0854076743125916,0.0,-0.6024450241906066,"Node(id=28_8748_55, type=lorsa, layer=14, feature=8748, pos=55)",1
0,54,5593,transcoder,11,14,12258,transcoder,0.23024021089076996,0.0,-0.23024021089076996,0.0,-1.0,"Node(id=23_12258_14, type=transcoder, layer=11, feature=12258, pos=14)",1
0,54,5593,transcoder,7,14,2772,transcoder,0.7835947275161743,0.4983730912208557,-0.2852216362953186,0.0,-0.3639912652289143,"Node(id=15_2772_14, type=transcoder, layer=7, feature=2772, pos=14)",1
0,54,5593,transcoder,10,2,54,transcoder,18.140689849853516,15.969120025634766,-2.17156982421875,0.0,-0.11970712482228371,"Node(id=21_54_2, type=transcoder, layer=10, feature=54, pos=2)",1
0,54,5593,transcoder,14,51,13673,lorsa,0.8683499097824097,0.5573452115058899,-0.3110046982765198,0.0,-0.3581559631352424,"Node(id=28_13673_51, type=lorsa, layer=14, feature=13673, pos=51)",1
0,54,5593,transcoder,14,51,790,transcoder,0.5391555428504944,0.0,-0.5391555428504944,0.0,-1.0,"Node(id=29_790_51, type=transcoder, layer=14, feature=790, pos=51)",1
0,54,5593,transcoder,8,14,16275,lorsa,3.750656843185425,2.8131985664367676,-0.9374582767486572,0.0,-0.24994509387120467,"Node(id=16_16275_14, type=lorsa, layer=8, feature=16275, pos=14)",1
0,54,5593,transcoder,13,56,16285,transcoder,0.37943366169929504,0.15497833490371704,-0.224455326795578,0.0,-0.5915535426940087,"Node(id=27_16285_56, type=transcoder, layer=13, feature=16285, pos=56)",1
0,54,5593,transcoder,13,51,6109,transcoder,0.38438713550567627,0.0,-0.38438713550567627,0.0,-1.0,"Node(id=27_6109_51, type=transcoder, layer=13, feature=6109, pos=51)",1
0,54,5593,transcoder,14,51,14073,transcoder,0.8638689517974854,0.41387826204299927,-0.4499906897544861,0.0,-0.5209015659356354,"Node(id=29_14073_51, type=transcoder, layer=14, feature=14073, pos=51)",1
0,54,5593,transcoder,13,55,6340,transcoder,0.37931957840919495,0.0,-0.37931957840919495,0.0,-1.0,"Node(id=27_6340_55, type=transcoder, layer=13, feature=6340, pos=55)",1
0,54,5593,transcoder,5,54,14178,lorsa,2.141420841217041,1.0665826797485352,-1.0748381614685059,0.0,-0.5019275710689541,"Node(id=10_14178_54, type=lorsa, layer=5, feature=14178, pos=54)",1
0,54,5593,transcoder,14,51,2652,transcoder,1.2029510736465454,0.0,-1.2029510736465454,0.0,-1.0,"Node(id=29_2652_51, type=transcoder, layer=14, feature=2652, pos=51)",1
0,54,5593,transcoder,13,56,12356,transcoder,1.2258914709091187,0.8630291223526001,-0.36286234855651855,0.0,-0.295998754512437,"Node(id=27_12356_56, type=transcoder, layer=13, feature=12356, pos=56)",1
0,54,5593,transcoder,3,54,10248,transcoder,0.899041473865509,0.6960011124610901,-0.20304036140441895,0.0,-0.22584092870758096,"Node(id=7_10248_54, type=transcoder, layer=3, feature=10248, pos=54)",1
0,54,5593,transcoder,12,37,6377,transcoder,0.3010123670101166,0.0,-0.3010123670101166,0.0,-1.0,"Node(id=25_6377_37, type=transcoder, layer=12, feature=6377, pos=37)",1
0,54,5593,transcoder,14,54,9044,lorsa,3.588165521621704,0.0,-3.588165521621704,0.0,-1.0,"Node(id=28_9044_54, type=lorsa, layer=14, feature=9044, pos=54)",1
0,54,5593,transcoder,12,2,13896,transcoder,12.517711639404297,9.847830772399902,-2.6698808670043945,0.0,-0.2132882545879968,"Node(id=25_13896_2, type=transcoder, layer=12, feature=13896, pos=2)",1
0,54,5593,transcoder,10,54,16018,transcoder,5.421947956085205,4.513423919677734,-0.9085240364074707,0.0,-0.16756413815957208,"Node(id=21_16018_54, type=transcoder, layer=10, feature=16018, pos=54)",1
0,54,5593,transcoder,11,37,7513,transcoder,0.49810850620269775,0.30951935052871704,-0.1885891556739807,0.0,-0.3786105905150658,"Node(id=23_7513_37, type=transcoder, layer=11, feature=7513, pos=37)",1
0,54,5593,transcoder,12,37,15342,lorsa,1.2413737773895264,0.0,-1.2413737773895264,0.0,-1.0,"Node(id=24_15342_37, type=lorsa, layer=12, feature=15342, pos=37)",1
0,54,5593,transcoder,6,14,8940,transcoder,1.2855827808380127,0.18146221339702606,-1.1041205674409866,0.0,-0.8588482856944155,"Node(id=13_8940_14, type=transcoder, layer=6, feature=8940, pos=14)",1
0,54,5593,transcoder,12,1,13896,transcoder,12.206680297851562,10.006525039672852,-2.200155258178711,0.0,-0.18024190070464527,"Node(id=25_13896_1, type=transcoder, layer=12, feature=13896, pos=1)",1
0,54,5593,transcoder,10,14,6896,transcoder,0.4185520112514496,0.0,-0.4185520112514496,0.0,-1.0,"Node(id=21_6896_14, type=transcoder, layer=10, feature=6896, pos=14)",1
0,54,5593,transcoder,10,14,11541,transcoder,0.4443958103656769,0.0,-0.4443958103656769,0.0,-1.0,"Node(id=21_11541_14, type=transcoder, layer=10, feature=11541, pos=14)",1
0,54,5593,transcoder,12,51,5918,transcoder,0.6882085204124451,0.3065599203109741,-0.38164860010147095,0.0,-0.5545537272231794,"Node(id=25_5918_51, type=transcoder, layer=12, feature=5918, pos=51)",1
0,54,5593,transcoder,12,37,15649,lorsa,3.205152750015259,0.0,-3.205152750015259,0.0,-1.0,"Node(id=24_15649_37, type=lorsa, layer=12, feature=15649, pos=37)",1
0,54,5593,transcoder,7,14,1092,transcoder,0.7006182074546814,0.22195690870285034,-0.47866129875183105,0.0,-0.683198486220889,"Node(id=15_1092_14, type=transcoder, layer=7, feature=1092, pos=14)",1
0,54,5593,transcoder,6,45,4984,transcoder,0.9259824752807617,0.10801056027412415,-0.8179719150066376,0.0,-0.8833557187555036,"Node(id=13_4984_45, type=transcoder, layer=6, feature=4984, pos=45)",1
0,54,11059,lorsa,1,54,9400,transcoder,0.9067674875259399,0.5248339772224426,-0.3819335103034973,0.0,-0.4212033575945469,"Node(id=3_9400_54, type=transcoder, layer=1, feature=9400, pos=54)",1
0,54,11059,lorsa,4,55,9090,lorsa,4.7906646728515625,3.8960213661193848,-0.8946433067321777,0.0,-0.18674721939986177,"Node(id=8_9090_55, type=lorsa, layer=4, feature=9090, pos=55)",1
0,54,11059,lorsa,14,55,9044,lorsa,3.8024330139160156,2.623978614807129,-1.1784543991088867,0.0,-0.3099211464859523,"Node(id=28_9044_55, type=lorsa, layer=14, feature=9044, pos=55)",1
0,54,11059,lorsa,0,54,15890,transcoder,0.6419439911842346,0.3399609327316284,-0.3019830584526062,0.0,-0.47041963566871153,"Node(id=1_15890_54, type=transcoder, layer=0, feature=15890, pos=54)",1
0,54,11059,lorsa,13,55,9300,transcoder,0.6302089691162109,0.5119832158088684,-0.11822575330734253,0.0,-0.18759770028842865,"Node(id=27_9300_55, type=transcoder, layer=13, feature=9300, pos=55)",1
0,54,11059,lorsa,3,54,5828,lorsa,2.9929561614990234,1.9023276567459106,-1.0906285047531128,0.0,-0.3643984227977703,"Node(id=6_5828_54, type=lorsa, layer=3, feature=5828, pos=54)",1
0,54,11059,lorsa,3,55,8792,lorsa,2.6274337768554688,1.9545847177505493,-0.6728490591049194,0.0,-0.2560860201432707,"Node(id=6_8792_55, type=lorsa, layer=3, feature=8792, pos=55)",1
0,54,11059,lorsa,13,56,2268,transcoder,0.6461610198020935,0.4896855056285858,-0.1564755141735077,0.0,-0.2421617977225446,"Node(id=27_2268_56, type=transcoder, layer=13, feature=2268, pos=56)",1
0,54,11059,lorsa,2,54,715,transcoder,0.9930531978607178,0.8315332531929016,-0.16151994466781616,0.0,-0.1626498409307478,"Node(id=5_715_54, type=transcoder, layer=2, feature=715, pos=54)",1
0,54,11059,lorsa,11,14,12258,transcoder,0.23024021089076996,0.18675030767917633,-0.04348990321159363,0.0,-0.18888926066970121,"Node(id=23_12258_14, type=transcoder, layer=11, feature=12258, pos=14)",1
0,54,11059,lorsa,14,51,7697,transcoder,1.0310401916503906,0.6786666512489319,-0.35237354040145874,0.0,-0.3417650866135614,"Node(id=29_7697_51, type=transcoder, layer=14, feature=7697, pos=51)",1
0,54,11059,lorsa,14,51,14073,transcoder,0.8638689517974854,0.7704616189002991,-0.09340733289718628,0.0,-0.10812673925001014,"Node(id=29_14073_51, type=transcoder, layer=14, feature=14073, pos=51)",1
0,54,11059,lorsa,13,55,6340,transcoder,0.37931957840919495,0.0,-0.37931957840919495,0.0,-1.0,"Node(id=27_6340_55, type=transcoder, layer=13, feature=6340, pos=55)",1
0,54,11059,lorsa,5,54,14178,lorsa,2.141420841217041,1.5961012840270996,-0.5453195571899414,0.0,-0.2546531474308516,"Node(id=10_14178_54, type=lorsa, layer=5, feature=14178, pos=54)",1
0,54,11059,lorsa,14,54,9044,lorsa,3.588165521621704,3.1981828212738037,-0.3899827003479004,0.0,-0.10868581674895648,"Node(id=28_9044_54, type=lorsa, layer=14, feature=9044, pos=54)",1
0,54,11059,lorsa,0,54,14779,transcoder,0.32305270433425903,0.0,-0.32305270433425903,0.0,-1.0,"Node(id=1_14779_54, type=transcoder, layer=0, feature=14779, pos=54)",1
0,14,12663,transcoder,13,51,13122,transcoder,0.9594287276268005,0.8326490521430969,-0.1267796754837036,0.0,-0.13214079569756065,"Node(id=27_13122_51, type=transcoder, layer=13, feature=13122, pos=51)",1
0,14,12663,transcoder,14,51,11103,transcoder,1.2022953033447266,1.0040788650512695,-0.19821643829345703,0.0,-0.16486501921951174,"Node(id=29_11103_51, type=transcoder, layer=14, feature=11103, pos=51)",1
0,14,12663,transcoder,14,51,2640,transcoder,1.2701964378356934,0.9969733953475952,-0.27322304248809814,0.0,-0.21510298277457537,"Node(id=29_2640_51, type=transcoder, layer=14, feature=2640, pos=51)",1
0,14,12663,transcoder,13,51,12356,transcoder,3.2392890453338623,2.8707737922668457,-0.3685152530670166,0.0,-0.11376423897640632,"Node(id=27_12356_51, type=transcoder, layer=13, feature=12356, pos=51)",1
0,14,12663,transcoder,4,55,9090,lorsa,4.7906646728515625,4.116920471191406,-0.6737442016601562,0.0,-0.1406368943913416,"Node(id=8_9090_55, type=lorsa, layer=4, feature=9090, pos=55)",1
0,14,12663,transcoder,9,54,12243,lorsa,2.3094804286956787,1.3057266473770142,-1.0037537813186646,0.0,-0.4346232030576474,"Node(id=18_12243_54, type=lorsa, layer=9, feature=12243, pos=54)",1
0,14,12663,transcoder,14,55,9044,lorsa,3.8024330139160156,0.0,-3.8024330139160156,0.0,-1.0,"Node(id=28_9044_55, type=lorsa, layer=14, feature=9044, pos=55)",1
0,14,12663,transcoder,11,54,10708,transcoder,0.9755883812904358,0.7616738080978394,-0.21391457319259644,0.0,-0.2192672414872819,"Node(id=23_10708_54, type=transcoder, layer=11, feature=10708, pos=54)",1
0,14,12663,transcoder,14,51,11169,transcoder,0.6642193794250488,0.0,-0.6642193794250488,0.0,-1.0,"Node(id=29_11169_51, type=transcoder, layer=14, feature=11169, pos=51)",1
0,14,12663,transcoder,8,14,912,transcoder,0.7022373080253601,0.3715636730194092,-0.3306736350059509,0.0,-0.47088588320062486,"Node(id=17_912_14, type=transcoder, layer=8, feature=912, pos=14)",1
0,14,12663,transcoder,11,51,9849,transcoder,0.687792956829071,0.33176010847091675,-0.3560328483581543,0.0,-0.5176453827029155,"Node(id=23_9849_51, type=transcoder, layer=11, feature=9849, pos=51)",1
0,14,12663,transcoder,8,62,8174,transcoder,1.1858330965042114,1.034281849861145,-0.1515512466430664,0.0,-0.12780149844850294,"Node(id=17_8174_62, type=transcoder, layer=8, feature=8174, pos=62)",1
0,14,12663,transcoder,3,55,8792,lorsa,2.6274337768554688,2.36016845703125,-0.26726531982421875,0.0,-0.10172104894840918,"Node(id=6_8792_55, type=lorsa, layer=3, feature=8792, pos=55)",1
0,14,12663,transcoder,13,56,13473,transcoder,1.8784750699996948,1.567481517791748,-0.3109935522079468,0.0,-0.1655563904864584,"Node(id=27_13473_56, type=transcoder, layer=13, feature=13473, pos=56)",1
0,14,12663,transcoder,9,14,13080,lorsa,4.417771816253662,3.819321632385254,-0.5984501838684082,0.0,-0.13546425862617392,"Node(id=18_13080_14, type=lorsa, layer=9, feature=13080, pos=14)",1
0,14,12663,transcoder,13,51,5681,lorsa,1.9713155031204224,0.0,-1.9713155031204224,0.0,-1.0,"Node(id=26_5681_51, type=lorsa, layer=13, feature=5681, pos=51)",1
0,14,12663,transcoder,14,23,10814,transcoder,1.869791030883789,1.342637538909912,-0.527153491973877,0.0,-0.28193176845260015,"Node(id=29_10814_23, type=transcoder, layer=14, feature=10814, pos=23)",1
0,14,12663,transcoder,6,6,7291,transcoder,2.9459125995635986,1.8928983211517334,-1.0530142784118652,0.0,-0.35744925988906007,"Node(id=13_7291_6, type=transcoder, layer=6, feature=7291, pos=6)",1
0,14,12663,transcoder,8,62,3162,transcoder,3.005798101425171,2.6541402339935303,-0.3516578674316406,0.0,-0.11699317637631927,"Node(id=17_3162_62, type=transcoder, layer=8, feature=3162, pos=62)",1
0,14,12663,transcoder,12,54,9524,transcoder,0.9488894939422607,0.6413635611534119,-0.3075259327888489,0.0,-0.3240903548327848,"Node(id=25_9524_54, type=transcoder, layer=12, feature=9524, pos=54)",1
0,14,12663,transcoder,8,54,1436,lorsa,2.9068973064422607,2.0925393104553223,-0.8143579959869385,0.0,-0.2801468060746968,"Node(id=16_1436_54, type=lorsa, layer=8, feature=1436, pos=54)",1
0,14,12663,transcoder,11,54,14428,lorsa,3.4473183155059814,1.6506034135818481,-1.7967149019241333,0.0,-0.5211920505984432,"Node(id=22_14428_54, type=lorsa, layer=11, feature=14428, pos=54)",1
0,14,12663,transcoder,13,56,2268,transcoder,0.6461610198020935,0.5515701174736023,-0.09459090232849121,0.0,-0.14638905695280496,"Node(id=27_2268_56, type=transcoder, layer=13, feature=2268, pos=56)",1
0,14,12663,transcoder,10,14,14175,transcoder,0.5143704414367676,0.0,-0.5143704414367676,0.0,-1.0,"Node(id=21_14175_14, type=transcoder, layer=10, feature=14175, pos=14)",1
0,14,12663,transcoder,13,51,3932,transcoder,0.40207821130752563,0.0,-0.40207821130752563,0.0,-1.0,"Node(id=27_3932_51, type=transcoder, layer=13, feature=3932, pos=51)",1
0,14,12663,transcoder,10,8,54,transcoder,18.665470123291016,16.283248901367188,-2.382221221923828,0.0,-0.12762717500221232,"Node(id=21_54_8, type=transcoder, layer=10, feature=54, pos=8)",1
0,14,12663,transcoder,12,54,9881,lorsa,2.963268280029297,1.7136414051055908,-1.249626874923706,0.0,-0.42170561583824984,"Node(id=24_9881_54, type=lorsa, layer=12, feature=9881, pos=54)",1
0,14,12663,transcoder,3,56,2286,transcoder,0.6956806182861328,0.5878630876541138,-0.10781753063201904,0.0,-0.15498136328368112,"Node(id=7_2286_56, type=transcoder, layer=3, feature=2286, pos=56)",1
0,14,12663,transcoder,7,5,11946,transcoder,2.906679153442383,2.597459077835083,-0.3092200756072998,0.0,-0.10638259652465948,"Node(id=15_11946_5, type=transcoder, layer=7, feature=11946, pos=5)",1
0,14,12663,transcoder,14,51,4640,lorsa,1.3973380327224731,0.0,-1.3973380327224731,0.0,-1.0,"Node(id=28_4640_51, type=lorsa, layer=14, feature=4640, pos=51)",1
0,14,12663,transcoder,11,14,12258,transcoder,0.23024021089076996,0.0,-0.23024021089076996,0.0,-1.0,"Node(id=23_12258_14, type=transcoder, layer=11, feature=12258, pos=14)",1
0,14,12663,transcoder,7,14,2772,transcoder,0.7835947275161743,0.6586432456970215,-0.12495148181915283,0.0,-0.1594593192519582,"Node(id=15_2772_14, type=transcoder, layer=7, feature=2772, pos=14)",1
0,14,12663,transcoder,10,2,54,transcoder,18.140689849853516,12.715221405029297,-5.425468444824219,0.0,-0.29907729472967254,"Node(id=21_54_2, type=transcoder, layer=10, feature=54, pos=2)",1
0,14,12663,transcoder,14,51,13673,lorsa,0.8683499097824097,0.0,-0.8683499097824097,0.0,-1.0,"Node(id=28_13673_51, type=lorsa, layer=14, feature=13673, pos=51)",1
0,14,12663,transcoder,14,51,790,transcoder,0.5391555428504944,0.0,-0.5391555428504944,0.0,-1.0,"Node(id=29_790_51, type=transcoder, layer=14, feature=790, pos=51)",1
0,14,12663,transcoder,5,6,12145,transcoder,2.5404446125030518,1.5520554780960083,-0.9883891344070435,0.0,-0.38906147748413317,"Node(id=11_12145_6, type=transcoder, layer=5, feature=12145, pos=6)",1
0,14,12663,transcoder,8,14,16275,lorsa,3.750656843185425,0.0,-3.750656843185425,0.0,-1.0,"Node(id=16_16275_14, type=lorsa, layer=8, feature=16275, pos=14)",1
0,14,12663,transcoder,13,56,16285,transcoder,0.37943366169929504,0.28744086623191833,-0.09199279546737671,0.0,-0.2424476390823804,"Node(id=27_16285_56, type=transcoder, layer=13, feature=16285, pos=56)",1
0,14,12663,transcoder,13,51,6109,transcoder,0.38438713550567627,0.26627546548843384,-0.11811167001724243,0.0,-0.30727269231282134,"Node(id=27_6109_51, type=transcoder, layer=13, feature=6109, pos=51)",1
0,14,12663,transcoder,14,51,14073,transcoder,0.8638689517974854,0.0,-0.8638689517974854,0.0,-1.0,"Node(id=29_14073_51, type=transcoder, layer=14, feature=14073, pos=51)",1
0,14,12663,transcoder,13,55,6340,transcoder,0.37931957840919495,0.0,-0.37931957840919495,0.0,-1.0,"Node(id=27_6340_55, type=transcoder, layer=13, feature=6340, pos=55)",1
0,14,12663,transcoder,14,51,2652,transcoder,1.2029510736465454,0.0,-1.2029510736465454,0.0,-1.0,"Node(id=29_2652_51, type=transcoder, layer=14, feature=2652, pos=51)",1
0,14,12663,transcoder,12,37,6377,transcoder,0.3010123670101166,0.0,-0.3010123670101166,0.0,-1.0,"Node(id=25_6377_37, type=transcoder, layer=12, feature=6377, pos=37)",1
0,14,12663,transcoder,14,54,9044,lorsa,3.588165521621704,0.0,-3.588165521621704,0.0,-1.0,"Node(id=28_9044_54, type=lorsa, layer=14, feature=9044, pos=54)",1
0,14,12663,transcoder,12,2,13896,transcoder,12.517711639404297,10.142216682434082,-2.375494956970215,0.0,-0.18977070453455994,"Node(id=25_13896_2, type=transcoder, layer=12, feature=13896, pos=2)",1
0,14,12663,transcoder,1,6,13953,transcoder,2.1033570766448975,1.864424705505371,-0.23893237113952637,0.0,-0.1135957245645859,"Node(id=3_13953_6, type=transcoder, layer=1, feature=13953, pos=6)",1
0,14,12663,transcoder,12,37,15342,lorsa,1.2413737773895264,0.0,-1.2413737773895264,0.0,-1.0,"Node(id=24_15342_37, type=lorsa, layer=12, feature=15342, pos=37)",1
0,14,12663,transcoder,6,14,8940,transcoder,1.2855827808380127,0.6224479675292969,-0.6631348133087158,0.0,-0.515824280779841,"Node(id=13_8940_14, type=transcoder, layer=6, feature=8940, pos=14)",1
0,14,12663,transcoder,10,14,6896,transcoder,0.4185520112514496,0.0,-0.4185520112514496,0.0,-1.0,"Node(id=21_6896_14, type=transcoder, layer=10, feature=6896, pos=14)",1
0,14,12663,transcoder,10,14,11541,transcoder,0.4443958103656769,0.0,-0.4443958103656769,0.0,-1.0,"Node(id=21_11541_14, type=transcoder, layer=10, feature=11541, pos=14)",1
0,14,12663,transcoder,14,51,7323,lorsa,1.7485430240631104,1.3238061666488647,-0.4247368574142456,0.0,-0.24290901142785695,"Node(id=28_7323_51, type=lorsa, layer=14, feature=7323, pos=51)",1
0,14,12663,transcoder,12,37,15649,lorsa,3.205152750015259,0.0,-3.205152750015259,0.0,-1.0,"Node(id=24_15649_37, type=lorsa, layer=12, feature=15649, pos=37)",1
0,14,12663,transcoder,10,51,13957,transcoder,1.0498993396759033,0.9086565971374512,-0.14124274253845215,0.0,-0.13452979462017073,"Node(id=21_13957_51, type=transcoder, layer=10, feature=13957, pos=51)",1
0,14,12663,transcoder,6,45,4984,transcoder,0.9259824752807617,0.7009146213531494,-0.2250678539276123,0.0,-0.24305843786014503,"Node(id=13_4984_45, type=transcoder, layer=6, feature=4984, pos=45)",1
0,14,7465,lorsa,14,51,11103,transcoder,1.2022953033447266,1.0156077146530151,-0.18668758869171143,0.0,-0.15527598600140557,"Node(id=29_11103_51, type=transcoder, layer=14, feature=11103, pos=51)",1
0,14,7465,lorsa,0,14,12663,transcoder,1.357285976409912,0.38840216398239136,-0.9688838124275208,0.0,-0.7138391092717733,"Node(id=1_12663_14, type=transcoder, layer=0, feature=12663, pos=14)",1
0,14,7465,lorsa,14,51,2640,transcoder,1.2701964378356934,1.047128677368164,-0.2230677604675293,0.0,-0.17561674227934207,"Node(id=29_2640_51, type=transcoder, layer=14, feature=2640, pos=51)",1
0,14,7465,lorsa,13,51,12356,transcoder,3.2392890453338623,2.817169666290283,-0.4221193790435791,0.0,-0.13031235346275583,"Node(id=27_12356_51, type=transcoder, layer=13, feature=12356, pos=51)",1
0,14,7465,lorsa,4,55,9090,lorsa,4.7906646728515625,4.0915327072143555,-0.699131965637207,0.0,-0.14593631852363828,"Node(id=8_9090_55, type=lorsa, layer=4, feature=9090, pos=55)",1
0,14,7465,lorsa,9,54,12243,lorsa,2.3094804286956787,1.9685440063476562,-0.34093642234802246,0.0,-0.1476247289701314,"Node(id=18_12243_54, type=lorsa, layer=9, feature=12243, pos=54)",1
0,14,7465,lorsa,14,55,9044,lorsa,3.8024330139160156,1.0711872577667236,-2.731245756149292,0.0,-0.7182889865918929,"Node(id=28_9044_55, type=lorsa, layer=14, feature=9044, pos=55)",1
0,14,7465,lorsa,11,54,10708,transcoder,0.9755883812904358,0.8444550037384033,-0.13113337755203247,0.0,-0.1344146569053836,"Node(id=23_10708_54, type=transcoder, layer=11, feature=10708, pos=54)",1
0,14,7465,lorsa,14,51,11169,transcoder,0.6642193794250488,0.0,-0.6642193794250488,0.0,-1.0,"Node(id=29_11169_51, type=transcoder, layer=14, feature=11169, pos=51)",1
0,14,7465,lorsa,8,14,912,transcoder,0.7022373080253601,0.5594098567962646,-0.14282745122909546,0.0,-0.20338915292141882,"Node(id=17_912_14, type=transcoder, layer=8, feature=912, pos=14)",1
0,14,7465,lorsa,11,51,9849,transcoder,0.687792956829071,0.448079913854599,-0.23971304297447205,0.0,-0.34852500391923186,"Node(id=23_9849_51, type=transcoder, layer=11, feature=9849, pos=51)",1
0,14,7465,lorsa,3,55,8792,lorsa,2.6274337768554688,2.218538284301758,-0.40889549255371094,0.0,-0.15562542285769043,"Node(id=6_8792_55, type=lorsa, layer=3, feature=8792, pos=55)",1
0,14,7465,lorsa,13,56,13473,transcoder,1.8784750699996948,1.6419870853424072,-0.2364879846572876,0.0,-0.12589359764956903,"Node(id=27_13473_56, type=transcoder, layer=13, feature=13473, pos=56)",1
0,14,7465,lorsa,9,14,13080,lorsa,4.417771816253662,3.4635496139526367,-0.9542222023010254,0.0,-0.21599626281970813,"Node(id=18_13080_14, type=lorsa, layer=9, feature=13080, pos=14)",1
0,14,7465,lorsa,13,51,5681,lorsa,1.9713155031204224,1.0768382549285889,-0.8944772481918335,0.0,-0.45374636722328476,"Node(id=26_5681_51, type=lorsa, layer=13, feature=5681, pos=51)",1
0,14,7465,lorsa,14,23,10814,transcoder,1.869791030883789,1.480729341506958,-0.38906168937683105,0.0,-0.2080776316447161,"Node(id=29_10814_23, type=transcoder, layer=14, feature=10814, pos=23)",1
0,14,7465,lorsa,6,6,7291,transcoder,2.9459125995635986,2.261017322540283,-0.6848952770233154,0.0,-0.2324900192642424,"Node(id=13_7291_6, type=transcoder, layer=6, feature=7291, pos=6)",1
0,14,7465,lorsa,12,54,9524,transcoder,0.9488894939422607,0.7768239974975586,-0.17206549644470215,0.0,-0.18133354573232552,"Node(id=25_9524_54, type=transcoder, layer=12, feature=9524, pos=54)",1
0,14,7465,lorsa,8,54,1436,lorsa,2.9068973064422607,2.5378525257110596,-0.36904478073120117,0.0,-0.12695487381453924,"Node(id=16_1436_54, type=lorsa, layer=8, feature=1436, pos=54)",1
0,14,7465,lorsa,11,54,14428,lorsa,3.4473183155059814,2.13411283493042,-1.3132054805755615,0.0,-0.38093537073985445,"Node(id=22_14428_54, type=lorsa, layer=11, feature=14428, pos=54)",1
0,14,7465,lorsa,13,56,2268,transcoder,0.6461610198020935,0.5073613524436951,-0.13879966735839844,0.0,-0.21480662420786395,"Node(id=27_2268_56, type=transcoder, layer=13, feature=2268, pos=56)",1
0,14,7465,lorsa,10,14,14175,transcoder,0.5143704414367676,0.2941960394382477,-0.2201744019985199,0.0,-0.4280463733170918,"Node(id=21_14175_14, type=transcoder, layer=10, feature=14175, pos=14)",1
0,14,7465,lorsa,13,51,3932,transcoder,0.40207821130752563,0.0,-0.40207821130752563,0.0,-1.0,"Node(id=27_3932_51, type=transcoder, layer=13, feature=3932, pos=51)",1
0,14,7465,lorsa,10,8,54,transcoder,18.665470123291016,16.731321334838867,-1.9341487884521484,0.0,-0.1036217558773777,"Node(id=21_54_8, type=transcoder, layer=10, feature=54, pos=8)",1
0,14,7465,lorsa,12,54,9881,lorsa,2.963268280029297,2.2488083839416504,-0.7144598960876465,0.0,-0.2411053703448622,"Node(id=24_9881_54, type=lorsa, layer=12, feature=9881, pos=54)",1
0,14,7465,lorsa,3,56,2286,transcoder,0.6956806182861328,0.6004812121391296,-0.09519940614700317,0.0,-0.13684355096960277,"Node(id=7_2286_56, type=transcoder, layer=3, feature=2286, pos=56)",1
0,14,7465,lorsa,14,51,4640,lorsa,1.3973380327224731,0.0,-1.3973380327224731,0.0,-1.0,"Node(id=28_4640_51, type=lorsa, layer=14, feature=4640, pos=51)",1
0,14,7465,lorsa,11,14,12258,transcoder,0.23024021089076996,0.0,-0.23024021089076996,0.0,-1.0,"Node(id=23_12258_14, type=transcoder, layer=11, feature=12258, pos=14)",1
0,14,7465,lorsa,10,2,54,transcoder,18.140689849853516,13.870978355407715,-4.269711494445801,0.0,-0.23536654503137752,"Node(id=21_54_2, type=transcoder, layer=10, feature=54, pos=2)",1
0,14,7465,lorsa,14,51,13673,lorsa,0.8683499097824097,0.6800687313079834,-0.18828117847442627,0.0,-0.2168263926250716,"Node(id=28_13673_51, type=lorsa, layer=14, feature=13673, pos=51)",1
0,14,7465,lorsa,14,51,790,transcoder,0.5391555428504944,0.0,-0.5391555428504944,0.0,-1.0,"Node(id=29_790_51, type=transcoder, layer=14, feature=790, pos=51)",1
0,14,7465,lorsa,5,6,12145,transcoder,2.5404446125030518,1.8359190225601196,-0.7045255899429321,0.0,-0.27732373556799433,"Node(id=11_12145_6, type=transcoder, layer=5, feature=12145, pos=6)",1
0,14,7465,lorsa,8,14,16275,lorsa,3.750656843185425,0.9295243620872498,-2.821132481098175,0.0,-0.7521702461860502,"Node(id=16_16275_14, type=lorsa, layer=8, feature=16275, pos=14)",1
0,14,7465,lorsa,13,56,16285,transcoder,0.37943366169929504,0.32997921109199524,-0.049454450607299805,0.0,-0.13033754144484141,"Node(id=27_16285_56, type=transcoder, layer=13, feature=16285, pos=56)",1
0,14,7465,lorsa,13,51,6109,transcoder,0.38438713550567627,0.33160173892974854,-0.052785396575927734,0.0,-0.13732352542570522,"Node(id=27_6109_51, type=transcoder, layer=13, feature=6109, pos=51)",1
0,14,7465,lorsa,14,51,14073,transcoder,0.8638689517974854,0.3479335606098175,-0.5159353911876678,0.0,-0.5972380302754732,"Node(id=29_14073_51, type=transcoder, layer=14, feature=14073, pos=51)",1
0,14,7465,lorsa,13,55,6340,transcoder,0.37931957840919495,0.0,-0.37931957840919495,0.0,-1.0,"Node(id=27_6340_55, type=transcoder, layer=13, feature=6340, pos=55)",1
0,14,7465,lorsa,14,51,2652,transcoder,1.2029510736465454,0.0,-1.2029510736465454,0.0,-1.0,"Node(id=29_2652_51, type=transcoder, layer=14, feature=2652, pos=51)",1
0,14,7465,lorsa,12,37,6377,transcoder,0.3010123670101166,0.0,-0.3010123670101166,0.0,-1.0,"Node(id=25_6377_37, type=transcoder, layer=12, feature=6377, pos=37)",1
0,14,7465,lorsa,14,54,9044,lorsa,3.588165521621704,0.0,-3.588165521621704,0.0,-1.0,"Node(id=28_9044_54, type=lorsa, layer=14, feature=9044, pos=54)",1
0,14,7465,lorsa,12,2,13896,transcoder,12.517711639404297,10.87041187286377,-1.6472997665405273,0.0,-0.1315975167022557,"Node(id=25_13896_2, type=transcoder, layer=12, feature=13896, pos=2)",1
0,14,7465,lorsa,12,37,15342,lorsa,1.2413737773895264,0.0,-1.2413737773895264,0.0,-1.0,"Node(id=24_15342_37, type=lorsa, layer=12, feature=15342, pos=37)",1
0,14,7465,lorsa,6,14,8940,transcoder,1.2855827808380127,1.0094876289367676,-0.2760951519012451,0.0,-0.21476263996105432,"Node(id=13_8940_14, type=transcoder, layer=6, feature=8940, pos=14)",1
0,14,7465,lorsa,10,14,6896,transcoder,0.4185520112514496,0.15656088292598724,-0.26199112832546234,0.0,-0.6259464087679856,"Node(id=21_6896_14, type=transcoder, layer=10, feature=6896, pos=14)",1
0,14,7465,lorsa,10,14,11541,transcoder,0.4443958103656769,0.283917099237442,-0.16047871112823486,0.0,-0.3611166158298902,"Node(id=21_11541_14, type=transcoder, layer=10, feature=11541, pos=14)",1
0,14,7465,lorsa,12,37,15649,lorsa,3.205152750015259,0.0,-3.205152750015259,0.0,-1.0,"Node(id=24_15649_37, type=lorsa, layer=12, feature=15649, pos=37)",1
0,14,7465,lorsa,6,45,4984,transcoder,0.9259824752807617,0.814050555229187,-0.11193192005157471,0.0,-0.12087909117031236,"Node(id=13_4984_45, type=transcoder, layer=6, feature=4984, pos=45)",1
0,45,12663,transcoder,6,51,2057,transcoder,2.2570786476135254,2.0105645656585693,-0.24651408195495605,0.0,-0.1092182065589972,"Node(id=13_2057_51, type=transcoder, layer=6, feature=2057, pos=51)",1
0,45,12663,transcoder,13,51,13122,transcoder,0.9594287276268005,0.5832981467247009,-0.3761305809020996,0.0,-0.3920359794025338,"Node(id=27_13122_51, type=transcoder, layer=13, feature=13122, pos=51)",1
0,45,12663,transcoder,14,51,11103,transcoder,1.2022953033447266,0.37147775292396545,-0.8308175504207611,0.0,-0.691026196400724,"Node(id=29_11103_51, type=transcoder, layer=14, feature=11103, pos=51)",1
0,45,12663,transcoder,14,51,138,transcoder,4.929553031921387,3.224618911743164,-1.7049341201782227,0.0,-0.34585977859207495,"Node(id=29_138_51, type=transcoder, layer=14, feature=138, pos=51)",1
0,45,12663,transcoder,1,54,9400,transcoder,0.9067674875259399,0.3443019390106201,-0.5624655485153198,0.0,-0.6202974370529902,"Node(id=3_9400_54, type=transcoder, layer=1, feature=9400, pos=54)",1
0,45,12663,transcoder,14,51,2640,transcoder,1.2701964378356934,1.0589194297790527,-0.21127700805664062,0.0,-0.16633412105661283,"Node(id=29_2640_51, type=transcoder, layer=14, feature=2640, pos=51)",1
0,45,12663,transcoder,11,51,9680,transcoder,1.042241096496582,0.5203028321266174,-0.5219382643699646,0.0,-0.500784574820953,"Node(id=23_9680_51, type=transcoder, layer=11, feature=9680, pos=51)",1
0,45,12663,transcoder,12,51,8628,transcoder,0.8337218761444092,0.45952990651130676,-0.3741919696331024,0.0,-0.44882110010543674,"Node(id=25_8628_51, type=transcoder, layer=12, feature=8628, pos=51)",1
0,45,12663,transcoder,10,51,12950,transcoder,0.8460464477539062,0.5376859903335571,-0.3083604574203491,0.0,-0.3644722559133579,"Node(id=21_12950_51, type=transcoder, layer=10, feature=12950, pos=51)",1
0,45,12663,transcoder,4,23,3675,transcoder,0.6166015863418579,0.5388558506965637,-0.07774573564529419,0.0,-0.1260874726361638,"Node(id=9_3675_23, type=transcoder, layer=4, feature=3675, pos=23)",1
0,45,12663,transcoder,6,23,4099,transcoder,2.014463186264038,1.7227160930633545,-0.2917470932006836,0.0,-0.14482622228592265,"Node(id=13_4099_23, type=transcoder, layer=6, feature=4099, pos=23)",1
0,45,12663,transcoder,13,23,142,transcoder,1.0874344110488892,0.9142030477523804,-0.1732313632965088,0.0,-0.15930281544927183,"Node(id=27_142_23, type=transcoder, layer=13, feature=142, pos=23)",1
0,45,12663,transcoder,1,5,853,transcoder,1.0840907096862793,0.8847066164016724,-0.19938409328460693,0.0,-0.1839182750143721,"Node(id=3_853_5, type=transcoder, layer=1, feature=853, pos=5)",1
0,45,12663,transcoder,6,62,3210,transcoder,2.6106956005096436,2.3072197437286377,-0.30347585678100586,0.0,-0.11624329420931465,"Node(id=13_3210_62, type=transcoder, layer=6, feature=3210, pos=62)",1
0,45,12663,transcoder,10,51,9278,transcoder,8.472284317016602,7.495514869689941,-0.9767694473266602,0.0,-0.11528997502654822,"Node(id=21_9278_51, type=transcoder, layer=10, feature=9278, pos=51)",1
0,45,12663,transcoder,9,54,12243,lorsa,2.3094804286956787,0.9202553033828735,-1.3892251253128052,0.0,-0.6015314561887825,"Node(id=18_12243_54, type=lorsa, layer=9, feature=12243, pos=54)",1
0,45,12663,transcoder,14,55,9044,lorsa,3.8024330139160156,0.0,-3.8024330139160156,0.0,-1.0,"Node(id=28_9044_55, type=lorsa, layer=14, feature=9044, pos=55)",1
0,45,12663,transcoder,11,54,10708,transcoder,0.9755883812904358,0.0,-0.9755883812904358,0.0,-1.0,"Node(id=23_10708_54, type=transcoder, layer=11, feature=10708, pos=54)",1
0,45,12663,transcoder,1,54,11614,lorsa,2.873215436935425,0.0,-2.873215436935425,0.0,-1.0,"Node(id=2_11614_54, type=lorsa, layer=1, feature=11614, pos=54)",1
0,45,12663,transcoder,13,55,9300,transcoder,0.6302089691162109,0.3122222125530243,-0.31798675656318665,0.0,-0.5045735179064862,"Node(id=27_9300_55, type=transcoder, layer=13, feature=9300, pos=55)",1
0,45,12663,transcoder,14,51,11169,transcoder,0.6642193794250488,0.0,-0.6642193794250488,0.0,-1.0,"Node(id=29_11169_51, type=transcoder, layer=14, feature=11169, pos=51)",1
0,45,12663,transcoder,3,54,5828,lorsa,2.9929561614990234,0.0,-2.9929561614990234,0.0,-1.0,"Node(id=6_5828_54, type=lorsa, layer=3, feature=5828, pos=54)",1
0,45,12663,transcoder,10,54,9629,transcoder,0.9417102336883545,0.0,-0.9417102336883545,0.0,-1.0,"Node(id=21_9629_54, type=transcoder, layer=10, feature=9629, pos=54)",1
0,45,12663,transcoder,8,14,912,transcoder,0.7022373080253601,0.38824376463890076,-0.31399354338645935,0.0,-0.4471330984526957,"Node(id=17_912_14, type=transcoder, layer=8, feature=912, pos=14)",1
0,45,12663,transcoder,11,51,9849,transcoder,0.687792956829071,0.38827669620513916,-0.2995162606239319,0.0,-0.4354744515046947,"Node(id=23_9849_51, type=transcoder, layer=11, feature=9849, pos=51)",1
0,45,12663,transcoder,13,55,14142,transcoder,0.6139975786209106,0.0,-0.6139975786209106,0.0,-1.0,"Node(id=27_14142_55, type=transcoder, layer=13, feature=14142, pos=55)",1
0,45,12663,transcoder,8,62,8174,transcoder,1.1858330965042114,0.971954345703125,-0.21387875080108643,0.0,-0.18036159678085595,"Node(id=17_8174_62, type=transcoder, layer=8, feature=8174, pos=62)",1
0,45,12663,transcoder,13,56,13473,transcoder,1.8784750699996948,1.6341593265533447,-0.2443157434463501,0.0,-0.13006067919037637,"Node(id=27_13473_56, type=transcoder, layer=13, feature=13473, pos=56)",1
0,45,12663,transcoder,8,51,5050,transcoder,0.8566882014274597,0.6794914603233337,-0.17719674110412598,0.0,-0.20683924537407108,"Node(id=17_5050_51, type=transcoder, layer=8, feature=5050, pos=51)",1
0,45,12663,transcoder,9,14,13080,lorsa,4.417771816253662,2.180990219116211,-2.236781597137451,0.0,-0.5063144250474838,"Node(id=18_13080_14, type=lorsa, layer=9, feature=13080, pos=14)",1
0,45,12663,transcoder,13,51,5681,lorsa,1.9713155031204224,0.0,-1.9713155031204224,0.0,-1.0,"Node(id=26_5681_51, type=lorsa, layer=13, feature=5681, pos=51)",1
0,45,12663,transcoder,14,23,10814,transcoder,1.869791030883789,1.509276032447815,-0.3605149984359741,0.0,-0.192810315420954,"Node(id=29_10814_23, type=transcoder, layer=14, feature=10814, pos=23)",1
0,45,12663,transcoder,8,54,11682,transcoder,0.4600358009338379,0.0,-0.4600358009338379,0.0,-1.0,"Node(id=17_11682_54, type=transcoder, layer=8, feature=11682, pos=54)",1
0,45,12663,transcoder,12,54,9524,transcoder,0.9488894939422607,0.0,-0.9488894939422607,0.0,-1.0,"Node(id=25_9524_54, type=transcoder, layer=12, feature=9524, pos=54)",1
0,45,12663,transcoder,7,45,14452,transcoder,3.143462896347046,0.5786439180374146,-2.5648189783096313,0.0,-0.8159215053214578,"Node(id=15_14452_45, type=transcoder, layer=7, feature=14452, pos=45)",1
0,45,12663,transcoder,4,54,15551,lorsa,4.019529342651367,0.0,-4.019529342651367,0.0,-1.0,"Node(id=8_15551_54, type=lorsa, layer=4, feature=15551, pos=54)",1
0,45,12663,transcoder,8,54,1436,lorsa,2.9068973064422607,0.0,-2.9068973064422607,0.0,-1.0,"Node(id=16_1436_54, type=lorsa, layer=8, feature=1436, pos=54)",1
0,45,12663,transcoder,11,54,14428,lorsa,3.4473183155059814,1.3100111484527588,-2.1373071670532227,0.0,-0.6199912428857092,"Node(id=22_14428_54, type=lorsa, layer=11, feature=14428, pos=54)",1
0,45,12663,transcoder,10,14,14175,transcoder,0.5143704414367676,0.0,-0.5143704414367676,0.0,-1.0,"Node(id=21_14175_14, type=transcoder, layer=10, feature=14175, pos=14)",1
0,45,12663,transcoder,13,51,3932,transcoder,0.40207821130752563,0.0,-0.40207821130752563,0.0,-1.0,"Node(id=27_3932_51, type=transcoder, layer=13, feature=3932, pos=51)",1
0,45,12663,transcoder,10,8,54,transcoder,18.665470123291016,14.411664009094238,-4.253806114196777,0.0,-0.22789707872874967,"Node(id=21_54_8, type=transcoder, layer=10, feature=54, pos=8)",1
0,45,12663,transcoder,12,54,9881,lorsa,2.963268280029297,0.0,-2.963268280029297,0.0,-1.0,"Node(id=24_9881_54, type=lorsa, layer=12, feature=9881, pos=54)",1
0,45,12663,transcoder,9,54,1889,transcoder,0.6214693784713745,0.0,-0.6214693784713745,0.0,-1.0,"Node(id=19_1889_54, type=transcoder, layer=9, feature=1889, pos=54)",1
0,45,12663,transcoder,7,5,11946,transcoder,2.906679153442383,2.5324227809906006,-0.3742563724517822,0.0,-0.12875737317225056,"Node(id=15_11946_5, type=transcoder, layer=7, feature=11946, pos=5)",1
0,45,12663,transcoder,14,51,4640,lorsa,1.3973380327224731,0.0,-1.3973380327224731,0.0,-1.0,"Node(id=28_4640_51, type=lorsa, layer=14, feature=4640, pos=51)",1
0,45,12663,transcoder,9,54,13348,transcoder,0.5763208270072937,0.40938276052474976,-0.16693806648254395,0.0,-0.28966169303548567,"Node(id=19_13348_54, type=transcoder, layer=9, feature=13348, pos=54)",1
0,45,12663,transcoder,2,54,715,transcoder,0.9930531978607178,0.3314663767814636,-0.6615868210792542,0.0,-0.6662148840610712,"Node(id=5_715_54, type=transcoder, layer=2, feature=715, pos=54)",1
0,45,12663,transcoder,1,54,11175,transcoder,1.3649195432662964,0.7325936555862427,-0.6323258876800537,0.0,-0.4632697149070615,"Node(id=3_11175_54, type=transcoder, layer=1, feature=11175, pos=54)",1
0,45,12663,transcoder,11,14,12258,transcoder,0.23024021089076996,0.1365601122379303,-0.09368009865283966,0.0,-0.40687983341573275,"Node(id=23_12258_14, type=transcoder, layer=11, feature=12258, pos=14)",1
0,45,12663,transcoder,7,14,2772,transcoder,0.7835947275161743,0.3898598849773407,-0.3937348425388336,0.0,-0.502472552089379,"Node(id=15_2772_14, type=transcoder, layer=7, feature=2772, pos=14)",1
0,45,12663,transcoder,10,2,54,transcoder,18.140689849853516,9.752126693725586,-8.38856315612793,0.0,-0.4624169877528481,"Node(id=21_54_2, type=transcoder, layer=10, feature=54, pos=2)",1
0,45,12663,transcoder,14,51,13673,lorsa,0.8683499097824097,0.0,-0.8683499097824097,0.0,-1.0,"Node(id=28_13673_51, type=lorsa, layer=14, feature=13673, pos=51)",1
0,45,12663,transcoder,14,51,790,transcoder,0.5391555428504944,0.0,-0.5391555428504944,0.0,-1.0,"Node(id=29_790_51, type=transcoder, layer=14, feature=790, pos=51)",1
0,45,12663,transcoder,14,51,7697,transcoder,1.0310401916503906,0.6819026470184326,-0.349137544631958,0.0,-0.3386265127774427,"Node(id=29_7697_51, type=transcoder, layer=14, feature=7697, pos=51)",1
0,45,12663,transcoder,8,14,16275,lorsa,3.750656843185425,2.326486825942993,-1.4241700172424316,0.0,-0.37971216157244797,"Node(id=16_16275_14, type=lorsa, layer=8, feature=16275, pos=14)",1
0,45,12663,transcoder,13,51,6109,transcoder,0.38438713550567627,0.0,-0.38438713550567627,0.0,-1.0,"Node(id=27_6109_51, type=transcoder, layer=13, feature=6109, pos=51)",1
0,45,12663,transcoder,14,51,14073,transcoder,0.8638689517974854,0.0,-0.8638689517974854,0.0,-1.0,"Node(id=29_14073_51, type=transcoder, layer=14, feature=14073, pos=51)",1
0,45,12663,transcoder,13,55,6340,transcoder,0.37931957840919495,0.0,-0.37931957840919495,0.0,-1.0,"Node(id=27_6340_55, type=transcoder, layer=13, feature=6340, pos=55)",1
0,45,12663,transcoder,5,54,14178,lorsa,2.141420841217041,0.7230210900306702,-1.4183997511863708,0.0,-0.6623638492190292,"Node(id=10_14178_54, type=lorsa, layer=5, feature=14178, pos=54)",1
0,45,12663,transcoder,14,51,2652,transcoder,1.2029510736465454,0.0,-1.2029510736465454,0.0,-1.0,"Node(id=29_2652_51, type=transcoder, layer=14, feature=2652, pos=51)",1
0,45,12663,transcoder,3,54,10248,transcoder,0.899041473865509,0.0,-0.899041473865509,0.0,-1.0,"Node(id=7_10248_54, type=transcoder, layer=3, feature=10248, pos=54)",1
0,45,12663,transcoder,12,37,6377,transcoder,0.3010123670101166,0.0,-0.3010123670101166,0.0,-1.0,"Node(id=25_6377_37, type=transcoder, layer=12, feature=6377, pos=37)",1
0,45,12663,transcoder,12,2,13896,transcoder,12.517711639404297,8.351232528686523,-4.166479110717773,0.0,-0.3328467079879187,"Node(id=25_13896_2, type=transcoder, layer=12, feature=13896, pos=2)",1
0,45,12663,transcoder,10,54,16018,transcoder,5.421947956085205,4.466546058654785,-0.9554018974304199,0.0,-0.1762100826434797,"Node(id=21_16018_54, type=transcoder, layer=10, feature=16018, pos=54)",1
0,45,12663,transcoder,11,37,7513,transcoder,0.49810850620269775,0.37675583362579346,-0.1213526725769043,0.0,-0.24362698300823968,"Node(id=23_7513_37, type=transcoder, layer=11, feature=7513, pos=37)",1
0,45,12663,transcoder,6,55,4801,transcoder,1.9008395671844482,0.6749513149261475,-1.2258882522583008,0.0,-0.6449193679580779,"Node(id=13_4801_55, type=transcoder, layer=6, feature=4801, pos=55)",1
0,45,12663,transcoder,12,37,15342,lorsa,1.2413737773895264,0.0,-1.2413737773895264,0.0,-1.0,"Node(id=24_15342_37, type=lorsa, layer=12, feature=15342, pos=37)",1
0,45,12663,transcoder,6,14,8940,transcoder,1.2855827808380127,0.2528158128261566,-1.032766968011856,0.0,-0.8033453647680645,"Node(id=13_8940_14, type=transcoder, layer=6, feature=8940, pos=14)",1
0,45,12663,transcoder,7,62,8659,transcoder,0.6940901875495911,0.6056209206581116,-0.08846926689147949,0.0,-0.12746076587512423,"Node(id=15_8659_62, type=transcoder, layer=7, feature=8659, pos=62)",1
0,45,12663,transcoder,12,1,13896,transcoder,12.206680297851562,9.584593772888184,-2.622086524963379,0.0,-0.2148075038407354,"Node(id=25_13896_1, type=transcoder, layer=12, feature=13896, pos=1)",1
0,45,12663,transcoder,10,14,6896,transcoder,0.4185520112514496,0.0,-0.4185520112514496,0.0,-1.0,"Node(id=21_6896_14, type=transcoder, layer=10, feature=6896, pos=14)",1
0,45,12663,transcoder,10,14,11541,transcoder,0.4443958103656769,0.0,-0.4443958103656769,0.0,-1.0,"Node(id=21_11541_14, type=transcoder, layer=10, feature=11541, pos=14)",1
0,45,12663,transcoder,12,51,5918,transcoder,0.6882085204124451,0.18807481229305267,-0.5001337081193924,0.0,-0.7267182740191316,"Node(id=25_5918_51, type=transcoder, layer=12, feature=5918, pos=51)",1
0,45,12663,transcoder,12,37,15649,lorsa,3.205152750015259,0.0,-3.205152750015259,0.0,-1.0,"Node(id=24_15649_37, type=lorsa, layer=12, feature=15649, pos=37)",1
0,45,12663,transcoder,7,14,1092,transcoder,0.7006182074546814,0.0,-0.7006182074546814,0.0,-1.0,"Node(id=15_1092_14, type=transcoder, layer=7, feature=1092, pos=14)",1
0,45,12663,transcoder,10,56,11708,transcoder,2.9663991928100586,2.668743848800659,-0.2976553440093994,0.0,-0.10034230886080833,"Node(id=21_11708_56, type=transcoder, layer=10, feature=11708, pos=56)",1
0,45,12663,transcoder,6,45,4984,transcoder,0.9259824752807617,0.0,-0.9259824752807617,0.0,-1.0,"Node(id=13_4984_45, type=transcoder, layer=6, feature=4984, pos=45)",1
0,45,7465,lorsa,13,51,13122,transcoder,0.9594287276268005,0.637477695941925,-0.3219510316848755,0.0,-0.33556534468301674,"Node(id=27_13122_51, type=transcoder, layer=13, feature=13122, pos=51)",1
0,45,7465,lorsa,0,45,12663,transcoder,1.3661699295043945,0.4897906482219696,-0.8763792812824249,0.0,-0.6414862912407603,"Node(id=1_12663_45, type=transcoder, layer=0, feature=12663, pos=45)",1
0,45,7465,lorsa,14,51,11103,transcoder,1.2022953033447266,0.4262675642967224,-0.7760277390480042,0.0,-0.6454551863332852,"Node(id=29_11103_51, type=transcoder, layer=14, feature=11103, pos=51)",1
0,45,7465,lorsa,14,51,138,transcoder,4.929553031921387,3.204916477203369,-1.7246365547180176,0.0,-0.34985657797981085,"Node(id=29_138_51, type=transcoder, layer=14, feature=138, pos=51)",1
0,45,7465,lorsa,1,54,9400,transcoder,0.9067674875259399,0.5003346800804138,-0.4064328074455261,0.0,-0.4482216367885591,"Node(id=3_9400_54, type=transcoder, layer=1, feature=9400, pos=54)",1
0,45,7465,lorsa,14,51,2640,transcoder,1.2701964378356934,1.0961099863052368,-0.17408645153045654,0.0,-0.1370547470807626,"Node(id=29_2640_51, type=transcoder, layer=14, feature=2640, pos=51)",1
0,45,7465,lorsa,11,51,9680,transcoder,1.042241096496582,0.581829845905304,-0.4604112505912781,0.0,-0.4417511957059812,"Node(id=23_9680_51, type=transcoder, layer=11, feature=9680, pos=51)",1
0,45,7465,lorsa,12,51,8628,transcoder,0.8337218761444092,0.5114241242408752,-0.32229775190353394,0.0,-0.3865770601990401,"Node(id=25_8628_51, type=transcoder, layer=12, feature=8628, pos=51)",1
0,45,7465,lorsa,10,51,12950,transcoder,0.8460464477539062,0.6124023795127869,-0.23364406824111938,0.0,-0.276159859616928,"Node(id=21_12950_51, type=transcoder, layer=10, feature=12950, pos=51)",1
0,45,7465,lorsa,4,23,3675,transcoder,0.6166015863418579,0.5478280186653137,-0.06877356767654419,0.0,-0.11153647541609561,"Node(id=9_3675_23, type=transcoder, layer=4, feature=3675, pos=23)",1
0,45,7465,lorsa,6,23,4099,transcoder,2.014463186264038,1.7515153884887695,-0.26294779777526855,0.0,-0.13052995933021913,"Node(id=13_4099_23, type=transcoder, layer=6, feature=4099, pos=23)",1
0,45,7465,lorsa,13,23,142,transcoder,1.0874344110488892,0.9339252710342407,-0.15350914001464844,0.0,-0.1411663438777706,"Node(id=27_142_23, type=transcoder, layer=13, feature=142, pos=23)",1
0,45,7465,lorsa,1,5,853,transcoder,1.0840907096862793,0.9407628774642944,-0.14332783222198486,0.0,-0.1322101840199903,"Node(id=3_853_5, type=transcoder, layer=1, feature=853, pos=5)",1
0,45,7465,lorsa,9,54,12243,lorsa,2.3094804286956787,1.182252049446106,-1.1272283792495728,0.0,-0.4880874352705364,"Node(id=18_12243_54, type=lorsa, layer=9, feature=12243, pos=54)",1
0,45,7465,lorsa,14,55,9044,lorsa,3.8024330139160156,0.0,-3.8024330139160156,0.0,-1.0,"Node(id=28_9044_55, type=lorsa, layer=14, feature=9044, pos=55)",1
0,45,7465,lorsa,11,54,10708,transcoder,0.9755883812904358,0.0,-0.9755883812904358,0.0,-1.0,"Node(id=23_10708_54, type=transcoder, layer=11, feature=10708, pos=54)",1
0,45,7465,lorsa,1,54,11614,lorsa,2.873215436935425,1.6530561447143555,-1.2201592922210693,0.0,-0.4246668302473318,"Node(id=2_11614_54, type=lorsa, layer=1, feature=11614, pos=54)",1
0,45,7465,lorsa,13,55,9300,transcoder,0.6302089691162109,0.33355870842933655,-0.2966502606868744,0.0,-0.4707172941427495,"Node(id=27_9300_55, type=transcoder, layer=13, feature=9300, pos=55)",1
0,45,7465,lorsa,14,51,11169,transcoder,0.6642193794250488,0.0,-0.6642193794250488,0.0,-1.0,"Node(id=29_11169_51, type=transcoder, layer=14, feature=11169, pos=51)",1
0,45,7465,lorsa,3,54,5828,lorsa,2.9929561614990234,0.0,-2.9929561614990234,0.0,-1.0,"Node(id=6_5828_54, type=lorsa, layer=3, feature=5828, pos=54)",1
0,45,7465,lorsa,10,54,9629,transcoder,0.9417102336883545,0.0,-0.9417102336883545,0.0,-1.0,"Node(id=21_9629_54, type=transcoder, layer=10, feature=9629, pos=54)",1
0,45,7465,lorsa,8,14,912,transcoder,0.7022373080253601,0.43160122632980347,-0.27063608169555664,0.0,-0.38539120408820987,"Node(id=17_912_14, type=transcoder, layer=8, feature=912, pos=14)",1
0,45,7465,lorsa,11,51,9849,transcoder,0.687792956829071,0.4649392068386078,-0.22285374999046326,0.0,-0.3240128410414159,"Node(id=23_9849_51, type=transcoder, layer=11, feature=9849, pos=51)",1
0,45,7465,lorsa,13,55,14142,transcoder,0.6139975786209106,0.0,-0.6139975786209106,0.0,-1.0,"Node(id=27_14142_55, type=transcoder, layer=13, feature=14142, pos=55)",1
0,45,7465,lorsa,8,62,8174,transcoder,1.1858330965042114,1.0023236274719238,-0.1835094690322876,0.0,-0.1547515156840083,"Node(id=17_8174_62, type=transcoder, layer=8, feature=8174, pos=62)",1
0,45,7465,lorsa,13,56,13473,transcoder,1.8784750699996948,1.6608381271362305,-0.21763694286346436,0.0,-0.11585830780469165,"Node(id=27_13473_56, type=transcoder, layer=13, feature=13473, pos=56)",1
0,45,7465,lorsa,8,51,5050,transcoder,0.8566882014274597,0.7295342087745667,-0.12715399265289307,0.0,-0.14842505411072812,"Node(id=17_5050_51, type=transcoder, layer=8, feature=5050, pos=51)",1
0,45,7465,lorsa,9,14,13080,lorsa,4.417771816253662,2.6481196880340576,-1.7696521282196045,0.0,-0.40057572048171025,"Node(id=18_13080_14, type=lorsa, layer=9, feature=13080, pos=14)",1
0,45,7465,lorsa,13,51,5681,lorsa,1.9713155031204224,0.0,-1.9713155031204224,0.0,-1.0,"Node(id=26_5681_51, type=lorsa, layer=13, feature=5681, pos=51)",1
0,45,7465,lorsa,14,23,10814,transcoder,1.869791030883789,1.5113835334777832,-0.35840749740600586,0.0,-0.1916831835676302,"Node(id=29_10814_23, type=transcoder, layer=14, feature=10814, pos=23)",1
0,45,7465,lorsa,8,54,11682,transcoder,0.4600358009338379,0.0,-0.4600358009338379,0.0,-1.0,"Node(id=17_11682_54, type=transcoder, layer=8, feature=11682, pos=54)",1
0,45,7465,lorsa,12,54,9524,transcoder,0.9488894939422607,0.0,-0.9488894939422607,0.0,-1.0,"Node(id=25_9524_54, type=transcoder, layer=12, feature=9524, pos=54)",1
0,45,7465,lorsa,7,45,14452,transcoder,3.143462896347046,1.2706899642944336,-1.8727729320526123,0.0,-0.5957674684911737,"Node(id=15_14452_45, type=transcoder, layer=7, feature=14452, pos=45)",1
0,45,7465,lorsa,4,54,15551,lorsa,4.019529342651367,0.9392309188842773,-3.08029842376709,0.0,-0.7663331104669233,"Node(id=8_15551_54, type=lorsa, layer=4, feature=15551, pos=54)",1
0,45,7465,lorsa,8,54,1436,lorsa,2.9068973064422607,0.0,-2.9068973064422607,0.0,-1.0,"Node(id=16_1436_54, type=lorsa, layer=8, feature=1436, pos=54)",1
0,45,7465,lorsa,11,54,14428,lorsa,3.4473183155059814,1.7921267747879028,-1.6551915407180786,0.0,-0.48013887585403825,"Node(id=22_14428_54, type=lorsa, layer=11, feature=14428, pos=54)",1
0,45,7465,lorsa,10,14,14175,transcoder,0.5143704414367676,0.0,-0.5143704414367676,0.0,-1.0,"Node(id=21_14175_14, type=transcoder, layer=10, feature=14175, pos=14)",1
0,45,7465,lorsa,13,51,3932,transcoder,0.40207821130752563,0.0,-0.40207821130752563,0.0,-1.0,"Node(id=27_3932_51, type=transcoder, layer=13, feature=3932, pos=51)",1
0,45,7465,lorsa,10,8,54,transcoder,18.665470123291016,14.786458015441895,-3.879012107849121,0.0,-0.20781754127954374,"Node(id=21_54_8, type=transcoder, layer=10, feature=54, pos=8)",1
0,45,7465,lorsa,12,54,9881,lorsa,2.963268280029297,0.0,-2.963268280029297,0.0,-1.0,"Node(id=24_9881_54, type=lorsa, layer=12, feature=9881, pos=54)",1
0,45,7465,lorsa,9,54,1889,transcoder,0.6214693784713745,0.0,-0.6214693784713745,0.0,-1.0,"Node(id=19_1889_54, type=transcoder, layer=9, feature=1889, pos=54)",1
0,45,7465,lorsa,14,51,4640,lorsa,1.3973380327224731,0.0,-1.3973380327224731,0.0,-1.0,"Node(id=28_4640_51, type=lorsa, layer=14, feature=4640, pos=51)",1
0,45,7465,lorsa,9,54,13348,transcoder,0.5763208270072937,0.403848260641098,-0.17247256636619568,0.0,-0.299264850902244,"Node(id=19_13348_54, type=transcoder, layer=9, feature=13348, pos=54)",1
0,45,7465,lorsa,2,54,715,transcoder,0.9930531978607178,0.562788188457489,-0.43026500940322876,0.0,-0.43327488429635597,"Node(id=5_715_54, type=transcoder, layer=2, feature=715, pos=54)",1
0,45,7465,lorsa,1,54,11175,transcoder,1.3649195432662964,0.8754665851593018,-0.48945295810699463,0.0,-0.358594732210895,"Node(id=3_11175_54, type=transcoder, layer=1, feature=11175, pos=54)",1
0,45,7465,lorsa,11,14,12258,transcoder,0.23024021089076996,0.14662934839725494,-0.08361086249351501,0.0,-0.36314622094044857,"Node(id=23_12258_14, type=transcoder, layer=11, feature=12258, pos=14)",1
0,45,7465,lorsa,7,14,2772,transcoder,0.7835947275161743,0.41124671697616577,-0.37234801054000854,0.0,-0.4751793209740846,"Node(id=15_2772_14, type=transcoder, layer=7, feature=2772, pos=14)",1
0,45,7465,lorsa,0,45,1586,transcoder,0.4573759138584137,0.0,-0.4573759138584137,0.0,-1.0,"Node(id=1_1586_45, type=transcoder, layer=0, feature=1586, pos=45)",1
0,45,7465,lorsa,10,2,54,transcoder,18.140689849853516,10.326638221740723,-7.814051628112793,0.0,-0.43074721484066886,"Node(id=21_54_2, type=transcoder, layer=10, feature=54, pos=2)",1
0,45,7465,lorsa,14,51,13673,lorsa,0.8683499097824097,0.0,-0.8683499097824097,0.0,-1.0,"Node(id=28_13673_51, type=lorsa, layer=14, feature=13673, pos=51)",1
0,45,7465,lorsa,14,51,790,transcoder,0.5391555428504944,0.0,-0.5391555428504944,0.0,-1.0,"Node(id=29_790_51, type=transcoder, layer=14, feature=790, pos=51)",1
0,45,7465,lorsa,14,51,7697,transcoder,1.0310401916503906,0.7594305872917175,-0.2716096043586731,0.0,-0.2634326057880502,"Node(id=29_7697_51, type=transcoder, layer=14, feature=7697, pos=51)",1
0,45,7465,lorsa,8,14,16275,lorsa,3.750656843185425,2.464808464050293,-1.2858483791351318,0.0,-0.34283285112350176,"Node(id=16_16275_14, type=lorsa, layer=8, feature=16275, pos=14)",1
0,45,7465,lorsa,13,51,6109,transcoder,0.38438713550567627,0.0,-0.38438713550567627,0.0,-1.0,"Node(id=27_6109_51, type=transcoder, layer=13, feature=6109, pos=51)",1
0,45,7465,lorsa,14,51,14073,transcoder,0.8638689517974854,0.0,-0.8638689517974854,0.0,-1.0,"Node(id=29_14073_51, type=transcoder, layer=14, feature=14073, pos=51)",1
0,45,7465,lorsa,13,55,6340,transcoder,0.37931957840919495,0.0,-0.37931957840919495,0.0,-1.0,"Node(id=27_6340_55, type=transcoder, layer=13, feature=6340, pos=55)",1
0,45,7465,lorsa,5,54,14178,lorsa,2.141420841217041,0.9689058065414429,-1.1725150346755981,0.0,-0.5475406851878861,"Node(id=10_14178_54, type=lorsa, layer=5, feature=14178, pos=54)",1
0,45,7465,lorsa,14,51,2652,transcoder,1.2029510736465454,0.0,-1.2029510736465454,0.0,-1.0,"Node(id=29_2652_51, type=transcoder, layer=14, feature=2652, pos=51)",1
0,45,7465,lorsa,3,54,10248,transcoder,0.899041473865509,0.37597373127937317,-0.5230677425861359,0.0,-0.581806020958254,"Node(id=7_10248_54, type=transcoder, layer=3, feature=10248, pos=54)",1
0,45,7465,lorsa,12,37,6377,transcoder,0.3010123670101166,0.0,-0.3010123670101166,0.0,-1.0,"Node(id=25_6377_37, type=transcoder, layer=12, feature=6377, pos=37)",1
0,45,7465,lorsa,12,2,13896,transcoder,12.517711639404297,8.590418815612793,-3.927292823791504,0.0,-0.3137388795112394,"Node(id=25_13896_2, type=transcoder, layer=12, feature=13896, pos=2)",1
0,45,7465,lorsa,10,54,16018,transcoder,5.421947956085205,4.626157760620117,-0.7957901954650879,0.0,-0.14677200923183892,"Node(id=21_16018_54, type=transcoder, layer=10, feature=16018, pos=54)",1
0,45,7465,lorsa,11,37,7513,transcoder,0.49810850620269775,0.42235127091407776,-0.07575723528862,0.0,-0.15208982449657613,"Node(id=23_7513_37, type=transcoder, layer=11, feature=7513, pos=37)",1
0,45,7465,lorsa,6,55,4801,transcoder,1.9008395671844482,0.8094483017921448,-1.0913912653923035,0.0,-0.5741627458906953,"Node(id=13_4801_55, type=transcoder, layer=6, feature=4801, pos=55)",1
0,45,7465,lorsa,12,37,15342,lorsa,1.2413737773895264,0.0,-1.2413737773895264,0.0,-1.0,"Node(id=24_15342_37, type=lorsa, layer=12, feature=15342, pos=37)",1
0,45,7465,lorsa,6,14,8940,transcoder,1.2855827808380127,0.4418960511684418,-0.8436867296695709,0.0,-0.6562679138558546,"Node(id=13_8940_14, type=transcoder, layer=6, feature=8940, pos=14)",1
0,45,7465,lorsa,7,62,8659,transcoder,0.6940901875495911,0.6164896488189697,-0.07760053873062134,0.0,-0.11180180922104876,"Node(id=15_8659_62, type=transcoder, layer=7, feature=8659, pos=62)",1
0,45,7465,lorsa,12,1,13896,transcoder,12.206680297851562,9.688385963439941,-2.518294334411621,0.0,-0.20630460313234006,"Node(id=25_13896_1, type=transcoder, layer=12, feature=13896, pos=1)",1
0,45,7465,lorsa,10,14,6896,transcoder,0.4185520112514496,0.0,-0.4185520112514496,0.0,-1.0,"Node(id=21_6896_14, type=transcoder, layer=10, feature=6896, pos=14)",1
0,45,7465,lorsa,10,14,11541,transcoder,0.4443958103656769,0.0,-0.4443958103656769,0.0,-1.0,"Node(id=21_11541_14, type=transcoder, layer=10, feature=11541, pos=14)",1
0,45,7465,lorsa,12,51,5918,transcoder,0.6882085204124451,0.18445749580860138,-0.5037510246038437,0.0,-0.7319744084277603,"Node(id=25_5918_51, type=transcoder, layer=12, feature=5918, pos=51)",1
0,45,7465,lorsa,12,37,15649,lorsa,3.205152750015259,0.0,-3.205152750015259,0.0,-1.0,"Node(id=24_15649_37, type=lorsa, layer=12, feature=15649, pos=37)",1
0,45,7465,lorsa,7,14,1092,transcoder,0.7006182074546814,0.0,-0.7006182074546814,0.0,-1.0,"Node(id=15_1092_14, type=transcoder, layer=7, feature=1092, pos=14)",1
0,45,7465,lorsa,6,45,4984,transcoder,0.9259824752807617,0.0,-0.9259824752807617,0.0,-1.0,"Node(id=13_4984_45, type=transcoder, layer=6, feature=4984, pos=45)",1
1,63,15260,transcoder,9,54,12243,lorsa,2.3094804286956787,1.945481538772583,-0.3639988899230957,0.0,-0.15761072724425326,"Node(id=18_12243_54, type=lorsa, layer=9, feature=12243, pos=54)",1
1,63,15260,transcoder,14,55,9044,lorsa,3.8024330139160156,3.236750602722168,-0.5656824111938477,0.0,-0.14876854085886124,"Node(id=28_9044_55, type=lorsa, layer=14, feature=9044, pos=55)",1
1,63,15260,transcoder,14,51,11169,transcoder,0.6642193794250488,0.5589702725410461,-0.10524910688400269,0.0,-0.1584553389199616,"Node(id=29_11169_51, type=transcoder, layer=14, feature=11169, pos=51)",1
1,63,15260,transcoder,11,14,12258,transcoder,0.23024021089076996,0.2017887979745865,-0.02845141291618347,0.0,-0.12357273651769424,"Node(id=23_12258_14, type=transcoder, layer=11, feature=12258, pos=14)",1
1,63,15260,transcoder,14,51,7697,transcoder,1.0310401916503906,0.8069562315940857,-0.22408396005630493,0.0,-0.2173377545036462,"Node(id=29_7697_51, type=transcoder, layer=14, feature=7697, pos=51)",1
1,63,15260,transcoder,11,37,7513,transcoder,0.49810850620269775,0.4250572919845581,-0.07305121421813965,0.0,-0.14665723092151442,"Node(id=23_7513_37, type=transcoder, layer=11, feature=7513, pos=37)",1
1,63,15260,transcoder,12,37,15342,lorsa,1.2413737773895264,0.0,-1.2413737773895264,0.0,-1.0,"Node(id=24_15342_37, type=lorsa, layer=12, feature=15342, pos=37)",1
1,63,15260,transcoder,10,14,6896,transcoder,0.4185520112514496,0.36917898058891296,-0.04937303066253662,0.0,-0.11796151812749323,"Node(id=21_6896_14, type=transcoder, layer=10, feature=6896, pos=14)",1
1,63,15260,transcoder,7,14,1092,transcoder,0.7006182074546814,0.6016830205917358,-0.09893518686294556,0.0,-0.14121127000449107,"Node(id=15_1092_14, type=transcoder, layer=7, feature=1092, pos=14)",1
0,63,7285,lorsa,1,51,11331,transcoder,0.7390512824058533,0.5837509036064148,-0.15530037879943848,0.0,-0.21013478021969603,"Node(id=3_11331_51, type=transcoder, layer=1, feature=11331, pos=51)",1
0,63,7285,lorsa,1,51,11215,lorsa,6.104880332946777,4.000380992889404,-2.104499340057373,0.0,-0.34472409372216933,"Node(id=2_11215_51, type=lorsa, layer=1, feature=11215, pos=51)",1
0,63,7285,lorsa,9,54,12243,lorsa,2.3094804286956787,1.8216906785964966,-0.48778975009918213,0.0,-0.21121190032109097,"Node(id=18_12243_54, type=lorsa, layer=9, feature=12243, pos=54)",1
0,63,7285,lorsa,14,51,11169,transcoder,0.6642193794250488,0.5132233500480652,-0.15099602937698364,0.0,-0.22732855146094422,"Node(id=29_11169_51, type=transcoder, layer=14, feature=11169, pos=51)",1
0,63,7285,lorsa,1,55,16329,lorsa,1.2881624698638916,1.139609456062317,-0.1485530138015747,0.0,-0.11532164402932105,"Node(id=2_16329_55, type=lorsa, layer=1, feature=16329, pos=55)",1
0,63,7285,lorsa,1,55,11995,lorsa,0.9528807401657104,0.4738399386405945,-0.47904080152511597,0.0,-0.5027290208865052,"Node(id=2_11995_55, type=lorsa, layer=1, feature=11995, pos=55)",1
0,63,7285,lorsa,14,51,7697,transcoder,1.0310401916503906,0.8412231802940369,-0.18981701135635376,0.0,-0.1841024364457731,"Node(id=29_7697_51, type=transcoder, layer=14, feature=7697, pos=51)",1
0,63,7285,lorsa,12,37,15342,lorsa,1.2413737773895264,0.9754213094711304,-0.265952467918396,0.0,-0.21424044293707012,"Node(id=24_15342_37, type=lorsa, layer=12, feature=15342, pos=37)",1
0,63,7285,lorsa,7,14,1092,transcoder,0.7006182074546814,0.6055628061294556,-0.09505540132522583,0.0,-0.13567360984031288,"Node(id=15_1092_14, type=transcoder, layer=7, feature=1092, pos=14)",1
2,63,14106,transcoder,9,54,12243,lorsa,2.3094804286956787,1.9370702505111694,-0.3724101781845093,0.0,-0.1612527967577689,"Node(id=18_12243_54, type=lorsa, layer=9, feature=12243, pos=54)",1
2,63,14106,transcoder,3,55,15371,transcoder,0.6983613967895508,0.6145375370979309,-0.08382385969161987,0.0,-0.12002934308363547,"Node(id=7_15371_55, type=transcoder, layer=3, feature=15371, pos=55)",1
2,63,14106,transcoder,14,51,11169,transcoder,0.6642193794250488,0.5046026110649109,-0.15961676836013794,0.0,-0.2403073040390705,"Node(id=29_11169_51, type=transcoder, layer=14, feature=11169, pos=51)",1
2,63,14106,transcoder,14,51,7697,transcoder,1.0310401916503906,0.8954398036003113,-0.13560038805007935,0.0,-0.131518042796201,"Node(id=29_7697_51, type=transcoder, layer=14, feature=7697, pos=51)",1
2,63,14106,transcoder,12,37,15342,lorsa,1.2413737773895264,1.003498911857605,-0.2378748655319214,0.0,-0.19162227353645755,"Node(id=24_15342_37, type=lorsa, layer=12, feature=15342, pos=37)",1
0,63,4905,transcoder,3,51,5284,transcoder,0.8926391005516052,0.7379028797149658,-0.1547362208366394,0.0,-0.17334689992968083,"Node(id=7_5284_51, type=transcoder, layer=3, feature=5284, pos=51)",1
0,63,4905,transcoder,2,51,5718,transcoder,0.8235379457473755,0.6346863508224487,-0.18885159492492676,0.0,-0.22931741749135862,"Node(id=5_5718_51, type=transcoder, layer=2, feature=5718, pos=51)",1
0,63,4905,transcoder,1,51,11331,transcoder,0.7390512824058533,0.11190459132194519,-0.6271466910839081,0.0,-0.8485834555923383,"Node(id=3_11331_51, type=transcoder, layer=1, feature=11331, pos=51)",1
0,63,4905,transcoder,1,51,11218,transcoder,0.6390401721000671,0.37057656049728394,-0.2684636116027832,0.0,-0.4201044368158197,"Node(id=3_11218_51, type=transcoder, layer=1, feature=11218, pos=51)",1
0,63,4905,transcoder,1,51,11215,lorsa,6.104880332946777,1.0704885721206665,-5.034391760826111,0.0,-0.8246503594274468,"Node(id=2_11215_51, type=lorsa, layer=1, feature=11215, pos=51)",1
0,63,4905,transcoder,14,23,5634,transcoder,3.0851762294769287,2.646522283554077,-0.43865394592285156,0.0,-0.14218116350430407,"Node(id=29_5634_23, type=transcoder, layer=14, feature=5634, pos=23)",1
0,63,4905,transcoder,4,23,3675,transcoder,0.6166015863418579,0.4356602430343628,-0.18094134330749512,0.0,-0.2934493639255367,"Node(id=9_3675_23, type=transcoder, layer=4, feature=3675, pos=23)",1
0,63,4905,transcoder,6,23,4099,transcoder,2.014463186264038,1.7144408226013184,-0.3000223636627197,0.0,-0.1489341506503934,"Node(id=13_4099_23, type=transcoder, layer=6, feature=4099, pos=23)",1
0,63,4905,transcoder,13,23,142,transcoder,1.0874344110488892,0.9619436860084534,-0.1254907250404358,0.0,-0.11540073016393992,"Node(id=27_142_23, type=transcoder, layer=13, feature=142, pos=23)",1
0,63,4905,transcoder,6,62,3210,transcoder,2.6106956005096436,2.3095221519470215,-0.30117344856262207,0.0,-0.11536138050863873,"Node(id=13_3210_62, type=transcoder, layer=6, feature=3210, pos=62)",1
0,63,4905,transcoder,3,51,7112,transcoder,1.2625163793563843,1.1166117191314697,-0.14590466022491455,0.0,-0.11556654837166944,"Node(id=7_7112_51, type=transcoder, layer=3, feature=7112, pos=51)",1
0,63,4905,transcoder,9,54,12243,lorsa,2.3094804286956787,0.0,-2.3094804286956787,0.0,-1.0,"Node(id=18_12243_54, type=lorsa, layer=9, feature=12243, pos=54)",1
0,63,4905,transcoder,2,51,9305,transcoder,0.8282850384712219,0.5647668838500977,-0.26351815462112427,0.0,-0.3181491182159992,"Node(id=5_9305_51, type=transcoder, layer=2, feature=9305, pos=51)",1
0,63,4905,transcoder,14,55,9044,lorsa,3.8024330139160156,0.6029767394065857,-3.19945627450943,0.0,-0.841423441991001,"Node(id=28_9044_55, type=lorsa, layer=14, feature=9044, pos=55)",1
0,63,4905,transcoder,3,55,15371,transcoder,0.6983613967895508,0.2937852740287781,-0.4045761227607727,0.0,-0.5793220023624681,"Node(id=7_15371_55, type=transcoder, layer=3, feature=15371, pos=55)",1
0,63,4905,transcoder,1,55,10736,transcoder,0.5947915315628052,0.4872426986694336,-0.10754883289337158,0.0,-0.18081769357204658,"Node(id=3_10736_55, type=transcoder, layer=1, feature=10736, pos=55)",1
0,63,4905,transcoder,13,55,9300,transcoder,0.6302089691162109,0.0,-0.6302089691162109,0.0,-1.0,"Node(id=27_9300_55, type=transcoder, layer=13, feature=9300, pos=55)",1
0,63,4905,transcoder,14,51,11169,transcoder,0.6642193794250488,0.3337424397468567,-0.33047693967819214,0.0,-0.497541851254407,"Node(id=29_11169_51, type=transcoder, layer=14, feature=11169, pos=51)",1
0,63,4905,transcoder,8,14,912,transcoder,0.7022373080253601,0.4909839332103729,-0.21125337481498718,0.0,-0.3008290394154879,"Node(id=17_912_14, type=transcoder, layer=8, feature=912, pos=14)",1
0,63,4905,transcoder,11,51,9849,transcoder,0.687792956829071,0.4988158643245697,-0.18897709250450134,0.0,-0.27475869101036104,"Node(id=23_9849_51, type=transcoder, layer=11, feature=9849, pos=51)",1
0,63,4905,transcoder,13,55,14142,transcoder,0.6139975786209106,0.0,-0.6139975786209106,0.0,-1.0,"Node(id=27_14142_55, type=transcoder, layer=13, feature=14142, pos=55)",1
0,63,4905,transcoder,8,62,8174,transcoder,1.1858330965042114,0.9110888242721558,-0.27474427223205566,0.0,-0.23168882116883968,"Node(id=17_8174_62, type=transcoder, layer=8, feature=8174, pos=62)",1
0,63,4905,transcoder,12,23,15674,transcoder,0.6342616677284241,0.5679003000259399,-0.06636136770248413,0.0,-0.1046277444767457,"Node(id=25_15674_23, type=transcoder, layer=12, feature=15674, pos=23)",1
0,63,4905,transcoder,3,55,8792,lorsa,2.6274337768554688,2.1199746131896973,-0.5074591636657715,0.0,-0.19313870748556114,"Node(id=6_8792_55, type=lorsa, layer=3, feature=8792, pos=55)",1
0,63,4905,transcoder,9,14,13080,lorsa,4.417771816253662,2.863335371017456,-1.554436445236206,0.0,-0.3518598311296195,"Node(id=18_13080_14, type=lorsa, layer=9, feature=13080, pos=14)",1
0,63,4905,transcoder,13,51,5681,lorsa,1.9713155031204224,0.0,-1.9713155031204224,0.0,-1.0,"Node(id=26_5681_51, type=lorsa, layer=13, feature=5681, pos=51)",1
0,63,4905,transcoder,3,51,2992,lorsa,2.136613607406616,1.6540265083312988,-0.4825870990753174,0.0,-0.2258654056130781,"Node(id=6_2992_51, type=lorsa, layer=3, feature=2992, pos=51)",1
0,63,4905,transcoder,8,54,11682,transcoder,0.4600358009338379,0.0,-0.4600358009338379,0.0,-1.0,"Node(id=17_11682_54, type=transcoder, layer=8, feature=11682, pos=54)",1
0,63,4905,transcoder,8,62,3162,transcoder,3.005798101425171,2.0891127586364746,-0.9166853427886963,0.0,-0.3049723607031552,"Node(id=17_3162_62, type=transcoder, layer=8, feature=3162, pos=62)",1
0,63,4905,transcoder,12,54,9524,transcoder,0.9488894939422607,0.0,-0.9488894939422607,0.0,-1.0,"Node(id=25_9524_54, type=transcoder, layer=12, feature=9524, pos=54)",1
0,63,4905,transcoder,4,54,15551,lorsa,4.019529342651367,2.944862127304077,-1.07466721534729,0.0,-0.26736145546792217,"Node(id=8_15551_54, type=lorsa, layer=4, feature=15551, pos=54)",1
0,63,4905,transcoder,8,54,1436,lorsa,2.9068973064422607,0.0,-2.9068973064422607,0.0,-1.0,"Node(id=16_1436_54, type=lorsa, layer=8, feature=1436, pos=54)",1
0,63,4905,transcoder,11,54,14428,lorsa,3.4473183155059814,0.0,-3.4473183155059814,0.0,-1.0,"Node(id=22_14428_54, type=lorsa, layer=11, feature=14428, pos=54)",1
0,63,4905,transcoder,10,14,14175,transcoder,0.5143704414367676,0.0,-0.5143704414367676,0.0,-1.0,"Node(id=21_14175_14, type=transcoder, layer=10, feature=14175, pos=14)",1
0,63,4905,transcoder,1,55,4857,transcoder,0.4845144748687744,0.35727620124816895,-0.12723827362060547,0.0,-0.2626098501083308,"Node(id=3_4857_55, type=transcoder, layer=1, feature=4857, pos=55)",1
0,63,4905,transcoder,12,54,9881,lorsa,2.963268280029297,0.0,-2.963268280029297,0.0,-1.0,"Node(id=24_9881_54, type=lorsa, layer=12, feature=9881, pos=54)",1
0,63,4905,transcoder,1,55,16329,lorsa,1.2881624698638916,0.9231693744659424,-0.3649930953979492,0.0,-0.28334399110114944,"Node(id=2_16329_55, type=lorsa, layer=1, feature=16329, pos=55)",1
0,63,4905,transcoder,14,51,4640,lorsa,1.3973380327224731,1.2476211786270142,-0.14971685409545898,0.0,-0.10714433486345563,"Node(id=28_4640_51, type=lorsa, layer=14, feature=4640, pos=51)",1
0,63,4905,transcoder,1,55,11995,lorsa,0.9528807401657104,0.0,-0.9528807401657104,0.0,-1.0,"Node(id=2_11995_55, type=lorsa, layer=1, feature=11995, pos=55)",1
0,63,4905,transcoder,9,54,13348,transcoder,0.5763208270072937,0.24989497661590576,-0.32642585039138794,0.0,-0.5663960681179007,"Node(id=19_13348_54, type=transcoder, layer=9, feature=13348, pos=54)",1
0,63,4905,transcoder,2,54,715,transcoder,0.9930531978607178,0.8247367739677429,-0.16831642389297485,0.0,-0.16949386423161425,"Node(id=5_715_54, type=transcoder, layer=2, feature=715, pos=54)",1
0,63,4905,transcoder,3,51,13895,transcoder,1.1960400342941284,1.0672551393508911,-0.1287848949432373,0.0,-0.10767607375219909,"Node(id=7_13895_51, type=transcoder, layer=3, feature=13895, pos=51)",1
0,63,4905,transcoder,1,54,11175,transcoder,1.3649195432662964,1.2065153121948242,-0.15840423107147217,0.0,-0.11605389625560328,"Node(id=3_11175_54, type=transcoder, layer=1, feature=11175, pos=54)",1
0,63,4905,transcoder,11,14,12258,transcoder,0.23024021089076996,0.0,-0.23024021089076996,0.0,-1.0,"Node(id=23_12258_14, type=transcoder, layer=11, feature=12258, pos=14)",1
0,63,4905,transcoder,7,14,2772,transcoder,0.7835947275161743,0.40361616015434265,-0.37997856736183167,0.0,-0.4849172078611114,"Node(id=15_2772_14, type=transcoder, layer=7, feature=2772, pos=14)",1
0,63,4905,transcoder,10,2,54,transcoder,18.140689849853516,12.189419746398926,-5.95127010345459,0.0,-0.32806195093526974,"Node(id=21_54_2, type=transcoder, layer=10, feature=54, pos=2)",1
0,63,4905,transcoder,14,51,13673,lorsa,0.8683499097824097,0.6094453930854797,-0.25890451669692993,0.0,-0.2981568994022306,"Node(id=28_13673_51, type=lorsa, layer=14, feature=13673, pos=51)",1
0,63,4905,transcoder,14,51,790,transcoder,0.5391555428504944,0.0,-0.5391555428504944,0.0,-1.0,"Node(id=29_790_51, type=transcoder, layer=14, feature=790, pos=51)",1
0,63,4905,transcoder,14,51,7697,transcoder,1.0310401916503906,0.0,-1.0310401916503906,0.0,-1.0,"Node(id=29_7697_51, type=transcoder, layer=14, feature=7697, pos=51)",1
0,63,4905,transcoder,8,14,16275,lorsa,3.750656843185425,2.378899574279785,-1.3717572689056396,0.0,-0.36573787639303446,"Node(id=16_16275_14, type=lorsa, layer=8, feature=16275, pos=14)",1
0,63,4905,transcoder,14,51,14073,transcoder,0.8638689517974854,0.0,-0.8638689517974854,0.0,-1.0,"Node(id=29_14073_51, type=transcoder, layer=14, feature=14073, pos=51)",1
0,63,4905,transcoder,13,55,6340,transcoder,0.37931957840919495,0.0,-0.37931957840919495,0.0,-1.0,"Node(id=27_6340_55, type=transcoder, layer=13, feature=6340, pos=55)",1
0,63,4905,transcoder,3,54,10248,transcoder,0.899041473865509,0.640680193901062,-0.258361279964447,0.0,-0.287374150664707,"Node(id=7_10248_54, type=transcoder, layer=3, feature=10248, pos=54)",1
0,63,4905,transcoder,12,37,6377,transcoder,0.3010123670101166,0.0,-0.3010123670101166,0.0,-1.0,"Node(id=25_6377_37, type=transcoder, layer=12, feature=6377, pos=37)",1
0,63,4905,transcoder,14,54,9044,lorsa,3.588165521621704,0.0,-3.588165521621704,0.0,-1.0,"Node(id=28_9044_54, type=lorsa, layer=14, feature=9044, pos=54)",1
0,63,4905,transcoder,12,2,13896,transcoder,12.517711639404297,8.50937271118164,-4.008338928222656,0.0,-0.32021339392456305,"Node(id=25_13896_2, type=transcoder, layer=12, feature=13896, pos=2)",1
0,63,4905,transcoder,6,55,4801,transcoder,1.9008395671844482,1.0116006135940552,-0.8892389535903931,0.0,-0.46781378551980957,"Node(id=13_4801_55, type=transcoder, layer=6, feature=4801, pos=55)",1
0,63,4905,transcoder,12,37,15342,lorsa,1.2413737773895264,0.0,-1.2413737773895264,0.0,-1.0,"Node(id=24_15342_37, type=lorsa, layer=12, feature=15342, pos=37)",1
0,63,4905,transcoder,6,14,8940,transcoder,1.2855827808380127,0.4751432240009308,-0.8104395568370819,0.0,-0.6304063564921065,"Node(id=13_8940_14, type=transcoder, layer=6, feature=8940, pos=14)",1
0,63,4905,transcoder,7,62,8659,transcoder,0.6940901875495911,0.5964856147766113,-0.09760457277297974,0.0,-0.14062232044737863,"Node(id=15_8659_62, type=transcoder, layer=7, feature=8659, pos=62)",1
0,63,4905,transcoder,12,1,13896,transcoder,12.206680297851562,9.800642967224121,-2.4060373306274414,0.0,-0.19710824498704338,"Node(id=25_13896_1, type=transcoder, layer=12, feature=13896, pos=1)",1
0,63,4905,transcoder,10,14,6896,transcoder,0.4185520112514496,0.0,-0.4185520112514496,0.0,-1.0,"Node(id=21_6896_14, type=transcoder, layer=10, feature=6896, pos=14)",1
0,63,4905,transcoder,10,14,11541,transcoder,0.4443958103656769,0.0,-0.4443958103656769,0.0,-1.0,"Node(id=21_11541_14, type=transcoder, layer=10, feature=11541, pos=14)",1
0,63,4905,transcoder,12,37,15649,lorsa,3.205152750015259,1.358483076095581,-1.8466696739196777,0.0,-0.57615652605352,"Node(id=24_15649_37, type=lorsa, layer=12, feature=15649, pos=37)",1
0,63,4905,transcoder,7,14,1092,transcoder,0.7006182074546814,0.0,-0.7006182074546814,0.0,-1.0,"Node(id=15_1092_14, type=transcoder, layer=7, feature=1092, pos=14)",1
0,63,4905,transcoder,6,45,4984,transcoder,0.9259824752807617,0.6308295130729675,-0.2951529622077942,0.0,-0.31874573232965625,"Node(id=13_4984_45, type=transcoder, layer=6, feature=4984, pos=45)",1
2,54,12759,transcoder,9,54,12243,lorsa,2.3094804286956787,1.5359715223312378,-0.7735089063644409,0.0,-0.33492767323483846,"Node(id=18_12243_54, type=lorsa, layer=9, feature=12243, pos=54)",1
2,54,12759,transcoder,11,51,9849,transcoder,0.687792956829071,0.5887845158576965,-0.09900844097137451,0.0,-0.14395093754351995,"Node(id=23_9849_51, type=transcoder, layer=11, feature=9849, pos=51)",1
2,54,12759,transcoder,9,14,13080,lorsa,4.417771816253662,3.969740152359009,-0.4480316638946533,0.0,-0.1014157549392379,"Node(id=18_13080_14, type=lorsa, layer=9, feature=13080, pos=14)",1
2,54,12759,transcoder,7,51,6874,lorsa,3.2344436645507812,2.517159938812256,-0.7172837257385254,0.0,-0.22176417341872176,"Node(id=14_6874_51, type=lorsa, layer=7, feature=6874, pos=51)",1
2,54,12759,transcoder,12,32,13896,transcoder,8.983194351196289,0.0,-8.983194351196289,0.0,-1.0,"Node(id=25_13896_32, type=transcoder, layer=12, feature=13896, pos=32)",1
2,54,12759,transcoder,4,54,15551,lorsa,4.019529342651367,1.9619873762130737,-2.0575419664382935,0.0,-0.5118862909161138,"Node(id=8_15551_54, type=lorsa, layer=4, feature=15551, pos=54)",1
2,54,12759,transcoder,8,54,1436,lorsa,2.9068973064422607,2.233844518661499,-0.6730527877807617,0.0,-0.23153648609778657,"Node(id=16_1436_54, type=lorsa, layer=8, feature=1436, pos=54)",1
2,54,12759,transcoder,13,56,2268,transcoder,0.6461610198020935,0.5689191222190857,-0.07724189758300781,0.0,-0.11953970483497364,"Node(id=27_2268_56, type=transcoder, layer=13, feature=2268, pos=56)",1
2,54,12759,transcoder,9,54,1889,transcoder,0.6214693784713745,0.5419741272926331,-0.07949525117874146,0.0,-0.1279149929708131,"Node(id=19_1889_54, type=transcoder, layer=9, feature=1889, pos=54)",1
2,54,12759,transcoder,14,51,4640,lorsa,1.3973380327224731,1.2145392894744873,-0.18279874324798584,0.0,-0.13081927133396196,"Node(id=28_4640_51, type=lorsa, layer=14, feature=4640, pos=51)",1
2,54,12759,transcoder,11,14,12258,transcoder,0.23024021089076996,0.19867655634880066,-0.0315636545419693,0.0,-0.13709010437340008,"Node(id=23_12258_14, type=transcoder, layer=11, feature=12258, pos=14)",1
2,54,12759,transcoder,14,51,790,transcoder,0.5391555428504944,0.4843991696834564,-0.054756373167037964,0.0,-0.10155951078151428,"Node(id=29_790_51, type=transcoder, layer=14, feature=790, pos=51)",1
2,54,12759,transcoder,13,56,16285,transcoder,0.37943366169929504,0.3288534879684448,-0.05058017373085022,0.0,-0.13330439240505634,"Node(id=27_16285_56, type=transcoder, layer=13, feature=16285, pos=56)",1
2,54,12759,transcoder,5,54,14178,lorsa,2.141420841217041,1.0985071659088135,-1.0429136753082275,0.0,-0.48701948502355324,"Node(id=10_14178_54, type=lorsa, layer=5, feature=14178, pos=54)",1
2,54,12759,transcoder,14,51,2652,transcoder,1.2029510736465454,0.9764003753662109,-0.22655069828033447,0.0,-0.18832910435300068,"Node(id=29_2652_51, type=transcoder, layer=14, feature=2652, pos=51)",1
2,54,12759,transcoder,3,54,10248,transcoder,0.899041473865509,0.7115145325660706,-0.18752694129943848,0.0,-0.20858541763724164,"Node(id=7_10248_54, type=transcoder, layer=3, feature=10248, pos=54)",1
2,54,12759,transcoder,12,37,6377,transcoder,0.3010123670101166,0.25769615173339844,-0.04331621527671814,0.0,-0.14390177954137792,"Node(id=25_6377_37, type=transcoder, layer=12, feature=6377, pos=37)",1
2,54,12759,transcoder,14,54,9044,lorsa,3.588165521621704,2.493345260620117,-1.094820261001587,0.0,-0.30511977622112957,"Node(id=28_9044_54, type=lorsa, layer=14, feature=9044, pos=54)",1
2,54,12759,transcoder,12,37,15342,lorsa,1.2413737773895264,0.0,-1.2413737773895264,0.0,-1.0,"Node(id=24_15342_37, type=lorsa, layer=12, feature=15342, pos=37)",1
2,54,12759,transcoder,6,14,8940,transcoder,1.2855827808380127,1.1347625255584717,-0.15082025527954102,0.0,-0.11731664232561374,"Node(id=13_8940_14, type=transcoder, layer=6, feature=8940, pos=14)",1
2,54,12759,transcoder,6,45,4984,transcoder,0.9259824752807617,0.8229358196258545,-0.10304665565490723,0.0,-0.11128359165076321,"Node(id=13_4984_45, type=transcoder, layer=6, feature=4984, pos=45)",1
1,54,9400,transcoder,2,54,12759,transcoder,0.6271476745605469,0.3242390751838684,-0.30290859937667847,0.0,-0.4829940565257325,"Node(id=5_12759_54, type=transcoder, layer=2, feature=12759, pos=54)",1
1,54,9400,transcoder,9,54,12243,lorsa,2.3094804286956787,1.5860589742660522,-0.7234214544296265,0.0,-0.313239915541606,"Node(id=18_12243_54, type=lorsa, layer=9, feature=12243, pos=54)",1
1,54,9400,transcoder,14,51,11169,transcoder,0.6642193794250488,0.47321105003356934,-0.1910083293914795,0.0,-0.28756813683578025,"Node(id=29_11169_51, type=transcoder, layer=14, feature=11169, pos=51)",1
1,54,9400,transcoder,3,54,5828,lorsa,2.9929561614990234,2.2584235668182373,-0.7345325946807861,0.0,-0.24542043218999077,"Node(id=6_5828_54, type=lorsa, layer=3, feature=5828, pos=54)",1
1,54,9400,transcoder,11,51,9849,transcoder,0.687792956829071,0.6048082709312439,-0.08298468589782715,0.0,-0.1206535848817224,"Node(id=23_9849_51, type=transcoder, layer=11, feature=9849, pos=51)",1
1,54,9400,transcoder,13,55,14142,transcoder,0.6139975786209106,0.5171806216239929,-0.09681695699691772,0.0,-0.15768296222662087,"Node(id=27_14142_55, type=transcoder, layer=13, feature=14142, pos=55)",1
1,54,9400,transcoder,9,14,13080,lorsa,4.417771816253662,3.829280138015747,-0.588491678237915,0.0,-0.1332100666840156,"Node(id=18_13080_14, type=lorsa, layer=9, feature=13080, pos=14)",1
1,54,9400,transcoder,4,54,15551,lorsa,4.019529342651367,2.547319173812866,-1.472210168838501,0.0,-0.3662643168733282,"Node(id=8_15551_54, type=lorsa, layer=4, feature=15551, pos=54)",1
1,54,9400,transcoder,8,54,1436,lorsa,2.9068973064422607,2.279107093811035,-0.6277902126312256,0.0,-0.21596573475090367,"Node(id=16_1436_54, type=lorsa, layer=8, feature=1436, pos=54)",1
1,54,9400,transcoder,13,51,3932,transcoder,0.40207821130752563,0.3225945234298706,-0.07948368787765503,0.0,-0.19768215646199913,"Node(id=27_3932_51, type=transcoder, layer=13, feature=3932, pos=51)",1
1,54,9400,transcoder,12,54,9881,lorsa,2.963268280029297,2.475064516067505,-0.488203763961792,0.0,-0.16475179356928332,"Node(id=24_9881_54, type=lorsa, layer=12, feature=9881, pos=54)",1
1,54,9400,transcoder,2,54,715,transcoder,0.9930531978607178,0.5067666172981262,-0.48628658056259155,0.0,-0.4896883486304391,"Node(id=5_715_54, type=transcoder, layer=2, feature=715, pos=54)",1
1,54,9400,transcoder,7,14,2772,transcoder,0.7835947275161743,0.6742556095123291,-0.10933911800384521,0.0,-0.1395352905837263,"Node(id=15_2772_14, type=transcoder, layer=7, feature=2772, pos=14)",1
1,54,9400,transcoder,14,51,7697,transcoder,1.0310401916503906,0.8752623796463013,-0.15577781200408936,0.0,-0.1510880111809561,"Node(id=29_7697_51, type=transcoder, layer=14, feature=7697, pos=51)",1
1,54,9400,transcoder,5,54,14178,lorsa,2.141420841217041,0.7808513045310974,-1.3605695366859436,0.0,-0.6353583146751698,"Node(id=10_14178_54, type=lorsa, layer=5, feature=14178, pos=54)",1
1,54,9400,transcoder,3,54,10248,transcoder,0.899041473865509,0.796638548374176,-0.10240292549133301,0.0,-0.1139023376208024,"Node(id=7_10248_54, type=transcoder, layer=3, feature=10248, pos=54)",1
1,54,9400,transcoder,12,37,6377,transcoder,0.3010123670101166,0.23236213624477386,-0.06865023076534271,0.0,-0.22806448601175075,"Node(id=25_6377_37, type=transcoder, layer=12, feature=6377, pos=37)",1
1,54,9400,transcoder,12,37,15342,lorsa,1.2413737773895264,0.0,-1.2413737773895264,0.0,-1.0,"Node(id=24_15342_37, type=lorsa, layer=12, feature=15342, pos=37)",1
1,54,9400,transcoder,7,14,1092,transcoder,0.7006182074546814,0.5756635069847107,-0.1249547004699707,0.0,-0.17834920523108622,"Node(id=15_1092_14, type=transcoder, layer=7, feature=1092, pos=14)",1
1,54,9400,transcoder,6,45,4984,transcoder,0.9259824752807617,0.7281537652015686,-0.19782871007919312,0.0,-0.21364195906538147,"Node(id=13_4984_45, type=transcoder, layer=6, feature=4984, pos=45)",1
3,63,10866,transcoder,14,51,11169,transcoder,0.6642193794250488,0.5937272906303406,-0.07049208879470825,0.0,-0.1061277207174029,"Node(id=29_11169_51, type=transcoder, layer=14, feature=11169, pos=51)",1
5,63,12930,transcoder,12,37,15342,lorsa,1.2413737773895264,1.063283085823059,-0.17809069156646729,0.0,-0.14346258541160148,"Node(id=24_15342_37, type=lorsa, layer=12, feature=15342, pos=37)",1
0,53,6981,lorsa,14,51,7697,transcoder,1.0310401916503906,0.9277723431587219,-0.1032678484916687,0.0,-0.10015889712928397,"Node(id=29_7697_51, type=transcoder, layer=14, feature=7697, pos=51)",1
7,63,3804,transcoder,11,54,14428,lorsa,3.4473183155059814,2.4442923069000244,-1.003026008605957,0.0,-0.29095833828119744,"Node(id=22_14428_54, type=lorsa, layer=11, feature=14428, pos=54)",1
7,63,3804,transcoder,9,54,13348,transcoder,0.5763208270072937,0.5155555009841919,-0.06076532602310181,0.0,-0.1054366303897825,"Node(id=19_13348_54, type=transcoder, layer=9, feature=13348, pos=54)",1
7,63,3804,transcoder,12,37,6377,transcoder,0.3010123670101166,0.26472753286361694,-0.036284834146499634,0.0,-0.1205426690833608,"Node(id=25_6377_37, type=transcoder, layer=12, feature=6377, pos=37)",1
7,63,3804,transcoder,12,37,15342,lorsa,1.2413737773895264,1.0852077007293701,-0.15616607666015625,0.0,-0.12580101135095384,"Node(id=24_15342_37, type=lorsa, layer=12, feature=15342, pos=37)",1
0,54,2952,lorsa,1,54,9400,transcoder,0.9067674875259399,0.7539315223693848,-0.15283596515655518,0.0,-0.16855033650749746,"Node(id=3_9400_54, type=transcoder, layer=1, feature=9400, pos=54)",1
0,54,2952,lorsa,0,54,15890,transcoder,0.6419439911842346,0.3165910840034485,-0.32535290718078613,0.0,-0.5068244451990073,"Node(id=1_15890_54, type=transcoder, layer=0, feature=15890, pos=54)",1
0,54,2952,lorsa,3,54,10248,transcoder,0.899041473865509,0.7849035263061523,-0.11413794755935669,0.0,-0.12695515265676277,"Node(id=7_10248_54, type=transcoder, layer=3, feature=10248, pos=54)",1
0,54,2952,lorsa,0,54,14779,transcoder,0.32305270433425903,0.0,-0.32305270433425903,0.0,-1.0,"Node(id=1_14779_54, type=transcoder, layer=0, feature=14779, pos=54)",1
6,63,3789,transcoder,9,54,12266,lorsa,1.494158148765564,1.3388382196426392,-0.1553199291229248,0.0,-0.10395146541297937,"Node(id=18_12266_54, type=lorsa, layer=9, feature=12266, pos=54)",1
6,63,3789,transcoder,11,54,14428,lorsa,3.4473183155059814,3.0979275703430176,-0.34939074516296387,0.0,-0.10135146023255526,"Node(id=22_14428_54, type=lorsa, layer=11, feature=14428, pos=54)",1
0,53,488,transcoder,13,51,13122,transcoder,0.9594287276268005,0.6770973205566406,-0.2823314070701599,0.0,-0.2942703287283487,"Node(id=27_13122_51, type=transcoder, layer=13, feature=13122, pos=51)",1
0,53,488,transcoder,14,51,2640,transcoder,1.2701964378356934,1.020011305809021,-0.25018513202667236,0.0,-0.1969657011894684,"Node(id=29_2640_51, type=transcoder, layer=14, feature=2640, pos=51)",1
0,53,488,transcoder,11,51,9680,transcoder,1.042241096496582,0.7791506052017212,-0.26309049129486084,0.0,-0.25242766973900804,"Node(id=23_9680_51, type=transcoder, layer=11, feature=9680, pos=51)",1
0,53,488,transcoder,12,51,8628,transcoder,0.8337218761444092,0.5998675227165222,-0.23385435342788696,0.0,-0.2804944431941246,"Node(id=25_8628_51, type=transcoder, layer=12, feature=8628, pos=51)",1
0,53,488,transcoder,10,51,12950,transcoder,0.8460464477539062,0.5397806763648987,-0.30626577138900757,0.0,-0.36199640362782143,"Node(id=21_12950_51, type=transcoder, layer=10, feature=12950, pos=51)",1
0,53,488,transcoder,3,62,11384,lorsa,8.462882995605469,0.0,-8.462882995605469,0.0,-1.0,"Node(id=6_11384_62, type=lorsa, layer=3, feature=11384, pos=62)",1
0,53,488,transcoder,14,55,9044,lorsa,3.8024330139160156,2.5704798698425293,-1.2319531440734863,0.0,-0.32399075527821947,"Node(id=28_9044_55, type=lorsa, layer=14, feature=9044, pos=55)",1
0,53,488,transcoder,11,54,10708,transcoder,0.9755883812904358,0.817694365978241,-0.15789401531219482,0.0,-0.16184491158386322,"Node(id=23_10708_54, type=transcoder, layer=11, feature=10708, pos=54)",1
0,53,488,transcoder,13,55,9300,transcoder,0.6302089691162109,0.4169935882091522,-0.21321538090705872,0.0,-0.33832489119611636,"Node(id=27_9300_55, type=transcoder, layer=13, feature=9300, pos=55)",1
0,53,488,transcoder,14,51,11169,transcoder,0.6642193794250488,0.513894259929657,-0.15032511949539185,0.0,-0.22631847873140035,"Node(id=29_11169_51, type=transcoder, layer=14, feature=11169, pos=51)",1
0,53,488,transcoder,4,62,1264,transcoder,1.3462867736816406,0.3416995704174042,-1.0045872032642365,0.0,-0.7461910960597414,"Node(id=9_1264_62, type=transcoder, layer=4, feature=1264, pos=62)",1
0,53,488,transcoder,11,51,9849,transcoder,0.687792956829071,0.2559570074081421,-0.43183594942092896,0.0,-0.6278574753248716,"Node(id=23_9849_51, type=transcoder, layer=11, feature=9849, pos=51)",1
0,53,488,transcoder,8,62,8174,transcoder,1.1858330965042114,0.0,-1.1858330965042114,0.0,-1.0,"Node(id=17_8174_62, type=transcoder, layer=8, feature=8174, pos=62)",1
0,53,488,transcoder,3,55,8792,lorsa,2.6274337768554688,1.7669897079467773,-0.8604440689086914,0.0,-0.32748458837979805,"Node(id=6_8792_55, type=lorsa, layer=3, feature=8792, pos=55)",1
0,53,488,transcoder,8,51,5050,transcoder,0.8566882014274597,0.7607648372650146,-0.09592336416244507,0.0,-0.11196998394820008,"Node(id=17_5050_51, type=transcoder, layer=8, feature=5050, pos=51)",1
0,53,488,transcoder,7,51,14452,transcoder,2.90750789642334,2.334887742996216,-0.572620153427124,0.0,-0.19694534763999458,"Node(id=15_14452_51, type=transcoder, layer=7, feature=14452, pos=51)",1
0,53,488,transcoder,9,14,13080,lorsa,4.417771816253662,0.0,-4.417771816253662,0.0,-1.0,"Node(id=18_13080_14, type=lorsa, layer=9, feature=13080, pos=14)",1
0,53,488,transcoder,13,51,5681,lorsa,1.9713155031204224,0.0,-1.9713155031204224,0.0,-1.0,"Node(id=26_5681_51, type=lorsa, layer=13, feature=5681, pos=51)",1
0,53,488,transcoder,9,54,12266,lorsa,1.494158148765564,0.7815046310424805,-0.7126535177230835,0.0,-0.4769598976600034,"Node(id=18_12266_54, type=lorsa, layer=9, feature=12266, pos=54)",1
0,53,488,transcoder,12,32,13896,transcoder,8.983194351196289,0.0,-8.983194351196289,0.0,-1.0,"Node(id=25_13896_32, type=transcoder, layer=12, feature=13896, pos=32)",1
0,53,488,transcoder,8,54,11682,transcoder,0.4600358009338379,0.4000100791454315,-0.06002572178840637,0.0,-0.13048054448492638,"Node(id=17_11682_54, type=transcoder, layer=8, feature=11682, pos=54)",1
0,53,488,transcoder,12,54,9524,transcoder,0.9488894939422607,0.7891003489494324,-0.15978914499282837,0.0,-0.16839594706541394,"Node(id=25_9524_54, type=transcoder, layer=12, feature=9524, pos=54)",1
0,53,488,transcoder,5,62,13262,transcoder,1.1267039775848389,0.1823219507932663,-0.9443820267915726,0.0,-0.8381811421451756,"Node(id=11_13262_62, type=transcoder, layer=5, feature=13262, pos=62)",1
0,53,488,transcoder,8,54,1436,lorsa,2.9068973064422607,1.8560726642608643,-1.0508246421813965,0.0,-0.36149355529435484,"Node(id=16_1436_54, type=lorsa, layer=8, feature=1436, pos=54)",1
0,53,488,transcoder,10,14,14175,transcoder,0.5143704414367676,0.2877422869205475,-0.2266281545162201,0.0,-0.44059326947946303,"Node(id=21_14175_14, type=transcoder, layer=10, feature=14175, pos=14)",1
0,53,488,transcoder,1,55,4857,transcoder,0.4845144748687744,0.43197453022003174,-0.052539944648742676,0.0,-0.10843833853048984,"Node(id=3_4857_55, type=transcoder, layer=1, feature=4857, pos=55)",1
0,53,488,transcoder,12,54,9881,lorsa,2.963268280029297,1.8198004961013794,-1.1434677839279175,0.0,-0.38588061419690706,"Node(id=24_9881_54, type=lorsa, layer=12, feature=9881, pos=54)",1
0,53,488,transcoder,14,51,4640,lorsa,1.3973380327224731,0.0,-1.3973380327224731,0.0,-1.0,"Node(id=28_4640_51, type=lorsa, layer=14, feature=4640, pos=51)",1
0,53,488,transcoder,9,54,13348,transcoder,0.5763208270072937,0.45903950929641724,-0.11728131771087646,0.0,-0.20350005103909286,"Node(id=19_13348_54, type=transcoder, layer=9, feature=13348, pos=54)",1
0,53,488,transcoder,3,51,13895,transcoder,1.1960400342941284,0.7745392322540283,-0.4215008020401001,0.0,-0.3524136232520501,"Node(id=7_13895_51, type=transcoder, layer=3, feature=13895, pos=51)",1
0,53,488,transcoder,14,55,8748,lorsa,1.8016709089279175,0.0,-1.8016709089279175,0.0,-1.0,"Node(id=28_8748_55, type=lorsa, layer=14, feature=8748, pos=55)",1
0,53,488,transcoder,11,14,12258,transcoder,0.23024021089076996,0.0,-0.23024021089076996,0.0,-1.0,"Node(id=23_12258_14, type=transcoder, layer=11, feature=12258, pos=14)",1
0,53,488,transcoder,12,51,15847,transcoder,3.3805553913116455,2.765854835510254,-0.6147005558013916,0.0,-0.18183419132289078,"Node(id=25_15847_51, type=transcoder, layer=12, feature=15847, pos=51)",1
0,53,488,transcoder,14,51,13673,lorsa,0.8683499097824097,0.0,-0.8683499097824097,0.0,-1.0,"Node(id=28_13673_51, type=lorsa, layer=14, feature=13673, pos=51)",1
0,53,488,transcoder,14,51,790,transcoder,0.5391555428504944,0.0,-0.5391555428504944,0.0,-1.0,"Node(id=29_790_51, type=transcoder, layer=14, feature=790, pos=51)",1
0,53,488,transcoder,14,51,7697,transcoder,1.0310401916503906,0.0,-1.0310401916503906,0.0,-1.0,"Node(id=29_7697_51, type=transcoder, layer=14, feature=7697, pos=51)",1
0,53,488,transcoder,8,14,16275,lorsa,3.750656843185425,2.030733346939087,-1.719923496246338,0.0,-0.45856594408823886,"Node(id=16_16275_14, type=lorsa, layer=8, feature=16275, pos=14)",1
0,53,488,transcoder,13,51,6109,transcoder,0.38438713550567627,0.0,-0.38438713550567627,0.0,-1.0,"Node(id=27_6109_51, type=transcoder, layer=13, feature=6109, pos=51)",1
0,53,488,transcoder,14,51,14073,transcoder,0.8638689517974854,0.0,-0.8638689517974854,0.0,-1.0,"Node(id=29_14073_51, type=transcoder, layer=14, feature=14073, pos=51)",1
0,53,488,transcoder,5,54,14178,lorsa,2.141420841217041,0.0,-2.141420841217041,0.0,-1.0,"Node(id=10_14178_54, type=lorsa, layer=5, feature=14178, pos=54)",1
0,53,488,transcoder,14,51,2652,transcoder,1.2029510736465454,0.0,-1.2029510736465454,0.0,-1.0,"Node(id=29_2652_51, type=transcoder, layer=14, feature=2652, pos=51)",1
0,53,488,transcoder,13,56,12356,transcoder,1.2258914709091187,0.8031460046768188,-0.4227454662322998,0.0,-0.3448473835279991,"Node(id=27_12356_56, type=transcoder, layer=13, feature=12356, pos=56)",1
0,53,488,transcoder,12,37,6377,transcoder,0.3010123670101166,0.0,-0.3010123670101166,0.0,-1.0,"Node(id=25_6377_37, type=transcoder, layer=12, feature=6377, pos=37)",1
0,53,488,transcoder,14,54,9044,lorsa,3.588165521621704,1.1878719329833984,-2.4002935886383057,0.0,-0.6689472863429865,"Node(id=28_9044_54, type=lorsa, layer=14, feature=9044, pos=54)",1
0,53,488,transcoder,11,37,7513,transcoder,0.49810850620269775,0.3528769910335541,-0.14523151516914368,0.0,-0.2915660209786578,"Node(id=23_7513_37, type=transcoder, layer=11, feature=7513, pos=37)",1
0,53,488,transcoder,12,37,15342,lorsa,1.2413737773895264,0.0,-1.2413737773895264,0.0,-1.0,"Node(id=24_15342_37, type=lorsa, layer=12, feature=15342, pos=37)",1
0,53,488,transcoder,6,14,8940,transcoder,1.2855827808380127,0.7981508374214172,-0.48743194341659546,0.0,-0.37915251408303774,"Node(id=13_8940_14, type=transcoder, layer=6, feature=8940, pos=14)",1
0,53,488,transcoder,7,62,8659,transcoder,0.6940901875495911,0.0,-0.6940901875495911,0.0,-1.0,"Node(id=15_8659_62, type=transcoder, layer=7, feature=8659, pos=62)",1
0,53,488,transcoder,10,14,6896,transcoder,0.4185520112514496,0.0,-0.4185520112514496,0.0,-1.0,"Node(id=21_6896_14, type=transcoder, layer=10, feature=6896, pos=14)",1
0,53,488,transcoder,12,51,5918,transcoder,0.6882085204124451,0.0,-0.6882085204124451,0.0,-1.0,"Node(id=25_5918_51, type=transcoder, layer=12, feature=5918, pos=51)",1
0,53,488,transcoder,14,51,7323,lorsa,1.7485430240631104,0.0,-1.7485430240631104,0.0,-1.0,"Node(id=28_7323_51, type=lorsa, layer=14, feature=7323, pos=51)",1
0,53,488,transcoder,12,37,15649,lorsa,3.205152750015259,1.0987001657485962,-2.1064525842666626,0.0,-0.6572081733878782,"Node(id=24_15649_37, type=lorsa, layer=12, feature=15649, pos=37)",1
0,53,488,transcoder,7,14,1092,transcoder,0.7006182074546814,0.0,-0.7006182074546814,0.0,-1.0,"Node(id=15_1092_14, type=transcoder, layer=7, feature=1092, pos=14)",1
0,53,488,transcoder,6,45,4984,transcoder,0.9259824752807617,0.6364026069641113,-0.2895798683166504,0.0,-0.3127271585014053,"Node(id=13_4984_45, type=transcoder, layer=6, feature=4984, pos=45)",1
0,3,10273,lorsa,0,3,13486,transcoder,2.4805715084075928,1.0112547874450684,-1.4693167209625244,0.0,-0.5923299191264818,"Node(id=1_13486_3, type=transcoder, layer=0, feature=13486, pos=3)",1
0,3,10273,lorsa,1,3,853,transcoder,1.451816201210022,0.6262587308883667,-0.8255574703216553,0.0,-0.5686377308874161,"Node(id=3_853_3, type=transcoder, layer=1, feature=853, pos=3)",1
0,3,10273,lorsa,9,54,12243,lorsa,2.3094804286956787,2.056821584701538,-0.2526588439941406,0.0,-0.10940072964239594,"Node(id=18_12243_54, type=lorsa, layer=9, feature=12243, pos=54)",1
0,3,10273,lorsa,14,51,11169,transcoder,0.6642193794250488,0.5936316847801208,-0.07058769464492798,0.0,-0.10627165787609057,"Node(id=29_11169_51, type=transcoder, layer=14, feature=11169, pos=51)",1
0,3,10273,lorsa,3,3,5514,transcoder,1.3314927816390991,1.005534052848816,-0.3259587287902832,0.0,-0.24480698152116176,"Node(id=7_5514_3, type=transcoder, layer=3, feature=5514, pos=3)",1
0,3,10273,lorsa,13,51,3932,transcoder,0.40207821130752563,0.3470492959022522,-0.05502891540527344,0.0,-0.13686122216452337,"Node(id=27_3932_51, type=transcoder, layer=13, feature=3932, pos=51)",1
0,3,10273,lorsa,13,56,16285,transcoder,0.37943366169929504,0.3047542870044708,-0.07467937469482422,0.0,-0.19681800070234245,"Node(id=27_16285_56, type=transcoder, layer=13, feature=16285, pos=56)",1
0,3,10273,lorsa,3,54,10248,transcoder,0.899041473865509,0.8053837418556213,-0.0936577320098877,0.0,-0.10417509618015498,"Node(id=7_10248_54, type=transcoder, layer=3, feature=10248, pos=54)",1
0,3,10273,lorsa,12,37,15342,lorsa,1.2413737773895264,1.0712140798568726,-0.1701596975326538,0.0,-0.1370737006306683,"Node(id=24_15342_37, type=lorsa, layer=12, feature=15342, pos=37)",1
0,5,13486,transcoder,13,51,13122,transcoder,0.9594287276268005,0.8454064130783081,-0.11402231454849243,0.0,-0.11884396544028118,"Node(id=27_13122_51, type=transcoder, layer=13, feature=13122, pos=51)",1
0,5,13486,transcoder,14,51,11103,transcoder,1.2022953033447266,1.0398874282836914,-0.16240787506103516,0.0,-0.13508151833349463,"Node(id=29_11103_51, type=transcoder, layer=14, feature=11103, pos=51)",1
0,5,13486,transcoder,14,51,138,transcoder,4.929553031921387,4.18975830078125,-0.7397947311401367,0.0,-0.15007338928085082,"Node(id=29_138_51, type=transcoder, layer=14, feature=138, pos=51)",1
0,5,13486,transcoder,14,51,2640,transcoder,1.2701964378356934,1.0684442520141602,-0.2017521858215332,0.0,-0.1588354208938751,"Node(id=29_2640_51, type=transcoder, layer=14, feature=2640, pos=51)",1
0,5,13486,transcoder,11,51,9680,transcoder,1.042241096496582,0.8539149165153503,-0.1883261799812317,0.0,-0.18069348888110104,"Node(id=23_9680_51, type=transcoder, layer=11, feature=9680, pos=51)",1
0,5,13486,transcoder,1,5,853,transcoder,1.0840907096862793,0.0,-1.0840907096862793,0.0,-1.0,"Node(id=3_853_5, type=transcoder, layer=1, feature=853, pos=5)",1
0,5,13486,transcoder,4,55,9090,lorsa,4.7906646728515625,3.7050929069519043,-1.0855717658996582,0.0,-0.22660149270132277,"Node(id=8_9090_55, type=lorsa, layer=4, feature=9090, pos=55)",1
0,5,13486,transcoder,14,55,9044,lorsa,3.8024330139160156,3.09993839263916,-0.7024946212768555,0.0,-0.18474871712555868,"Node(id=28_9044_55, type=lorsa, layer=14, feature=9044, pos=55)",1
0,5,13486,transcoder,14,51,11169,transcoder,0.6642193794250488,0.0,-0.6642193794250488,0.0,-1.0,"Node(id=29_11169_51, type=transcoder, layer=14, feature=11169, pos=51)",1
0,5,13486,transcoder,13,55,14142,transcoder,0.6139975786209106,0.44987571239471436,-0.1641218662261963,0.0,-0.26730051052453263,"Node(id=27_14142_55, type=transcoder, layer=13, feature=14142, pos=55)",1
0,5,13486,transcoder,13,56,13473,transcoder,1.8784750699996948,1.538332462310791,-0.3401426076889038,0.0,-0.18107379390931128,"Node(id=27_13473_56, type=transcoder, layer=13, feature=13473, pos=56)",1
0,5,13486,transcoder,3,3,5514,transcoder,1.3314927816390991,1.1478540897369385,-0.18363869190216064,0.0,-0.13791940477221143,"Node(id=7_5514_3, type=transcoder, layer=3, feature=5514, pos=3)",1
0,5,13486,transcoder,9,14,13080,lorsa,4.417771816253662,3.846831798553467,-0.5709400177001953,0.0,-0.1292370999334142,"Node(id=18_13080_14, type=lorsa, layer=9, feature=13080, pos=14)",1
0,5,13486,transcoder,4,5,8453,transcoder,0.9110590815544128,0.0,-0.9110590815544128,0.0,-1.0,"Node(id=9_8453_5, type=transcoder, layer=4, feature=8453, pos=5)",1
0,5,13486,transcoder,7,51,6874,lorsa,3.2344436645507812,2.2748966217041016,-0.9595470428466797,0.0,-0.29666525138874145,"Node(id=14_6874_51, type=lorsa, layer=7, feature=6874, pos=51)",1
0,5,13486,transcoder,9,54,12266,lorsa,1.494158148765564,1.0798003673553467,-0.4143577814102173,0.0,-0.27731855677563266,"Node(id=18_12266_54, type=lorsa, layer=9, feature=12266, pos=54)",1
0,5,13486,transcoder,8,62,3162,transcoder,3.005798101425171,2.658963203430176,-0.3468348979949951,0.0,-0.11538862102233234,"Node(id=17_3162_62, type=transcoder, layer=8, feature=3162, pos=62)",1
0,5,13486,transcoder,4,54,15551,lorsa,4.019529342651367,3.413248300552368,-0.606281042098999,0.0,-0.15083383909298276,"Node(id=8_15551_54, type=lorsa, layer=4, feature=15551, pos=54)",1
0,5,13486,transcoder,8,54,1436,lorsa,2.9068973064422607,1.4558484554290771,-1.4510488510131836,0.0,-0.4991744454808815,"Node(id=16_1436_54, type=lorsa, layer=8, feature=1436, pos=54)",1
0,5,13486,transcoder,13,51,3932,transcoder,0.40207821130752563,0.0,-0.40207821130752563,0.0,-1.0,"Node(id=27_3932_51, type=transcoder, layer=13, feature=3932, pos=51)",1
0,5,13486,transcoder,12,54,9881,lorsa,2.963268280029297,1.8381272554397583,-1.1251410245895386,0.0,-0.37969597021381224,"Node(id=24_9881_54, type=lorsa, layer=12, feature=9881, pos=54)",1
0,5,13486,transcoder,3,56,2286,transcoder,0.6956806182861328,0.5714913010597229,-0.12418931722640991,0.0,-0.1785148442576432,"Node(id=7_2286_56, type=transcoder, layer=3, feature=2286, pos=56)",1
0,5,13486,transcoder,9,54,1889,transcoder,0.6214693784713745,0.4862673878669739,-0.13520199060440063,0.0,-0.21755213577369872,"Node(id=19_1889_54, type=transcoder, layer=9, feature=1889, pos=54)",1
0,5,13486,transcoder,7,5,11946,transcoder,2.906679153442383,0.0,-2.906679153442383,0.0,-1.0,"Node(id=15_11946_5, type=transcoder, layer=7, feature=11946, pos=5)",1
0,5,13486,transcoder,14,51,4640,lorsa,1.3973380327224731,0.9060863256454468,-0.49125170707702637,0.0,-0.35156253932336384,"Node(id=28_4640_51, type=lorsa, layer=14, feature=4640, pos=51)",1
0,5,13486,transcoder,9,54,13348,transcoder,0.5763208270072937,0.4476669430732727,-0.128653883934021,0.0,-0.2232330984845578,"Node(id=19_13348_54, type=transcoder, layer=9, feature=13348, pos=54)",1
0,5,13486,transcoder,14,51,13673,lorsa,0.8683499097824097,0.0,-0.8683499097824097,0.0,-1.0,"Node(id=28_13673_51, type=lorsa, layer=14, feature=13673, pos=51)",1
0,5,13486,transcoder,14,51,790,transcoder,0.5391555428504944,0.0,-0.5391555428504944,0.0,-1.0,"Node(id=29_790_51, type=transcoder, layer=14, feature=790, pos=51)",1
0,5,13486,transcoder,13,56,16285,transcoder,0.37943366169929504,0.09002237766981125,-0.2894112840294838,0.0,-0.7627454104450151,"Node(id=27_16285_56, type=transcoder, layer=13, feature=16285, pos=56)",1
0,5,13486,transcoder,13,51,6109,transcoder,0.38438713550567627,0.2543181777000427,-0.13006895780563354,0.0,-0.3383801011824258,"Node(id=27_6109_51, type=transcoder, layer=13, feature=6109, pos=51)",1
0,5,13486,transcoder,14,51,2652,transcoder,1.2029510736465454,0.34555551409721375,-0.8573955595493317,0.0,-0.712743500822756,"Node(id=29_2652_51, type=transcoder, layer=14, feature=2652, pos=51)",1
0,5,13486,transcoder,3,54,10248,transcoder,0.899041473865509,0.7307759523391724,-0.16826552152633667,0.0,-0.1871610225086325,"Node(id=7_10248_54, type=transcoder, layer=3, feature=10248, pos=54)",1
0,5,13486,transcoder,12,37,6377,transcoder,0.3010123670101166,0.0,-0.3010123670101166,0.0,-1.0,"Node(id=25_6377_37, type=transcoder, layer=12, feature=6377, pos=37)",1
0,5,13486,transcoder,14,54,9044,lorsa,3.588165521621704,1.285058617591858,-2.303106904029846,0.0,-0.6418619459307819,"Node(id=28_9044_54, type=lorsa, layer=14, feature=9044, pos=54)",1
0,5,13486,transcoder,6,55,4801,transcoder,1.9008395671844482,1.6019445657730103,-0.298895001411438,0.0,-0.1572436762004937,"Node(id=13_4801_55, type=transcoder, layer=6, feature=4801, pos=55)",1
0,5,13486,transcoder,12,37,15342,lorsa,1.2413737773895264,0.0,-1.2413737773895264,0.0,-1.0,"Node(id=24_15342_37, type=lorsa, layer=12, feature=15342, pos=37)",1
0,5,13486,transcoder,6,14,8940,transcoder,1.2855827808380127,1.119062066078186,-0.16652071475982666,0.0,-0.12952935994621786,"Node(id=13_8940_14, type=transcoder, layer=6, feature=8940, pos=14)",1
0,5,13486,transcoder,12,51,5918,transcoder,0.6882085204124451,0.5765359401702881,-0.11167258024215698,0.0,-0.16226561707668385,"Node(id=25_5918_51, type=transcoder, layer=12, feature=5918, pos=51)",1
0,5,13486,transcoder,12,37,15649,lorsa,3.205152750015259,2.1793293952941895,-1.0258233547210693,0.0,-0.32005443569458136,"Node(id=24_15649_37, type=lorsa, layer=12, feature=15649, pos=37)",1
0,5,13486,transcoder,6,5,16038,transcoder,2.0866637229919434,0.0,-2.0866637229919434,0.0,-1.0,"Node(id=13_16038_5, type=transcoder, layer=6, feature=16038, pos=5)",1
0,5,13486,transcoder,7,14,1092,transcoder,0.7006182074546814,0.4765896797180176,-0.22402852773666382,0.0,-0.31975835819418785,"Node(id=15_1092_14, type=transcoder, layer=7, feature=1092, pos=14)",1
0,51,2952,transcoder,6,51,2057,transcoder,2.2570786476135254,0.0,-2.2570786476135254,0.0,-1.0,"Node(id=13_2057_51, type=transcoder, layer=6, feature=2057, pos=51)",1
0,51,2952,transcoder,3,51,5284,transcoder,0.8926391005516052,0.0,-0.8926391005516052,0.0,-1.0,"Node(id=7_5284_51, type=transcoder, layer=3, feature=5284, pos=51)",1
0,51,2952,transcoder,13,51,13122,transcoder,0.9594287276268005,0.0,-0.9594287276268005,0.0,-1.0,"Node(id=27_13122_51, type=transcoder, layer=13, feature=13122, pos=51)",1
0,51,2952,transcoder,2,51,5718,transcoder,0.8235379457473755,0.0,-0.8235379457473755,0.0,-1.0,"Node(id=5_5718_51, type=transcoder, layer=2, feature=5718, pos=51)",1
0,51,2952,transcoder,1,51,11331,transcoder,0.7390512824058533,0.0,-0.7390512824058533,0.0,-1.0,"Node(id=3_11331_51, type=transcoder, layer=1, feature=11331, pos=51)",1
0,51,2952,transcoder,1,51,11218,transcoder,0.6390401721000671,0.0,-0.6390401721000671,0.0,-1.0,"Node(id=3_11218_51, type=transcoder, layer=1, feature=11218, pos=51)",1
0,51,2952,transcoder,1,51,11215,lorsa,6.104880332946777,0.0,-6.104880332946777,0.0,-1.0,"Node(id=2_11215_51, type=lorsa, layer=1, feature=11215, pos=51)",1
0,51,2952,transcoder,14,51,11103,transcoder,1.2022953033447266,0.0,-1.2022953033447266,0.0,-1.0,"Node(id=29_11103_51, type=transcoder, layer=14, feature=11103, pos=51)",1
0,51,2952,transcoder,7,51,9138,transcoder,1.008360505104065,0.0,-1.008360505104065,0.0,-1.0,"Node(id=15_9138_51, type=transcoder, layer=7, feature=9138, pos=51)",1
0,51,2952,transcoder,1,23,1321,transcoder,0.8943891525268555,0.514775276184082,-0.37961387634277344,0.0,-0.4244392670352461,"Node(id=3_1321_23, type=transcoder, layer=1, feature=1321, pos=23)",1
0,51,2952,transcoder,14,51,2640,transcoder,1.2701964378356934,0.0,-1.2701964378356934,0.0,-1.0,"Node(id=29_2640_51, type=transcoder, layer=14, feature=2640, pos=51)",1
0,51,2952,transcoder,11,51,9680,transcoder,1.042241096496582,0.0,-1.042241096496582,0.0,-1.0,"Node(id=23_9680_51, type=transcoder, layer=11, feature=9680, pos=51)",1
0,51,2952,transcoder,13,51,12356,transcoder,3.2392890453338623,0.0,-3.2392890453338623,0.0,-1.0,"Node(id=27_12356_51, type=transcoder, layer=13, feature=12356, pos=51)",1
0,51,2952,transcoder,14,23,5634,transcoder,3.0851762294769287,2.5983760356903076,-0.4868001937866211,0.0,-0.15778683536309848,"Node(id=29_5634_23, type=transcoder, layer=14, feature=5634, pos=23)",1
0,51,2952,transcoder,12,51,8628,transcoder,0.8337218761444092,0.0,-0.8337218761444092,0.0,-1.0,"Node(id=25_8628_51, type=transcoder, layer=12, feature=8628, pos=51)",1
0,51,2952,transcoder,10,51,12950,transcoder,0.8460464477539062,0.0,-0.8460464477539062,0.0,-1.0,"Node(id=21_12950_51, type=transcoder, layer=10, feature=12950, pos=51)",1
0,51,2952,transcoder,3,62,11384,lorsa,8.462882995605469,7.149542331695557,-1.313340663909912,0.0,-0.15518832820823494,"Node(id=6_11384_62, type=lorsa, layer=3, feature=11384, pos=62)",1
0,51,2952,transcoder,10,51,9278,transcoder,8.472284317016602,5.964064598083496,-2.5082197189331055,0.0,-0.29604999373018454,"Node(id=21_9278_51, type=transcoder, layer=10, feature=9278, pos=51)",1
0,51,2952,transcoder,3,51,7112,transcoder,1.2625163793563843,0.0,-1.2625163793563843,0.0,-1.0,"Node(id=7_7112_51, type=transcoder, layer=3, feature=7112, pos=51)",1
0,51,2952,transcoder,9,54,12243,lorsa,2.3094804286956787,0.0,-2.3094804286956787,0.0,-1.0,"Node(id=18_12243_54, type=lorsa, layer=9, feature=12243, pos=54)",1
0,51,2952,transcoder,8,51,5284,transcoder,1.6072231531143188,0.0,-1.6072231531143188,0.0,-1.0,"Node(id=17_5284_51, type=transcoder, layer=8, feature=5284, pos=51)",1
0,51,2952,transcoder,2,51,9305,transcoder,0.8282850384712219,0.0,-0.8282850384712219,0.0,-1.0,"Node(id=5_9305_51, type=transcoder, layer=2, feature=9305, pos=51)",1
0,51,2952,transcoder,14,55,9044,lorsa,3.8024330139160156,0.0,-3.8024330139160156,0.0,-1.0,"Node(id=28_9044_55, type=lorsa, layer=14, feature=9044, pos=55)",1
0,51,2952,transcoder,1,51,8276,lorsa,2.0241923332214355,1.6006032228469849,-0.4235891103744507,0.0,-0.2092632717861956,"Node(id=2_8276_51, type=lorsa, layer=1, feature=8276, pos=51)",1
0,51,2952,transcoder,11,54,10708,transcoder,0.9755883812904358,0.8480203151702881,-0.1275680661201477,0.0,-0.13076013262008118,"Node(id=23_10708_54, type=transcoder, layer=11, feature=10708, pos=54)",1
0,51,2952,transcoder,7,0,6104,transcoder,6.486999988555908,5.153594493865967,-1.3334054946899414,0.0,-0.20555040805338048,"Node(id=15_6104_0, type=transcoder, layer=7, feature=6104, pos=0)",1
0,51,2952,transcoder,13,55,9300,transcoder,0.6302089691162109,0.24988281726837158,-0.38032615184783936,0.0,-0.6034921279860538,"Node(id=27_9300_55, type=transcoder, layer=13, feature=9300, pos=55)",1
0,51,2952,transcoder,5,51,8348,transcoder,1.215765118598938,0.0,-1.215765118598938,0.0,-1.0,"Node(id=11_8348_51, type=transcoder, layer=5, feature=8348, pos=51)",1
0,51,2952,transcoder,14,51,11169,transcoder,0.6642193794250488,0.0,-0.6642193794250488,0.0,-1.0,"Node(id=29_11169_51, type=transcoder, layer=14, feature=11169, pos=51)",1
0,51,2952,transcoder,8,14,912,transcoder,0.7022373080253601,0.5578604340553284,-0.14437687397003174,0.0,-0.20559556195612697,"Node(id=17_912_14, type=transcoder, layer=8, feature=912, pos=14)",1
0,51,2952,transcoder,11,51,9849,transcoder,0.687792956829071,0.0,-0.687792956829071,0.0,-1.0,"Node(id=23_9849_51, type=transcoder, layer=11, feature=9849, pos=51)",1
0,51,2952,transcoder,13,55,14142,transcoder,0.6139975786209106,0.2745231091976166,-0.33947446942329407,0.0,-0.5528921957408721,"Node(id=27_14142_55, type=transcoder, layer=13, feature=14142, pos=55)",1
0,51,2952,transcoder,7,8,6104,transcoder,7.688426494598389,6.3315629959106445,-1.3568634986877441,0.0,-0.17648129947539037,"Node(id=15_6104_8, type=transcoder, layer=7, feature=6104, pos=8)",1
0,51,2952,transcoder,8,62,8174,transcoder,1.1858330965042114,1.0050417184829712,-0.18079137802124023,0.0,-0.15245937944741633,"Node(id=17_8174_62, type=transcoder, layer=8, feature=8174, pos=62)",1
0,51,2952,transcoder,3,55,8792,lorsa,2.6274337768554688,1.9936082363128662,-0.6338255405426025,0.0,-0.24123368821922103,"Node(id=6_8792_55, type=lorsa, layer=3, feature=8792, pos=55)",1
0,51,2952,transcoder,8,51,5050,transcoder,0.8566882014274597,0.0,-0.8566882014274597,0.0,-1.0,"Node(id=17_5050_51, type=transcoder, layer=8, feature=5050, pos=51)",1
0,51,2952,transcoder,3,3,5514,transcoder,1.3314927816390991,1.1294695138931274,-0.20202326774597168,0.0,-0.1517268967070751,"Node(id=7_5514_3, type=transcoder, layer=3, feature=5514, pos=3)",1
0,51,2952,transcoder,7,51,14452,transcoder,2.90750789642334,0.0,-2.90750789642334,0.0,-1.0,"Node(id=15_14452_51, type=transcoder, layer=7, feature=14452, pos=51)",1
0,51,2952,transcoder,9,14,13080,lorsa,4.417771816253662,3.9046380519866943,-0.5131337642669678,0.0,-0.11615216575448051,"Node(id=18_13080_14, type=lorsa, layer=9, feature=13080, pos=14)",1
0,51,2952,transcoder,13,51,5681,lorsa,1.9713155031204224,0.0,-1.9713155031204224,0.0,-1.0,"Node(id=26_5681_51, type=lorsa, layer=13, feature=5681, pos=51)",1
0,51,2952,transcoder,3,51,2992,lorsa,2.136613607406616,0.0,-2.136613607406616,0.0,-1.0,"Node(id=6_2992_51, type=lorsa, layer=3, feature=2992, pos=51)",1
0,51,2952,transcoder,12,32,13896,transcoder,8.983194351196289,0.0,-8.983194351196289,0.0,-1.0,"Node(id=25_13896_32, type=transcoder, layer=12, feature=13896, pos=32)",1
0,51,2952,transcoder,6,6,7291,transcoder,2.9459125995635986,2.316305160522461,-0.6296074390411377,0.0,-0.2137223755838535,"Node(id=13_7291_6, type=transcoder, layer=6, feature=7291, pos=6)",1
0,51,2952,transcoder,8,54,11682,transcoder,0.4600358009338379,0.0,-0.4600358009338379,0.0,-1.0,"Node(id=17_11682_54, type=transcoder, layer=8, feature=11682, pos=54)",1
0,51,2952,transcoder,12,54,9524,transcoder,0.9488894939422607,0.7981269359588623,-0.15076255798339844,0.0,-0.1588831565170351,"Node(id=25_9524_54, type=transcoder, layer=12, feature=9524, pos=54)",1
0,51,2952,transcoder,8,54,1436,lorsa,2.9068973064422607,2.0833537578582764,-0.8235435485839844,0.0,-0.28330672251780226,"Node(id=16_1436_54, type=lorsa, layer=8, feature=1436, pos=54)",1
0,51,2952,transcoder,11,54,14428,lorsa,3.4473183155059814,2.5568594932556152,-0.8904588222503662,0.0,-0.25830478672221735,"Node(id=22_14428_54, type=lorsa, layer=11, feature=14428, pos=54)",1
0,51,2952,transcoder,10,14,14175,transcoder,0.5143704414367676,0.45593661069869995,-0.05843383073806763,0.0,-0.1136026218280488,"Node(id=21_14175_14, type=transcoder, layer=10, feature=14175, pos=14)",1
0,51,2952,transcoder,13,51,3932,transcoder,0.40207821130752563,0.0,-0.40207821130752563,0.0,-1.0,"Node(id=27_3932_51, type=transcoder, layer=13, feature=3932, pos=51)",1
0,51,2952,transcoder,12,54,9881,lorsa,2.963268280029297,1.7191909551620483,-1.2440773248672485,0.0,-0.4198328356739096,"Node(id=24_9881_54, type=lorsa, layer=12, feature=9881, pos=54)",1
0,51,2952,transcoder,3,56,2286,transcoder,0.6956806182861328,0.40619364380836487,-0.28948697447776794,0.0,-0.41612051114912935,"Node(id=7_2286_56, type=transcoder, layer=3, feature=2286, pos=56)",1
0,51,2952,transcoder,5,56,1007,transcoder,1.8848531246185303,1.595650315284729,-0.28920280933380127,0.0,-0.15343519638557096,"Node(id=11_1007_56, type=transcoder, layer=5, feature=1007, pos=56)",1
0,51,2952,transcoder,7,5,11946,transcoder,2.906679153442383,2.60284686088562,-0.3038322925567627,0.0,-0.10452900940130727,"Node(id=15_11946_5, type=transcoder, layer=7, feature=11946, pos=5)",1
0,51,2952,transcoder,14,51,4640,lorsa,1.3973380327224731,0.0,-1.3973380327224731,0.0,-1.0,"Node(id=28_4640_51, type=lorsa, layer=14, feature=4640, pos=51)",1
0,51,2952,transcoder,7,2,6104,transcoder,7.048698425292969,4.706262111663818,-2.3424363136291504,0.0,-0.3323218234481057,"Node(id=15_6104_2, type=transcoder, layer=7, feature=6104, pos=2)",1
0,51,2952,transcoder,9,54,13348,transcoder,0.5763208270072937,0.42644739151000977,-0.14987343549728394,0.0,-0.2600520898672766,"Node(id=19_13348_54, type=transcoder, layer=9, feature=13348, pos=54)",1
0,51,2952,transcoder,3,51,13895,transcoder,1.1960400342941284,0.0,-1.1960400342941284,0.0,-1.0,"Node(id=7_13895_51, type=transcoder, layer=3, feature=13895, pos=51)",1
0,51,2952,transcoder,14,55,8748,lorsa,1.8016709089279175,0.0,-1.8016709089279175,0.0,-1.0,"Node(id=28_8748_55, type=lorsa, layer=14, feature=8748, pos=55)",1
0,51,2952,transcoder,11,14,12258,transcoder,0.23024021089076996,0.0,-0.23024021089076996,0.0,-1.0,"Node(id=23_12258_14, type=transcoder, layer=11, feature=12258, pos=14)",1
0,51,2952,transcoder,7,14,2772,transcoder,0.7835947275161743,0.702602207660675,-0.08099251985549927,0.0,-0.10336021544227081,"Node(id=15_2772_14, type=transcoder, layer=7, feature=2772, pos=14)",1
0,51,2952,transcoder,2,6,13953,transcoder,1.7135149240493774,1.4187846183776855,-0.2947303056716919,0.0,-0.1720033491013813,"Node(id=5_13953_6, type=transcoder, layer=2, feature=13953, pos=6)",1
0,51,2952,transcoder,10,2,54,transcoder,18.140689849853516,6.745261192321777,-11.395428657531738,0.0,-0.6281695322421135,"Node(id=21_54_2, type=transcoder, layer=10, feature=54, pos=2)",1
0,51,2952,transcoder,12,51,15847,transcoder,3.3805553913116455,1.9300278425216675,-1.450527548789978,0.0,-0.42907965730068326,"Node(id=25_15847_51, type=transcoder, layer=12, feature=15847, pos=51)",1
0,51,2952,transcoder,14,51,13673,lorsa,0.8683499097824097,0.0,-0.8683499097824097,0.0,-1.0,"Node(id=28_13673_51, type=lorsa, layer=14, feature=13673, pos=51)",1
0,51,2952,transcoder,14,51,790,transcoder,0.5391555428504944,0.0,-0.5391555428504944,0.0,-1.0,"Node(id=29_790_51, type=transcoder, layer=14, feature=790, pos=51)",1
0,51,2952,transcoder,7,1,6104,transcoder,6.96210241317749,4.976883411407471,-1.9852190017700195,0.0,-0.28514648075450666,"Node(id=15_6104_1, type=transcoder, layer=7, feature=6104, pos=1)",1
0,51,2952,transcoder,11,56,7586,transcoder,2.6750638484954834,1.362876057624817,-1.3121877908706665,0.0,-0.4905257837522909,"Node(id=23_7586_56, type=transcoder, layer=11, feature=7586, pos=56)",1
0,51,2952,transcoder,14,51,7697,transcoder,1.0310401916503906,0.0,-1.0310401916503906,0.0,-1.0,"Node(id=29_7697_51, type=transcoder, layer=14, feature=7697, pos=51)",1
0,51,2952,transcoder,8,14,16275,lorsa,3.750656843185425,3.3071563243865967,-0.4435005187988281,0.0,-0.1182460932422077,"Node(id=16_16275_14, type=lorsa, layer=8, feature=16275, pos=14)",1
0,51,2952,transcoder,13,51,6109,transcoder,0.38438713550567627,0.0,-0.38438713550567627,0.0,-1.0,"Node(id=27_6109_51, type=transcoder, layer=13, feature=6109, pos=51)",1
0,51,2952,transcoder,14,51,14073,transcoder,0.8638689517974854,0.0,-0.8638689517974854,0.0,-1.0,"Node(id=29_14073_51, type=transcoder, layer=14, feature=14073, pos=51)",1
0,51,2952,transcoder,13,55,6340,transcoder,0.37931957840919495,0.0,-0.37931957840919495,0.0,-1.0,"Node(id=27_6340_55, type=transcoder, layer=13, feature=6340, pos=55)",1
0,51,2952,transcoder,5,54,14178,lorsa,2.141420841217041,0.0,-2.141420841217041,0.0,-1.0,"Node(id=10_14178_54, type=lorsa, layer=5, feature=14178, pos=54)",1
0,51,2952,transcoder,14,51,2652,transcoder,1.2029510736465454,0.0,-1.2029510736465454,0.0,-1.0,"Node(id=29_2652_51, type=transcoder, layer=14, feature=2652, pos=51)",1
0,51,2952,transcoder,13,56,12356,transcoder,1.2258914709091187,0.0,-1.2258914709091187,0.0,-1.0,"Node(id=27_12356_56, type=transcoder, layer=13, feature=12356, pos=56)",1
0,51,2952,transcoder,12,37,6377,transcoder,0.3010123670101166,0.18985217809677124,-0.11116018891334534,0.0,-0.36928778049045874,"Node(id=25_6377_37, type=transcoder, layer=12, feature=6377, pos=37)",1
0,51,2952,transcoder,14,54,9044,lorsa,3.588165521621704,0.0,-3.588165521621704,0.0,-1.0,"Node(id=28_9044_54, type=lorsa, layer=14, feature=9044, pos=54)",1
0,51,2952,transcoder,12,2,13896,transcoder,12.517711639404297,5.2190327644348145,-7.298678874969482,0.0,-0.5830681425823944,"Node(id=25_13896_2, type=transcoder, layer=12, feature=13896, pos=2)",1
0,51,2952,transcoder,11,37,7513,transcoder,0.49810850620269775,0.0,-0.49810850620269775,0.0,-1.0,"Node(id=23_7513_37, type=transcoder, layer=11, feature=7513, pos=37)",1
0,51,2952,transcoder,6,55,4801,transcoder,1.9008395671844482,1.1508688926696777,-0.7499706745147705,0.0,-0.3945470661817284,"Node(id=13_4801_55, type=transcoder, layer=6, feature=4801, pos=55)",1
0,51,2952,transcoder,12,37,15342,lorsa,1.2413737773895264,0.0,-1.2413737773895264,0.0,-1.0,"Node(id=24_15342_37, type=lorsa, layer=12, feature=15342, pos=37)",1
0,51,2952,transcoder,6,14,8940,transcoder,1.2855827808380127,0.7373481392860413,-0.5482346415519714,0.0,-0.42644833901291235,"Node(id=13_8940_14, type=transcoder, layer=6, feature=8940, pos=14)",1
0,51,2952,transcoder,12,1,13896,transcoder,12.206680297851562,7.5120439529418945,-4.694636344909668,0.0,-0.3845956665004119,"Node(id=25_13896_1, type=transcoder, layer=12, feature=13896, pos=1)",1
0,51,2952,transcoder,10,14,6896,transcoder,0.4185520112514496,0.3706580102443695,-0.04789400100708008,0.0,-0.1144278362535624,"Node(id=21_6896_14, type=transcoder, layer=10, feature=6896, pos=14)",1
0,51,2952,transcoder,12,51,5918,transcoder,0.6882085204124451,0.0,-0.6882085204124451,0.0,-1.0,"Node(id=25_5918_51, type=transcoder, layer=12, feature=5918, pos=51)",1
0,51,2952,transcoder,14,51,7323,lorsa,1.7485430240631104,0.0,-1.7485430240631104,0.0,-1.0,"Node(id=28_7323_51, type=lorsa, layer=14, feature=7323, pos=51)",1
0,51,2952,transcoder,12,37,15649,lorsa,3.205152750015259,1.5452061891555786,-1.6599465608596802,0.0,-0.5178993609124488,"Node(id=24_15649_37, type=lorsa, layer=12, feature=15649, pos=37)",1
0,51,2952,transcoder,6,5,16038,transcoder,2.0866637229919434,1.849003553390503,-0.23766016960144043,0.0,-0.11389481064091804,"Node(id=13_16038_5, type=transcoder, layer=6, feature=16038, pos=5)",1
0,51,2952,transcoder,10,51,13957,transcoder,1.0498993396759033,0.0,-1.0498993396759033,0.0,-1.0,"Node(id=21_13957_51, type=transcoder, layer=10, feature=13957, pos=51)",1
0,51,2952,transcoder,10,56,11708,transcoder,2.9663991928100586,1.6290454864501953,-1.3373537063598633,0.0,-0.4508340312394008,"Node(id=21_11708_56, type=transcoder, layer=10, feature=11708, pos=56)",1
0,51,2952,transcoder,6,45,4984,transcoder,0.9259824752807617,0.7739536762237549,-0.15202879905700684,0.0,-0.16418107590093547,"Node(id=13_4984_45, type=transcoder, layer=6, feature=4984, pos=45)",1
0,5,10273,lorsa,0,5,13486,transcoder,1.9582043886184692,0.6591346859931946,-1.2990697026252747,0.0,-0.6633984226446249,"Node(id=1_13486_5, type=transcoder, layer=0, feature=13486, pos=5)",1
0,5,10273,lorsa,1,5,853,transcoder,1.0840907096862793,0.2445741593837738,-0.8395165503025055,0.0,-0.7743969603295003,"Node(id=3_853_5, type=transcoder, layer=1, feature=853, pos=5)",1
0,5,10273,lorsa,4,55,9090,lorsa,4.7906646728515625,4.263028144836426,-0.5276365280151367,0.0,-0.1101384805756129,"Node(id=8_9090_55, type=lorsa, layer=4, feature=9090, pos=55)",1
0,5,10273,lorsa,14,51,11169,transcoder,0.6642193794250488,0.5406324863433838,-0.12358689308166504,0.0,-0.1860633653728116,"Node(id=29_11169_51, type=transcoder, layer=14, feature=11169, pos=51)",1
0,5,10273,lorsa,13,51,3932,transcoder,0.40207821130752563,0.31621894240379333,-0.0858592689037323,0.0,-0.21353872577309013,"Node(id=27_3932_51, type=transcoder, layer=13, feature=3932, pos=51)",1
0,5,10273,lorsa,14,55,8748,lorsa,1.8016709089279175,1.6155791282653809,-0.18609178066253662,0.0,-0.10328844171284886,"Node(id=28_8748_55, type=lorsa, layer=14, feature=8748, pos=55)",1
0,5,10273,lorsa,13,56,16285,transcoder,0.37943366169929504,0.3030150532722473,-0.07641860842704773,0.0,-0.20140176305077076,"Node(id=27_16285_56, type=transcoder, layer=13, feature=16285, pos=56)",1
0,5,10273,lorsa,14,54,9044,lorsa,3.588165521621704,3.2079217433929443,-0.38024377822875977,0.0,-0.1059716381358308,"Node(id=28_9044_54, type=lorsa, layer=14, feature=9044, pos=54)",1
0,51,13740,lorsa,0,51,2952,transcoder,1.7277238368988037,1.5041389465332031,-0.22358489036560059,0.0,-0.1294100860279422,"Node(id=1_2952_51, type=transcoder, layer=0, feature=2952, pos=51)",1
0,51,13740,lorsa,1,51,11331,transcoder,0.7390512824058533,0.5067070126533508,-0.23234426975250244,0.0,-0.31438179634320634,"Node(id=3_11331_51, type=transcoder, layer=1, feature=11331, pos=51)",1
0,51,13740,lorsa,1,51,11215,lorsa,6.104880332946777,5.476773738861084,-0.6281065940856934,0.0,-0.10288597971297356,"Node(id=2_11215_51, type=lorsa, layer=1, feature=11215, pos=51)",1
0,51,13740,lorsa,0,51,15277,transcoder,0.8747747540473938,0.6919316053390503,-0.1828431487083435,0.0,-0.2090174046088639,"Node(id=1_15277_51, type=transcoder, layer=0, feature=15277, pos=51)",1
0,51,13740,lorsa,1,51,8276,lorsa,2.0241923332214355,1.8060628175735474,-0.21812951564788818,0.0,-0.10776125967276154,"Node(id=2_8276_51, type=lorsa, layer=1, feature=8276, pos=51)",1
0,51,13740,lorsa,12,32,13896,transcoder,8.983194351196289,7.345322608947754,-1.6378717422485352,0.0,-0.18232620582570613,"Node(id=25_13896_32, type=transcoder, layer=12, feature=13896, pos=32)",1
1,55,8511,transcoder,14,51,11169,transcoder,0.6642193794250488,0.35603559017181396,-0.30818378925323486,0.0,-0.4639789184109625,"Node(id=29_11169_51, type=transcoder, layer=14, feature=11169, pos=51)",1
1,55,8511,transcoder,8,54,1436,lorsa,2.9068973064422607,2.138429880142212,-0.7684674263000488,0.0,-0.2643600187034377,"Node(id=16_1436_54, type=lorsa, layer=8, feature=1436, pos=54)",1
1,55,8511,transcoder,13,51,3932,transcoder,0.40207821130752563,0.31572380661964417,-0.08635440468788147,0.0,-0.21477016724448703,"Node(id=27_3932_51, type=transcoder, layer=13, feature=3932, pos=51)",1
1,55,8511,transcoder,12,54,9881,lorsa,2.963268280029297,2.5174405574798584,-0.4458277225494385,0.0,-0.15045135317448569,"Node(id=24_9881_54, type=lorsa, layer=12, feature=9881, pos=54)",1
1,55,8511,transcoder,14,55,8748,lorsa,1.8016709089279175,1.5178446769714355,-0.28382623195648193,0.0,-0.1575350029519944,"Node(id=28_8748_55, type=lorsa, layer=14, feature=8748, pos=55)",1
1,55,8511,transcoder,14,51,13673,lorsa,0.8683499097824097,0.6724181175231934,-0.1959317922592163,0.0,-0.22563691209262948,"Node(id=28_13673_51, type=lorsa, layer=14, feature=13673, pos=51)",1
1,55,8511,transcoder,13,51,6109,transcoder,0.38438713550567627,0.3411259949207306,-0.04326114058494568,0.0,-0.11254575553896715,"Node(id=27_6109_51, type=transcoder, layer=13, feature=6109, pos=51)",1
1,55,8511,transcoder,6,55,4801,transcoder,1.9008395671844482,1.7061775922775269,-0.1946619749069214,0.0,-0.10240841903099565,"Node(id=13_4801_55, type=transcoder, layer=6, feature=4801, pos=55)",1
0,3,13486,transcoder,13,51,13122,transcoder,0.9594287276268005,0.768854022026062,-0.19057470560073853,0.0,-0.1986335202533861,"Node(id=27_13122_51, type=transcoder, layer=13, feature=13122, pos=51)",1
0,3,13486,transcoder,14,51,11103,transcoder,1.2022953033447266,0.8261464238166809,-0.37614887952804565,0.0,-0.312858977725038,"Node(id=29_11103_51, type=transcoder, layer=14, feature=11103, pos=51)",1
0,3,13486,transcoder,14,51,138,transcoder,4.929553031921387,3.538465976715088,-1.3910870552062988,0.0,-0.28219334414262226,"Node(id=29_138_51, type=transcoder, layer=14, feature=138, pos=51)",1
0,3,13486,transcoder,11,51,9680,transcoder,1.042241096496582,0.7314488291740417,-0.3107922673225403,0.0,-0.2981961355844113,"Node(id=23_9680_51, type=transcoder, layer=11, feature=9680, pos=51)",1
0,3,13486,transcoder,13,51,12356,transcoder,3.2392890453338623,2.870712995529175,-0.3685760498046875,0.0,-0.1137830075200034,"Node(id=27_12356_51, type=transcoder, layer=13, feature=12356, pos=51)",1
0,3,13486,transcoder,12,51,8628,transcoder,0.8337218761444092,0.6827993988990784,-0.1509224772453308,0.0,-0.18102257067222438,"Node(id=25_8628_51, type=transcoder, layer=12, feature=8628, pos=51)",1
0,3,13486,transcoder,10,51,12950,transcoder,0.8460464477539062,0.7093695998191833,-0.1366768479347229,0.0,-0.16154768842487804,"Node(id=21_12950_51, type=transcoder, layer=10, feature=12950, pos=51)",1
0,3,13486,transcoder,1,3,853,transcoder,1.451816201210022,0.0,-1.451816201210022,0.0,-1.0,"Node(id=3_853_3, type=transcoder, layer=1, feature=853, pos=3)",1
0,3,13486,transcoder,5,62,13852,transcoder,2.1420979499816895,1.9191821813583374,-0.22291576862335205,0.0,-0.10406422760698572,"Node(id=11_13852_62, type=transcoder, layer=5, feature=13852, pos=62)",1
0,3,13486,transcoder,4,55,9090,lorsa,4.7906646728515625,3.747743606567383,-1.0429210662841797,0.0,-0.21769861543312705,"Node(id=8_9090_55, type=lorsa, layer=4, feature=9090, pos=55)",1
0,3,13486,transcoder,9,54,12243,lorsa,2.3094804286956787,1.4678806066513062,-0.8415998220443726,0.0,-0.36441089155264306,"Node(id=18_12243_54, type=lorsa, layer=9, feature=12243, pos=54)",1
0,3,13486,transcoder,14,55,9044,lorsa,3.8024330139160156,1.4451661109924316,-2.357266902923584,0.0,-0.6199364707534725,"Node(id=28_9044_55, type=lorsa, layer=14, feature=9044, pos=55)",1
0,3,13486,transcoder,13,55,9300,transcoder,0.6302089691162109,0.5086005330085754,-0.1216084361076355,0.0,-0.19296525766393977,"Node(id=27_9300_55, type=transcoder, layer=13, feature=9300, pos=55)",1
0,3,13486,transcoder,14,51,11169,transcoder,0.6642193794250488,0.0,-0.6642193794250488,0.0,-1.0,"Node(id=29_11169_51, type=transcoder, layer=14, feature=11169, pos=51)",1
0,3,13486,transcoder,11,51,9849,transcoder,0.687792956829071,0.540451169013977,-0.147341787815094,0.0,-0.21422404279099225,"Node(id=23_9849_51, type=transcoder, layer=11, feature=9849, pos=51)",1
0,3,13486,transcoder,13,55,14142,transcoder,0.6139975786209106,0.0,-0.6139975786209106,0.0,-1.0,"Node(id=27_14142_55, type=transcoder, layer=13, feature=14142, pos=55)",1
0,3,13486,transcoder,8,62,8174,transcoder,1.1858330965042114,0.9929894804954529,-0.19284361600875854,0.0,-0.16262289910549285,"Node(id=17_8174_62, type=transcoder, layer=8, feature=8174, pos=62)",1
0,3,13486,transcoder,13,56,13473,transcoder,1.8784750699996948,1.6139925718307495,-0.2644824981689453,0.0,-0.1407963844678483,"Node(id=27_13473_56, type=transcoder, layer=13, feature=13473, pos=56)",1
0,3,13486,transcoder,3,3,5514,transcoder,1.3314927816390991,0.0,-1.3314927816390991,0.0,-1.0,"Node(id=7_5514_3, type=transcoder, layer=3, feature=5514, pos=3)",1
0,3,13486,transcoder,4,3,8453,transcoder,1.0748623609542847,0.0,-1.0748623609542847,0.0,-1.0,"Node(id=9_8453_3, type=transcoder, layer=4, feature=8453, pos=3)",1
0,3,13486,transcoder,9,14,13080,lorsa,4.417771816253662,3.2784245014190674,-1.1393473148345947,0.0,-0.25790089715425335,"Node(id=18_13080_14, type=lorsa, layer=9, feature=13080, pos=14)",1
0,3,13486,transcoder,13,51,5681,lorsa,1.9713155031204224,1.318608283996582,-0.6527072191238403,0.0,-0.3311023618952223,"Node(id=26_5681_51, type=lorsa, layer=13, feature=5681, pos=51)",1
0,3,13486,transcoder,14,23,10814,transcoder,1.869791030883789,1.6117299795150757,-0.2580610513687134,0.0,-0.13801598526587025,"Node(id=29_10814_23, type=transcoder, layer=14, feature=10814, pos=23)",1
0,3,13486,transcoder,8,62,3162,transcoder,3.005798101425171,2.361119031906128,-0.644679069519043,0.0,-0.21447850047326014,"Node(id=17_3162_62, type=transcoder, layer=8, feature=3162, pos=62)",1
0,3,13486,transcoder,12,54,9524,transcoder,0.9488894939422607,0.6405391693115234,-0.3083503246307373,0.0,-0.3249591513018693,"Node(id=25_9524_54, type=transcoder, layer=12, feature=9524, pos=54)",1
0,3,13486,transcoder,4,54,15551,lorsa,4.019529342651367,3.1627750396728516,-0.8567543029785156,0.0,-0.2131479160725276,"Node(id=8_15551_54, type=lorsa, layer=4, feature=15551, pos=54)",1
0,3,13486,transcoder,8,54,1436,lorsa,2.9068973064422607,1.635488510131836,-1.2714087963104248,0.0,-0.4373765779385226,"Node(id=16_1436_54, type=lorsa, layer=8, feature=1436, pos=54)",1
0,3,13486,transcoder,10,14,14175,transcoder,0.5143704414367676,0.43609145283699036,-0.07827898859977722,0.0,-0.15218407259391514,"Node(id=21_14175_14, type=transcoder, layer=10, feature=14175, pos=14)",1
0,3,13486,transcoder,13,51,3932,transcoder,0.40207821130752563,0.0,-0.40207821130752563,0.0,-1.0,"Node(id=27_3932_51, type=transcoder, layer=13, feature=3932, pos=51)",1
0,3,13486,transcoder,12,54,9881,lorsa,2.963268280029297,2.0041887760162354,-0.9590795040130615,0.0,-0.3236559816324087,"Node(id=24_9881_54, type=lorsa, layer=12, feature=9881, pos=54)",1
0,3,13486,transcoder,3,56,2286,transcoder,0.6956806182861328,0.6207320690155029,-0.07494854927062988,0.0,-0.10773413445852766,"Node(id=7_2286_56, type=transcoder, layer=3, feature=2286, pos=56)",1
0,3,13486,transcoder,14,51,4640,lorsa,1.3973380327224731,0.0,-1.3973380327224731,0.0,-1.0,"Node(id=28_4640_51, type=lorsa, layer=14, feature=4640, pos=51)",1
0,3,13486,transcoder,9,54,13348,transcoder,0.5763208270072937,0.3646368682384491,-0.2116839587688446,0.0,-0.3673022886715243,"Node(id=19_13348_54, type=transcoder, layer=9, feature=13348, pos=54)",1
0,3,13486,transcoder,14,51,13673,lorsa,0.8683499097824097,0.0,-0.8683499097824097,0.0,-1.0,"Node(id=28_13673_51, type=lorsa, layer=14, feature=13673, pos=51)",1
0,3,13486,transcoder,14,51,790,transcoder,0.5391555428504944,0.0,-0.5391555428504944,0.0,-1.0,"Node(id=29_790_51, type=transcoder, layer=14, feature=790, pos=51)",1
0,3,13486,transcoder,7,3,11946,transcoder,3.5578043460845947,0.0,-3.5578043460845947,0.0,-1.0,"Node(id=15_11946_3, type=transcoder, layer=7, feature=11946, pos=3)",1
0,3,13486,transcoder,8,14,16275,lorsa,3.750656843185425,3.342743158340454,-0.4079136848449707,0.0,-0.10875793278345627,"Node(id=16_16275_14, type=lorsa, layer=8, feature=16275, pos=14)",1
0,3,13486,transcoder,13,56,16285,transcoder,0.37943366169929504,0.0,-0.37943366169929504,0.0,-1.0,"Node(id=27_16285_56, type=transcoder, layer=13, feature=16285, pos=56)",1
0,3,13486,transcoder,13,51,6109,transcoder,0.38438713550567627,0.20141810178756714,-0.18296903371810913,0.0,-0.47600196993431176,"Node(id=27_6109_51, type=transcoder, layer=13, feature=6109, pos=51)",1
0,3,13486,transcoder,14,51,14073,transcoder,0.8638689517974854,0.0,-0.8638689517974854,0.0,-1.0,"Node(id=29_14073_51, type=transcoder, layer=14, feature=14073, pos=51)",1
0,3,13486,transcoder,5,54,14178,lorsa,2.141420841217041,1.8810346126556396,-0.26038622856140137,0.0,-0.12159507535819777,"Node(id=10_14178_54, type=lorsa, layer=5, feature=14178, pos=54)",1
0,3,13486,transcoder,14,51,2652,transcoder,1.2029510736465454,0.0,-1.2029510736465454,0.0,-1.0,"Node(id=29_2652_51, type=transcoder, layer=14, feature=2652, pos=51)",1
0,3,13486,transcoder,3,54,10248,transcoder,0.899041473865509,0.6616665124893188,-0.23737496137619019,0.0,-0.2640311579348785,"Node(id=7_10248_54, type=transcoder, layer=3, feature=10248, pos=54)",1
0,3,13486,transcoder,12,37,6377,transcoder,0.3010123670101166,0.15127062797546387,-0.1497417390346527,0.0,-0.4974604217162284,"Node(id=25_6377_37, type=transcoder, layer=12, feature=6377, pos=37)",1
0,3,13486,transcoder,14,54,9044,lorsa,3.588165521621704,0.0,-3.588165521621704,0.0,-1.0,"Node(id=28_9044_54, type=lorsa, layer=14, feature=9044, pos=54)",1
0,3,13486,transcoder,6,3,16038,transcoder,1.6520214080810547,0.0,-1.6520214080810547,0.0,-1.0,"Node(id=13_16038_3, type=transcoder, layer=6, feature=16038, pos=3)",1
0,3,13486,transcoder,6,55,4801,transcoder,1.9008395671844482,1.4825108051300049,-0.41832876205444336,0.0,-0.22007578612964065,"Node(id=13_4801_55, type=transcoder, layer=6, feature=4801, pos=55)",1
0,3,13486,transcoder,12,37,15342,lorsa,1.2413737773895264,0.0,-1.2413737773895264,0.0,-1.0,"Node(id=24_15342_37, type=lorsa, layer=12, feature=15342, pos=37)",1
0,3,13486,transcoder,6,14,8940,transcoder,1.2855827808380127,1.0959393978118896,-0.18964338302612305,0.0,-0.14751549713702855,"Node(id=13_8940_14, type=transcoder, layer=6, feature=8940, pos=14)",1
0,3,13486,transcoder,10,14,6896,transcoder,0.4185520112514496,0.20224007964134216,-0.21631193161010742,0.0,-0.5168101592997859,"Node(id=21_6896_14, type=transcoder, layer=10, feature=6896, pos=14)",1
0,3,13486,transcoder,12,51,5918,transcoder,0.6882085204124451,0.4706423282623291,-0.21756619215011597,0.0,-0.3161341158922706,"Node(id=25_5918_51, type=transcoder, layer=12, feature=5918, pos=51)",1
0,3,13486,transcoder,12,37,15649,lorsa,3.205152750015259,2.644670009613037,-0.5604827404022217,0.0,-0.17486927585574616,"Node(id=24_15649_37, type=lorsa, layer=12, feature=15649, pos=37)",1
0,3,13486,transcoder,7,14,1092,transcoder,0.7006182074546814,0.4205859899520874,-0.280032217502594,0.0,-0.3996930346985131,"Node(id=15_1092_14, type=transcoder, layer=7, feature=1092, pos=14)",1
0,3,13486,transcoder,6,45,4984,transcoder,0.9259824752807617,0.718034565448761,-0.20794790983200073,0.0,-0.22457002738518358,"Node(id=13_4984_45, type=transcoder, layer=6, feature=4984, pos=45)",1
0,55,11076,transcoder,13,51,13122,transcoder,0.9594287276268005,0.7468442320823669,-0.2125844955444336,0.0,-0.22157403611446258,"Node(id=27_13122_51, type=transcoder, layer=13, feature=13122, pos=51)",1
0,55,11076,transcoder,14,51,138,transcoder,4.929553031921387,3.67149019241333,-1.2580628395080566,0.0,-0.25520829806707707,"Node(id=29_138_51, type=transcoder, layer=14, feature=138, pos=51)",1
0,55,11076,transcoder,11,51,9680,transcoder,1.042241096496582,0.7681524157524109,-0.27408868074417114,0.0,-0.2629801124379958,"Node(id=23_9680_51, type=transcoder, layer=11, feature=9680, pos=51)",1
0,55,11076,transcoder,13,51,12356,transcoder,3.2392890453338623,2.7198874950408936,-0.5194015502929688,0.0,-0.16034430488417123,"Node(id=27_12356_51, type=transcoder, layer=13, feature=12356, pos=51)",1
0,55,11076,transcoder,1,55,8511,transcoder,0.6230177879333496,0.0,-0.6230177879333496,0.0,-1.0,"Node(id=3_8511_55, type=transcoder, layer=1, feature=8511, pos=55)",1
0,55,11076,transcoder,12,51,8628,transcoder,0.8337218761444092,0.5516783595085144,-0.2820435166358948,0.0,-0.3382944896926777,"Node(id=25_8628_51, type=transcoder, layer=12, feature=8628, pos=51)",1
0,55,11076,transcoder,10,51,12950,transcoder,0.8460464477539062,0.6306194067001343,-0.21542704105377197,0.0,-0.2546279127176648,"Node(id=21_12950_51, type=transcoder, layer=10, feature=12950, pos=51)",1
0,55,11076,transcoder,4,23,3675,transcoder,0.6166015863418579,0.5344604849815369,-0.08214110136032104,0.0,-0.13321584501208233,"Node(id=9_3675_23, type=transcoder, layer=4, feature=3675, pos=23)",1
0,55,11076,transcoder,6,23,4099,transcoder,2.014463186264038,1.6494992971420288,-0.3649638891220093,0.0,-0.181171783932602,"Node(id=13_4099_23, type=transcoder, layer=6, feature=4099, pos=23)",1
0,55,11076,transcoder,9,54,12243,lorsa,2.3094804286956787,0.0,-2.3094804286956787,0.0,-1.0,"Node(id=18_12243_54, type=lorsa, layer=9, feature=12243, pos=54)",1
0,55,11076,transcoder,14,55,9044,lorsa,3.8024330139160156,1.457480549812317,-2.3449524641036987,0.0,-0.6166979025065585,"Node(id=28_9044_55, type=lorsa, layer=14, feature=9044, pos=55)",1
0,55,11076,transcoder,3,55,15371,transcoder,0.6983613967895508,0.0,-0.6983613967895508,0.0,-1.0,"Node(id=7_15371_55, type=transcoder, layer=3, feature=15371, pos=55)",1
0,55,11076,transcoder,13,55,9300,transcoder,0.6302089691162109,0.0,-0.6302089691162109,0.0,-1.0,"Node(id=27_9300_55, type=transcoder, layer=13, feature=9300, pos=55)",1
0,55,11076,transcoder,14,51,11169,transcoder,0.6642193794250488,0.0,-0.6642193794250488,0.0,-1.0,"Node(id=29_11169_51, type=transcoder, layer=14, feature=11169, pos=51)",1
0,55,11076,transcoder,8,14,912,transcoder,0.7022373080253601,0.6292359232902527,-0.07300138473510742,0.0,-0.10395543486628754,"Node(id=17_912_14, type=transcoder, layer=8, feature=912, pos=14)",1
0,55,11076,transcoder,13,55,14142,transcoder,0.6139975786209106,0.5504355430603027,-0.06356203556060791,0.0,-0.10352163880413584,"Node(id=27_14142_55, type=transcoder, layer=13, feature=14142, pos=55)",1
0,55,11076,transcoder,8,62,8174,transcoder,1.1858330965042114,0.9536962509155273,-0.23213684558868408,0.0,-0.1957584471819974,"Node(id=17_8174_62, type=transcoder, layer=8, feature=8174, pos=62)",1
0,55,11076,transcoder,12,23,15674,transcoder,0.6342616677284241,0.47118717432022095,-0.16307449340820312,0.0,-0.2571091738717967,"Node(id=25_15674_23, type=transcoder, layer=12, feature=15674, pos=23)",1
0,55,11076,transcoder,3,55,8792,lorsa,2.6274337768554688,1.6419129371643066,-0.9855208396911621,0.0,-0.37508874566979206,"Node(id=6_8792_55, type=lorsa, layer=3, feature=8792, pos=55)",1
0,55,11076,transcoder,7,51,14452,transcoder,2.90750789642334,2.413907766342163,-0.49360013008117676,0.0,-0.16976742546026347,"Node(id=15_14452_51, type=transcoder, layer=7, feature=14452, pos=51)",1
0,55,11076,transcoder,13,51,5681,lorsa,1.9713155031204224,1.1456161737442017,-0.8256993293762207,0.0,-0.41885701607338344,"Node(id=26_5681_51, type=lorsa, layer=13, feature=5681, pos=51)",1
0,55,11076,transcoder,8,54,11682,transcoder,0.4600358009338379,0.28086981177330017,-0.17916598916053772,0.0,-0.38946096976984035,"Node(id=17_11682_54, type=transcoder, layer=8, feature=11682, pos=54)",1
0,55,11076,transcoder,12,54,9524,transcoder,0.9488894939422607,0.58709716796875,-0.36179232597351074,0.0,-0.3812797257037873,"Node(id=25_9524_54, type=transcoder, layer=12, feature=9524, pos=54)",1
0,55,11076,transcoder,8,54,1436,lorsa,2.9068973064422607,1.8286696672439575,-1.0782276391983032,0.0,-0.370920443872832,"Node(id=16_1436_54, type=lorsa, layer=8, feature=1436, pos=54)",1
0,55,11076,transcoder,10,14,14175,transcoder,0.5143704414367676,0.3959444761276245,-0.11842596530914307,0.0,-0.23023477977923693,"Node(id=21_14175_14, type=transcoder, layer=10, feature=14175, pos=14)",1
0,55,11076,transcoder,13,51,3932,transcoder,0.40207821130752563,0.0,-0.40207821130752563,0.0,-1.0,"Node(id=27_3932_51, type=transcoder, layer=13, feature=3932, pos=51)",1
0,55,11076,transcoder,1,55,4857,transcoder,0.4845144748687744,0.0,-0.4845144748687744,0.0,-1.0,"Node(id=3_4857_55, type=transcoder, layer=1, feature=4857, pos=55)",1
0,55,11076,transcoder,10,8,54,transcoder,18.665470123291016,16.697317123413086,-1.9681529998779297,0.0,-0.1054435268374003,"Node(id=21_54_8, type=transcoder, layer=10, feature=54, pos=8)",1
0,55,11076,transcoder,12,54,9881,lorsa,2.963268280029297,2.3627145290374756,-0.6005537509918213,0.0,-0.2026660073403424,"Node(id=24_9881_54, type=lorsa, layer=12, feature=9881, pos=54)",1
0,55,11076,transcoder,1,55,16329,lorsa,1.2881624698638916,0.0,-1.2881624698638916,0.0,-1.0,"Node(id=2_16329_55, type=lorsa, layer=1, feature=16329, pos=55)",1
0,55,11076,transcoder,14,51,4640,lorsa,1.3973380327224731,0.0,-1.3973380327224731,0.0,-1.0,"Node(id=28_4640_51, type=lorsa, layer=14, feature=4640, pos=51)",1
0,55,11076,transcoder,1,55,11995,lorsa,0.9528807401657104,0.3907844126224518,-0.5620963275432587,0.0,-0.5898915822829072,"Node(id=2_11995_55, type=lorsa, layer=1, feature=11995, pos=55)",1
0,55,11076,transcoder,9,54,13348,transcoder,0.5763208270072937,0.38520246744155884,-0.19111835956573486,0.0,-0.33161799922825996,"Node(id=19_13348_54, type=transcoder, layer=9, feature=13348, pos=54)",1
0,55,11076,transcoder,3,51,13895,transcoder,1.1960400342941284,1.004083514213562,-0.1919565200805664,0.0,-0.16049339033526092,"Node(id=7_13895_51, type=transcoder, layer=3, feature=13895, pos=51)",1
0,55,11076,transcoder,14,55,8748,lorsa,1.8016709089279175,0.0,-1.8016709089279175,0.0,-1.0,"Node(id=28_8748_55, type=lorsa, layer=14, feature=8748, pos=55)",1
0,55,11076,transcoder,7,14,2772,transcoder,0.7835947275161743,0.7014135122299194,-0.08218121528625488,0.0,-0.10487719276360058,"Node(id=15_2772_14, type=transcoder, layer=7, feature=2772, pos=14)",1
0,55,11076,transcoder,10,2,54,transcoder,18.140689849853516,13.975887298583984,-4.164802551269531,0.0,-0.22958347150746097,"Node(id=21_54_2, type=transcoder, layer=10, feature=54, pos=2)",1
0,55,11076,transcoder,14,51,13673,lorsa,0.8683499097824097,0.0,-0.8683499097824097,0.0,-1.0,"Node(id=28_13673_51, type=lorsa, layer=14, feature=13673, pos=51)",1
0,55,11076,transcoder,14,51,790,transcoder,0.5391555428504944,0.0,-0.5391555428504944,0.0,-1.0,"Node(id=29_790_51, type=transcoder, layer=14, feature=790, pos=51)",1
0,55,11076,transcoder,14,51,7697,transcoder,1.0310401916503906,0.7265084385871887,-0.3045317530632019,0.0,-0.2953636100021829,"Node(id=29_7697_51, type=transcoder, layer=14, feature=7697, pos=51)",1
0,55,11076,transcoder,13,51,6109,transcoder,0.38438713550567627,0.16957829892635345,-0.21480883657932281,0.0,-0.5588346142144779,"Node(id=27_6109_51, type=transcoder, layer=13, feature=6109, pos=51)",1
0,55,11076,transcoder,14,51,14073,transcoder,0.8638689517974854,0.0,-0.8638689517974854,0.0,-1.0,"Node(id=29_14073_51, type=transcoder, layer=14, feature=14073, pos=51)",1
0,55,11076,transcoder,5,54,14178,lorsa,2.141420841217041,1.2642251253128052,-0.8771957159042358,0.0,-0.40963256685486266,"Node(id=10_14178_54, type=lorsa, layer=5, feature=14178, pos=54)",1
0,55,11076,transcoder,14,51,2652,transcoder,1.2029510736465454,0.0,-1.2029510736465454,0.0,-1.0,"Node(id=29_2652_51, type=transcoder, layer=14, feature=2652, pos=51)",1
0,55,11076,transcoder,13,56,12356,transcoder,1.2258914709091187,0.33802908658981323,-0.8878623843193054,0.0,-0.7242585541939275,"Node(id=27_12356_56, type=transcoder, layer=13, feature=12356, pos=56)",1
0,55,11076,transcoder,3,54,10248,transcoder,0.899041473865509,0.8053199648857117,-0.09372150897979736,0.0,-0.10424603503199177,"Node(id=7_10248_54, type=transcoder, layer=3, feature=10248, pos=54)",1
0,55,11076,transcoder,12,37,6377,transcoder,0.3010123670101166,0.14716993272304535,-0.15384243428707123,0.0,-0.5110834342626887,"Node(id=25_6377_37, type=transcoder, layer=12, feature=6377, pos=37)",1
0,55,11076,transcoder,14,54,9044,lorsa,3.588165521621704,1.744720458984375,-1.843445062637329,0.0,-0.5137569745679311,"Node(id=28_9044_54, type=lorsa, layer=14, feature=9044, pos=54)",1
0,55,11076,transcoder,12,2,13896,transcoder,12.517711639404297,8.820487976074219,-3.697223663330078,0.0,-0.29535938914678694,"Node(id=25_13896_2, type=transcoder, layer=12, feature=13896, pos=2)",1
0,55,11076,transcoder,6,3,16038,transcoder,1.6520214080810547,1.478656530380249,-0.17336487770080566,0.0,-0.10494105999642088,"Node(id=13_16038_3, type=transcoder, layer=6, feature=16038, pos=3)",1
0,55,11076,transcoder,6,55,4801,transcoder,1.9008395671844482,0.0,-1.9008395671844482,0.0,-1.0,"Node(id=13_4801_55, type=transcoder, layer=6, feature=4801, pos=55)",1
0,55,11076,transcoder,12,37,15342,lorsa,1.2413737773895264,0.0,-1.2413737773895264,0.0,-1.0,"Node(id=24_15342_37, type=lorsa, layer=12, feature=15342, pos=37)",1
0,55,11076,transcoder,6,14,8940,transcoder,1.2855827808380127,1.069114327430725,-0.2164684534072876,0.0,-0.168381574982034,"Node(id=13_8940_14, type=transcoder, layer=6, feature=8940, pos=14)",1
0,55,11076,transcoder,12,1,13896,transcoder,12.206680297851562,9.656928062438965,-2.5497522354125977,0.0,-0.20888170847411863,"Node(id=25_13896_1, type=transcoder, layer=12, feature=13896, pos=1)",1
0,55,11076,transcoder,10,14,6896,transcoder,0.4185520112514496,0.2332032024860382,-0.18534880876541138,0.0,-0.44283339652634257,"Node(id=21_6896_14, type=transcoder, layer=10, feature=6896, pos=14)",1
0,55,11076,transcoder,12,51,5918,transcoder,0.6882085204124451,0.5772191286087036,-0.11098939180374146,0.0,-0.16127291149668596,"Node(id=25_5918_51, type=transcoder, layer=12, feature=5918, pos=51)",1
0,55,11076,transcoder,14,51,7323,lorsa,1.7485430240631104,1.472328782081604,-0.27621424198150635,0.0,-0.1579682273643253,"Node(id=28_7323_51, type=lorsa, layer=14, feature=7323, pos=51)",1
0,55,11076,transcoder,12,37,15649,lorsa,3.205152750015259,1.8529465198516846,-1.3522062301635742,0.0,-0.4218851130128312,"Node(id=24_15649_37, type=lorsa, layer=12, feature=15649, pos=37)",1
0,55,11076,transcoder,7,14,1092,transcoder,0.7006182074546814,0.35783857107162476,-0.34277963638305664,0.0,-0.4892531092338603,"Node(id=15_1092_14, type=transcoder, layer=7, feature=1092, pos=14)",1
0,55,11076,transcoder,6,45,4984,transcoder,0.9259824752807617,0.734963595867157,-0.19101887941360474,0.0,-0.20628779108987674,"Node(id=13_4984_45, type=transcoder, layer=6, feature=4984, pos=45)",1
10,63,3332,transcoder,14,51,790,transcoder,0.5391555428504944,0.4768386483192444,-0.06231689453125,0.0,-0.1155824054071354,"Node(id=29_790_51, type=transcoder, layer=14, feature=790, pos=51)",1
10,63,3332,transcoder,12,37,6377,transcoder,0.3010123670101166,0.2591370642185211,-0.04187530279159546,0.0,-0.13911489154925016,"Node(id=25_6377_37, type=transcoder, layer=12, feature=6377, pos=37)",1
0,55,12046,lorsa,0,55,11076,transcoder,1.237419605255127,0.9205142855644226,-0.31690531969070435,0.0,-0.2561017445859571,"Node(id=1_11076_55, type=transcoder, layer=0, feature=11076, pos=55)",1
0,55,12046,lorsa,1,55,8511,transcoder,0.6230177879333496,0.32680076360702515,-0.29621702432632446,0.0,-0.4754551636622191,"Node(id=3_8511_55, type=transcoder, layer=1, feature=8511, pos=55)",1
0,55,12046,lorsa,14,51,11169,transcoder,0.6642193794250488,0.4829539656639099,-0.18126541376113892,0.0,-0.2728999173707383,"Node(id=29_11169_51, type=transcoder, layer=14, feature=11169, pos=51)",1
0,55,12046,lorsa,1,55,4857,transcoder,0.4845144748687744,0.3678207993507385,-0.11669367551803589,0.0,-0.2408466239313926,"Node(id=3_4857_55, type=transcoder, layer=1, feature=4857, pos=55)",1
0,55,12046,lorsa,1,55,16329,lorsa,1.2881624698638916,0.8885276913642883,-0.39963477849960327,0.0,-0.31023631556493725,"Node(id=2_16329_55, type=lorsa, layer=1, feature=16329, pos=55)",1
0,55,12046,lorsa,1,55,11995,lorsa,0.9528807401657104,0.7038614153862,-0.2490193247795105,0.0,-0.2613331493469003,"Node(id=2_11995_55, type=lorsa, layer=1, feature=11995, pos=55)",1
0,55,12046,lorsa,0,55,12875,transcoder,0.8819401860237122,0.729085385799408,-0.1528548002243042,0.0,-0.17331651584384714,"Node(id=1_12875_55, type=transcoder, layer=0, feature=12875, pos=55)",1
0,55,12046,lorsa,0,55,8903,transcoder,0.28014376759529114,0.19243943691253662,-0.08770433068275452,0.0,-0.31306900537389903,"Node(id=1_8903_55, type=transcoder, layer=0, feature=8903, pos=55)",1
0,55,12046,lorsa,3,54,10248,transcoder,0.899041473865509,0.785750687122345,-0.11329078674316406,0.0,-0.12601285929119624,"Node(id=7_10248_54, type=transcoder, layer=3, feature=10248, pos=54)",1
13,54,12356,transcoder,14,51,4640,lorsa,1.3973380327224731,0.6746312379837036,-0.7227067947387695,0.0,-0.5172025507175951,"Node(id=28_4640_51, type=lorsa, layer=14, feature=4640, pos=51)",1
13,54,12356,transcoder,14,51,2652,transcoder,1.2029510736465454,0.6659337282180786,-0.5370173454284668,0.0,-0.4464166142689314,"Node(id=29_2652_51, type=transcoder, layer=14, feature=2652, pos=51)",1
13,54,12356,transcoder,14,54,9044,lorsa,3.588165521621704,2.235898494720459,-1.3522670269012451,0.0,-0.3768686307119064,"Node(id=28_9044_54, type=lorsa, layer=14, feature=9044, pos=54)",1
1,51,11331,transcoder,3,51,5284,transcoder,0.8926391005516052,0.7243226766586304,-0.16831642389297485,0.0,-0.18856044261220903,"Node(id=7_5284_51, type=transcoder, layer=3, feature=5284, pos=51)",1
1,51,11331,transcoder,2,51,5718,transcoder,0.8235379457473755,0.6472083926200867,-0.17632955312728882,0.0,-0.21411223858940293,"Node(id=5_5718_51, type=transcoder, layer=2, feature=5718, pos=51)",1
1,51,11331,transcoder,3,51,7112,transcoder,1.2625163793563843,1.1272633075714111,-0.13525307178497314,0.0,-0.10712975609387622,"Node(id=7_7112_51, type=transcoder, layer=3, feature=7112, pos=51)",1
1,51,11331,transcoder,2,51,9305,transcoder,0.8282850384712219,0.6831488609313965,-0.14513617753982544,0.0,-0.17522491750871833,"Node(id=5_9305_51, type=transcoder, layer=2, feature=9305, pos=51)",1
1,51,11331,transcoder,3,51,2992,lorsa,2.136613607406616,1.6892595291137695,-0.4473540782928467,0.0,-0.2093752828036311,"Node(id=6_2992_51, type=lorsa, layer=3, feature=2992, pos=51)",1
1,51,11331,transcoder,12,32,13896,transcoder,8.983194351196289,0.6317782402038574,-8.351416110992432,0.0,-0.9296710929871261,"Node(id=25_13896_32, type=transcoder, layer=12, feature=13896, pos=32)",1
1,51,11331,transcoder,11,14,12258,transcoder,0.23024021089076996,0.18962588906288147,-0.04061432182788849,0.0,-0.17639977687110722,"Node(id=23_12258_14, type=transcoder, layer=11, feature=12258, pos=14)",1
1,51,11331,transcoder,14,51,7697,transcoder,1.0310401916503906,0.7149073481559753,-0.3161328434944153,0.0,-0.3066154414294753,"Node(id=29_7697_51, type=transcoder, layer=14, feature=7697, pos=51)",1
1,51,11331,transcoder,13,55,6340,transcoder,0.37931957840919495,0.3402111232280731,-0.039108455181121826,0.0,-0.10310159930351176,"Node(id=27_6340_55, type=transcoder, layer=13, feature=6340, pos=55)",1
9,63,13165,transcoder,11,54,14428,lorsa,3.4473183155059814,3.080227851867676,-0.36709046363830566,0.0,-0.10648580433873447,"Node(id=22_14428_54, type=lorsa, layer=11, feature=14428, pos=54)",1
9,63,13165,transcoder,12,37,6377,transcoder,0.3010123670101166,0.24393542110919952,-0.05707694590091705,0.0,-0.18961661432003152,"Node(id=25_6377_37, type=transcoder, layer=12, feature=6377, pos=37)",1
1,54,11614,lorsa,1,54,9400,transcoder,0.9067674875259399,0.5895994901657104,-0.3171679973602295,0.0,-0.349778748933316,"Node(id=3_9400_54, type=transcoder, layer=1, feature=9400, pos=54)",1
1,54,11614,lorsa,14,51,11169,transcoder,0.6642193794250488,0.5867070555686951,-0.07751232385635376,0.0,-0.1166968719332591,"Node(id=29_11169_51, type=transcoder, layer=14, feature=11169, pos=51)",1
1,54,11614,lorsa,2,54,715,transcoder,0.9930531978607178,0.8506752848625183,-0.14237791299819946,0.0,-0.14337390313521642,"Node(id=5_715_54, type=transcoder, layer=2, feature=715, pos=54)",1
1,54,11614,lorsa,1,54,11175,transcoder,1.3649195432662964,0.9867170453071594,-0.37820249795913696,0.0,-0.2770877593664504,"Node(id=3_11175_54, type=transcoder, layer=1, feature=11175, pos=54)",1
1,54,11614,lorsa,5,54,14178,lorsa,2.141420841217041,1.3132247924804688,-0.8281960487365723,0.0,-0.38675071839960273,"Node(id=10_14178_54, type=lorsa, layer=5, feature=14178, pos=54)",1
1,51,11218,transcoder,2,51,5718,transcoder,0.8235379457473755,0.6778262257575989,-0.1457117199897766,0.0,-0.17693382647661804,"Node(id=5_5718_51, type=transcoder, layer=2, feature=5718, pos=51)",1
1,51,11218,transcoder,3,51,7112,transcoder,1.2625163793563843,0.9962058663368225,-0.26631051301956177,0.0,-0.21093628357940486,"Node(id=7_7112_51, type=transcoder, layer=3, feature=7112, pos=51)",1
1,51,11218,transcoder,2,51,9305,transcoder,0.8282850384712219,0.43675053119659424,-0.3915345072746277,0.0,-0.47270503400289443,"Node(id=5_9305_51, type=transcoder, layer=2, feature=9305, pos=51)",1
1,51,11218,transcoder,3,51,2992,lorsa,2.136613607406616,1.7896543741226196,-0.3469592332839966,0.0,-0.16238744903676317,"Node(id=6_2992_51, type=lorsa, layer=3, feature=2992, pos=51)",1
1,51,11218,transcoder,12,32,13896,transcoder,8.983194351196289,6.129068374633789,-2.8541259765625,0.0,-0.31771838223475785,"Node(id=25_13896_32, type=transcoder, layer=12, feature=13896, pos=32)",1
1,51,11218,transcoder,11,14,12258,transcoder,0.23024021089076996,0.1834527850151062,-0.04678742587566376,0.0,-0.20321135780170277,"Node(id=23_12258_14, type=transcoder, layer=11, feature=12258, pos=14)",1
1,51,11218,transcoder,14,51,7697,transcoder,1.0310401916503906,0.7679629921913147,-0.2630771994590759,0.0,-0.25515707495162443,"Node(id=29_7697_51, type=transcoder, layer=14, feature=7697, pos=51)",1
1,51,11218,transcoder,5,54,14178,lorsa,2.141420841217041,1.7831439971923828,-0.3582768440246582,0.0,-0.16730800276560187,"Node(id=10_14178_54, type=lorsa, layer=5, feature=14178, pos=54)",1
0,26,12046,lorsa,12,32,13896,transcoder,8.983194351196289,5.0557990074157715,-3.9273953437805176,0.0,-0.43719362959763947,"Node(id=25_13896_32, type=transcoder, layer=12, feature=13896, pos=32)",1
0,50,5593,transcoder,11,54,10708,transcoder,0.9755883812904358,0.8129947781562805,-0.16259360313415527,0.0,-0.1666620946418904,"Node(id=23_10708_54, type=transcoder, layer=11, feature=10708, pos=54)",1
0,50,5593,transcoder,13,55,9300,transcoder,0.6302089691162109,0.5597769021987915,-0.07043206691741943,0.0,-0.11175986120316818,"Node(id=27_9300_55, type=transcoder, layer=13, feature=9300, pos=55)",1
0,50,5593,transcoder,11,51,9849,transcoder,0.687792956829071,0.610847532749176,-0.07694542407989502,0.0,-0.11187294565305841,"Node(id=23_9849_51, type=transcoder, layer=11, feature=9849, pos=51)",1
0,50,5593,transcoder,13,51,5681,lorsa,1.9713155031204224,1.254319667816162,-0.7169958353042603,0.0,-0.36371439993715754,"Node(id=26_5681_51, type=lorsa, layer=13, feature=5681, pos=51)",1
0,50,5593,transcoder,9,54,12266,lorsa,1.494158148765564,0.0,-1.494158148765564,0.0,-1.0,"Node(id=18_12266_54, type=lorsa, layer=9, feature=12266, pos=54)",1
0,50,5593,transcoder,8,54,11682,transcoder,0.4600358009338379,0.38508981466293335,-0.07494598627090454,0.0,-0.16291337786922203,"Node(id=17_11682_54, type=transcoder, layer=8, feature=11682, pos=54)",1
0,50,5593,transcoder,12,54,9524,transcoder,0.9488894939422607,0.7977250218391418,-0.1511644721031189,0.0,-0.15930671913658806,"Node(id=25_9524_54, type=transcoder, layer=12, feature=9524, pos=54)",1
0,50,5593,transcoder,11,54,14428,lorsa,3.4473183155059814,2.841144323348999,-0.6061739921569824,0.0,-0.1758392862737455,"Node(id=22_14428_54, type=lorsa, layer=11, feature=14428, pos=54)",1
0,50,5593,transcoder,10,14,14175,transcoder,0.5143704414367676,0.4479995667934418,-0.0663708746433258,0.0,-0.12903322060640782,"Node(id=21_14175_14, type=transcoder, layer=10, feature=14175, pos=14)",1
0,50,5593,transcoder,12,54,9881,lorsa,2.963268280029297,2.451935052871704,-0.5113332271575928,0.0,-0.17255718309532792,"Node(id=24_9881_54, type=lorsa, layer=12, feature=9881, pos=54)",1
0,50,5593,transcoder,3,56,2286,transcoder,0.6956806182861328,0.42661821842193604,-0.2690623998641968,0.0,-0.38676138560113177,"Node(id=7_2286_56, type=transcoder, layer=3, feature=2286, pos=56)",1
0,50,5593,transcoder,14,51,4640,lorsa,1.3973380327224731,0.5167984962463379,-0.8805395364761353,0.0,-0.630154991745666,"Node(id=28_4640_51, type=lorsa, layer=14, feature=4640, pos=51)",1
0,50,5593,transcoder,14,55,8748,lorsa,1.8016709089279175,1.0285143852233887,-0.7731565237045288,0.0,-0.4291330452599664,"Node(id=28_8748_55, type=lorsa, layer=14, feature=8748, pos=55)",1
0,50,5593,transcoder,14,51,790,transcoder,0.5391555428504944,0.42767831683158875,-0.11147722601890564,0.0,-0.20676264483812942,"Node(id=29_790_51, type=transcoder, layer=14, feature=790, pos=51)",1
0,50,5593,transcoder,14,51,7697,transcoder,1.0310401916503906,0.7605032920837402,-0.2705368995666504,0.0,-0.26239219552983745,"Node(id=29_7697_51, type=transcoder, layer=14, feature=7697, pos=51)",1
0,50,5593,transcoder,8,14,16275,lorsa,3.750656843185425,3.1693291664123535,-0.5813276767730713,0.0,-0.15499356541489168,"Node(id=16_16275_14, type=lorsa, layer=8, feature=16275, pos=14)",1
0,50,5593,transcoder,13,51,6109,transcoder,0.38438713550567627,0.3217688202857971,-0.06261831521987915,0.0,-0.1629042947483201,"Node(id=27_6109_51, type=transcoder, layer=13, feature=6109, pos=51)",1
0,50,5593,transcoder,14,51,14073,transcoder,0.8638689517974854,0.4734734892845154,-0.39039546251296997,0.0,-0.4519151448847179,"Node(id=29_14073_51, type=transcoder, layer=14, feature=14073, pos=51)",1
0,50,5593,transcoder,14,51,2652,transcoder,1.2029510736465454,0.7908172607421875,-0.4121338129043579,0.0,-0.34260230688771326,"Node(id=29_2652_51, type=transcoder, layer=14, feature=2652, pos=51)",1
0,50,5593,transcoder,13,56,12356,transcoder,1.2258914709091187,1.0176100730895996,-0.20828139781951904,0.0,-0.16990198786933233,"Node(id=27_12356_56, type=transcoder, layer=13, feature=12356, pos=56)",1
0,50,5593,transcoder,12,37,6377,transcoder,0.3010123670101166,0.0,-0.3010123670101166,0.0,-1.0,"Node(id=25_6377_37, type=transcoder, layer=12, feature=6377, pos=37)",1
0,50,5593,transcoder,12,2,13896,transcoder,12.517711639404297,11.158923149108887,-1.3587884902954102,0.0,-0.10854927237803613,"Node(id=25_13896_2, type=transcoder, layer=12, feature=13896, pos=2)",1
0,50,5593,transcoder,11,37,7513,transcoder,0.49810850620269775,0.4127061367034912,-0.08540236949920654,0.0,-0.17145334487512914,"Node(id=23_7513_37, type=transcoder, layer=11, feature=7513, pos=37)",1
0,50,5593,transcoder,12,1,13896,transcoder,12.206680297851562,10.795883178710938,-1.410797119140625,0.0,-0.11557582280490564,"Node(id=25_13896_1, type=transcoder, layer=12, feature=13896, pos=1)",1
0,50,5593,transcoder,10,14,6896,transcoder,0.4185520112514496,0.33466848731040955,-0.08388352394104004,0.0,-0.20041362049660805,"Node(id=21_6896_14, type=transcoder, layer=10, feature=6896, pos=14)",1
0,50,5593,transcoder,10,14,11541,transcoder,0.4443958103656769,0.3255438208580017,-0.11885198950767517,0.0,-0.26744624214588403,"Node(id=21_11541_14, type=transcoder, layer=10, feature=11541, pos=14)",1
0,50,5593,transcoder,14,51,7323,lorsa,1.7485430240631104,1.5697768926620483,-0.178766131401062,0.0,-0.10223719344672516,"Node(id=28_7323_51, type=lorsa, layer=14, feature=7323, pos=51)",1
0,50,5593,transcoder,12,37,15649,lorsa,3.205152750015259,2.5390381813049316,-0.6661145687103271,0.0,-0.20782615390394607,"Node(id=24_15649_37, type=lorsa, layer=12, feature=15649, pos=37)",1
0,50,5593,transcoder,10,51,13957,transcoder,1.0498993396759033,0.8657218813896179,-0.1841774582862854,0.0,-0.1754239204904536,"Node(id=21_13957_51, type=transcoder, layer=10, feature=13957, pos=51)",1
0,26,11076,transcoder,14,51,2640,transcoder,1.2701964378356934,1.0719294548034668,-0.19826698303222656,0.0,-0.15609159113220047,"Node(id=29_2640_51, type=transcoder, layer=14, feature=2640, pos=51)",1
0,26,11076,transcoder,14,55,9044,lorsa,3.8024330139160156,1.1025915145874023,-2.6998414993286133,0.0,-0.7100299964385499,"Node(id=28_9044_55, type=lorsa, layer=14, feature=9044, pos=55)",1
0,26,11076,transcoder,7,0,6104,transcoder,6.486999988555908,5.309579849243164,-1.1774201393127441,0.0,-0.1815045693525357,"Node(id=15_6104_0, type=transcoder, layer=7, feature=6104, pos=0)",1
0,26,11076,transcoder,11,51,9849,transcoder,0.687792956829071,0.5251328349113464,-0.1626601219177246,0.0,-0.2364957656263825,"Node(id=23_9849_51, type=transcoder, layer=11, feature=9849, pos=51)",1
0,26,11076,transcoder,9,54,12266,lorsa,1.494158148765564,0.0,-1.494158148765564,0.0,-1.0,"Node(id=18_12266_54, type=lorsa, layer=9, feature=12266, pos=54)",1
0,26,11076,transcoder,12,32,13896,transcoder,8.983194351196289,0.0,-8.983194351196289,0.0,-1.0,"Node(id=25_13896_32, type=transcoder, layer=12, feature=13896, pos=32)",1
0,26,11076,transcoder,8,54,11682,transcoder,0.4600358009338379,0.26708856225013733,-0.19294723868370056,0.0,-0.41941787637403927,"Node(id=17_11682_54, type=transcoder, layer=8, feature=11682, pos=54)",1
0,26,11076,transcoder,11,54,14428,lorsa,3.4473183155059814,2.934317111968994,-0.5130012035369873,0.0,-0.14881167231628026,"Node(id=22_14428_54, type=lorsa, layer=11, feature=14428, pos=54)",1
0,26,11076,transcoder,9,54,1889,transcoder,0.6214693784713745,0.5123600959777832,-0.10910928249359131,0.0,-0.1755666268899152,"Node(id=19_1889_54, type=transcoder, layer=9, feature=1889, pos=54)",1
0,26,11076,transcoder,14,55,8748,lorsa,1.8016709089279175,0.0,-1.8016709089279175,0.0,-1.0,"Node(id=28_8748_55, type=lorsa, layer=14, feature=8748, pos=55)",1
0,26,11076,transcoder,7,14,2772,transcoder,0.7835947275161743,0.673737645149231,-0.10985708236694336,0.0,-0.14019630110984352,"Node(id=15_2772_14, type=transcoder, layer=7, feature=2772, pos=14)",1
0,26,11076,transcoder,11,56,7586,transcoder,2.6750638484954834,2.092197895050049,-0.5828659534454346,0.0,-0.21788861367673584,"Node(id=23_7586_56, type=transcoder, layer=11, feature=7586, pos=56)",1
0,26,11076,transcoder,14,51,7697,transcoder,1.0310401916503906,0.0,-1.0310401916503906,0.0,-1.0,"Node(id=29_7697_51, type=transcoder, layer=14, feature=7697, pos=51)",1
0,26,11076,transcoder,14,51,14073,transcoder,0.8638689517974854,0.279880553483963,-0.5839883983135223,0.0,-0.6760150334126435,"Node(id=29_14073_51, type=transcoder, layer=14, feature=14073, pos=51)",1
0,26,11076,transcoder,13,55,6340,transcoder,0.37931957840919495,0.0,-0.37931957840919495,0.0,-1.0,"Node(id=27_6340_55, type=transcoder, layer=13, feature=6340, pos=55)",1
0,26,11076,transcoder,5,54,14178,lorsa,2.141420841217041,1.3899730443954468,-0.7514477968215942,0.0,-0.3509108449670833,"Node(id=10_14178_54, type=lorsa, layer=5, feature=14178, pos=54)",1
0,26,11076,transcoder,14,51,2652,transcoder,1.2029510736465454,0.6237804293632507,-0.5791706442832947,0.0,-0.4814581880937481,"Node(id=29_2652_51, type=transcoder, layer=14, feature=2652, pos=51)",1
0,26,11076,transcoder,13,56,12356,transcoder,1.2258914709091187,0.689157247543335,-0.5367342233657837,0.0,-0.4378317625195179,"Node(id=27_12356_56, type=transcoder, layer=13, feature=12356, pos=56)",1
0,26,11076,transcoder,12,37,6377,transcoder,0.3010123670101166,0.0,-0.3010123670101166,0.0,-1.0,"Node(id=25_6377_37, type=transcoder, layer=12, feature=6377, pos=37)",1
0,26,11076,transcoder,14,54,9044,lorsa,3.588165521621704,0.7229089736938477,-2.8652565479278564,0.0,-0.7985296471587736,"Node(id=28_9044_54, type=lorsa, layer=14, feature=9044, pos=54)",1
0,26,11076,transcoder,10,14,6896,transcoder,0.4185520112514496,0.25766628980636597,-0.16088572144508362,0.0,-0.38438644928271487,"Node(id=21_6896_14, type=transcoder, layer=10, feature=6896, pos=14)",1
0,26,11076,transcoder,10,14,11541,transcoder,0.4443958103656769,0.3837246596813202,-0.06067115068435669,0.0,-0.13652502852003182,"Node(id=21_11541_14, type=transcoder, layer=10, feature=11541, pos=14)",1
0,26,11076,transcoder,14,51,7323,lorsa,1.7485430240631104,1.242605447769165,-0.5059375762939453,0.0,-0.28934808542388174,"Node(id=28_7323_51, type=lorsa, layer=14, feature=7323, pos=51)",1
0,26,11076,transcoder,12,37,15649,lorsa,3.205152750015259,1.696762204170227,-1.5083905458450317,0.0,-0.470614246337511,"Node(id=24_15649_37, type=lorsa, layer=12, feature=15649, pos=37)",1
13,54,7656,transcoder,14,51,4640,lorsa,1.3973380327224731,1.020897626876831,-0.3764404058456421,0.0,-0.2693982393882264,"Node(id=28_4640_51, type=lorsa, layer=14, feature=4640, pos=51)",1
13,54,7656,transcoder,14,51,2652,transcoder,1.2029510736465454,1.031325101852417,-0.17162597179412842,0.0,-0.14267078317148255,"Node(id=29_2652_51, type=transcoder, layer=14, feature=2652, pos=51)",1
13,54,7656,transcoder,14,54,9044,lorsa,3.588165521621704,3.031938076019287,-0.556227445602417,0.0,-0.1550172204294034,"Node(id=28_9044_54, type=lorsa, layer=14, feature=9044, pos=54)",1
2,50,12759,transcoder,9,54,12266,lorsa,1.494158148765564,1.0244941711425781,-0.46966397762298584,0.0,-0.3143335114900725,"Node(id=18_12266_54, type=lorsa, layer=9, feature=12266, pos=54)",1
2,50,12759,transcoder,13,56,2268,transcoder,0.6461610198020935,0.5734148025512695,-0.07274621725082397,0.0,-0.11258218156382246,"Node(id=27_2268_56, type=transcoder, layer=13, feature=2268, pos=56)",1
2,50,12759,transcoder,14,51,4640,lorsa,1.3973380327224731,1.224605917930603,-0.17273211479187012,0.0,-0.12361512443437274,"Node(id=28_4640_51, type=lorsa, layer=14, feature=4640, pos=51)",1
2,50,12759,transcoder,14,51,790,transcoder,0.5391555428504944,0.4807053208351135,-0.05845022201538086,0.0,-0.10841068554420642,"Node(id=29_790_51, type=transcoder, layer=14, feature=790, pos=51)",1
2,50,12759,transcoder,12,37,6377,transcoder,0.3010123670101166,0.242107555270195,-0.05890481173992157,0.0,-0.19568900881053125,"Node(id=25_6377_37, type=transcoder, layer=12, feature=6377, pos=37)",1
8,63,2167,transcoder,11,54,14428,lorsa,3.4473183155059814,2.7106270790100098,-0.7366912364959717,0.0,-0.21369980056159785,"Node(id=22_14428_54, type=lorsa, layer=11, feature=14428, pos=54)",1
8,63,2167,transcoder,12,37,6377,transcoder,0.3010123670101166,0.2700161039829254,-0.030996263027191162,0.0,-0.10297338722348715,"Node(id=25_6377_37, type=transcoder, layer=12, feature=6377, pos=37)",1
8,63,2167,transcoder,12,37,15342,lorsa,1.2413737773895264,1.0953174829483032,-0.14605629444122314,0.0,-0.11765698382026693,"Node(id=24_15342_37, type=lorsa, layer=12, feature=15342, pos=37)",1
3,50,6487,transcoder,9,54,12266,lorsa,1.494158148765564,1.1289806365966797,-0.3651775121688843,0.0,-0.24440352078565766,"Node(id=18_12266_54, type=lorsa, layer=9, feature=12266, pos=54)",1
0,35,11076,transcoder,6,51,2057,transcoder,2.2570786476135254,1.9509649276733398,-0.30611371994018555,0.0,-0.13562386063234813,"Node(id=13_2057_51, type=transcoder, layer=6, feature=2057, pos=51)",1
0,35,11076,transcoder,3,51,5284,transcoder,0.8926391005516052,0.7684172987937927,-0.1242218017578125,0.0,-0.13916240245475445,"Node(id=7_5284_51, type=transcoder, layer=3, feature=5284, pos=51)",1
0,35,11076,transcoder,1,51,11331,transcoder,0.7390512824058533,0.6521532535552979,-0.08689802885055542,0.0,-0.11758051290794592,"Node(id=3_11331_51, type=transcoder, layer=1, feature=11331, pos=51)",1
0,35,11076,transcoder,7,51,9138,transcoder,1.008360505104065,0.8644658923149109,-0.14389461278915405,0.0,-0.14270155570433,"Node(id=15_9138_51, type=transcoder, layer=7, feature=9138, pos=51)",1
0,35,11076,transcoder,11,51,9680,transcoder,1.042241096496582,0.9172011017799377,-0.1250399947166443,0.0,-0.1199722359221462,"Node(id=23_9680_51, type=transcoder, layer=11, feature=9680, pos=51)",1
0,35,11076,transcoder,10,51,12950,transcoder,0.8460464477539062,0.5326781272888184,-0.3133683204650879,0.0,-0.37039139080014066,"Node(id=21_12950_51, type=transcoder, layer=10, feature=12950, pos=51)",1
0,35,11076,transcoder,1,3,853,transcoder,1.451816201210022,1.2872300148010254,-0.16458618640899658,0.0,-0.11336571824437665,"Node(id=3_853_3, type=transcoder, layer=1, feature=853, pos=3)",1
0,35,11076,transcoder,14,55,9044,lorsa,3.8024330139160156,2.380690574645996,-1.4217424392700195,0.0,-0.3739033492678963,"Node(id=28_9044_55, type=lorsa, layer=14, feature=9044, pos=55)",1
0,35,11076,transcoder,11,54,10708,transcoder,0.9755883812904358,0.8582858443260193,-0.1173025369644165,0.0,-0.12023773469837497,"Node(id=23_10708_54, type=transcoder, layer=11, feature=10708, pos=54)",1
0,35,11076,transcoder,13,55,9300,transcoder,0.6302089691162109,0.4873965382575989,-0.14281243085861206,0.0,-0.2266112319202448,"Node(id=27_9300_55, type=transcoder, layer=13, feature=9300, pos=55)",1
0,35,11076,transcoder,5,51,8348,transcoder,1.215765118598938,0.9109632968902588,-0.3048018217086792,0.0,-0.2507078193359721,"Node(id=11_8348_51, type=transcoder, layer=5, feature=8348, pos=51)",1
0,35,11076,transcoder,8,14,912,transcoder,0.7022373080253601,0.5694000124931335,-0.13283729553222656,0.0,-0.18916297099872878,"Node(id=17_912_14, type=transcoder, layer=8, feature=912, pos=14)",1
0,35,11076,transcoder,13,55,14142,transcoder,0.6139975786209106,0.461071640253067,-0.15292593836784363,0.0,-0.2490660284220142,"Node(id=27_14142_55, type=transcoder, layer=13, feature=14142, pos=55)",1
0,35,11076,transcoder,8,51,5050,transcoder,0.8566882014274597,0.621067225933075,-0.23562097549438477,0.0,-0.27503702642546085,"Node(id=17_5050_51, type=transcoder, layer=8, feature=5050, pos=51)",1
0,35,11076,transcoder,3,3,5514,transcoder,1.3314927816390991,1.0956648588180542,-0.23582792282104492,0.0,-0.17711543470084395,"Node(id=7_5514_3, type=transcoder, layer=3, feature=5514, pos=3)",1
0,35,11076,transcoder,13,51,5681,lorsa,1.9713155031204224,1.6137280464172363,-0.35758745670318604,0.0,-0.1813953454620308,"Node(id=26_5681_51, type=lorsa, layer=13, feature=5681, pos=51)",1
0,35,11076,transcoder,12,54,9524,transcoder,0.9488894939422607,0.8413867950439453,-0.10750269889831543,0.0,-0.1132931701579751,"Node(id=25_9524_54, type=transcoder, layer=12, feature=9524, pos=54)",1
0,35,11076,transcoder,8,54,1436,lorsa,2.9068973064422607,2.376188039779663,-0.5307092666625977,0.0,-0.18256897671838654,"Node(id=16_1436_54, type=lorsa, layer=8, feature=1436, pos=54)",1
0,35,11076,transcoder,10,14,14175,transcoder,0.5143704414367676,0.3500033915042877,-0.16436704993247986,0.0,-0.31954995211886755,"Node(id=21_14175_14, type=transcoder, layer=10, feature=14175, pos=14)",1
0,35,11076,transcoder,12,54,9881,lorsa,2.963268280029297,2.534865379333496,-0.4284029006958008,0.0,-0.1445710817285721,"Node(id=24_9881_54, type=lorsa, layer=12, feature=9881, pos=54)",1
0,35,11076,transcoder,14,51,4640,lorsa,1.3973380327224731,0.5934057831764221,-0.803932249546051,0.0,-0.5753312589507974,"Node(id=28_4640_51, type=lorsa, layer=14, feature=4640, pos=51)",1
0,35,11076,transcoder,9,54,13348,transcoder,0.5763208270072937,0.45794379711151123,-0.11837702989578247,0.0,-0.20540127017530868,"Node(id=19_13348_54, type=transcoder, layer=9, feature=13348, pos=54)",1
0,35,11076,transcoder,3,51,13895,transcoder,1.1960400342941284,0.9709175229072571,-0.22512251138687134,0.0,-0.18822322408273964,"Node(id=7_13895_51, type=transcoder, layer=3, feature=13895, pos=51)",1
0,35,11076,transcoder,14,55,8748,lorsa,1.8016709089279175,0.8888573050498962,-0.9128136038780212,0.0,-0.5066483558982423,"Node(id=28_8748_55, type=lorsa, layer=14, feature=8748, pos=55)",1
0,35,11076,transcoder,10,2,54,transcoder,18.140689849853516,14.279714584350586,-3.8609752655029297,0.0,-0.2128350849642086,"Node(id=21_54_2, type=transcoder, layer=10, feature=54, pos=2)",1
0,35,11076,transcoder,12,51,15847,transcoder,3.3805553913116455,2.847712278366089,-0.5328431129455566,0.0,-0.15761999176674193,"Node(id=25_15847_51, type=transcoder, layer=12, feature=15847, pos=51)",1
0,35,11076,transcoder,7,3,11946,transcoder,3.5578043460845947,2.970827579498291,-0.5869767665863037,0.0,-0.1649828685021082,"Node(id=15_11946_3, type=transcoder, layer=7, feature=11946, pos=3)",1
0,35,11076,transcoder,11,56,7586,transcoder,2.6750638484954834,2.2788569927215576,-0.3962068557739258,0.0,-0.14811117723293277,"Node(id=23_7586_56, type=transcoder, layer=11, feature=7586, pos=56)",1
0,35,11076,transcoder,14,51,7697,transcoder,1.0310401916503906,0.0,-1.0310401916503906,0.0,-1.0,"Node(id=29_7697_51, type=transcoder, layer=14, feature=7697, pos=51)",1
0,35,11076,transcoder,13,51,6109,transcoder,0.38438713550567627,0.3026329576969147,-0.0817541778087616,0.0,-0.21268708095865588,"Node(id=27_6109_51, type=transcoder, layer=13, feature=6109, pos=51)",1
0,35,11076,transcoder,14,51,14073,transcoder,0.8638689517974854,0.35077041387557983,-0.5130985379219055,0.0,-0.59395413720366,"Node(id=29_14073_51, type=transcoder, layer=14, feature=14073, pos=51)",1
0,35,11076,transcoder,13,55,6340,transcoder,0.37931957840919495,0.3245207965373993,-0.054798781871795654,0.0,-0.1444659990966269,"Node(id=27_6340_55, type=transcoder, layer=13, feature=6340, pos=55)",1
0,35,11076,transcoder,5,54,14178,lorsa,2.141420841217041,1.8573321104049683,-0.28408873081207275,0.0,-0.1326636620621548,"Node(id=10_14178_54, type=lorsa, layer=5, feature=14178, pos=54)",1
0,35,11076,transcoder,14,51,2652,transcoder,1.2029510736465454,0.8280912637710571,-0.3748598098754883,0.0,-0.3116168380307965,"Node(id=29_2652_51, type=transcoder, layer=14, feature=2652, pos=51)",1
0,35,11076,transcoder,13,56,12356,transcoder,1.2258914709091187,0.7784048914909363,-0.4474865794181824,0.0,-0.36502952344250117,"Node(id=27_12356_56, type=transcoder, layer=13, feature=12356, pos=56)",1
0,35,11076,transcoder,12,37,6377,transcoder,0.3010123670101166,0.0,-0.3010123670101166,0.0,-1.0,"Node(id=25_6377_37, type=transcoder, layer=12, feature=6377, pos=37)",1
0,35,11076,transcoder,14,54,9044,lorsa,3.588165521621704,1.8752174377441406,-1.7129480838775635,0.0,-0.47738825691167697,"Node(id=28_9044_54, type=lorsa, layer=14, feature=9044, pos=54)",1
0,35,11076,transcoder,12,2,13896,transcoder,12.517711639404297,10.19870376586914,-2.3190078735351562,0.0,-0.18525813186454862,"Node(id=25_13896_2, type=transcoder, layer=12, feature=13896, pos=2)",1
0,35,11076,transcoder,12,37,15342,lorsa,1.2413737773895264,0.0,-1.2413737773895264,0.0,-1.0,"Node(id=24_15342_37, type=lorsa, layer=12, feature=15342, pos=37)",1
0,35,11076,transcoder,6,14,8940,transcoder,1.2855827808380127,1.1110823154449463,-0.1745004653930664,0.0,-0.1357364675336718,"Node(id=13_8940_14, type=transcoder, layer=6, feature=8940, pos=14)",1
0,35,11076,transcoder,12,1,13896,transcoder,12.206680297851562,10.51307201385498,-1.693608283996582,0.0,-0.13874437952591137,"Node(id=25_13896_1, type=transcoder, layer=12, feature=13896, pos=1)",1
0,35,11076,transcoder,10,14,6896,transcoder,0.4185520112514496,0.21396052837371826,-0.20459148287773132,0.0,-0.4888077882268754,"Node(id=21_6896_14, type=transcoder, layer=10, feature=6896, pos=14)",1
0,35,11076,transcoder,10,14,11541,transcoder,0.4443958103656769,0.301963746547699,-0.1424320638179779,0.0,-0.320507215630084,"Node(id=21_11541_14, type=transcoder, layer=10, feature=11541, pos=14)",1
0,35,11076,transcoder,12,37,15649,lorsa,3.205152750015259,2.1864583492279053,-1.0186944007873535,0.0,-0.31783021910032333,"Node(id=24_15649_37, type=lorsa, layer=12, feature=15649, pos=37)",1
0,35,11076,transcoder,7,14,1092,transcoder,0.7006182074546814,0.5151249170303345,-0.18549329042434692,0.0,-0.26475659417735775,"Node(id=15_1092_14, type=transcoder, layer=7, feature=1092, pos=14)",1
1,56,2693,transcoder,4,55,9090,lorsa,4.7906646728515625,3.5069124698638916,-1.283752202987671,0.0,-0.26796953881214547,"Node(id=8_9090_55, type=lorsa, layer=4, feature=9090, pos=55)",1
1,56,2693,transcoder,14,55,9044,lorsa,3.8024330139160156,1.0342297554016113,-2.7682032585144043,0.0,-0.7280084220769775,"Node(id=28_9044_55, type=lorsa, layer=14, feature=9044, pos=55)",1
1,56,2693,transcoder,14,51,11169,transcoder,0.6642193794250488,0.4625127911567688,-0.20170658826828003,0.0,-0.3036746510511002,"Node(id=29_11169_51, type=transcoder, layer=14, feature=11169, pos=51)",1
1,56,2693,transcoder,3,56,5881,transcoder,4.1003336906433105,1.8275699615478516,-2.272763729095459,0.0,-0.5542875045223161,"Node(id=7_5881_56, type=transcoder, layer=3, feature=5881, pos=56)",1
1,56,2693,transcoder,2,56,13333,transcoder,1.885103464126587,0.35931551456451416,-1.5257879495620728,0.0,-0.8093921519946952,"Node(id=5_13333_56, type=transcoder, layer=2, feature=13333, pos=56)",1
1,56,2693,transcoder,3,55,8792,lorsa,2.6274337768554688,1.2417527437210083,-1.3856810331344604,0.0,-0.5273895179930485,"Node(id=6_8792_55, type=lorsa, layer=3, feature=8792, pos=55)",1
1,56,2693,transcoder,13,56,13473,transcoder,1.8784750699996948,0.9148536324501038,-0.9636214375495911,0.0,-0.5129806899964595,"Node(id=27_13473_56, type=transcoder, layer=13, feature=13473, pos=56)",1
1,56,2693,transcoder,8,54,1436,lorsa,2.9068973064422607,2.2917380332946777,-0.615159273147583,0.0,-0.211620572830099,"Node(id=16_1436_54, type=lorsa, layer=8, feature=1436, pos=54)",1
1,56,2693,transcoder,13,51,3932,transcoder,0.40207821130752563,0.35172370076179504,-0.05035451054573059,0.0,-0.12523561120604326,"Node(id=27_3932_51, type=transcoder, layer=13, feature=3932, pos=51)",1
1,56,2693,transcoder,12,54,9881,lorsa,2.963268280029297,2.5790464878082275,-0.38422179222106934,0.0,-0.1296614939695135,"Node(id=24_9881_54, type=lorsa, layer=12, feature=9881, pos=54)",1
1,56,2693,transcoder,5,56,1007,transcoder,1.8848531246185303,1.3495185375213623,-0.535334587097168,0.0,-0.28401925863879324,"Node(id=11_1007_56, type=transcoder, layer=5, feature=1007, pos=56)",1
1,56,2693,transcoder,14,55,8748,lorsa,1.8016709089279175,0.78764808177948,-1.0140228271484375,0.0,-0.5628235556913281,"Node(id=28_8748_55, type=lorsa, layer=14, feature=8748, pos=55)",1
1,56,2693,transcoder,14,51,13673,lorsa,0.8683499097824097,0.760418713092804,-0.10793119668960571,0.0,-0.12429459077925281,"Node(id=28_13673_51, type=lorsa, layer=14, feature=13673, pos=51)",1
1,56,2693,transcoder,11,56,7586,transcoder,2.6750638484954834,1.2586311101913452,-1.4164327383041382,0.0,-0.5294949274204322,"Node(id=23_7586_56, type=transcoder, layer=11, feature=7586, pos=56)",1
1,56,2693,transcoder,13,56,16285,transcoder,0.37943366169929504,0.0,-0.37943366169929504,0.0,-1.0,"Node(id=27_16285_56, type=transcoder, layer=13, feature=16285, pos=56)",1
1,56,2693,transcoder,14,51,2652,transcoder,1.2029510736465454,1.0796235799789429,-0.12332749366760254,0.0,-0.10252078938984262,"Node(id=29_2652_51, type=transcoder, layer=14, feature=2652, pos=51)",1
1,56,2693,transcoder,2,56,2616,transcoder,3.1142807006835938,1.2852228879928589,-1.8290578126907349,0.0,-0.5873130871887211,"Node(id=5_2616_56, type=transcoder, layer=2, feature=2616, pos=56)",1
1,56,2693,transcoder,13,56,12356,transcoder,1.2258914709091187,0.6381359100341797,-0.587755560874939,0.0,-0.4794515459342095,"Node(id=27_12356_56, type=transcoder, layer=13, feature=12356, pos=56)",1
1,56,2693,transcoder,14,54,9044,lorsa,3.588165521621704,0.7648358941078186,-2.8233296275138855,0.0,-0.7868448683598788,"Node(id=28_9044_54, type=lorsa, layer=14, feature=9044, pos=54)",1
7,23,7600,transcoder,14,54,9044,lorsa,3.588165521621704,3.152986764907837,-0.4351787567138672,0.0,-0.1212816839389238,"Node(id=28_9044_54, type=lorsa, layer=14, feature=9044, pos=54)",1
7,23,7600,transcoder,11,37,7513,transcoder,0.49810850620269775,0.3916971683502197,-0.10641133785247803,0.0,-0.2136308385168904,"Node(id=23_7513_37, type=transcoder, layer=11, feature=7513, pos=37)",1
5,54,5938,transcoder,9,54,12243,lorsa,2.3094804286956787,1.8460354804992676,-0.46344494819641113,0.0,-0.2006706540735442,"Node(id=18_12243_54, type=lorsa, layer=9, feature=12243, pos=54)",1
5,54,5938,transcoder,14,51,11169,transcoder,0.6642193794250488,0.5462347865104675,-0.1179845929145813,0.0,-0.1776289529774173,"Node(id=29_11169_51, type=transcoder, layer=14, feature=11169, pos=51)",1
5,54,5938,transcoder,13,55,14142,transcoder,0.6139975786209106,0.5522039532661438,-0.061793625354766846,0.0,-0.10064148053085233,"Node(id=27_14142_55, type=transcoder, layer=13, feature=14142, pos=55)",1
5,54,5938,transcoder,8,54,1436,lorsa,2.9068973064422607,2.50069522857666,-0.4062020778656006,0.0,-0.13973733332972454,"Node(id=16_1436_54, type=lorsa, layer=8, feature=1436, pos=54)",1
5,54,5938,transcoder,12,54,9881,lorsa,2.963268280029297,2.588204860687256,-0.375063419342041,0.0,-0.12657086159553968,"Node(id=24_9881_54, type=lorsa, layer=12, feature=9881, pos=54)",1
5,54,5938,transcoder,11,14,12258,transcoder,0.23024021089076996,0.1755731999874115,-0.05466701090335846,0.0,-0.237434680466365,"Node(id=23_12258_14, type=transcoder, layer=11, feature=12258, pos=14)",1
5,54,5938,transcoder,14,51,7697,transcoder,1.0310401916503906,0.8764510154724121,-0.15458917617797852,0.0,-0.14993516007414506,"Node(id=29_7697_51, type=transcoder, layer=14, feature=7697, pos=51)",1
5,54,5938,transcoder,12,37,6377,transcoder,0.3010123670101166,0.26849502325057983,-0.03251734375953674,0.0,-0.10802660396489253,"Node(id=25_6377_37, type=transcoder, layer=12, feature=6377, pos=37)",1
5,54,5938,transcoder,12,37,15342,lorsa,1.2413737773895264,0.0,-1.2413737773895264,0.0,-1.0,"Node(id=24_15342_37, type=lorsa, layer=12, feature=15342, pos=37)",1
5,54,5938,transcoder,6,45,4984,transcoder,0.9259824752807617,0.6585602760314941,-0.2674221992492676,0.0,-0.2887983373207836,"Node(id=13_4984_45, type=transcoder, layer=6, feature=4984, pos=45)",1
4,55,9090,lorsa,14,51,11169,transcoder,0.6642193794250488,0.4511079490184784,-0.21311143040657043,0.0,-0.32084494522132223,"Node(id=29_11169_51, type=transcoder, layer=14, feature=11169, pos=51)",1
4,55,9090,lorsa,8,54,1436,lorsa,2.9068973064422607,2.347524881362915,-0.5593724250793457,0.0,-0.1924293726646846,"Node(id=16_1436_54, type=lorsa, layer=8, feature=1436, pos=54)",1
4,55,9090,lorsa,13,51,3932,transcoder,0.40207821130752563,0.3479202389717102,-0.05415797233581543,0.0,-0.13469511854347468,"Node(id=27_3932_51, type=transcoder, layer=13, feature=3932, pos=51)",1
4,55,9090,lorsa,12,54,9881,lorsa,2.963268280029297,2.604635238647461,-0.35863304138183594,0.0,-0.12102618038292849,"Node(id=24_9881_54, type=lorsa, layer=12, feature=9881, pos=54)",1
4,55,9090,lorsa,14,51,13673,lorsa,0.8683499097824097,0.7171273231506348,-0.1512225866317749,0.0,-0.1741493664341695,"Node(id=28_13673_51, type=lorsa, layer=14, feature=13673, pos=51)",1
6,54,6679,transcoder,9,54,12243,lorsa,2.3094804286956787,1.7513670921325684,-0.5581133365631104,0.0,-0.24166186022988514,"Node(id=18_12243_54, type=lorsa, layer=9, feature=12243, pos=54)",1
7,54,14452,transcoder,13,55,9300,transcoder,0.6302089691162109,0.5489934682846069,-0.081215500831604,0.0,-0.12887074734194684,"Node(id=27_9300_55, type=transcoder, layer=13, feature=9300, pos=55)",1
7,54,14452,transcoder,8,54,11682,transcoder,0.4600358009338379,0.36623167991638184,-0.09380412101745605,0.0,-0.2039061325815095,"Node(id=17_11682_54, type=transcoder, layer=8, feature=11682, pos=54)",1
7,54,14452,transcoder,13,56,2268,transcoder,0.6461610198020935,0.5690398812294006,-0.07712113857269287,0.0,-0.11935281796527059,"Node(id=27_2268_56, type=transcoder, layer=13, feature=2268, pos=56)",1
7,54,14452,transcoder,14,51,4640,lorsa,1.3973380327224731,1.2469887733459473,-0.15034925937652588,0.0,-0.10759691345665026,"Node(id=28_4640_51, type=lorsa, layer=14, feature=4640, pos=51)",1
7,54,14452,transcoder,9,54,13348,transcoder,0.5763208270072937,0.47078266739845276,-0.10553815960884094,0.0,-0.18312397307742148,"Node(id=19_13348_54, type=transcoder, layer=9, feature=13348, pos=54)",1
7,54,14452,transcoder,14,51,7697,transcoder,1.0310401916503906,0.7792425751686096,-0.251797616481781,0.0,-0.24421707176975074,"Node(id=29_7697_51, type=transcoder, layer=14, feature=7697, pos=51)",1
7,54,14452,transcoder,10,14,11541,transcoder,0.4443958103656769,0.38774457573890686,-0.05665123462677002,0.0,-0.12747922753851756,"Node(id=21_11541_14, type=transcoder, layer=10, feature=11541, pos=14)",1
6,53,3210,transcoder,9,54,12243,lorsa,2.3094804286956787,0.0,-2.3094804286956787,0.0,-1.0,"Node(id=18_12243_54, type=lorsa, layer=9, feature=12243, pos=54)",1
6,53,3210,transcoder,12,37,6377,transcoder,0.3010123670101166,0.2022147923707962,-0.09879757463932037,0.0,-0.32821765969502487,"Node(id=25_6377_37, type=transcoder, layer=12, feature=6377, pos=37)",1
6,53,3210,transcoder,12,37,15342,lorsa,1.2413737773895264,0.9564552903175354,-0.28491848707199097,0.0,-0.22951869312975456,"Node(id=24_15342_37, type=lorsa, layer=12, feature=15342, pos=37)",1
6,53,3210,transcoder,12,37,15649,lorsa,3.205152750015259,2.658015727996826,-0.5471370220184326,0.0,-0.17070544360665116,"Node(id=24_15649_37, type=lorsa, layer=12, feature=15649, pos=37)",1
0,55,1338,lorsa,3,55,15371,transcoder,0.6983613967895508,0.6128002405166626,-0.08556115627288818,0.0,-0.12251701864711144,"Node(id=7_15371_55, type=transcoder, layer=3, feature=15371, pos=55)",1
0,55,1338,lorsa,14,51,11169,transcoder,0.6642193794250488,0.4533262848854065,-0.21089309453964233,0.0,-0.3175051813787672,"Node(id=29_11169_51, type=transcoder, layer=14, feature=11169, pos=51)",1
0,55,1338,lorsa,1,55,4200,lorsa,1.2039995193481445,1.0103720426559448,-0.1936274766921997,0.0,-0.16082022756706021,"Node(id=2_4200_55, type=lorsa, layer=1, feature=4200, pos=55)",1
0,55,1338,lorsa,8,54,1436,lorsa,2.9068973064422607,2.4819815158843994,-0.42491579055786133,0.0,-0.14617502641602223,"Node(id=16_1436_54, type=lorsa, layer=8, feature=1436, pos=54)",1
0,55,1338,lorsa,13,51,3932,transcoder,0.40207821130752563,0.34752535820007324,-0.05455285310745239,0.0,-0.13567721794735146,"Node(id=27_3932_51, type=transcoder, layer=13, feature=3932, pos=51)",1
0,55,1338,lorsa,1,55,16329,lorsa,1.2881624698638916,1.1276705265045166,-0.160491943359375,0.0,-0.12458983017595034,"Node(id=2_16329_55, type=lorsa, layer=1, feature=16329, pos=55)",1
0,55,1338,lorsa,0,55,8903,transcoder,0.28014376759529114,0.21202491223812103,-0.0681188553571701,0.0,-0.24315677604356992,"Node(id=1_8903_55, type=transcoder, layer=0, feature=8903, pos=55)",1
0,55,1338,lorsa,14,51,13673,lorsa,0.8683499097824097,0.7349823713302612,-0.13336753845214844,0.0,-0.15358732343919695,"Node(id=28_13673_51, type=lorsa, layer=14, feature=13673, pos=51)",1
3,54,753,transcoder,14,51,11169,transcoder,0.6642193794250488,0.567837119102478,-0.0963822603225708,0.0,-0.14510606481551278,"Node(id=29_11169_51, type=transcoder, layer=14, feature=11169, pos=51)",1
3,54,753,transcoder,14,51,7697,transcoder,1.0310401916503906,0.9027136564254761,-0.12832653522491455,0.0,-0.12446317443697485,"Node(id=29_7697_51, type=transcoder, layer=14, feature=7697, pos=51)",1
3,54,753,transcoder,10,14,6896,transcoder,0.4185520112514496,0.3661196529865265,-0.052432358264923096,0.0,-0.1252708309969721,"Node(id=21_6896_14, type=transcoder, layer=10, feature=6896, pos=14)",1
3,50,3742,lorsa,9,54,12266,lorsa,1.494158148765564,1.3252943754196167,-0.16886377334594727,0.0,-0.1130159973262926,"Node(id=18_12266_54, type=lorsa, layer=9, feature=12266, pos=54)",1
3,54,5828,lorsa,9,54,12243,lorsa,2.3094804286956787,2.0752925872802734,-0.23418784141540527,0.0,-0.10140282572027126,"Node(id=18_12243_54, type=lorsa, layer=9, feature=12243, pos=54)",1
3,54,5828,lorsa,14,55,9044,lorsa,3.8024330139160156,3.3465380668640137,-0.45589494705200195,0.0,-0.11989558931966271,"Node(id=28_9044_55, type=lorsa, layer=14, feature=9044, pos=55)",1
3,54,5828,lorsa,14,51,11169,transcoder,0.6642193794250488,0.5890151858329773,-0.07520419359207153,0.0,-0.11322192022938056,"Node(id=29_11169_51, type=transcoder, layer=14, feature=11169, pos=51)",1
3,54,5828,lorsa,14,51,7697,transcoder,1.0310401916503906,0.8737847805023193,-0.1572554111480713,0.0,-0.1525211261612914,"Node(id=29_7697_51, type=transcoder, layer=14, feature=7697, pos=51)",1
3,54,5828,lorsa,3,54,10248,transcoder,0.899041473865509,0.6326512098312378,-0.26639026403427124,0.0,-0.29630475542902657,"Node(id=7_10248_54, type=transcoder, layer=3, feature=10248, pos=54)",1
3,54,5828,lorsa,12,37,15342,lorsa,1.2413737773895264,1.0182567834854126,-0.22311699390411377,0.0,-0.17973393507095378,"Node(id=24_15342_37, type=lorsa, layer=12, feature=15342, pos=37)",1
4,23,3675,transcoder,6,23,4099,transcoder,2.014463186264038,1.047529697418213,-0.9669334888458252,0.0,-0.4799956114557102,"Node(id=13_4099_23, type=transcoder, layer=6, feature=4099, pos=23)",1
4,23,3675,transcoder,7,23,7600,transcoder,1.5129057168960571,1.19950270652771,-0.31340301036834717,0.0,-0.20715303463281132,"Node(id=15_7600_23, type=transcoder, layer=7, feature=7600, pos=23)",1
4,23,3675,transcoder,7,51,6874,lorsa,3.2344436645507812,1.3687620162963867,-1.8656816482543945,0.0,-0.5768168630364788,"Node(id=14_6874_51, type=lorsa, layer=7, feature=6874, pos=51)",1
4,23,3675,transcoder,9,54,12266,lorsa,1.494158148765564,1.263258695602417,-0.23089945316314697,0.0,-0.15453481504210936,"Node(id=18_12266_54, type=lorsa, layer=9, feature=12266, pos=54)",1
4,23,3675,transcoder,12,32,13896,transcoder,8.983194351196289,7.522007942199707,-1.461186408996582,0.0,-0.16265777538276197,"Node(id=25_13896_32, type=transcoder, layer=12, feature=13896, pos=32)",1
4,23,3675,transcoder,11,37,7513,transcoder,0.49810850620269775,0.43053820729255676,-0.06757029891014099,0.0,-0.13565377436586934,"Node(id=23_7513_37, type=transcoder, layer=11, feature=7513, pos=37)",1
1,56,4856,transcoder,4,55,9090,lorsa,4.7906646728515625,3.690112829208374,-1.1005518436431885,0.0,-0.229728423673641,"Node(id=8_9090_55, type=lorsa, layer=4, feature=9090, pos=55)",1
1,56,4856,transcoder,14,55,9044,lorsa,3.8024330139160156,2.755164384841919,-1.0472686290740967,0.0,-0.27542066493777495,"Node(id=28_9044_55, type=lorsa, layer=14, feature=9044, pos=55)",1
1,56,4856,transcoder,3,56,2403,transcoder,1.9280507564544678,1.1759734153747559,-0.7520773410797119,0.0,-0.39007133944062883,"Node(id=7_2403_56, type=transcoder, layer=3, feature=2403, pos=56)",1
1,56,4856,transcoder,7,0,6104,transcoder,6.486999988555908,5.522746562957764,-0.9642534255981445,0.0,-0.14864396906108213,"Node(id=15_6104_0, type=transcoder, layer=7, feature=6104, pos=0)",1
1,56,4856,transcoder,2,56,7272,transcoder,1.4503072500228882,0.0,-1.4503072500228882,0.0,-1.0,"Node(id=5_7272_56, type=transcoder, layer=2, feature=7272, pos=56)",1
1,56,4856,transcoder,13,56,2268,transcoder,0.6461610198020935,0.22391973435878754,-0.42224128544330597,0.0,-0.6534614012659418,"Node(id=27_2268_56, type=transcoder, layer=13, feature=2268, pos=56)",1
1,56,4856,transcoder,3,56,2286,transcoder,0.6956806182861328,0.4400138556957245,-0.2556667625904083,0.0,-0.36750594435168354,"Node(id=7_2286_56, type=transcoder, layer=3, feature=2286, pos=56)",1
1,56,4856,transcoder,5,56,1007,transcoder,1.8848531246185303,1.4230270385742188,-0.4618260860443115,0.0,-0.2450196675869793,"Node(id=11_1007_56, type=transcoder, layer=5, feature=1007, pos=56)",1
1,56,4856,transcoder,14,55,8748,lorsa,1.8016709089279175,1.4999793767929077,-0.30169153213500977,0.0,-0.16745096490153744,"Node(id=28_8748_55, type=lorsa, layer=14, feature=8748, pos=55)",1
1,56,4856,transcoder,13,56,16285,transcoder,0.37943366169929504,0.2204405516386032,-0.15899311006069183,0.0,-0.41902742457967646,"Node(id=27_16285_56, type=transcoder, layer=13, feature=16285, pos=56)",1
1,56,4856,transcoder,2,56,2616,transcoder,3.1142807006835938,2.66988205909729,-0.4443986415863037,0.0,-0.1426970412425434,"Node(id=5_2616_56, type=transcoder, layer=2, feature=2616, pos=56)",1
1,56,4856,transcoder,14,54,9044,lorsa,3.588165521621704,2.7340943813323975,-0.8540711402893066,0.0,-0.2380244543187354,"Node(id=28_9044_54, type=lorsa, layer=14, feature=9044, pos=54)",1
1,56,4856,transcoder,10,56,11708,transcoder,2.9663991928100586,2.0827393531799316,-0.883659839630127,0.0,-0.29788972494731547,"Node(id=21_11708_56, type=transcoder, layer=10, feature=11708, pos=56)",1
4,50,3019,transcoder,9,54,12266,lorsa,1.494158148765564,1.1837702989578247,-0.31038784980773926,0.0,-0.2077342683330904,"Node(id=18_12266_54, type=lorsa, layer=9, feature=12266, pos=54)",1
0,54,15890,transcoder,1,54,9400,transcoder,0.9067674875259399,0.7181117534637451,-0.18865573406219482,0.0,-0.20805304188500467,"Node(id=3_9400_54, type=transcoder, layer=1, feature=9400, pos=54)",1
0,54,15890,transcoder,14,51,11169,transcoder,0.6642193794250488,0.5232781171798706,-0.14094126224517822,0.0,-0.21219083123888616,"Node(id=29_11169_51, type=transcoder, layer=14, feature=11169, pos=51)",1
0,54,15890,transcoder,3,54,5828,lorsa,2.9929561614990234,2.5850841999053955,-0.40787196159362793,0.0,-0.13627729227725977,"Node(id=6_5828_54, type=lorsa, layer=3, feature=5828, pos=54)",1
0,54,15890,transcoder,1,55,11995,lorsa,0.9528807401657104,0.7874556183815002,-0.1654251217842102,0.0,-0.17360527378845123,"Node(id=2_11995_55, type=lorsa, layer=1, feature=11995, pos=55)",1
0,54,15890,transcoder,2,54,715,transcoder,0.9930531978607178,0.8722331523895264,-0.1208200454711914,0.0,-0.12166522974949144,"Node(id=5_715_54, type=transcoder, layer=2, feature=715, pos=54)",1
0,54,15890,transcoder,5,54,14178,lorsa,2.141420841217041,1.677054524421692,-0.4643663167953491,0.0,-0.21684962986137477,"Node(id=10_14178_54, type=lorsa, layer=5, feature=14178, pos=54)",1
3,55,15371,transcoder,14,51,11169,transcoder,0.6642193794250488,0.5453018546104431,-0.11891752481460571,0.0,-0.17903350684760394,"Node(id=29_11169_51, type=transcoder, layer=14, feature=11169, pos=51)",1
0,23,8135,transcoder,13,51,13122,transcoder,0.9594287276268005,0.0,-0.9594287276268005,0.0,-1.0,"Node(id=27_13122_51, type=transcoder, layer=13, feature=13122, pos=51)",1
0,23,8135,transcoder,1,51,11218,transcoder,0.6390401721000671,0.44674965739250183,-0.1922905147075653,0.0,-0.3009052061244353,"Node(id=3_11218_51, type=transcoder, layer=1, feature=11218, pos=51)",1
0,23,8135,transcoder,14,51,11103,transcoder,1.2022953033447266,0.0,-1.2022953033447266,0.0,-1.0,"Node(id=29_11103_51, type=transcoder, layer=14, feature=11103, pos=51)",1
0,23,8135,transcoder,14,51,138,transcoder,4.929553031921387,1.0869311094284058,-3.842621922492981,0.0,-0.7795071678121791,"Node(id=29_138_51, type=transcoder, layer=14, feature=138, pos=51)",1
0,23,8135,transcoder,1,23,1321,transcoder,0.8943891525268555,0.2142552137374878,-0.6801339387893677,0.0,-0.7604452009148731,"Node(id=3_1321_23, type=transcoder, layer=1, feature=1321, pos=23)",1
0,23,8135,transcoder,14,51,2640,transcoder,1.2701964378356934,0.0,-1.2701964378356934,0.0,-1.0,"Node(id=29_2640_51, type=transcoder, layer=14, feature=2640, pos=51)",1
0,23,8135,transcoder,11,51,9680,transcoder,1.042241096496582,0.0,-1.042241096496582,0.0,-1.0,"Node(id=23_9680_51, type=transcoder, layer=11, feature=9680, pos=51)",1
0,23,8135,transcoder,13,51,12356,transcoder,3.2392890453338623,1.228682279586792,-2.0106067657470703,0.0,-0.6206938428799101,"Node(id=27_12356_51, type=transcoder, layer=13, feature=12356, pos=51)",1
0,23,8135,transcoder,2,23,13354,transcoder,0.9106659889221191,0.25972849130630493,-0.6509374976158142,0.0,-0.714792806071824,"Node(id=5_13354_23, type=transcoder, layer=2, feature=13354, pos=23)",1
0,23,8135,transcoder,3,23,15009,transcoder,0.8224453330039978,0.0,-0.8224453330039978,0.0,-1.0,"Node(id=7_15009_23, type=transcoder, layer=3, feature=15009, pos=23)",1
0,23,8135,transcoder,14,23,5634,transcoder,3.0851762294769287,0.0,-3.0851762294769287,0.0,-1.0,"Node(id=29_5634_23, type=transcoder, layer=14, feature=5634, pos=23)",1
0,23,8135,transcoder,12,51,8628,transcoder,0.8337218761444092,0.0,-0.8337218761444092,0.0,-1.0,"Node(id=25_8628_51, type=transcoder, layer=12, feature=8628, pos=51)",1
0,23,8135,transcoder,10,51,12950,transcoder,0.8460464477539062,0.0,-0.8460464477539062,0.0,-1.0,"Node(id=21_12950_51, type=transcoder, layer=10, feature=12950, pos=51)",1
0,23,8135,transcoder,4,23,3675,transcoder,0.6166015863418579,0.0,-0.6166015863418579,0.0,-1.0,"Node(id=9_3675_23, type=transcoder, layer=4, feature=3675, pos=23)",1
0,23,8135,transcoder,6,23,4099,transcoder,2.014463186264038,0.0,-2.014463186264038,0.0,-1.0,"Node(id=13_4099_23, type=transcoder, layer=6, feature=4099, pos=23)",1
0,23,8135,transcoder,13,23,142,transcoder,1.0874344110488892,0.0,-1.0874344110488892,0.0,-1.0,"Node(id=27_142_23, type=transcoder, layer=13, feature=142, pos=23)",1
0,23,8135,transcoder,5,62,13852,transcoder,2.1420979499816895,1.7754701375961304,-0.3666278123855591,0.0,-0.17115361712973629,"Node(id=11_13852_62, type=transcoder, layer=5, feature=13852, pos=62)",1
0,23,8135,transcoder,10,51,9278,transcoder,8.472284317016602,7.352663516998291,-1.1196208000183105,0.0,-0.13215099471692066,"Node(id=21_9278_51, type=transcoder, layer=10, feature=9278, pos=51)",1
0,23,8135,transcoder,4,55,9090,lorsa,4.7906646728515625,1.9997334480285645,-2.790931224822998,0.0,-0.5825770358420314,"Node(id=8_9090_55, type=lorsa, layer=4, feature=9090, pos=55)",1
0,23,8135,transcoder,3,51,7112,transcoder,1.2625163793563843,0.46665358543395996,-0.7958627939224243,0.0,-0.6303781930561135,"Node(id=7_7112_51, type=transcoder, layer=3, feature=7112, pos=51)",1
0,23,8135,transcoder,9,54,12243,lorsa,2.3094804286956787,1.2005757093429565,-1.1089047193527222,0.0,-0.4801533304090377,"Node(id=18_12243_54, type=lorsa, layer=9, feature=12243, pos=54)",1
0,23,8135,transcoder,2,51,9305,transcoder,0.8282850384712219,0.3176422119140625,-0.5106428265571594,0.0,-0.6165061577107085,"Node(id=5_9305_51, type=transcoder, layer=2, feature=9305, pos=51)",1
0,23,8135,transcoder,14,55,9044,lorsa,3.8024330139160156,0.0,-3.8024330139160156,0.0,-1.0,"Node(id=28_9044_55, type=lorsa, layer=14, feature=9044, pos=55)",1
0,23,8135,transcoder,1,51,8276,lorsa,2.0241923332214355,0.7195303440093994,-1.3046619892120361,0.0,-0.6445345967375093,"Node(id=2_8276_51, type=lorsa, layer=1, feature=8276, pos=51)",1
0,23,8135,transcoder,3,56,2403,transcoder,1.9280507564544678,1.6856130361557007,-0.2424377202987671,0.0,-0.12574239525965114,"Node(id=7_2403_56, type=transcoder, layer=3, feature=2403, pos=56)",1
0,23,8135,transcoder,1,55,10736,transcoder,0.5947915315628052,0.28082746267318726,-0.3139640688896179,0.0,-0.5278556472797828,"Node(id=3_10736_55, type=transcoder, layer=1, feature=10736, pos=55)",1
0,23,8135,transcoder,13,55,9300,transcoder,0.6302089691162109,0.0,-0.6302089691162109,0.0,-1.0,"Node(id=27_9300_55, type=transcoder, layer=13, feature=9300, pos=55)",1
0,23,8135,transcoder,14,51,11169,transcoder,0.6642193794250488,0.0,-0.6642193794250488,0.0,-1.0,"Node(id=29_11169_51, type=transcoder, layer=14, feature=11169, pos=51)",1
0,23,8135,transcoder,4,62,1264,transcoder,1.3462867736816406,1.1587294340133667,-0.18755733966827393,0.0,-0.13931455269026213,"Node(id=9_1264_62, type=transcoder, layer=4, feature=1264, pos=62)",1
0,23,8135,transcoder,8,14,912,transcoder,0.7022373080253601,0.5646811723709106,-0.13755613565444946,0.0,-0.19588269390193358,"Node(id=17_912_14, type=transcoder, layer=8, feature=912, pos=14)",1
0,23,8135,transcoder,11,51,9849,transcoder,0.687792956829071,0.0,-0.687792956829071,0.0,-1.0,"Node(id=23_9849_51, type=transcoder, layer=11, feature=9849, pos=51)",1
0,23,8135,transcoder,2,56,7272,transcoder,1.4503072500228882,1.1343616247177124,-0.3159456253051758,0.0,-0.21784737358252168,"Node(id=5_7272_56, type=transcoder, layer=2, feature=7272, pos=56)",1
0,23,8135,transcoder,13,55,14142,transcoder,0.6139975786209106,0.0,-0.6139975786209106,0.0,-1.0,"Node(id=27_14142_55, type=transcoder, layer=13, feature=14142, pos=55)",1
0,23,8135,transcoder,8,62,8174,transcoder,1.1858330965042114,0.9536588788032532,-0.23217421770095825,0.0,-0.19578996267299215,"Node(id=17_8174_62, type=transcoder, layer=8, feature=8174, pos=62)",1
0,23,8135,transcoder,12,23,15674,transcoder,0.6342616677284241,0.0,-0.6342616677284241,0.0,-1.0,"Node(id=25_15674_23, type=transcoder, layer=12, feature=15674, pos=23)",1
0,23,8135,transcoder,3,55,8792,lorsa,2.6274337768554688,0.0,-2.6274337768554688,0.0,-1.0,"Node(id=6_8792_55, type=lorsa, layer=3, feature=8792, pos=55)",1
0,23,8135,transcoder,13,56,13473,transcoder,1.8784750699996948,1.0193800926208496,-0.8590949773788452,0.0,-0.4573363741148744,"Node(id=27_13473_56, type=transcoder, layer=13, feature=13473, pos=56)",1
0,23,8135,transcoder,8,51,5050,transcoder,0.8566882014274597,0.0,-0.8566882014274597,0.0,-1.0,"Node(id=17_5050_51, type=transcoder, layer=8, feature=5050, pos=51)",1
0,23,8135,transcoder,7,51,14452,transcoder,2.90750789642334,1.6968872547149658,-1.210620641708374,0.0,-0.41637742177677817,"Node(id=15_14452_51, type=transcoder, layer=7, feature=14452, pos=51)",1
0,23,8135,transcoder,9,14,13080,lorsa,4.417771816253662,3.270388603210449,-1.147383213043213,0.0,-0.2597198906520734,"Node(id=18_13080_14, type=lorsa, layer=9, feature=13080, pos=14)",1
0,23,8135,transcoder,13,51,5681,lorsa,1.9713155031204224,1.6607757806777954,-0.31053972244262695,0.0,-0.15752918391351833,"Node(id=26_5681_51, type=lorsa, layer=13, feature=5681, pos=51)",1
0,23,8135,transcoder,7,23,7600,transcoder,1.5129057168960571,0.0,-1.5129057168960571,0.0,-1.0,"Node(id=15_7600_23, type=transcoder, layer=7, feature=7600, pos=23)",1
0,23,8135,transcoder,3,51,2992,lorsa,2.136613607406616,1.6783902645111084,-0.4582233428955078,0.0,-0.2144624284461481,"Node(id=6_2992_51, type=lorsa, layer=3, feature=2992, pos=51)",1
0,23,8135,transcoder,11,51,11974,transcoder,2.9676895141601562,2.5783209800720215,-0.38936853408813477,0.0,-0.1312025844449986,"Node(id=23_11974_51, type=transcoder, layer=11, feature=11974, pos=51)",1
0,23,8135,transcoder,7,51,6874,lorsa,3.2344436645507812,0.0,-3.2344436645507812,0.0,-1.0,"Node(id=14_6874_51, type=lorsa, layer=7, feature=6874, pos=51)",1
0,23,8135,transcoder,1,55,4200,lorsa,1.2039995193481445,0.9074001312255859,-0.2965993881225586,0.0,-0.2463451050903575,"Node(id=2_4200_55, type=lorsa, layer=1, feature=4200, pos=55)",1
0,23,8135,transcoder,14,23,10814,transcoder,1.869791030883789,0.0,-1.869791030883789,0.0,-1.0,"Node(id=29_10814_23, type=transcoder, layer=14, feature=10814, pos=23)",1
0,23,8135,transcoder,8,54,11682,transcoder,0.4600358009338379,0.2838428020477295,-0.1761929988861084,0.0,-0.3829984503998383,"Node(id=17_11682_54, type=transcoder, layer=8, feature=11682, pos=54)",1
0,23,8135,transcoder,8,62,3162,transcoder,3.005798101425171,2.3610000610351562,-0.6447980403900146,0.0,-0.21451808093307723,"Node(id=17_3162_62, type=transcoder, layer=8, feature=3162, pos=62)",1
0,23,8135,transcoder,12,54,9524,transcoder,0.9488894939422607,0.8517152070999146,-0.09717428684234619,0.0,-0.10240843371405182,"Node(id=25_9524_54, type=transcoder, layer=12, feature=9524, pos=54)",1
0,23,8135,transcoder,5,62,13262,transcoder,1.1267039775848389,0.8948512077331543,-0.23185276985168457,0.0,-0.20577966747634602,"Node(id=11_13262_62, type=transcoder, layer=5, feature=13262, pos=62)",1
0,23,8135,transcoder,4,54,15551,lorsa,4.019529342651367,2.1035399436950684,-1.9159893989562988,0.0,-0.47667008637694663,"Node(id=8_15551_54, type=lorsa, layer=4, feature=15551, pos=54)",1
0,23,8135,transcoder,8,54,1436,lorsa,2.9068973064422607,0.0,-2.9068973064422607,0.0,-1.0,"Node(id=16_1436_54, type=lorsa, layer=8, feature=1436, pos=54)",1
0,23,8135,transcoder,13,56,2268,transcoder,0.6461610198020935,0.0,-0.6461610198020935,0.0,-1.0,"Node(id=27_2268_56, type=transcoder, layer=13, feature=2268, pos=56)",1
0,23,8135,transcoder,10,14,14175,transcoder,0.5143704414367676,0.3847526013851166,-0.129617840051651,0.0,-0.2519931738099012,"Node(id=21_14175_14, type=transcoder, layer=10, feature=14175, pos=14)",1
0,23,8135,transcoder,13,51,3932,transcoder,0.40207821130752563,0.0,-0.40207821130752563,0.0,-1.0,"Node(id=27_3932_51, type=transcoder, layer=13, feature=3932, pos=51)",1
0,23,8135,transcoder,10,8,54,transcoder,18.665470123291016,14.326268196105957,-4.339201927185059,0.0,-0.2324721476889321,"Node(id=21_54_8, type=transcoder, layer=10, feature=54, pos=8)",1
0,23,8135,transcoder,12,54,9881,lorsa,2.963268280029297,1.6448760032653809,-1.318392276763916,0.0,-0.44491154771544394,"Node(id=24_9881_54, type=lorsa, layer=12, feature=9881, pos=54)",1
0,23,8135,transcoder,3,56,2286,transcoder,0.6956806182861328,0.592141330242157,-0.10353928804397583,0.0,-0.14883164101804863,"Node(id=7_2286_56, type=transcoder, layer=3, feature=2286, pos=56)",1
0,23,8135,transcoder,9,54,1889,transcoder,0.6214693784713745,0.49310025572776794,-0.12836912274360657,0.0,-0.20655743821096306,"Node(id=19_1889_54, type=transcoder, layer=9, feature=1889, pos=54)",1
0,23,8135,transcoder,14,51,4640,lorsa,1.3973380327224731,0.0,-1.3973380327224731,0.0,-1.0,"Node(id=28_4640_51, type=lorsa, layer=14, feature=4640, pos=51)",1
0,23,8135,transcoder,9,54,13348,transcoder,0.5763208270072937,0.5130288600921631,-0.06329196691513062,0.0,-0.10982071781752495,"Node(id=19_13348_54, type=transcoder, layer=9, feature=13348, pos=54)",1
0,23,8135,transcoder,3,51,13895,transcoder,1.1960400342941284,0.6026599407196045,-0.5933800935745239,0.0,-0.49612059509757245,"Node(id=7_13895_51, type=transcoder, layer=3, feature=13895, pos=51)",1
0,23,8135,transcoder,14,55,8748,lorsa,1.8016709089279175,0.0,-1.8016709089279175,0.0,-1.0,"Node(id=28_8748_55, type=lorsa, layer=14, feature=8748, pos=55)",1
0,23,8135,transcoder,7,14,2772,transcoder,0.7835947275161743,0.6871163845062256,-0.09647834300994873,0.0,-0.12312275672880571,"Node(id=15_2772_14, type=transcoder, layer=7, feature=2772, pos=14)",1
0,23,8135,transcoder,2,6,13953,transcoder,1.7135149240493774,1.5077705383300781,-0.20574438571929932,0.0,-0.12007154582178035,"Node(id=5_13953_6, type=transcoder, layer=2, feature=13953, pos=6)",1
0,23,8135,transcoder,10,2,54,transcoder,18.140689849853516,11.570528984069824,-6.570160865783691,0.0,-0.3621781156154183,"Node(id=21_54_2, type=transcoder, layer=10, feature=54, pos=2)",1
0,23,8135,transcoder,12,51,15847,transcoder,3.3805553913116455,1.3981136083602905,-1.982441782951355,0.0,-0.586424878008632,"Node(id=25_15847_51, type=transcoder, layer=12, feature=15847, pos=51)",1
0,23,8135,transcoder,14,51,13673,lorsa,0.8683499097824097,0.0,-0.8683499097824097,0.0,-1.0,"Node(id=28_13673_51, type=lorsa, layer=14, feature=13673, pos=51)",1
0,23,8135,transcoder,14,51,790,transcoder,0.5391555428504944,0.0,-0.5391555428504944,0.0,-1.0,"Node(id=29_790_51, type=transcoder, layer=14, feature=790, pos=51)",1
0,23,8135,transcoder,14,51,7697,transcoder,1.0310401916503906,0.0,-1.0310401916503906,0.0,-1.0,"Node(id=29_7697_51, type=transcoder, layer=14, feature=7697, pos=51)",1
0,23,8135,transcoder,8,14,16275,lorsa,3.750656843185425,3.0491526126861572,-0.7015042304992676,0.0,-0.1870350340831185,"Node(id=16_16275_14, type=lorsa, layer=8, feature=16275, pos=14)",1
0,23,8135,transcoder,13,56,16285,transcoder,0.37943366169929504,0.0,-0.37943366169929504,0.0,-1.0,"Node(id=27_16285_56, type=transcoder, layer=13, feature=16285, pos=56)",1
0,23,8135,transcoder,13,51,6109,transcoder,0.38438713550567627,0.0,-0.38438713550567627,0.0,-1.0,"Node(id=27_6109_51, type=transcoder, layer=13, feature=6109, pos=51)",1
0,23,8135,transcoder,14,51,14073,transcoder,0.8638689517974854,0.0,-0.8638689517974854,0.0,-1.0,"Node(id=29_14073_51, type=transcoder, layer=14, feature=14073, pos=51)",1
0,23,8135,transcoder,13,55,6340,transcoder,0.37931957840919495,0.0,-0.37931957840919495,0.0,-1.0,"Node(id=27_6340_55, type=transcoder, layer=13, feature=6340, pos=55)",1
0,23,8135,transcoder,14,51,2652,transcoder,1.2029510736465454,0.0,-1.2029510736465454,0.0,-1.0,"Node(id=29_2652_51, type=transcoder, layer=14, feature=2652, pos=51)",1
0,23,8135,transcoder,3,54,10248,transcoder,0.899041473865509,0.0,-0.899041473865509,0.0,-1.0,"Node(id=7_10248_54, type=transcoder, layer=3, feature=10248, pos=54)",1
0,23,8135,transcoder,12,37,6377,transcoder,0.3010123670101166,0.0,-0.3010123670101166,0.0,-1.0,"Node(id=25_6377_37, type=transcoder, layer=12, feature=6377, pos=37)",1
0,23,8135,transcoder,14,54,9044,lorsa,3.588165521621704,0.0,-3.588165521621704,0.0,-1.0,"Node(id=28_9044_54, type=lorsa, layer=14, feature=9044, pos=54)",1
0,23,8135,transcoder,12,2,13896,transcoder,12.517711639404297,8.90737533569336,-3.6103363037109375,0.0,-0.2884182355140711,"Node(id=25_13896_2, type=transcoder, layer=12, feature=13896, pos=2)",1
0,23,8135,transcoder,11,37,7513,transcoder,0.49810850620269775,0.0,-0.49810850620269775,0.0,-1.0,"Node(id=23_7513_37, type=transcoder, layer=11, feature=7513, pos=37)",1
0,23,8135,transcoder,6,55,4801,transcoder,1.9008395671844482,1.1002529859542847,-0.8005865812301636,0.0,-0.4211752506898856,"Node(id=13_4801_55, type=transcoder, layer=6, feature=4801, pos=55)",1
0,23,8135,transcoder,12,37,15342,lorsa,1.2413737773895264,0.0,-1.2413737773895264,0.0,-1.0,"Node(id=24_15342_37, type=lorsa, layer=12, feature=15342, pos=37)",1
0,23,8135,transcoder,6,14,8940,transcoder,1.2855827808380127,1.1366567611694336,-0.1489260196685791,0.0,-0.1158431972552565,"Node(id=13_8940_14, type=transcoder, layer=6, feature=8940, pos=14)",1
0,23,8135,transcoder,7,62,8659,transcoder,0.6940901875495911,0.5898950099945068,-0.10419517755508423,0.0,-0.1501176351778345,"Node(id=15_8659_62, type=transcoder, layer=7, feature=8659, pos=62)",1
0,23,8135,transcoder,12,1,13896,transcoder,12.206680297851562,8.593335151672363,-3.613345146179199,0.0,-0.2960137447701621,"Node(id=25_13896_1, type=transcoder, layer=12, feature=13896, pos=1)",1
0,23,8135,transcoder,10,14,6896,transcoder,0.4185520112514496,0.20165695250034332,-0.21689505875110626,0.0,-0.5182033604440244,"Node(id=21_6896_14, type=transcoder, layer=10, feature=6896, pos=14)",1
0,23,8135,transcoder,12,51,5918,transcoder,0.6882085204124451,0.0,-0.6882085204124451,0.0,-1.0,"Node(id=25_5918_51, type=transcoder, layer=12, feature=5918, pos=51)",1
0,23,8135,transcoder,14,51,7323,lorsa,1.7485430240631104,0.0,-1.7485430240631104,0.0,-1.0,"Node(id=28_7323_51, type=lorsa, layer=14, feature=7323, pos=51)",1
0,23,8135,transcoder,12,37,15649,lorsa,3.205152750015259,1.4133696556091309,-1.791783094406128,0.0,-0.5590320443846546,"Node(id=24_15649_37, type=lorsa, layer=12, feature=15649, pos=37)",1
0,23,8135,transcoder,7,14,1092,transcoder,0.7006182074546814,0.19974619150161743,-0.500872015953064,0.0,-0.7149000848446581,"Node(id=15_1092_14, type=transcoder, layer=7, feature=1092, pos=14)",1
0,23,8135,transcoder,6,45,4984,transcoder,0.9259824752807617,0.48534491658210754,-0.4406375586986542,0.0,-0.4758595010829455,"Node(id=13_4984_45, type=transcoder, layer=6, feature=4984, pos=45)",1
6,23,4099,transcoder,14,55,9044,lorsa,3.8024330139160156,3.304746627807617,-0.49768638610839844,0.0,-0.13088629945274055,"Node(id=28_9044_55, type=lorsa, layer=14, feature=9044, pos=55)",1
6,23,4099,transcoder,7,23,7600,transcoder,1.5129057168960571,0.49426284432411194,-1.0186428725719452,0.0,-0.6733022826180054,"Node(id=15_7600_23, type=transcoder, layer=7, feature=7600, pos=23)",1
6,23,4099,transcoder,7,51,6874,lorsa,3.2344436645507812,1.0424755811691284,-2.191968083381653,0.0,-0.6776955516045714,"Node(id=14_6874_51, type=lorsa, layer=7, feature=6874, pos=51)",1
6,23,4099,transcoder,14,51,7697,transcoder,1.0310401916503906,0.9071668386459351,-0.12387335300445557,0.0,-0.12014405840588128,"Node(id=29_7697_51, type=transcoder, layer=14, feature=7697, pos=51)",1
6,23,4099,transcoder,14,54,9044,lorsa,3.588165521621704,2.97092604637146,-0.6172394752502441,0.0,-0.1720209035873231,"Node(id=28_9044_54, type=lorsa, layer=14, feature=9044, pos=54)",1
1,5,853,transcoder,13,51,3932,transcoder,0.40207821130752563,0.36155545711517334,-0.040522754192352295,0.0,-0.10078326318796434,"Node(id=27_3932_51, type=transcoder, layer=13, feature=3932, pos=51)",1
2,51,5718,transcoder,6,51,2057,transcoder,2.2570786476135254,1.2852972745895386,-0.9717813730239868,0.0,-0.4305482992590796,"Node(id=13_2057_51, type=transcoder, layer=6, feature=2057, pos=51)",1
2,51,5718,transcoder,3,51,5284,transcoder,0.8926391005516052,0.0,-0.8926391005516052,0.0,-1.0,"Node(id=7_5284_51, type=transcoder, layer=3, feature=5284, pos=51)",1
2,51,5718,transcoder,7,51,9138,transcoder,1.008360505104065,0.6930835843086243,-0.3152769207954407,0.0,-0.3126629010156476,"Node(id=15_9138_51, type=transcoder, layer=7, feature=9138, pos=51)",1
2,51,5718,transcoder,3,51,7112,transcoder,1.2625163793563843,0.7762441039085388,-0.48627227544784546,0.0,-0.38516116178686033,"Node(id=7_7112_51, type=transcoder, layer=3, feature=7112, pos=51)",1
2,51,5718,transcoder,5,51,8348,transcoder,1.215765118598938,0.2261035293340683,-0.9896615892648697,0.0,-0.8140236745773455,"Node(id=11_8348_51, type=transcoder, layer=5, feature=8348, pos=51)",1
2,51,5718,transcoder,13,51,5681,lorsa,1.9713155031204224,1.7489254474639893,-0.2223900556564331,0.0,-0.11281302019103935,"Node(id=26_5681_51, type=lorsa, layer=13, feature=5681, pos=51)",1
2,51,5718,transcoder,3,51,2992,lorsa,2.136613607406616,0.6058745384216309,-1.5307390689849854,0.0,-0.7164323318351273,"Node(id=6_2992_51, type=lorsa, layer=3, feature=2992, pos=51)",1
2,51,5718,transcoder,9,54,12266,lorsa,1.494158148765564,1.3168116807937622,-0.17734646797180176,0.0,-0.1186932374717636,"Node(id=18_12266_54, type=lorsa, layer=9, feature=12266, pos=54)",1
2,51,5718,transcoder,12,32,13896,transcoder,8.983194351196289,7.813640117645264,-1.1695542335510254,0.0,-0.13019358012612475,"Node(id=25_13896_32, type=transcoder, layer=12, feature=13896, pos=32)",1
2,51,5718,transcoder,3,51,13895,transcoder,1.1960400342941284,0.86553555727005,-0.33050447702407837,0.0,-0.27633228616727157,"Node(id=7_13895_51, type=transcoder, layer=3, feature=13895, pos=51)",1
2,51,5718,transcoder,14,51,790,transcoder,0.5391555428504944,0.4279271066188812,-0.11122843623161316,0.0,-0.20630120140016134,"Node(id=29_790_51, type=transcoder, layer=14, feature=790, pos=51)",1
2,51,5718,transcoder,5,54,14178,lorsa,2.141420841217041,1.5623434782028198,-0.5790773630142212,0.0,-0.2704173564898678,"Node(id=10_14178_54, type=lorsa, layer=5, feature=14178, pos=54)",1
3,54,14478,transcoder,9,54,12243,lorsa,2.3094804286956787,1.6098161935806274,-0.6996642351150513,0.0,-0.3029530912761185,"Node(id=18_12243_54, type=lorsa, layer=9, feature=12243, pos=54)",1
3,54,14478,transcoder,14,51,11169,transcoder,0.6642193794250488,0.5794902443885803,-0.0847291350364685,0.0,-0.1275619737409806,"Node(id=29_11169_51, type=transcoder, layer=14, feature=11169, pos=51)",1
3,54,14478,transcoder,8,54,1436,lorsa,2.9068973064422607,2.5962014198303223,-0.3106958866119385,0.0,-0.10688230572279757,"Node(id=16_1436_54, type=lorsa, layer=8, feature=1436, pos=54)",1
3,54,14478,transcoder,11,14,12258,transcoder,0.23024021089076996,0.1921852082014084,-0.03805500268936157,0.0,-0.16528391171173631,"Node(id=23_12258_14, type=transcoder, layer=11, feature=12258, pos=14)",1
3,54,14478,transcoder,7,14,2772,transcoder,0.7835947275161743,0.696191668510437,-0.0874030590057373,0.0,-0.11154115250722281,"Node(id=15_2772_14, type=transcoder, layer=7, feature=2772, pos=14)",1
3,54,14478,transcoder,14,51,7697,transcoder,1.0310401916503906,0.8430157899856567,-0.1880244016647339,0.0,-0.18236379453235707,"Node(id=29_7697_51, type=transcoder, layer=14, feature=7697, pos=51)",1
3,54,14478,transcoder,5,54,14178,lorsa,2.141420841217041,1.5619984865188599,-0.5794223546981812,0.0,-0.27057846059295665,"Node(id=10_14178_54, type=lorsa, layer=5, feature=14178, pos=54)",1
3,54,14478,transcoder,11,37,7513,transcoder,0.49810850620269775,0.392978698015213,-0.10512980818748474,0.0,-0.211058046346038,"Node(id=23_7513_37, type=transcoder, layer=11, feature=7513, pos=37)",1
3,54,14478,transcoder,12,37,15342,lorsa,1.2413737773895264,0.0,-1.2413737773895264,0.0,-1.0,"Node(id=24_15342_37, type=lorsa, layer=12, feature=15342, pos=37)",1
3,54,14478,transcoder,6,14,8940,transcoder,1.2855827808380127,1.1335569620132446,-0.15202581882476807,0.0,-0.11825439877599277,"Node(id=13_8940_14, type=transcoder, layer=6, feature=8940, pos=14)",1
3,54,14478,transcoder,10,14,6896,transcoder,0.4185520112514496,0.36875399947166443,-0.049798011779785156,0.0,-0.11897687847895316,"Node(id=21_6896_14, type=transcoder, layer=10, feature=6896, pos=14)",1
3,54,14478,transcoder,14,51,7323,lorsa,1.7485430240631104,1.5304123163223267,-0.2181307077407837,0.0,-0.12474998026294529,"Node(id=28_7323_51, type=lorsa, layer=14, feature=7323, pos=51)",1
3,54,14478,transcoder,7,14,1092,transcoder,0.7006182074546814,0.5282874703407288,-0.17233073711395264,0.0,-0.24596953844523037,"Node(id=15_1092_14, type=transcoder, layer=7, feature=1092, pos=14)",1
3,54,14478,transcoder,6,45,4984,transcoder,0.9259824752807617,0.8309705257415771,-0.09501194953918457,0.0,-0.1026066389759445,"Node(id=13_4984_45, type=transcoder, layer=6, feature=4984, pos=45)",1
3,55,8792,lorsa,14,51,11169,transcoder,0.6642193794250488,0.556721568107605,-0.10749781131744385,0.0,-0.16184082344976808,"Node(id=29_11169_51, type=transcoder, layer=14, feature=11169, pos=51)",1
3,55,8792,lorsa,8,54,1436,lorsa,2.9068973064422607,2.5914783477783203,-0.31541895866394043,0.0,-0.10850708690840556,"Node(id=16_1436_54, type=lorsa, layer=8, feature=1436, pos=54)",1
1,55,10736,transcoder,14,51,11169,transcoder,0.6642193794250488,0.5427630543708801,-0.1214563250541687,0.0,-0.1828557383545506,"Node(id=29_11169_51, type=transcoder, layer=14, feature=11169, pos=51)",1
1,55,10736,transcoder,8,54,1436,lorsa,2.9068973064422607,2.5680761337280273,-0.3388211727142334,0.0,-0.11655766853660035,"Node(id=16_1436_54, type=lorsa, layer=8, feature=1436, pos=54)",1
1,55,10736,transcoder,5,54,14178,lorsa,2.141420841217041,1.7498347759246826,-0.3915860652923584,0.0,-0.18286273195595076,"Node(id=10_14178_54, type=lorsa, layer=5, feature=14178, pos=54)",1
3,54,9407,transcoder,9,54,12243,lorsa,2.3094804286956787,1.6859875917434692,-0.6234928369522095,0.0,-0.26997104162702884,"Node(id=18_12243_54, type=lorsa, layer=9, feature=12243, pos=54)",1
3,54,9407,transcoder,4,54,15551,lorsa,4.019529342651367,3.486152172088623,-0.5333771705627441,0.0,-0.13269642415669422,"Node(id=8_15551_54, type=lorsa, layer=4, feature=15551, pos=54)",1
3,54,9407,transcoder,8,54,1436,lorsa,2.9068973064422607,2.604032278060913,-0.30286502838134766,0.0,-0.10418841687669486,"Node(id=16_1436_54, type=lorsa, layer=8, feature=1436, pos=54)",1
3,54,9407,transcoder,9,54,1889,transcoder,0.6214693784713745,0.5570530295372009,-0.06441634893417358,0.0,-0.10365168609371904,"Node(id=19_1889_54, type=transcoder, layer=9, feature=1889, pos=54)",1
3,54,9407,transcoder,5,54,14178,lorsa,2.141420841217041,1.6434763669967651,-0.4979444742202759,0.0,-0.23252994676995736,"Node(id=10_14178_54, type=lorsa, layer=5, feature=14178, pos=54)",1
3,54,9407,transcoder,14,54,9044,lorsa,3.588165521621704,3.125671863555908,-0.4624936580657959,0.0,-0.1288941815194656,"Node(id=28_9044_54, type=lorsa, layer=14, feature=9044, pos=54)",1
3,54,9407,transcoder,10,14,11541,transcoder,0.4443958103656769,0.3817121982574463,-0.06268361210823059,0.0,-0.14105356226614865,"Node(id=21_11541_14, type=transcoder, layer=10, feature=11541, pos=14)",1
8,23,986,transcoder,11,37,7513,transcoder,0.49810850620269775,0.4135640859603882,-0.08454442024230957,0.0,-0.16973093048908,"Node(id=23_7513_37, type=transcoder, layer=11, feature=7513, pos=37)",1
2,54,3192,lorsa,9,54,12243,lorsa,2.3094804286956787,2.049440860748291,-0.2600395679473877,0.0,-0.1125965670530708,"Node(id=18_12243_54, type=lorsa, layer=9, feature=12243, pos=54)",1
2,54,3192,lorsa,14,51,11169,transcoder,0.6642193794250488,0.5435198545455933,-0.12069952487945557,0.0,-0.1817163554967842,"Node(id=29_11169_51, type=transcoder, layer=14, feature=11169, pos=51)",1
2,54,3192,lorsa,2,54,715,transcoder,0.9930531978607178,0.7956310510635376,-0.19742214679718018,0.0,-0.19880319324531284,"Node(id=5_715_54, type=transcoder, layer=2, feature=715, pos=54)",1
2,54,3192,lorsa,14,51,7697,transcoder,1.0310401916503906,0.9229487180709839,-0.10809147357940674,0.0,-0.10483730358404772,"Node(id=29_7697_51, type=transcoder, layer=14, feature=7697, pos=51)",1
2,54,3192,lorsa,5,54,14178,lorsa,2.141420841217041,1.7397706508636475,-0.40165019035339355,0.0,-0.18756247376630664,"Node(id=10_14178_54, type=lorsa, layer=5, feature=14178, pos=54)",1
2,54,3192,lorsa,12,37,15342,lorsa,1.2413737773895264,0.9902220964431763,-0.2511516809463501,0.0,-0.2023175336235108,"Node(id=24_15342_37, type=lorsa, layer=12, feature=15342, pos=37)",1
2,54,3192,lorsa,7,14,1092,transcoder,0.7006182074546814,0.6172744035720825,-0.08334380388259888,0.0,-0.11895751922489092,"Node(id=15_1092_14, type=transcoder, layer=7, feature=1092, pos=14)",1
11,23,11974,transcoder,13,23,142,transcoder,1.0874344110488892,0.8723117709159851,-0.21512264013290405,0.0,-0.1978258531706815,"Node(id=27_142_23, type=transcoder, layer=13, feature=142, pos=23)",1
11,23,11974,transcoder,12,23,15674,transcoder,0.6342616677284241,0.3226959705352783,-0.31156569719314575,0.0,-0.49122580323827936,"Node(id=25_15674_23, type=transcoder, layer=12, feature=15674, pos=23)",1
11,23,11974,transcoder,14,51,790,transcoder,0.5391555428504944,0.4735478162765503,-0.06560772657394409,0.0,-0.12168608381002372,"Node(id=29_790_51, type=transcoder, layer=14, feature=790, pos=51)",1
11,23,11974,transcoder,13,55,6340,transcoder,0.37931957840919495,0.0,-0.37931957840919495,0.0,-1.0,"Node(id=27_6340_55, type=transcoder, layer=13, feature=6340, pos=55)",1
8,54,8745,transcoder,9,54,12243,lorsa,2.3094804286956787,1.9733121395111084,-0.3361682891845703,0.0,-0.14556013768621867,"Node(id=18_12243_54, type=lorsa, layer=9, feature=12243, pos=54)",1
8,54,8745,transcoder,9,54,1889,transcoder,0.6214693784713745,0.5270966291427612,-0.09437274932861328,0.0,-0.1518542225857395,"Node(id=19_1889_54, type=transcoder, layer=9, feature=1889, pos=54)",1
8,54,8745,transcoder,14,51,7697,transcoder,1.0310401916503906,0.914002001285553,-0.11703819036483765,0.0,-0.11351467315497575,"Node(id=29_7697_51, type=transcoder, layer=14, feature=7697, pos=51)",1
8,54,8745,transcoder,12,37,15342,lorsa,1.2413737773895264,1.094637155532837,-0.14673662185668945,0.0,-0.11820502779208093,"Node(id=24_15342_37, type=lorsa, layer=12, feature=15342, pos=37)",1
8,54,8745,transcoder,10,14,11541,transcoder,0.4443958103656769,0.3668598234653473,-0.07753598690032959,0.0,-0.17447506275211752,"Node(id=21_11541_14, type=transcoder, layer=10, feature=11541, pos=14)",1
3,23,15009,transcoder,4,23,3675,transcoder,0.6166015863418579,0.1433754414319992,-0.4732261449098587,0.0,-0.7674747444575847,"Node(id=9_3675_23, type=transcoder, layer=4, feature=3675, pos=23)",1
3,23,15009,transcoder,6,23,4099,transcoder,2.014463186264038,1.478452205657959,-0.5360109806060791,0.0,-0.26608129861144236,"Node(id=13_4099_23, type=transcoder, layer=6, feature=4099, pos=23)",1
3,23,15009,transcoder,14,55,9044,lorsa,3.8024330139160156,2.8764145374298096,-0.926018476486206,0.0,-0.24353314656621036,"Node(id=28_9044_55, type=lorsa, layer=14, feature=9044, pos=55)",1
3,23,15009,transcoder,7,51,6874,lorsa,3.2344436645507812,2.408137083053589,-0.8263065814971924,0.0,-0.2554710074420031,"Node(id=14_6874_51, type=lorsa, layer=7, feature=6874, pos=51)",1
3,23,15009,transcoder,8,54,1436,lorsa,2.9068973064422607,2.490513801574707,-0.4163835048675537,0.0,-0.14323983992993675,"Node(id=16_1436_54, type=lorsa, layer=8, feature=1436, pos=54)",1
3,23,15009,transcoder,11,37,7513,transcoder,0.49810850620269775,0.4280947148799896,-0.07001379132270813,0.0,-0.14055931679716602,"Node(id=23_7513_37, type=transcoder, layer=11, feature=7513, pos=37)",1
10,23,9278,transcoder,11,37,7513,transcoder,0.49810850620269775,0.19005203247070312,-0.30805647373199463,0.0,-0.6184525457724982,"Node(id=23_7513_37, type=transcoder, layer=11, feature=7513, pos=37)",1
10,23,9278,transcoder,12,37,15342,lorsa,1.2413737773895264,0.9620729088783264,-0.27930086851119995,0.0,-0.22499336911928267,"Node(id=24_15342_37, type=lorsa, layer=12, feature=15342, pos=37)",1
8,1,11854,transcoder,10,8,54,transcoder,18.665470123291016,11.918501853942871,-6.7469682693481445,0.0,-0.36146789900186815,"Node(id=21_54_8, type=transcoder, layer=10, feature=54, pos=8)",1
8,1,11854,transcoder,10,2,54,transcoder,18.140689849853516,15.434135437011719,-2.706554412841797,0.0,-0.1491979872454328,"Node(id=21_54_2, type=transcoder, layer=10, feature=54, pos=2)",1
2,56,13333,transcoder,4,55,9090,lorsa,4.7906646728515625,4.041022777557373,-0.7496418952941895,0.0,-0.1564797259850746,"Node(id=8_9090_55, type=lorsa, layer=4, feature=9090, pos=55)",1
2,56,13333,transcoder,14,51,11169,transcoder,0.6642193794250488,0.596606433391571,-0.06761294603347778,0.0,-0.1017930944622601,"Node(id=29_11169_51, type=transcoder, layer=14, feature=11169, pos=51)",1
2,56,13333,transcoder,3,56,5881,transcoder,4.1003336906433105,2.620013475418091,-1.4803202152252197,0.0,-0.36102432799633166,"Node(id=7_5881_56, type=transcoder, layer=3, feature=5881, pos=56)",1
2,56,13333,transcoder,3,55,8792,lorsa,2.6274337768554688,1.4932974576950073,-1.1341363191604614,0.0,-0.4316517238800986,"Node(id=6_8792_55, type=lorsa, layer=3, feature=8792, pos=55)",1
2,56,13333,transcoder,13,56,13473,transcoder,1.8784750699996948,1.6367838382720947,-0.2416912317276001,0.0,-0.12866352904414077,"Node(id=27_13473_56, type=transcoder, layer=13, feature=13473, pos=56)",1
2,56,13333,transcoder,14,55,8748,lorsa,1.8016709089279175,1.518180012702942,-0.2834908962249756,0.0,-0.15734887809986706,"Node(id=28_8748_55, type=lorsa, layer=14, feature=8748, pos=55)",1
2,56,13333,transcoder,11,56,7586,transcoder,2.6750638484954834,2.075594425201416,-0.5994694232940674,0.0,-0.22409537014648176,"Node(id=23_7586_56, type=transcoder, layer=11, feature=7586, pos=56)",1
2,56,13333,transcoder,13,56,12356,transcoder,1.2258914709091187,1.0307618379592896,-0.1951296329498291,0.0,-0.15917366062194832,"Node(id=27_12356_56, type=transcoder, layer=13, feature=12356, pos=56)",1
0,55,12875,transcoder,9,54,12266,lorsa,1.494158148765564,1.048580527305603,-0.44557762145996094,0.0,-0.2982131589136572,"Node(id=18_12266_54, type=lorsa, layer=9, feature=12266, pos=54)",1
0,55,12875,transcoder,12,32,13896,transcoder,8.983194351196289,7.47109842300415,-1.5120959281921387,0.0,-0.16832497094875537,"Node(id=25_13896_32, type=transcoder, layer=12, feature=13896, pos=32)",1
0,55,12875,transcoder,13,51,3932,transcoder,0.40207821130752563,0.3538433909416199,-0.04823482036590576,0.0,-0.11996377572674244,"Node(id=27_3932_51, type=transcoder, layer=13, feature=3932, pos=51)",1
0,55,12875,transcoder,14,51,790,transcoder,0.5391555428504944,0.42164573073387146,-0.11750981211662292,0.0,-0.2179515979662439,"Node(id=29_790_51, type=transcoder, layer=14, feature=790, pos=51)",1
0,55,12875,transcoder,5,54,14178,lorsa,2.141420841217041,1.8754205703735352,-0.26600027084350586,0.0,-0.1242167189763265,"Node(id=10_14178_54, type=lorsa, layer=5, feature=14178, pos=54)",1
4,54,2320,transcoder,9,54,12243,lorsa,2.3094804286956787,1.427683711051941,-0.8817967176437378,0.0,-0.38181605987531514,"Node(id=18_12243_54, type=lorsa, layer=9, feature=12243, pos=54)",1
4,54,2320,transcoder,14,51,11169,transcoder,0.6642193794250488,0.5777679085731506,-0.0864514708518982,0.0,-0.1301549962705559,"Node(id=29_11169_51, type=transcoder, layer=14, feature=11169, pos=51)",1
4,54,2320,transcoder,7,51,6874,lorsa,3.2344436645507812,2.8571131229400635,-0.3773305416107178,0.0,-0.11666010626378422,"Node(id=14_6874_51, type=lorsa, layer=7, feature=6874, pos=51)",1
4,54,2320,transcoder,8,54,1436,lorsa,2.9068973064422607,2.4511337280273438,-0.455763578414917,0.0,-0.1567869554266174,"Node(id=16_1436_54, type=lorsa, layer=8, feature=1436, pos=54)",1
4,54,2320,transcoder,12,54,9881,lorsa,2.963268280029297,2.4432950019836426,-0.5199732780456543,0.0,-0.17547289982144765,"Node(id=24_9881_54, type=lorsa, layer=12, feature=9881, pos=54)",1
4,54,2320,transcoder,14,55,8748,lorsa,1.8016709089279175,1.5309150218963623,-0.2707558870315552,0.0,-0.15028043450658157,"Node(id=28_8748_55, type=lorsa, layer=14, feature=8748, pos=55)",1
4,54,2320,transcoder,11,14,12258,transcoder,0.23024021089076996,0.16455203294754028,-0.06568817794322968,0.0,-0.2853028047928314,"Node(id=23_12258_14, type=transcoder, layer=11, feature=12258, pos=14)",1
4,54,2320,transcoder,13,56,16285,transcoder,0.37943366169929504,0.3391939401626587,-0.04023972153663635,0.0,-0.10605206021105933,"Node(id=27_16285_56, type=transcoder, layer=13, feature=16285, pos=56)",1
4,54,2320,transcoder,12,37,6377,transcoder,0.3010123670101166,0.23291745781898499,-0.06809490919113159,0.0,-0.22621963963641076,"Node(id=25_6377_37, type=transcoder, layer=12, feature=6377, pos=37)",1
4,54,2320,transcoder,12,37,15342,lorsa,1.2413737773895264,0.0,-1.2413737773895264,0.0,-1.0,"Node(id=24_15342_37, type=lorsa, layer=12, feature=15342, pos=37)",1
4,54,2320,transcoder,6,14,8940,transcoder,1.2855827808380127,0.8258817195892334,-0.4597010612487793,0.0,-0.3575818438927139,"Node(id=13_8940_14, type=transcoder, layer=6, feature=8940, pos=14)",1
4,54,2320,transcoder,7,14,1092,transcoder,0.7006182074546814,0.6051377654075623,-0.09548044204711914,0.0,-0.1362802750930437,"Node(id=15_1092_14, type=transcoder, layer=7, feature=1092, pos=14)",1
4,54,2320,transcoder,6,45,4984,transcoder,0.9259824752807617,0.7002086043357849,-0.2257738709449768,0.0,-0.2438208896734479,"Node(id=13_4984_45, type=transcoder, layer=6, feature=4984, pos=45)",1
2,54,715,transcoder,9,54,12243,lorsa,2.3094804286956787,1.9977803230285645,-0.31170010566711426,0.0,-0.13496546746800214,"Node(id=18_12243_54, type=lorsa, layer=9, feature=12243, pos=54)",1
2,54,715,transcoder,14,51,11169,transcoder,0.6642193794250488,0.5540586709976196,-0.1101607084274292,0.0,-0.1658498861065824,"Node(id=29_11169_51, type=transcoder, layer=14, feature=11169, pos=51)",1
2,54,715,transcoder,4,54,15551,lorsa,4.019529342651367,3.1606695652008057,-0.8588597774505615,0.0,-0.2136717272684566,"Node(id=8_15551_54, type=lorsa, layer=4, feature=15551, pos=54)",1
2,54,715,transcoder,8,54,1436,lorsa,2.9068973064422607,2.5854601860046387,-0.32143712043762207,0.0,-0.11057739113289405,"Node(id=16_1436_54, type=lorsa, layer=8, feature=1436, pos=54)",1
2,54,715,transcoder,5,54,14178,lorsa,2.141420841217041,1.9001656770706177,-0.24125516414642334,0.0,-0.11266125719095457,"Node(id=10_14178_54, type=lorsa, layer=5, feature=14178, pos=54)",1
2,54,715,transcoder,12,37,15342,lorsa,1.2413737773895264,1.0382033586502075,-0.20317041873931885,0.0,-0.16366578901526668,"Node(id=24_15342_37, type=lorsa, layer=12, feature=15342, pos=37)",1
7,53,6310,transcoder,9,54,12243,lorsa,2.3094804286956787,0.0,-2.3094804286956787,0.0,-1.0,"Node(id=18_12243_54, type=lorsa, layer=9, feature=12243, pos=54)",1
7,53,6310,transcoder,14,55,8748,lorsa,1.8016709089279175,1.576974630355835,-0.22469627857208252,0.0,-0.12471549463258405,"Node(id=28_8748_55, type=lorsa, layer=14, feature=8748, pos=55)",1
7,53,6310,transcoder,12,37,6377,transcoder,0.3010123670101166,0.1913362443447113,-0.10967612266540527,0.0,-0.36435753040578306,"Node(id=25_6377_37, type=transcoder, layer=12, feature=6377, pos=37)",1
7,53,6310,transcoder,14,54,9044,lorsa,3.588165521621704,3.2201294898986816,-0.36803603172302246,0.0,-0.10256941311801168,"Node(id=28_9044_54, type=lorsa, layer=14, feature=9044, pos=54)",1
7,53,6310,transcoder,12,37,15342,lorsa,1.2413737773895264,0.0,-1.2413737773895264,0.0,-1.0,"Node(id=24_15342_37, type=lorsa, layer=12, feature=15342, pos=37)",1
7,53,6310,transcoder,10,14,6896,transcoder,0.4185520112514496,0.36416715383529663,-0.054384857416152954,0.0,-0.12993572113904064,"Node(id=21_6896_14, type=transcoder, layer=10, feature=6896, pos=14)",1
7,53,6310,transcoder,12,37,15649,lorsa,3.205152750015259,2.753338575363159,-0.4518141746520996,0.0,-0.14096494298125062,"Node(id=24_15649_37, type=lorsa, layer=12, feature=15649, pos=37)",1
1,51,11215,lorsa,3,51,5284,transcoder,0.8926391005516052,0.733395516872406,-0.15924358367919922,0.0,-0.17839637943351894,"Node(id=7_5284_51, type=transcoder, layer=3, feature=5284, pos=51)",1
1,51,11215,lorsa,2,51,5718,transcoder,0.8235379457473755,0.6327475905418396,-0.1907903552055359,0.0,-0.23167160200783488,"Node(id=5_5718_51, type=transcoder, layer=2, feature=5718, pos=51)",1
1,51,11215,lorsa,1,51,11331,transcoder,0.7390512824058533,0.0,-0.7390512824058533,0.0,-1.0,"Node(id=3_11331_51, type=transcoder, layer=1, feature=11331, pos=51)",1
1,51,11215,lorsa,1,51,11218,transcoder,0.6390401721000671,0.4379347562789917,-0.20110541582107544,0.0,-0.3146991763603625,"Node(id=3_11218_51, type=transcoder, layer=1, feature=11218, pos=51)",1
1,51,11215,lorsa,3,51,7112,transcoder,1.2625163793563843,1.032566785812378,-0.22994959354400635,0.0,-0.18213592893046812,"Node(id=7_7112_51, type=transcoder, layer=3, feature=7112, pos=51)",1
1,51,11215,lorsa,2,51,9305,transcoder,0.8282850384712219,0.4936755895614624,-0.3346094489097595,0.0,-0.4039786225371802,"Node(id=5_9305_51, type=transcoder, layer=2, feature=9305, pos=51)",1
1,51,11215,lorsa,3,51,2992,lorsa,2.136613607406616,1.597519874572754,-0.5390937328338623,0.0,-0.2523122248052163,"Node(id=6_2992_51, type=lorsa, layer=3, feature=2992, pos=51)",1
1,51,11215,lorsa,9,54,12266,lorsa,1.494158148765564,1.2973519563674927,-0.1968061923980713,0.0,-0.13171710943762388,"Node(id=18_12266_54, type=lorsa, layer=9, feature=12266, pos=54)",1
1,51,11215,lorsa,12,32,13896,transcoder,8.983194351196289,1.533835530281067,-7.449358820915222,0.0,-0.8292549987993072,"Node(id=25_13896_32, type=transcoder, layer=12, feature=13896, pos=32)",1
1,51,11215,lorsa,11,14,12258,transcoder,0.23024021089076996,0.17583242058753967,-0.054407790303230286,0.0,-0.23630881023229391,"Node(id=23_12258_14, type=transcoder, layer=11, feature=12258, pos=14)",1
1,51,11215,lorsa,14,51,7697,transcoder,1.0310401916503906,0.6927054524421692,-0.33833473920822144,0.0,-0.328148933424843,"Node(id=29_7697_51, type=transcoder, layer=14, feature=7697, pos=51)",1
1,51,11215,lorsa,13,55,6340,transcoder,0.37931957840919495,0.33856746554374695,-0.040752112865448,0.0,-0.1074347731703061,"Node(id=27_6340_55, type=transcoder, layer=13, feature=6340, pos=55)",1
1,51,11215,lorsa,5,54,14178,lorsa,2.141420841217041,1.863562822341919,-0.27785801887512207,0.0,-0.1297540462514627,"Node(id=10_14178_54, type=lorsa, layer=5, feature=14178, pos=54)",1
3,54,12569,lorsa,14,51,11169,transcoder,0.6642193794250488,0.556850254535675,-0.10736912488937378,0.0,-0.16164708259839236,"Node(id=29_11169_51, type=transcoder, layer=14, feature=11169, pos=51)",1
10,14,14712,transcoder,11,14,12258,transcoder,0.23024021089076996,0.20469734072685242,-0.02554287016391754,0.0,-0.11094009193743977,"Node(id=23_12258_14, type=transcoder, layer=11, feature=12258, pos=14)",1
3,54,2767,transcoder,9,54,12243,lorsa,2.3094804286956787,1.8563066720962524,-0.45317375659942627,0.0,-0.19622325046303354,"Node(id=18_12243_54, type=lorsa, layer=9, feature=12243, pos=54)",1
3,54,2767,transcoder,14,51,11169,transcoder,0.6642193794250488,0.5661622881889343,-0.0980570912361145,0.0,-0.14762756744766037,"Node(id=29_11169_51, type=transcoder, layer=14, feature=11169, pos=51)",1
3,54,2767,transcoder,14,51,7697,transcoder,1.0310401916503906,0.9062533378601074,-0.1247868537902832,0.0,-0.12103005760671301,"Node(id=29_7697_51, type=transcoder, layer=14, feature=7697, pos=51)",1
3,54,2767,transcoder,12,37,15342,lorsa,1.2413737773895264,1.0469762086868286,-0.19439756870269775,0.0,-0.15659873943164374,"Node(id=24_15342_37, type=lorsa, layer=12, feature=15342, pos=37)",1
1,55,16329,lorsa,14,51,11169,transcoder,0.6642193794250488,0.5800427794456482,-0.08417659997940063,0.0,-0.1267301174685151,"Node(id=29_11169_51, type=transcoder, layer=14, feature=11169, pos=51)",1
2,56,7272,transcoder,4,55,9090,lorsa,4.7906646728515625,3.893355131149292,-0.8973095417022705,0.0,-0.1873037674265275,"Node(id=8_9090_55, type=lorsa, layer=4, feature=9090, pos=55)",1
2,56,7272,transcoder,14,51,11169,transcoder,0.6642193794250488,0.5867608785629272,-0.07745850086212158,0.0,-0.11661583997920988,"Node(id=29_11169_51, type=transcoder, layer=14, feature=11169, pos=51)",1
2,56,7272,transcoder,3,55,8792,lorsa,2.6274337768554688,1.8701192140579224,-0.7573145627975464,0.0,-0.2882335492024868,"Node(id=6_8792_55, type=lorsa, layer=3, feature=8792, pos=55)",1
2,56,7272,transcoder,13,51,3932,transcoder,0.40207821130752563,0.3437209129333496,-0.058357298374176025,0.0,-0.14513917126820386,"Node(id=27_3932_51, type=transcoder, layer=13, feature=3932, pos=51)",1
2,56,7272,transcoder,3,56,2286,transcoder,0.6956806182861328,0.374897301197052,-0.3207833170890808,0.0,-0.4611071642032478,"Node(id=7_2286_56, type=transcoder, layer=3, feature=2286, pos=56)",1
2,56,7272,transcoder,14,55,8748,lorsa,1.8016709089279175,1.5262513160705566,-0.27541959285736084,0.0,-0.15286897928614998,"Node(id=28_8748_55, type=lorsa, layer=14, feature=8748, pos=55)",1
2,56,7272,transcoder,13,56,16285,transcoder,0.37943366169929504,0.27594056725502014,-0.1034930944442749,0.0,-0.2727567553726802,"Node(id=27_16285_56, type=transcoder, layer=13, feature=16285, pos=56)",1
9,8,5834,transcoder,12,32,13896,transcoder,8.983194351196289,8.004756927490234,-0.9784374237060547,0.0,-0.10891865248086907,"Node(id=25_13896_32, type=transcoder, layer=12, feature=13896, pos=32)",1
1,55,4200,lorsa,14,51,11169,transcoder,0.6642193794250488,0.5738739371299744,-0.09034544229507446,0.0,-0.136017474186432,"Node(id=29_11169_51, type=transcoder, layer=14, feature=11169, pos=51)",1
1,56,6736,transcoder,4,55,9090,lorsa,4.7906646728515625,3.9447383880615234,-0.8459262847900391,0.0,-0.17657806224339967,"Node(id=8_9090_55, type=lorsa, layer=4, feature=9090, pos=55)",1
1,56,6736,transcoder,14,55,9044,lorsa,3.8024330139160156,3.3535337448120117,-0.4488992691040039,0.0,-0.1180557993950551,"Node(id=28_9044_55, type=lorsa, layer=14, feature=9044, pos=55)",1
1,56,6736,transcoder,14,51,790,transcoder,0.5391555428504944,0.4838365912437439,-0.05531895160675049,0.0,-0.10260295445407339,"Node(id=29_790_51, type=transcoder, layer=14, feature=790, pos=51)",1
1,56,6736,transcoder,2,56,2616,transcoder,3.1142807006835938,2.5920681953430176,-0.5222125053405762,0.0,-0.16768318450740455,"Node(id=5_2616_56, type=transcoder, layer=2, feature=2616, pos=56)",1
1,56,6736,transcoder,13,56,12356,transcoder,1.2258914709091187,0.9178539514541626,-0.30803751945495605,0.0,-0.25127633788537257,"Node(id=27_12356_56, type=transcoder, layer=13, feature=12356, pos=56)",1
1,56,6736,transcoder,14,54,9044,lorsa,3.588165521621704,2.9162065982818604,-0.6719589233398438,0.0,-0.187270882374497,"Node(id=28_9044_54, type=lorsa, layer=14, feature=9044, pos=54)",1
1,56,6736,transcoder,10,56,11708,transcoder,2.9663991928100586,2.5069258213043213,-0.4594733715057373,0.0,-0.15489262962968917,"Node(id=21_11708_56, type=transcoder, layer=10, feature=11708, pos=56)",1
9,23,2724,transcoder,14,51,790,transcoder,0.5391555428504944,0.4835697412490845,-0.05558580160140991,0.0,-0.10309789510375789,"Node(id=29_790_51, type=transcoder, layer=14, feature=790, pos=51)",1
3,56,5881,transcoder,4,55,9090,lorsa,4.7906646728515625,3.4642763137817383,-1.3263883590698242,0.0,-0.27686938027334607,"Node(id=8_9090_55, type=lorsa, layer=4, feature=9090, pos=55)",1
3,56,5881,transcoder,14,55,9044,lorsa,3.8024330139160156,2.6305792331695557,-1.17185378074646,0.0,-0.3081852530886801,"Node(id=28_9044_55, type=lorsa, layer=14, feature=9044, pos=55)",1
3,56,5881,transcoder,13,56,13473,transcoder,1.8784750699996948,1.454231858253479,-0.4242432117462158,0.0,-0.22584447274367328,"Node(id=27_13473_56, type=transcoder, layer=13, feature=13473, pos=56)",1
3,56,5881,transcoder,5,56,1007,transcoder,1.8848531246185303,1.2443082332611084,-0.6405448913574219,0.0,-0.3398380929479902,"Node(id=11_1007_56, type=transcoder, layer=5, feature=1007, pos=56)",1
3,56,5881,transcoder,14,55,8748,lorsa,1.8016709089279175,1.3607078790664673,-0.4409630298614502,0.0,-0.24475226173454998,"Node(id=28_8748_55, type=lorsa, layer=14, feature=8748, pos=55)",1
3,56,5881,transcoder,11,56,7586,transcoder,2.6750638484954834,1.4323674440383911,-1.2426964044570923,0.0,-0.46454831541909286,"Node(id=23_7586_56, type=transcoder, layer=11, feature=7586, pos=56)",1
3,56,5881,transcoder,13,56,16285,transcoder,0.37943366169929504,0.29942256212234497,-0.08001109957695007,0.0,-0.21086979794734098,"Node(id=27_16285_56, type=transcoder, layer=13, feature=16285, pos=56)",1
3,56,5881,transcoder,13,56,12356,transcoder,1.2258914709091187,0.7724658846855164,-0.4534255862236023,0.0,-0.3698741666644787,"Node(id=27_12356_56, type=transcoder, layer=13, feature=12356, pos=56)",1
3,56,5881,transcoder,14,54,9044,lorsa,3.588165521621704,2.0022759437561035,-1.5858895778656006,0.0,-0.4419778207859384,"Node(id=28_9044_54, type=lorsa, layer=14, feature=9044, pos=54)",1
3,56,5881,transcoder,10,56,11708,transcoder,2.9663991928100586,2.459354877471924,-0.5070443153381348,0.0,-0.17092922509118325,"Node(id=21_11708_56, type=transcoder, layer=10, feature=11708, pos=56)",1
0,55,9428,lorsa,3,55,15371,transcoder,0.6983613967895508,0.5353993773460388,-0.16296201944351196,0.0,-0.2333491229507637,"Node(id=7_15371_55, type=transcoder, layer=3, feature=15371, pos=55)",1
0,55,9428,lorsa,1,55,10736,transcoder,0.5947915315628052,0.5252515077590942,-0.06954002380371094,0.0,-0.11691495274150196,"Node(id=3_10736_55, type=transcoder, layer=1, feature=10736, pos=55)",1
0,55,9428,lorsa,14,51,11169,transcoder,0.6642193794250488,0.46778228878974915,-0.19643709063529968,0.0,-0.2957412817514245,"Node(id=29_11169_51, type=transcoder, layer=14, feature=11169, pos=51)",1
0,55,9428,lorsa,9,54,12266,lorsa,1.494158148765564,1.1026256084442139,-0.3915325403213501,0.0,-0.2620422347157993,"Node(id=18_12266_54, type=lorsa, layer=9, feature=12266, pos=54)",1
0,55,9428,lorsa,1,55,4200,lorsa,1.2039995193481445,1.0405938625335693,-0.1634056568145752,0.0,-0.13571903824599896,"Node(id=2_4200_55, type=lorsa, layer=1, feature=4200, pos=55)",1
0,55,9428,lorsa,8,54,1436,lorsa,2.9068973064422607,2.511111259460449,-0.3957860469818115,0.0,-0.1361541207887431,"Node(id=16_1436_54, type=lorsa, layer=8, feature=1436, pos=54)",1
0,55,9428,lorsa,13,51,3932,transcoder,0.40207821130752563,0.34034937620162964,-0.061728835105895996,0.0,-0.1535244471595684,"Node(id=27_3932_51, type=transcoder, layer=13, feature=3932, pos=51)",1
0,55,9428,lorsa,1,55,11995,lorsa,0.9528807401657104,0.4639508128166199,-0.4889299273490906,0.0,-0.5131071567928462,"Node(id=2_11995_55, type=lorsa, layer=1, feature=11995, pos=55)",1
0,55,9428,lorsa,0,55,12875,transcoder,0.8819401860237122,0.09033248573541641,-0.7916077002882957,0.0,-0.8975752696532782,"Node(id=1_12875_55, type=transcoder, layer=0, feature=12875, pos=55)",1
0,55,9428,lorsa,0,55,8903,transcoder,0.28014376759529114,0.0,-0.28014376759529114,0.0,-1.0,"Node(id=1_8903_55, type=transcoder, layer=0, feature=8903, pos=55)",1
0,55,9428,lorsa,14,55,8748,lorsa,1.8016709089279175,1.5674519538879395,-0.23421895503997803,0.0,-0.13000096403807163,"Node(id=28_8748_55, type=lorsa, layer=14, feature=8748, pos=55)",1
0,55,9428,lorsa,14,51,13673,lorsa,0.8683499097824097,0.7538268566131592,-0.11452305316925049,0.0,-0.13188583528263115,"Node(id=28_13673_51, type=lorsa, layer=14, feature=13673, pos=51)",1
0,55,9428,lorsa,14,51,790,transcoder,0.5391555428504944,0.4307172894477844,-0.10843825340270996,0.0,-0.20112610329368244,"Node(id=29_790_51, type=transcoder, layer=14, feature=790, pos=51)",1
0,55,9428,lorsa,5,54,14178,lorsa,2.141420841217041,1.7560765743255615,-0.3853442668914795,0.0,-0.17994793899198042,"Node(id=10_14178_54, type=lorsa, layer=5, feature=14178, pos=54)",1
6,45,4984,transcoder,8,54,1436,lorsa,2.9068973064422607,1.6620737314224243,-1.2448235750198364,0.0,-0.4282310118974828,"Node(id=16_1436_54, type=lorsa, layer=8, feature=1436, pos=54)",1
6,45,4984,transcoder,12,54,9881,lorsa,2.963268280029297,2.504955530166626,-0.4583127498626709,0.0,-0.15466461573912563,"Node(id=24_9881_54, type=lorsa, layer=12, feature=9881, pos=54)",1
6,45,4984,transcoder,12,37,15342,lorsa,1.2413737773895264,1.0723133087158203,-0.16906046867370605,0.0,-0.1361882067697787,"Node(id=24_15342_37, type=lorsa, layer=12, feature=15342, pos=37)",1
10,23,1958,transcoder,11,37,7513,transcoder,0.49810850620269775,0.4008040726184845,-0.09730443358421326,0.0,-0.19534786572108184,"Node(id=23_7513_37, type=transcoder, layer=11, feature=7513, pos=37)",1
0,56,329,transcoder,4,55,9090,lorsa,4.7906646728515625,3.7401046752929688,-1.0505599975585938,0.0,-0.21929316061549045,"Node(id=8_9090_55, type=lorsa, layer=4, feature=9090, pos=55)",1
0,56,329,transcoder,1,56,4856,transcoder,2.6325509548187256,2.025106906890869,-0.6074440479278564,0.0,-0.2307435101364199,"Node(id=3_4856_56, type=transcoder, layer=1, feature=4856, pos=56)",1
0,56,329,transcoder,14,55,9044,lorsa,3.8024330139160156,3.0042481422424316,-0.798184871673584,0.0,-0.2099142493115366,"Node(id=28_9044_55, type=lorsa, layer=14, feature=9044, pos=55)",1
0,56,329,transcoder,3,56,2403,transcoder,1.9280507564544678,1.1270956993103027,-0.800955057144165,0.0,-0.4154221845368105,"Node(id=7_2403_56, type=transcoder, layer=3, feature=2403, pos=56)",1
0,56,329,transcoder,2,56,7272,transcoder,1.4503072500228882,1.062493920326233,-0.3878133296966553,0.0,-0.26740080744306766,"Node(id=5_7272_56, type=transcoder, layer=2, feature=7272, pos=56)",1
0,56,329,transcoder,1,56,14865,lorsa,5.337706565856934,3.8500964641571045,-1.487610101699829,0.0,-0.27869836667595144,"Node(id=2_14865_56, type=lorsa, layer=1, feature=14865, pos=56)",1
0,56,329,transcoder,14,55,8748,lorsa,1.8016709089279175,1.5732653141021729,-0.22840559482574463,0.0,-0.12677431471747366,"Node(id=28_8748_55, type=lorsa, layer=14, feature=8748, pos=55)",1
0,56,329,transcoder,14,51,790,transcoder,0.5391555428504944,0.4646625518798828,-0.07449299097061157,0.0,-0.13816604866337834,"Node(id=29_790_51, type=transcoder, layer=14, feature=790, pos=51)",1
0,56,329,transcoder,2,56,2616,transcoder,3.1142807006835938,2.6068410873413086,-0.5074396133422852,0.0,-0.16293958769705655,"Node(id=5_2616_56, type=transcoder, layer=2, feature=2616, pos=56)",1
0,56,329,transcoder,13,56,12356,transcoder,1.2258914709091187,1.0005823373794556,-0.22530913352966309,0.0,-0.18379207203601333,"Node(id=27_12356_56, type=transcoder, layer=13, feature=12356, pos=56)",1
0,56,329,transcoder,14,54,9044,lorsa,3.588165521621704,2.690105676651001,-0.8980598449707031,0.0,-0.2502838399062529,"Node(id=28_9044_54, type=lorsa, layer=14, feature=9044, pos=54)",1
0,56,329,transcoder,10,56,11708,transcoder,2.9663991928100586,2.5394163131713867,-0.4269828796386719,0.0,-0.14393979093359738,"Node(id=21_11708_56, type=transcoder, layer=10, feature=11708, pos=56)",1
9,23,6254,transcoder,11,51,9849,transcoder,0.687792956829071,0.6075341701507568,-0.08025878667831421,0.0,-0.11669032938099709,"Node(id=23_9849_51, type=transcoder, layer=11, feature=9849, pos=51)",1
9,23,6254,transcoder,13,51,3932,transcoder,0.40207821130752563,0.3612064719200134,-0.04087173938751221,0.0,-0.10165121669886223,"Node(id=27_3932_51, type=transcoder, layer=13, feature=3932, pos=51)",1
9,23,6254,transcoder,14,51,790,transcoder,0.5391555428504944,0.42348307371139526,-0.11567246913909912,0.0,-0.21454378179540412,"Node(id=29_790_51, type=transcoder, layer=14, feature=790, pos=51)",1
9,23,6254,transcoder,12,37,6377,transcoder,0.3010123670101166,0.2494409829378128,-0.05157138407230377,0.0,-0.17132646271164845,"Node(id=25_6377_37, type=transcoder, layer=12, feature=6377, pos=37)",1
9,23,6254,transcoder,14,54,9044,lorsa,3.588165521621704,3.1925485134124756,-0.3956170082092285,0.0,-0.11025606422705544,"Node(id=28_9044_54, type=lorsa, layer=14, feature=9044, pos=54)",1
9,23,6254,transcoder,11,37,7513,transcoder,0.49810850620269775,0.31906723976135254,-0.17904126644134521,0.0,-0.35944229863941946,"Node(id=23_7513_37, type=transcoder, layer=11, feature=7513, pos=37)",1
0,55,8903,transcoder,14,51,11169,transcoder,0.6642193794250488,0.5859229564666748,-0.07829642295837402,0.0,-0.11787735405454106,"Node(id=29_11169_51, type=transcoder, layer=14, feature=11169, pos=51)",1
0,55,8903,transcoder,1,55,16329,lorsa,1.2881624698638916,1.1421351432800293,-0.1460273265838623,0.0,-0.11336095407226984,"Node(id=2_16329_55, type=lorsa, layer=1, feature=16329, pos=55)",1
10,1,10273,transcoder,12,1,13896,transcoder,12.206680297851562,10.919921875,-1.2867584228515625,0.0,-0.10541428066056899,"Node(id=25_13896_1, type=transcoder, layer=12, feature=13896, pos=1)",1
3,56,2403,transcoder,4,55,9090,lorsa,4.7906646728515625,3.6743757724761963,-1.1162889003753662,0.0,-0.23301336591168967,"Node(id=8_9090_55, type=lorsa, layer=4, feature=9090, pos=55)",1
3,56,2403,transcoder,14,55,9044,lorsa,3.8024330139160156,2.6037991046905518,-1.1986339092254639,0.0,-0.3152281459893558,"Node(id=28_9044_55, type=lorsa, layer=14, feature=9044, pos=55)",1
3,56,2403,transcoder,13,56,2268,transcoder,0.6461610198020935,0.4714455008506775,-0.17471551895141602,0.0,-0.27039006315318737,"Node(id=27_2268_56, type=transcoder, layer=13, feature=2268, pos=56)",1
3,56,2403,transcoder,13,51,3932,transcoder,0.40207821130752563,0.3317989408969879,-0.07027927041053772,0.0,-0.17479004938366408,"Node(id=27_3932_51, type=transcoder, layer=13, feature=3932, pos=51)",1
3,56,2403,transcoder,14,55,8748,lorsa,1.8016709089279175,1.4597262144088745,-0.34194469451904297,0.0,-0.18979309308075404,"Node(id=28_8748_55, type=lorsa, layer=14, feature=8748, pos=55)",1
3,56,2403,transcoder,13,56,16285,transcoder,0.37943366169929504,0.16213203966617584,-0.2173016220331192,0.0,-0.5726999050635969,"Node(id=27_16285_56, type=transcoder, layer=13, feature=16285, pos=56)",1
3,56,2403,transcoder,14,54,9044,lorsa,3.588165521621704,2.4960906505584717,-1.0920748710632324,0.0,-0.3043546526721151,"Node(id=28_9044_54, type=lorsa, layer=14, feature=9044, pos=54)",1
0,54,14779,transcoder,14,51,11169,transcoder,0.6642193794250488,0.5841405987739563,-0.08007878065109253,0.0,-0.12056074112202066,"Node(id=29_11169_51, type=transcoder, layer=14, feature=11169, pos=51)",1
0,54,14779,transcoder,1,55,11995,lorsa,0.9528807401657104,0.7832902073860168,-0.1695905327796936,0.0,-0.17797666132930864,"Node(id=2_11995_55, type=lorsa, layer=1, feature=11995, pos=55)",1
13,37,9843,lorsa,14,51,790,transcoder,0.5391555428504944,0.46021655201911926,-0.07893899083137512,0.0,-0.14641227726979816,"Node(id=29_790_51, type=transcoder, layer=14, feature=790, pos=51)",1
1,55,4857,transcoder,14,51,11169,transcoder,0.6642193794250488,0.582419753074646,-0.08179962635040283,0.0,-0.12315152024201544,"Node(id=29_11169_51, type=transcoder, layer=14, feature=11169, pos=51)",1
4,54,15551,lorsa,9,54,12243,lorsa,2.3094804286956787,1.8167133331298828,-0.4927670955657959,0.0,-0.21336708007700897,"Node(id=18_12243_54, type=lorsa, layer=9, feature=12243, pos=54)",1
4,54,15551,lorsa,14,51,11169,transcoder,0.6642193794250488,0.558836817741394,-0.10538256168365479,0.0,-0.15865625868199507,"Node(id=29_11169_51, type=transcoder, layer=14, feature=11169, pos=51)",1
4,54,15551,lorsa,11,14,12258,transcoder,0.23024021089076996,0.19645804166793823,-0.033782169222831726,0.0,-0.14672575694807102,"Node(id=23_12258_14, type=transcoder, layer=11, feature=12258, pos=14)",1
4,54,15551,lorsa,5,54,14178,lorsa,2.141420841217041,1.6507971286773682,-0.49062371253967285,0.0,-0.22911129988855203,"Node(id=10_14178_54, type=lorsa, layer=5, feature=14178, pos=54)",1
4,54,15551,lorsa,12,37,15342,lorsa,1.2413737773895264,0.0,-1.2413737773895264,0.0,-1.0,"Node(id=24_15342_37, type=lorsa, layer=12, feature=15342, pos=37)",1
4,54,15551,lorsa,7,14,1092,transcoder,0.7006182074546814,0.6222323775291443,-0.07838582992553711,0.0,-0.11188094898405476,"Node(id=15_1092_14, type=transcoder, layer=7, feature=1092, pos=14)",1
0,15,12663,transcoder,14,55,9044,lorsa,3.8024330139160156,3.05367112159729,-0.7487618923187256,0.0,-0.19691652412506208,"Node(id=28_9044_55, type=lorsa, layer=14, feature=9044, pos=55)",1
0,15,12663,transcoder,13,55,9300,transcoder,0.6302089691162109,0.5571815967559814,-0.07302737236022949,0.0,-0.11587802766857036,"Node(id=27_9300_55, type=transcoder, layer=13, feature=9300, pos=55)",1
0,15,12663,transcoder,14,51,11169,transcoder,0.6642193794250488,0.4327373802661896,-0.23148199915885925,0.0,-0.3485023266849442,"Node(id=29_11169_51, type=transcoder, layer=14, feature=11169, pos=51)",1
0,15,12663,transcoder,11,51,9849,transcoder,0.687792956829071,0.6168632507324219,-0.07092970609664917,0.0,-0.10312653741564336,"Node(id=23_9849_51, type=transcoder, layer=11, feature=9849, pos=51)",1
0,15,12663,transcoder,13,55,14142,transcoder,0.6139975786209106,0.5423550605773926,-0.07164251804351807,0.0,-0.11668208562716663,"Node(id=27_14142_55, type=transcoder, layer=13, feature=14142, pos=55)",1
0,15,12663,transcoder,9,54,12266,lorsa,1.494158148765564,1.2243131399154663,-0.26984500885009766,0.0,-0.18060003157834184,"Node(id=18_12266_54, type=lorsa, layer=9, feature=12266, pos=54)",1
0,15,12663,transcoder,8,54,11682,transcoder,0.4600358009338379,0.3856215476989746,-0.07441425323486328,0.0,-0.16175752644426364,"Node(id=17_11682_54, type=transcoder, layer=8, feature=11682, pos=54)",1
0,15,12663,transcoder,13,56,2268,transcoder,0.6461610198020935,0.5791020393371582,-0.0670589804649353,0.0,-0.1037806033014405,"Node(id=27_2268_56, type=transcoder, layer=13, feature=2268, pos=56)",1
0,15,12663,transcoder,13,51,3932,transcoder,0.40207821130752563,0.25763964653015137,-0.14443856477737427,0.0,-0.35923002220804706,"Node(id=27_3932_51, type=transcoder, layer=13, feature=3932, pos=51)",1
0,15,12663,transcoder,14,51,4640,lorsa,1.3973380327224731,1.224871277809143,-0.17246675491333008,0.0,-0.12342522057981076,"Node(id=28_4640_51, type=lorsa, layer=14, feature=4640, pos=51)",1
0,15,12663,transcoder,11,14,12258,transcoder,0.23024021089076996,0.20101386308670044,-0.02922634780406952,0.0,-0.12693850344818794,"Node(id=23_12258_14, type=transcoder, layer=11, feature=12258, pos=14)",1
0,15,12663,transcoder,14,51,13673,lorsa,0.8683499097824097,0.6651128530502319,-0.20323705673217773,0.0,-0.23404972401402643,"Node(id=28_13673_51, type=lorsa, layer=14, feature=13673, pos=51)",1
0,15,12663,transcoder,14,51,790,transcoder,0.5391555428504944,0.36163392663002014,-0.17752161622047424,0.0,-0.32925863152945506,"Node(id=29_790_51, type=transcoder, layer=14, feature=790, pos=51)",1
0,15,12663,transcoder,13,56,16285,transcoder,0.37943366169929504,0.3232991397380829,-0.05613452196121216,0.0,-0.14794291500077641,"Node(id=27_16285_56, type=transcoder, layer=13, feature=16285, pos=56)",1
0,15,12663,transcoder,14,51,2652,transcoder,1.2029510736465454,1.027343511581421,-0.1756075620651245,0.0,-0.14598063538261744,"Node(id=29_2652_51, type=transcoder, layer=14, feature=2652, pos=51)",1
0,15,12663,transcoder,12,37,6377,transcoder,0.3010123670101166,0.22897973656654358,-0.072032630443573,0.0,-0.23930123256747152,"Node(id=25_6377_37, type=transcoder, layer=12, feature=6377, pos=37)",1
0,15,12663,transcoder,14,54,9044,lorsa,3.588165521621704,3.061175584793091,-0.5269899368286133,0.0,-0.14686890380420226,"Node(id=28_9044_54, type=lorsa, layer=14, feature=9044, pos=54)",1
0,15,12663,transcoder,11,37,7513,transcoder,0.49810850620269775,0.42603784799575806,-0.0720706582069397,0.0,-0.14468867186462306,"Node(id=23_7513_37, type=transcoder, layer=11, feature=7513, pos=37)",1
0,15,12663,transcoder,12,37,15342,lorsa,1.2413737773895264,0.0,-1.2413737773895264,0.0,-1.0,"Node(id=24_15342_37, type=lorsa, layer=12, feature=15342, pos=37)",1
0,15,12663,transcoder,10,14,6896,transcoder,0.4185520112514496,0.3748186230659485,-0.0437333881855011,0.0,-0.1044873444873445,"Node(id=21_6896_14, type=transcoder, layer=10, feature=6896, pos=14)",1
0,56,6291,transcoder,1,56,2693,transcoder,3.9147512912750244,2.872166156768799,-1.0425851345062256,0.0,-0.26632218931248075,"Node(id=3_2693_56, type=transcoder, layer=1, feature=2693, pos=56)",1
0,56,6291,transcoder,3,56,5881,transcoder,4.1003336906433105,3.347095012664795,-0.7532386779785156,0.0,-0.18370179961142097,"Node(id=7_5881_56, type=transcoder, layer=3, feature=5881, pos=56)",1
0,56,6291,transcoder,2,56,13333,transcoder,1.885103464126587,1.19856858253479,-0.6865348815917969,0.0,-0.3641894965748656,"Node(id=5_13333_56, type=transcoder, layer=2, feature=13333, pos=56)",1
0,56,6291,transcoder,13,56,13473,transcoder,1.8784750699996948,1.6759891510009766,-0.20248591899871826,0.0,-0.10779271028534393,"Node(id=27_13473_56, type=transcoder, layer=13, feature=13473, pos=56)",1
0,56,6291,transcoder,1,56,14865,lorsa,5.337706565856934,3.913825750350952,-1.4238808155059814,0.0,-0.26675891563877807,"Node(id=2_14865_56, type=lorsa, layer=1, feature=14865, pos=56)",1
0,56,6291,transcoder,1,56,14708,transcoder,0.787199854850769,0.3785107433795929,-0.40868911147117615,0.0,-0.5191681743242345,"Node(id=3_14708_56, type=transcoder, layer=1, feature=14708, pos=56)",1
0,56,6291,transcoder,11,56,7586,transcoder,2.6750638484954834,2.0067074298858643,-0.6683564186096191,0.0,-0.24984690327504444,"Node(id=23_7586_56, type=transcoder, layer=11, feature=7586, pos=56)",1
0,56,6291,transcoder,13,56,16285,transcoder,0.37943366169929504,0.312029093503952,-0.06740456819534302,0.0,-0.1776451986190983,"Node(id=27_16285_56, type=transcoder, layer=13, feature=16285, pos=56)",1
0,56,6291,transcoder,2,56,2616,transcoder,3.1142807006835938,2.30802321434021,-0.8062574863433838,0.0,-0.258890435331153,"Node(id=5_2616_56, type=transcoder, layer=2, feature=2616, pos=56)",1
0,56,6291,transcoder,13,56,12356,transcoder,1.2258914709091187,0.9185212850570679,-0.3073701858520508,0.0,-0.25073197191273844,"Node(id=27_12356_56, type=transcoder, layer=13, feature=12356, pos=56)",1
0,56,6291,transcoder,14,54,9044,lorsa,3.588165521621704,2.930051803588867,-0.6581137180328369,0.0,-0.18341230750564608,"Node(id=28_9044_54, type=lorsa, layer=14, feature=9044, pos=54)",1
2,54,6509,transcoder,14,51,11169,transcoder,0.6642193794250488,0.5847800374031067,-0.07943934202194214,0.0,-0.11959804920281787,"Node(id=29_11169_51, type=transcoder, layer=14, feature=11169, pos=51)",1
2,54,6509,transcoder,12,37,15342,lorsa,1.2413737773895264,1.0951508283615112,-0.14622294902801514,0.0,-0.11779123394688266,"Node(id=24_15342_37, type=lorsa, layer=12, feature=15342, pos=37)",1
2,23,9551,transcoder,14,51,790,transcoder,0.5391555428504944,0.476007878780365,-0.0631476640701294,0.0,-0.11712327714609062,"Node(id=29_790_51, type=transcoder, layer=14, feature=790, pos=51)",1
2,56,2616,transcoder,4,55,9090,lorsa,4.7906646728515625,3.5499045848846436,-1.240760087966919,0.0,-0.2589953947305557,"Node(id=8_9090_55, type=lorsa, layer=4, feature=9090, pos=55)",1
2,56,2616,transcoder,14,51,11169,transcoder,0.6642193794250488,0.5548867583274841,-0.1093326210975647,0.0,-0.1646031785344828,"Node(id=29_11169_51, type=transcoder, layer=14, feature=11169, pos=51)",1
2,56,2616,transcoder,3,55,8792,lorsa,2.6274337768554688,1.8142544031143188,-0.8131793737411499,0.0,-0.309495668703159,"Node(id=6_8792_55, type=lorsa, layer=3, feature=8792, pos=55)",1
2,56,2616,transcoder,8,54,1436,lorsa,2.9068973064422607,2.6092240810394287,-0.29767322540283203,0.0,-0.1024023878460134,"Node(id=16_1436_54, type=lorsa, layer=8, feature=1436, pos=54)",1
2,56,2616,transcoder,11,56,7586,transcoder,2.6750638484954834,2.2936277389526367,-0.3814361095428467,0.0,-0.14258953473479707,"Node(id=23_7586_56, type=transcoder, layer=11, feature=7586, pos=56)",1
2,56,2616,transcoder,13,56,12356,transcoder,1.2258914709091187,0.965222954750061,-0.2606685161590576,0.0,-0.21263588363637637,"Node(id=27_12356_56, type=transcoder, layer=13, feature=12356, pos=56)",1
2,56,2616,transcoder,14,54,9044,lorsa,3.588165521621704,3.111858367919922,-0.4763071537017822,0.0,-0.1327439190950452,"Node(id=28_9044_54, type=lorsa, layer=14, feature=9044, pos=54)",1
1,55,11995,lorsa,1,55,10736,transcoder,0.5947915315628052,0.4573996067047119,-0.13739192485809326,0.0,-0.2309917299883174,"Node(id=3_10736_55, type=transcoder, layer=1, feature=10736, pos=55)",1
1,55,11995,lorsa,14,51,11169,transcoder,0.6642193794250488,0.588595986366272,-0.07562339305877686,0.0,-0.11385303621257903,"Node(id=29_11169_51, type=transcoder, layer=14, feature=11169, pos=51)",1
3,54,5003,lorsa,14,51,11169,transcoder,0.6642193794250488,0.5878623723983765,-0.07635700702667236,0.0,-0.11495751161727218,"Node(id=29_11169_51, type=transcoder, layer=14, feature=11169, pos=51)",1
0,56,4757,lorsa,1,56,2693,transcoder,3.9147512912750244,1.123442530632019,-2.7913087606430054,0.0,-0.713023268391051,"Node(id=3_2693_56, type=transcoder, layer=1, feature=2693, pos=56)",1
0,56,4757,lorsa,4,55,9090,lorsa,4.7906646728515625,4.278099060058594,-0.5125656127929688,0.0,-0.10699258825140702,"Node(id=8_9090_55, type=lorsa, layer=4, feature=9090, pos=55)",1
0,56,4757,lorsa,1,56,4856,transcoder,2.6325509548187256,1.2997609376907349,-1.3327900171279907,0.0,-0.5062732080032104,"Node(id=3_4856_56, type=transcoder, layer=1, feature=4856, pos=56)",1
0,56,4757,lorsa,14,55,9044,lorsa,3.8024330139160156,3.377864360809326,-0.42456865310668945,0.0,-0.11165710258481017,"Node(id=28_9044_55, type=lorsa, layer=14, feature=9044, pos=55)",1
0,56,4757,lorsa,14,51,11169,transcoder,0.6642193794250488,0.5476539731025696,-0.11656540632247925,0.0,-0.17549232969290773,"Node(id=29_11169_51, type=transcoder, layer=14, feature=11169, pos=51)",1
0,56,4757,lorsa,0,56,14339,transcoder,0.9878732562065125,0.3678021728992462,-0.6200710833072662,0.0,-0.6276828321968886,"Node(id=1_14339_56, type=transcoder, layer=0, feature=14339, pos=56)",1
0,56,4757,lorsa,3,56,5881,transcoder,4.1003336906433105,2.2460310459136963,-1.8543026447296143,0.0,-0.45223213148749575,"Node(id=7_5881_56, type=transcoder, layer=3, feature=5881, pos=56)",1
0,56,4757,lorsa,2,56,13333,transcoder,1.885103464126587,1.020699381828308,-0.8644040822982788,0.0,-0.45854463627479336,"Node(id=5_13333_56, type=transcoder, layer=2, feature=13333, pos=56)",1
0,56,4757,lorsa,2,56,7272,transcoder,1.4503072500228882,0.8005809187889099,-0.6497263312339783,0.0,-0.4479921969801396,"Node(id=5_7272_56, type=transcoder, layer=2, feature=7272, pos=56)",1
0,56,4757,lorsa,3,55,8792,lorsa,2.6274337768554688,2.2999517917633057,-0.3274819850921631,0.0,-0.12463948205921895,"Node(id=6_8792_55, type=lorsa, layer=3, feature=8792, pos=55)",1
0,56,4757,lorsa,13,56,13473,transcoder,1.8784750699996948,1.210038185119629,-0.6684368848800659,0.0,-0.35584016820631775,"Node(id=27_13473_56, type=transcoder, layer=13, feature=13473, pos=56)",1
0,56,4757,lorsa,8,54,1436,lorsa,2.9068973064422607,2.61519718170166,-0.2917001247406006,0.0,-0.10034758506746533,"Node(id=16_1436_54, type=lorsa, layer=8, feature=1436, pos=54)",1
0,56,4757,lorsa,13,56,2268,transcoder,0.6461610198020935,0.4701438844203949,-0.1760171353816986,0.0,-0.27240444716954487,"Node(id=27_2268_56, type=transcoder, layer=13, feature=2268, pos=56)",1
0,56,4757,lorsa,5,56,1007,transcoder,1.8848531246185303,1.1442348957061768,-0.7406182289123535,0.0,-0.3929315336240032,"Node(id=11_1007_56, type=transcoder, layer=5, feature=1007, pos=56)",1
0,56,4757,lorsa,1,56,14865,lorsa,5.337706565856934,1.139896273612976,-4.1978102922439575,0.0,-0.7864445601216796,"Node(id=2_14865_56, type=lorsa, layer=1, feature=14865, pos=56)",1
0,56,4757,lorsa,0,56,329,transcoder,2.076172113418579,0.8530849814414978,-1.2230871319770813,0.0,-0.5891068105924865,"Node(id=1_329_56, type=transcoder, layer=0, feature=329, pos=56)",1
0,56,4757,lorsa,14,55,8748,lorsa,1.8016709089279175,1.54905104637146,-0.2526198625564575,0.0,-0.140214209656512,"Node(id=28_8748_55, type=lorsa, layer=14, feature=8748, pos=55)",1
0,56,4757,lorsa,1,56,14708,transcoder,0.787199854850769,0.35303041338920593,-0.4341694414615631,0.0,-0.5515364856664886,"Node(id=3_14708_56, type=transcoder, layer=1, feature=14708, pos=56)",1
0,56,4757,lorsa,11,56,7586,transcoder,2.6750638484954834,0.8262588977813721,-1.8488049507141113,0.0,-0.6911255414534951,"Node(id=23_7586_56, type=transcoder, layer=11, feature=7586, pos=56)",1
0,56,4757,lorsa,13,56,16285,transcoder,0.37943366169929504,0.07632380723953247,-0.3031098544597626,0.0,-0.7988480861246837,"Node(id=27_16285_56, type=transcoder, layer=13, feature=16285, pos=56)",1
0,56,4757,lorsa,2,56,2616,transcoder,3.1142807006835938,0.779891312122345,-2.334389388561249,0.0,-0.7495757810299,"Node(id=5_2616_56, type=transcoder, layer=2, feature=2616, pos=56)",1
0,56,4757,lorsa,13,56,12356,transcoder,1.2258914709091187,0.5314828753471375,-0.6944085955619812,0.0,-0.5664519348087227,"Node(id=27_12356_56, type=transcoder, layer=13, feature=12356, pos=56)",1
0,56,4757,lorsa,14,54,9044,lorsa,3.588165521621704,2.92706036567688,-0.6611051559448242,0.0,-0.18424600313478062,"Node(id=28_9044_54, type=lorsa, layer=14, feature=9044, pos=54)",1
0,56,4757,lorsa,10,56,11708,transcoder,2.9663991928100586,1.451129674911499,-1.5152695178985596,0.0,-0.510811060618969,"Node(id=21_11708_56, type=transcoder, layer=10, feature=11708, pos=56)",1
14,51,6541,lorsa,14,51,790,transcoder,0.5391555428504944,0.0,-0.5391555428504944,0.0,-1.0,"Node(id=29_790_51, type=transcoder, layer=14, feature=790, pos=51)",1
14,51,6541,lorsa,14,51,7697,transcoder,1.0310401916503906,0.8508188128471375,-0.18022137880325317,0.0,-0.1747956871737192,"Node(id=29_7697_51, type=transcoder, layer=14, feature=7697, pos=51)",1
14,51,6541,lorsa,14,51,14073,transcoder,0.8638689517974854,0.6222712993621826,-0.24159765243530273,0.0,-0.2796693317112523,"Node(id=29_14073_51, type=transcoder, layer=14, feature=14073, pos=51)",1
11,54,14428,lorsa,14,51,790,transcoder,0.5391555428504944,0.42482203245162964,-0.11433351039886475,0.0,-0.2120603449505275,"Node(id=29_790_51, type=transcoder, layer=14, feature=790, pos=51)",1
11,54,14428,lorsa,12,37,6377,transcoder,0.3010123670101166,0.25296667218208313,-0.04804569482803345,0.0,-0.15961369064420766,"Node(id=25_6377_37, type=transcoder, layer=12, feature=6377, pos=37)",1
0,10,7465,lorsa,14,51,138,transcoder,4.929553031921387,4.302227020263672,-0.6273260116577148,0.0,-0.1272581931050253,"Node(id=29_138_51, type=transcoder, layer=14, feature=138, pos=51)",1
0,10,7465,lorsa,11,51,9680,transcoder,1.042241096496582,0.8461558818817139,-0.19608521461486816,0.0,-0.1881380568027824,"Node(id=23_9680_51, type=transcoder, layer=11, feature=9680, pos=51)",1
0,10,7465,lorsa,0,10,12663,transcoder,1.3235399723052979,0.34128284454345703,-0.9822571277618408,0.0,-0.7421439082425128,"Node(id=1_12663_10, type=transcoder, layer=0, feature=12663, pos=10)",1
0,10,7465,lorsa,14,55,9044,lorsa,3.8024330139160156,1.6936302185058594,-2.1088027954101562,0.0,-0.5545930165482025,"Node(id=28_9044_55, type=lorsa, layer=14, feature=9044, pos=55)",1
0,10,7465,lorsa,13,55,9300,transcoder,0.6302089691162109,0.5340505242347717,-0.09615844488143921,0.0,-0.15258184125225854,"Node(id=27_9300_55, type=transcoder, layer=13, feature=9300, pos=55)",1
0,10,7465,lorsa,14,51,11169,transcoder,0.6642193794250488,0.46472448110580444,-0.19949489831924438,0.0,-0.30034489281527443,"Node(id=29_11169_51, type=transcoder, layer=14, feature=11169, pos=51)",1
0,10,7465,lorsa,13,55,14142,transcoder,0.6139975786209106,0.4587971866130829,-0.15520039200782776,0.0,-0.252770364919713,"Node(id=27_14142_55, type=transcoder, layer=13, feature=14142, pos=55)",1
0,10,7465,lorsa,13,51,3932,transcoder,0.40207821130752563,0.0,-0.40207821130752563,0.0,-1.0,"Node(id=27_3932_51, type=transcoder, layer=13, feature=3932, pos=51)",1
0,10,7465,lorsa,9,54,13348,transcoder,0.5763208270072937,0.5177484154701233,-0.05857241153717041,0.0,-0.10163160655033752,"Node(id=19_13348_54, type=transcoder, layer=9, feature=13348, pos=54)",1
0,10,7465,lorsa,14,51,13673,lorsa,0.8683499097824097,0.0,-0.8683499097824097,0.0,-1.0,"Node(id=28_13673_51, type=lorsa, layer=14, feature=13673, pos=51)",1
0,10,7465,lorsa,14,51,790,transcoder,0.5391555428504944,0.0,-0.5391555428504944,0.0,-1.0,"Node(id=29_790_51, type=transcoder, layer=14, feature=790, pos=51)",1
0,10,7465,lorsa,7,1,6104,transcoder,6.96210241317749,3.5876495838165283,-3.374452829360962,0.0,-0.48468876628042423,"Node(id=15_6104_1, type=transcoder, layer=7, feature=6104, pos=1)",1
0,10,7465,lorsa,13,51,6109,transcoder,0.38438713550567627,0.33503639698028564,-0.049350738525390625,0.0,-0.12838811179377219,"Node(id=27_6109_51, type=transcoder, layer=13, feature=6109, pos=51)",1
0,10,7465,lorsa,14,51,14073,transcoder,0.8638689517974854,0.5031102299690247,-0.3607587218284607,0.0,-0.4176081581330318,"Node(id=29_14073_51, type=transcoder, layer=14, feature=14073, pos=51)",1
0,10,7465,lorsa,14,51,2652,transcoder,1.2029510736465454,0.7831979990005493,-0.4197530746459961,0.0,-0.3489361153929434,"Node(id=29_2652_51, type=transcoder, layer=14, feature=2652, pos=51)",1
0,10,7465,lorsa,12,37,6377,transcoder,0.3010123670101166,0.2662754952907562,-0.03473687171936035,0.0,-0.11540014805502292,"Node(id=25_6377_37, type=transcoder, layer=12, feature=6377, pos=37)",1
0,10,7465,lorsa,14,54,9044,lorsa,3.588165521621704,2.056206464767456,-1.531959056854248,0.0,-0.4269477111975217,"Node(id=28_9044_54, type=lorsa, layer=14, feature=9044, pos=54)",1
0,10,7465,lorsa,12,37,15342,lorsa,1.2413737773895264,0.9391018748283386,-0.30227190256118774,0.0,-0.2434978956916849,"Node(id=24_15342_37, type=lorsa, layer=12, feature=15342, pos=37)",1
0,10,7465,lorsa,12,1,13896,transcoder,12.206680297851562,0.0,-12.206680297851562,0.0,-1.0,"Node(id=25_13896_1, type=transcoder, layer=12, feature=13896, pos=1)",1
0,10,7465,lorsa,12,51,5918,transcoder,0.6882085204124451,0.5495017170906067,-0.13870680332183838,0.0,-0.20154764029761074,"Node(id=25_5918_51, type=transcoder, layer=12, feature=5918, pos=51)",1
1,54,2511,lorsa,9,54,12243,lorsa,2.3094804286956787,1.7066527605056763,-0.6028276681900024,0.0,-0.26102306852215257,"Node(id=18_12243_54, type=lorsa, layer=9, feature=12243, pos=54)",1
1,54,2511,lorsa,14,55,9044,lorsa,3.8024330139160156,3.3998303413391113,-0.4026026725769043,0.0,-0.10588028010052318,"Node(id=28_9044_55, type=lorsa, layer=14, feature=9044, pos=55)",1
1,54,2511,lorsa,14,51,11169,transcoder,0.6642193794250488,0.5393139719963074,-0.12490540742874146,0.0,-0.18804842390605964,"Node(id=29_11169_51, type=transcoder, layer=14, feature=11169, pos=51)",1
1,54,2511,lorsa,8,54,1436,lorsa,2.9068973064422607,2.561072826385498,-0.3458244800567627,0.0,-0.11896687209773359,"Node(id=16_1436_54, type=lorsa, layer=8, feature=1436, pos=54)",1
1,54,2511,lorsa,2,54,715,transcoder,0.9930531978607178,0.888754665851593,-0.10429853200912476,0.0,-0.10502814172877102,"Node(id=5_715_54, type=transcoder, layer=2, feature=715, pos=54)",1
1,54,2511,lorsa,1,54,11175,transcoder,1.3649195432662964,1.2283883094787598,-0.13653123378753662,0.0,-0.10002877785808018,"Node(id=3_11175_54, type=transcoder, layer=1, feature=11175, pos=54)",1
1,54,2511,lorsa,14,51,7697,transcoder,1.0310401916503906,0.8399020433425903,-0.1911381483078003,0.0,-0.18538379963815438,"Node(id=29_7697_51, type=transcoder, layer=14, feature=7697, pos=51)",1
1,54,2511,lorsa,3,54,10248,transcoder,0.899041473865509,0.728883683681488,-0.170157790184021,0.0,-0.18926578487242907,"Node(id=7_10248_54, type=transcoder, layer=3, feature=10248, pos=54)",1
1,54,2511,lorsa,11,37,7513,transcoder,0.49810850620269775,0.4372444450855255,-0.06086406111717224,0.0,-0.12219036687641814,"Node(id=23_7513_37, type=transcoder, layer=11, feature=7513, pos=37)",1
1,54,2511,lorsa,12,37,15342,lorsa,1.2413737773895264,1.0163058042526245,-0.22506797313690186,0.0,-0.18130556423561262,"Node(id=24_15342_37, type=lorsa, layer=12, feature=15342, pos=37)",1
1,54,2511,lorsa,7,14,1092,transcoder,0.7006182074546814,0.6042273044586182,-0.09639090299606323,0.0,-0.13757978592398792,"Node(id=15_1092_14, type=transcoder, layer=7, feature=1092, pos=14)",1
6,54,15671,transcoder,9,54,12266,lorsa,1.494158148765564,1.1685959100723267,-0.3255622386932373,0.0,-0.21789008008436636,"Node(id=18_12266_54, type=lorsa, layer=9, feature=12266, pos=54)",1
6,54,15671,transcoder,12,32,13896,transcoder,8.983194351196289,7.390906810760498,-1.592287540435791,0.0,-0.1772518191397859,"Node(id=25_13896_32, type=transcoder, layer=12, feature=13896, pos=32)",1
6,54,15671,transcoder,12,37,15342,lorsa,1.2413737773895264,0.0,-1.2413737773895264,0.0,-1.0,"Node(id=24_15342_37, type=lorsa, layer=12, feature=15342, pos=37)",1
6,54,15671,transcoder,7,14,1092,transcoder,0.7006182074546814,0.5548621416091919,-0.1457560658454895,0.0,-0.20803922064060482,"Node(id=15_1092_14, type=transcoder, layer=7, feature=1092, pos=14)",1
1,19,9035,transcoder,4,55,9090,lorsa,4.7906646728515625,4.277563095092773,-0.5131015777587891,0.0,-0.10710446520427697,"Node(id=8_9090_55, type=lorsa, layer=4, feature=9090, pos=55)",1
1,19,9035,transcoder,11,54,10708,transcoder,0.9755883812904358,0.8559573292732239,-0.11963105201721191,0.0,-0.12262451491988133,"Node(id=23_10708_54, type=transcoder, layer=11, feature=10708, pos=54)",1
1,19,9035,transcoder,7,0,6104,transcoder,6.486999988555908,5.621260643005371,-0.8657393455505371,0.0,-0.13345758394910404,"Node(id=15_6104_0, type=transcoder, layer=7, feature=6104, pos=0)",1
1,19,9035,transcoder,3,55,15371,transcoder,0.6983613967895508,0.292876660823822,-0.40548473596572876,0.0,-0.5806230668387308,"Node(id=7_15371_55, type=transcoder, layer=3, feature=15371, pos=55)",1
1,19,9035,transcoder,13,55,9300,transcoder,0.6302089691162109,0.38897132873535156,-0.24123764038085938,0.0,-0.38278991922181765,"Node(id=27_9300_55, type=transcoder, layer=13, feature=9300, pos=55)",1
1,19,9035,transcoder,11,51,9849,transcoder,0.687792956829071,0.6160122156143188,-0.0717807412147522,0.0,-0.10436387942336986,"Node(id=23_9849_51, type=transcoder, layer=11, feature=9849, pos=51)",1
1,19,9035,transcoder,3,55,8792,lorsa,2.6274337768554688,1.9191558361053467,-0.7082779407501221,0.0,-0.26957023502902294,"Node(id=6_8792_55, type=lorsa, layer=3, feature=8792, pos=55)",1
1,19,9035,transcoder,9,54,12266,lorsa,1.494158148765564,0.0,-1.494158148765564,0.0,-1.0,"Node(id=18_12266_54, type=lorsa, layer=9, feature=12266, pos=54)",1
1,19,9035,transcoder,12,32,13896,transcoder,8.983194351196289,0.0,-8.983194351196289,0.0,-1.0,"Node(id=25_13896_32, type=transcoder, layer=12, feature=13896, pos=32)",1
1,19,9035,transcoder,8,54,11682,transcoder,0.4600358009338379,0.3098505139350891,-0.15018528699874878,0.0,-0.32646434623975784,"Node(id=17_11682_54, type=transcoder, layer=8, feature=11682, pos=54)",1
1,19,9035,transcoder,13,56,2268,transcoder,0.6461610198020935,0.48790329694747925,-0.15825772285461426,0.0,-0.24491994720307564,"Node(id=27_2268_56, type=transcoder, layer=13, feature=2268, pos=56)",1
1,19,9035,transcoder,9,54,1889,transcoder,0.6214693784713745,0.4657452404499054,-0.15572413802146912,0.0,-0.25057411260471607,"Node(id=19_1889_54, type=transcoder, layer=9, feature=1889, pos=54)",1
1,19,9035,transcoder,14,51,4640,lorsa,1.3973380327224731,1.0382593870162964,-0.35907864570617676,0.0,-0.25697335741057137,"Node(id=28_4640_51, type=lorsa, layer=14, feature=4640, pos=51)",1
1,19,9035,transcoder,7,2,6104,transcoder,7.048698425292969,6.336712837219238,-0.7119855880737305,0.0,-0.10100951198577315,"Node(id=15_6104_2, type=transcoder, layer=7, feature=6104, pos=2)",1
1,19,9035,transcoder,14,51,790,transcoder,0.5391555428504944,0.43660637736320496,-0.10254916548728943,0.0,-0.1902033037537108,"Node(id=29_790_51, type=transcoder, layer=14, feature=790, pos=51)",1
1,19,9035,transcoder,14,51,7697,transcoder,1.0310401916503906,0.39052900671958923,-0.6405111849308014,0.0,-0.6212281442739224,"Node(id=29_7697_51, type=transcoder, layer=14, feature=7697, pos=51)",1
1,19,9035,transcoder,13,55,6340,transcoder,0.37931957840919495,0.0,-0.37931957840919495,0.0,-1.0,"Node(id=27_6340_55, type=transcoder, layer=13, feature=6340, pos=55)",1
1,19,9035,transcoder,5,54,14178,lorsa,2.141420841217041,1.6214271783828735,-0.5199936628341675,0.0,-0.24282646961567708,"Node(id=10_14178_54, type=lorsa, layer=5, feature=14178, pos=54)",1
1,19,9035,transcoder,14,54,9044,lorsa,3.588165521621704,1.6432814598083496,-1.9448840618133545,0.0,-0.5420274092969787,"Node(id=28_9044_54, type=lorsa, layer=14, feature=9044, pos=54)",1
1,19,9035,transcoder,10,14,6896,transcoder,0.4185520112514496,0.33521121740341187,-0.08334079384803772,0.0,-0.19911693554847082,"Node(id=21_6896_14, type=transcoder, layer=10, feature=6896, pos=14)",1
1,19,9035,transcoder,12,37,15649,lorsa,3.205152750015259,2.8508589267730713,-0.3542938232421875,0.0,-0.1105388263447041,"Node(id=24_15649_37, type=lorsa, layer=12, feature=15649, pos=37)",1
6,55,4801,transcoder,14,51,11169,transcoder,0.6642193794250488,0.5884098410606384,-0.0758095383644104,0.0,-0.11413328293738051,"Node(id=29_11169_51, type=transcoder, layer=14, feature=11169, pos=51)",1
6,55,4801,transcoder,14,55,8748,lorsa,1.8016709089279175,1.6042594909667969,-0.1974114179611206,0.0,-0.1095712968349975,"Node(id=28_8748_55, type=lorsa, layer=14, feature=8748, pos=55)",1
2,54,6885,transcoder,9,54,12243,lorsa,2.3094804286956787,1.9370306730270386,-0.37244975566864014,0.0,-0.1612699337222736,"Node(id=18_12243_54, type=lorsa, layer=9, feature=12243, pos=54)",1
2,54,6885,transcoder,4,54,15551,lorsa,4.019529342651367,3.5730204582214355,-0.44650888442993164,0.0,-0.11108486749729879,"Node(id=8_15551_54, type=lorsa, layer=4, feature=15551, pos=54)",1
2,54,6885,transcoder,5,54,14178,lorsa,2.141420841217041,1.679729700088501,-0.46169114112854004,0.0,-0.21560037720850123,"Node(id=10_14178_54, type=lorsa, layer=5, feature=14178, pos=54)",1
2,54,6885,transcoder,12,37,15342,lorsa,1.2413737773895264,1.0484284162521362,-0.19294536113739014,0.0,-0.15542890034549722,"Node(id=24_15342_37, type=lorsa, layer=12, feature=15342, pos=37)",1
10,55,16018,transcoder,14,51,11169,transcoder,0.6642193794250488,0.5171793699264526,-0.1470400094985962,0.0,-0.2213726579701343,"Node(id=29_11169_51, type=transcoder, layer=14, feature=11169, pos=51)",1
1,56,14708,transcoder,3,55,8792,lorsa,2.6274337768554688,2.323251962661743,-0.3041818141937256,0.0,-0.11577144850355564,"Node(id=6_8792_55, type=lorsa, layer=3, feature=8792, pos=55)",1
1,56,14708,transcoder,13,56,16285,transcoder,0.37943366169929504,0.32231032848358154,-0.0571233332157135,0.0,-0.15054893379750875,"Node(id=27_16285_56, type=transcoder, layer=13, feature=16285, pos=56)",1
1,56,14708,transcoder,14,54,9044,lorsa,3.588165521621704,3.1101267337799072,-0.4780387878417969,0.0,-0.13322651504263464,"Node(id=28_9044_54, type=lorsa, layer=14, feature=9044, pos=54)",1
0,55,6737,lorsa,1,55,4200,lorsa,1.2039995193481445,1.042250156402588,-0.16174936294555664,0.0,-0.13434337833716836,"Node(id=2_4200_55, type=lorsa, layer=1, feature=4200, pos=55)",1
5,23,11039,transcoder,6,23,4099,transcoder,2.014463186264038,1.7387347221374512,-0.2757284641265869,0.0,-0.13687441200548545,"Node(id=13_4099_23, type=transcoder, layer=6, feature=4099, pos=23)",1
0,45,7213,lorsa,14,51,11169,transcoder,0.6642193794250488,0.5595017075538635,-0.1047176718711853,0.0,-0.1576552493271566,"Node(id=29_11169_51, type=transcoder, layer=14, feature=11169, pos=51)",1
3,56,1565,lorsa,4,55,9090,lorsa,4.7906646728515625,3.839271068572998,-0.9513936042785645,0.0,-0.1985932368988505,"Node(id=8_9090_55, type=lorsa, layer=4, feature=9090, pos=55)",1
0,56,14339,transcoder,1,56,2693,transcoder,3.9147512912750244,3.466681480407715,-0.44806981086730957,0.0,-0.11445677580232036,"Node(id=3_2693_56, type=transcoder, layer=1, feature=2693, pos=56)",1
0,56,14339,transcoder,1,56,4856,transcoder,2.6325509548187256,1.4570890665054321,-1.1754618883132935,0.0,-0.44651059314224534,"Node(id=3_4856_56, type=transcoder, layer=1, feature=4856, pos=56)",1
0,56,14339,transcoder,14,55,9044,lorsa,3.8024330139160156,3.1695761680603027,-0.6328568458557129,0.0,-0.16643471260101225,"Node(id=28_9044_55, type=lorsa, layer=14, feature=9044, pos=55)",1
0,56,14339,transcoder,3,56,2403,transcoder,1.9280507564544678,1.551832914352417,-0.3762178421020508,0.0,-0.19512859858206508,"Node(id=7_2403_56, type=transcoder, layer=3, feature=2403, pos=56)",1
0,56,14339,transcoder,2,56,7272,transcoder,1.4503072500228882,0.789668619632721,-0.6606386303901672,0.0,-0.45551632619897703,"Node(id=5_7272_56, type=transcoder, layer=2, feature=7272, pos=56)",1
0,56,14339,transcoder,3,55,8792,lorsa,2.6274337768554688,2.34830904006958,-0.27912473678588867,0.0,-0.10623473719666766,"Node(id=6_8792_55, type=lorsa, layer=3, feature=8792, pos=55)",1
0,56,14339,transcoder,13,56,2268,transcoder,0.6461610198020935,0.5214806199073792,-0.12468039989471436,0.0,-0.19295561953412405,"Node(id=27_2268_56, type=transcoder, layer=13, feature=2268, pos=56)",1
0,56,14339,transcoder,1,56,14865,lorsa,5.337706565856934,4.59155797958374,-0.7461485862731934,0.0,-0.1397882362147804,"Node(id=2_14865_56, type=lorsa, layer=1, feature=14865, pos=56)",1
0,56,14339,transcoder,13,56,16285,transcoder,0.37943366169929504,0.2560447156429291,-0.12338894605636597,0.0,-0.3251924078210882,"Node(id=27_16285_56, type=transcoder, layer=13, feature=16285, pos=56)",1
0,56,14339,transcoder,14,54,9044,lorsa,3.588165521621704,2.921590566635132,-0.6665749549865723,0.0,-0.18577040300117137,"Node(id=28_9044_54, type=lorsa, layer=14, feature=9044, pos=54)",1
0,37,8352,lorsa,11,37,7513,transcoder,0.49810850620269775,0.42293742299079895,-0.0751710832118988,0.0,-0.15091306869051754,"Node(id=23_7513_37, type=transcoder, layer=11, feature=7513, pos=37)",1
6,54,9512,transcoder,14,51,11169,transcoder,0.6642193794250488,0.5527673363685608,-0.11145204305648804,0.0,-0.16779402484908135,"Node(id=29_11169_51, type=transcoder, layer=14, feature=11169, pos=51)",1
6,54,9512,transcoder,12,37,15342,lorsa,1.2413737773895264,0.0,-1.2413737773895264,0.0,-1.0,"Node(id=24_15342_37, type=lorsa, layer=12, feature=15342, pos=37)",1
6,54,9512,transcoder,10,14,6896,transcoder,0.4185520112514496,0.3614784777164459,-0.05707353353500366,0.0,-0.1363594774383156,"Node(id=21_6896_14, type=transcoder, layer=10, feature=6896, pos=14)",1
2,55,12041,transcoder,3,55,15371,transcoder,0.6983613967895508,0.6127163171768188,-0.08564507961273193,0.0,-0.12263719043814908,"Node(id=7_15371_55, type=transcoder, layer=3, feature=15371, pos=55)",1
13,54,3932,transcoder,14,51,4640,lorsa,1.3973380327224731,1.1949481964111328,-0.20238983631134033,0.0,-0.1448395675003696,"Node(id=28_4640_51, type=lorsa, layer=14, feature=4640, pos=51)",1
13,54,3932,transcoder,14,54,9044,lorsa,3.588165521621704,3.202101469039917,-0.3860640525817871,0.0,-0.10759371334890425,"Node(id=28_9044_54, type=lorsa, layer=14, feature=9044, pos=54)",1
1,54,26,lorsa,9,54,12243,lorsa,2.3094804286956787,2.0308117866516113,-0.2786686420440674,0.0,-0.12066291559848835,"Node(id=18_12243_54, type=lorsa, layer=9, feature=12243, pos=54)",1
1,54,26,lorsa,14,51,11169,transcoder,0.6642193794250488,0.5932762622833252,-0.07094311714172363,0.0,-0.10680675592924178,"Node(id=29_11169_51, type=transcoder, layer=14, feature=11169, pos=51)",1
2,54,3355,transcoder,9,54,12243,lorsa,2.3094804286956787,1.9233818054199219,-0.38609862327575684,0.0,-0.16717986369506196,"Node(id=18_12243_54, type=lorsa, layer=9, feature=12243, pos=54)",1
2,54,3355,transcoder,14,51,11169,transcoder,0.6642193794250488,0.5850363373756409,-0.07918304204940796,0.0,-0.1192121827549644,"Node(id=29_11169_51, type=transcoder, layer=14, feature=11169, pos=51)",1
2,54,3355,transcoder,12,37,15342,lorsa,1.2413737773895264,0.9927787780761719,-0.2485949993133545,0.0,-0.20025797535060122,"Node(id=24_15342_37, type=lorsa, layer=12, feature=15342, pos=37)",1
9,14,3455,transcoder,10,14,11541,transcoder,0.4443958103656769,0.39929720759391785,-0.04509860277175903,0.0,-0.10148296117969488,"Node(id=21_11541_14, type=transcoder, layer=10, feature=11541, pos=14)",1
5,37,11552,transcoder,10,14,6896,transcoder,0.4185520112514496,0.37610501050949097,-0.04244700074195862,0.0,-0.10141392133093378,"Node(id=21_6896_14, type=transcoder, layer=10, feature=6896, pos=14)",1
10,19,13297,transcoder,12,37,6377,transcoder,0.3010123670101166,0.2689461410045624,-0.0320662260055542,0.0,-0.10652793546012845,"Node(id=25_6377_37, type=transcoder, layer=12, feature=6377, pos=37)",1
5,23,4945,transcoder,6,23,4099,transcoder,2.014463186264038,1.343933343887329,-0.670529842376709,0.0,-0.332857828799668,"Node(id=13_4099_23, type=transcoder, layer=6, feature=4099, pos=23)",1
5,23,4945,transcoder,7,23,7600,transcoder,1.5129057168960571,1.307172417640686,-0.2057332992553711,0.0,-0.13598553892536175,"Node(id=15_7600_23, type=transcoder, layer=7, feature=7600, pos=23)",1
5,23,4945,transcoder,7,51,6874,lorsa,3.2344436645507812,2.4766457080841064,-0.7577979564666748,0.0,-0.23429004646829188,"Node(id=14_6874_51, type=lorsa, layer=7, feature=6874, pos=51)",1
8,2,11854,transcoder,12,32,13896,transcoder,8.983194351196289,6.603940010070801,-2.3792543411254883,0.0,-0.2648561578553228,"Node(id=25_13896_32, type=transcoder, layer=12, feature=13896, pos=32)",1
8,2,11854,transcoder,10,8,54,transcoder,18.665470123291016,16.434999465942383,-2.230470657348633,0.0,-0.1194971593330201,"Node(id=21_54_8, type=transcoder, layer=10, feature=54, pos=8)",1
2,55,4532,transcoder,3,55,15371,transcoder,0.6983613967895508,0.4475078582763672,-0.2508535385131836,0.0,-0.3592030425312549,"Node(id=7_15371_55, type=transcoder, layer=3, feature=15371, pos=55)",1
2,55,4532,transcoder,14,51,11169,transcoder,0.6642193794250488,0.5912918448448181,-0.07292753458023071,0.0,-0.10979434933584307,"Node(id=29_11169_51, type=transcoder, layer=14, feature=11169, pos=51)",1
2,55,4532,transcoder,5,54,14178,lorsa,2.141420841217041,1.8580087423324585,-0.2834120988845825,0.0,-0.13234768870723698,"Node(id=10_14178_54, type=lorsa, layer=5, feature=14178, pos=54)",1
13,55,14142,transcoder,14,55,9044,lorsa,3.8024330139160156,3.1677958965301514,-0.6346371173858643,0.0,-0.16690290534067026,"Node(id=28_9044_55, type=lorsa, layer=14, feature=9044, pos=55)",1
0,15,7465,lorsa,0,15,12663,transcoder,1.3492733240127563,0.3962906002998352,-0.9529827237129211,0.0,-0.7062933111867492,"Node(id=1_12663_15, type=transcoder, layer=0, feature=12663, pos=15)",1
0,15,7465,lorsa,12,37,15342,lorsa,1.2413737773895264,1.0767406225204468,-0.1646331548690796,0.0,-0.13262174364218096,"Node(id=24_15342_37, type=lorsa, layer=12, feature=15342, pos=37)",1
1,3,853,transcoder,14,51,11169,transcoder,0.6642193794250488,0.5966178774833679,-0.06760150194168091,0.0,-0.10177586507668153,"Node(id=29_11169_51, type=transcoder, layer=14, feature=11169, pos=51)",1
1,3,853,transcoder,3,3,5514,transcoder,1.3314927816390991,0.7331534624099731,-0.598339319229126,0.0,-0.4493748126013542,"Node(id=7_5514_3, type=transcoder, layer=3, feature=5514, pos=3)",1
1,3,853,transcoder,13,51,3932,transcoder,0.40207821130752563,0.350521057844162,-0.05155715346336365,0.0,-0.12822667832634843,"Node(id=27_3932_51, type=transcoder, layer=13, feature=3932, pos=51)",1
1,3,853,transcoder,13,56,16285,transcoder,0.37943366169929504,0.3332918584346771,-0.04614180326461792,0.0,-0.12160703680841517,"Node(id=27_16285_56, type=transcoder, layer=13, feature=16285, pos=56)",1
0,10,12663,transcoder,14,51,138,transcoder,4.929553031921387,4.114980697631836,-0.8145723342895508,0.0,-0.1652426353900195,"Node(id=29_138_51, type=transcoder, layer=14, feature=138, pos=51)",1
0,10,12663,transcoder,11,51,9680,transcoder,1.042241096496582,0.7974304556846619,-0.24481064081192017,0.0,-0.23488868519465736,"Node(id=23_9680_51, type=transcoder, layer=11, feature=9680, pos=51)",1
0,10,12663,transcoder,10,51,12950,transcoder,0.8460464477539062,0.7396760582923889,-0.10637038946151733,0.0,-0.12572641814632124,"Node(id=21_12950_51, type=transcoder, layer=10, feature=12950, pos=51)",1
0,10,12663,transcoder,14,55,9044,lorsa,3.8024330139160156,1.4756752252578735,-2.326757788658142,0.0,-0.611912893703256,"Node(id=28_9044_55, type=lorsa, layer=14, feature=9044, pos=55)",1
0,10,12663,transcoder,13,55,9300,transcoder,0.6302089691162109,0.5185654163360596,-0.11164355278015137,0.0,-0.17715322734412595,"Node(id=27_9300_55, type=transcoder, layer=13, feature=9300, pos=55)",1
0,10,12663,transcoder,14,51,11169,transcoder,0.6642193794250488,0.29992160201072693,-0.3642977774143219,0.0,-0.5484600249538935,"Node(id=29_11169_51, type=transcoder, layer=14, feature=11169, pos=51)",1
0,10,12663,transcoder,11,51,9849,transcoder,0.687792956829071,0.6164923906326294,-0.07130056619644165,0.0,-0.10366574052336673,"Node(id=23_9849_51, type=transcoder, layer=11, feature=9849, pos=51)",1
0,10,12663,transcoder,13,55,14142,transcoder,0.6139975786209106,0.40928179025650024,-0.2047157883644104,0.0,-0.3334146509571243,"Node(id=27_14142_55, type=transcoder, layer=13, feature=14142, pos=55)",1
0,10,12663,transcoder,13,51,5681,lorsa,1.9713155031204224,1.725546956062317,-0.24576854705810547,0.0,-0.1246723554241191,"Node(id=26_5681_51, type=lorsa, layer=13, feature=5681, pos=51)",1
0,10,12663,transcoder,8,54,1436,lorsa,2.9068973064422607,2.5867409706115723,-0.3201563358306885,0.0,-0.11013678918796291,"Node(id=16_1436_54, type=lorsa, layer=8, feature=1436, pos=54)",1
0,10,12663,transcoder,13,51,3932,transcoder,0.40207821130752563,0.0,-0.40207821130752563,0.0,-1.0,"Node(id=27_3932_51, type=transcoder, layer=13, feature=3932, pos=51)",1
0,10,12663,transcoder,14,51,4640,lorsa,1.3973380327224731,1.163391351699829,-0.23394668102264404,0.0,-0.16742311133322488,"Node(id=28_4640_51, type=lorsa, layer=14, feature=4640, pos=51)",1
0,10,12663,transcoder,9,54,13348,transcoder,0.5763208270072937,0.5005050897598267,-0.07581573724746704,0.0,-0.13155127091478086,"Node(id=19_13348_54, type=transcoder, layer=9, feature=13348, pos=54)",1
0,10,12663,transcoder,14,51,13673,lorsa,0.8683499097824097,0.0,-0.8683499097824097,0.0,-1.0,"Node(id=28_13673_51, type=lorsa, layer=14, feature=13673, pos=51)",1
0,10,12663,transcoder,14,51,790,transcoder,0.5391555428504944,0.0,-0.5391555428504944,0.0,-1.0,"Node(id=29_790_51, type=transcoder, layer=14, feature=790, pos=51)",1
0,10,12663,transcoder,7,1,6104,transcoder,6.96210241317749,2.1560704708099365,-4.806031942367554,0.0,-0.6903133072663449,"Node(id=15_6104_1, type=transcoder, layer=7, feature=6104, pos=1)",1
0,10,12663,transcoder,13,51,6109,transcoder,0.38438713550567627,0.31254154443740845,-0.07184559106826782,0.0,-0.1869094577625553,"Node(id=27_6109_51, type=transcoder, layer=13, feature=6109, pos=51)",1
0,10,12663,transcoder,14,51,14073,transcoder,0.8638689517974854,0.349751353263855,-0.5141175985336304,0.0,-0.5951337844286291,"Node(id=29_14073_51, type=transcoder, layer=14, feature=14073, pos=51)",1
0,10,12663,transcoder,14,51,2652,transcoder,1.2029510736465454,0.6011557579040527,-0.6017953157424927,0.0,-0.5002658286992925,"Node(id=29_2652_51, type=transcoder, layer=14, feature=2652, pos=51)",1
0,10,12663,transcoder,12,37,6377,transcoder,0.3010123670101166,0.23833724856376648,-0.0626751184463501,0.0,-0.20821443008766374,"Node(id=25_6377_37, type=transcoder, layer=12, feature=6377, pos=37)",1
0,10,12663,transcoder,14,54,9044,lorsa,3.588165521621704,1.796057939529419,-1.7921075820922852,0.0,-0.4994495296533382,"Node(id=28_9044_54, type=lorsa, layer=14, feature=9044, pos=54)",1
0,10,12663,transcoder,12,37,15342,lorsa,1.2413737773895264,0.0,-1.2413737773895264,0.0,-1.0,"Node(id=24_15342_37, type=lorsa, layer=12, feature=15342, pos=37)",1
0,10,12663,transcoder,12,1,13896,transcoder,12.206680297851562,0.0,-12.206680297851562,0.0,-1.0,"Node(id=25_13896_1, type=transcoder, layer=12, feature=13896, pos=1)",1
0,10,12663,transcoder,12,51,5918,transcoder,0.6882085204124451,0.5128003358840942,-0.17540818452835083,0.0,-0.25487650810139384,"Node(id=25_5918_51, type=transcoder, layer=12, feature=5918, pos=51)",1
12,54,15847,transcoder,14,51,11169,transcoder,0.6642193794250488,0.5863232612609863,-0.0778961181640625,0.0,-0.11727468450482387,"Node(id=29_11169_51, type=transcoder, layer=14, feature=11169, pos=51)",1
12,54,15847,transcoder,13,51,5681,lorsa,1.9713155031204224,1.2414259910583496,-0.7298895120620728,0.0,-0.3702550458852074,"Node(id=26_5681_51, type=lorsa, layer=13, feature=5681, pos=51)",1
12,54,15847,transcoder,14,51,790,transcoder,0.5391555428504944,0.4696303606033325,-0.06952518224716187,0.0,-0.1289519938524325,"Node(id=29_790_51, type=transcoder, layer=14, feature=790, pos=51)",1
11,37,2664,lorsa,11,37,7513,transcoder,0.49810850620269775,0.35154104232788086,-0.1465674638748169,0.0,-0.2942480645274776,"Node(id=23_7513_37, type=transcoder, layer=11, feature=7513, pos=37)",1
11,37,2664,lorsa,12,37,15342,lorsa,1.2413737773895264,0.0,-1.2413737773895264,0.0,-1.0,"Node(id=24_15342_37, type=lorsa, layer=12, feature=15342, pos=37)",1
7,37,13853,lorsa,11,37,7513,transcoder,0.49810850620269775,0.3572200536727905,-0.14088845252990723,0.0,-0.2828469114168767,"Node(id=23_7513_37, type=transcoder, layer=11, feature=7513, pos=37)",1
11,37,11974,transcoder,12,37,6377,transcoder,0.3010123670101166,0.2279544472694397,-0.07305791974067688,0.0,-0.2427073693560953,"Node(id=25_6377_37, type=transcoder, layer=12, feature=6377, pos=37)",1
11,37,11974,transcoder,12,37,15342,lorsa,1.2413737773895264,0.0,-1.2413737773895264,0.0,-1.0,"Node(id=24_15342_37, type=lorsa, layer=12, feature=15342, pos=37)",1
11,37,11974,transcoder,12,37,15649,lorsa,3.205152750015259,2.5242209434509277,-0.680931806564331,0.0,-0.21244909671187726,"Node(id=24_15649_37, type=lorsa, layer=12, feature=15649, pos=37)",1
10,54,12026,transcoder,12,37,15342,lorsa,1.2413737773895264,1.087181568145752,-0.15419220924377441,0.0,-0.12421094440066538,"Node(id=24_15342_37, type=lorsa, layer=12, feature=15342, pos=37)",1
1,54,14348,transcoder,9,54,12243,lorsa,2.3094804286956787,1.887482762336731,-0.42199766635894775,0.0,-0.18272407123072207,"Node(id=18_12243_54, type=lorsa, layer=9, feature=12243, pos=54)",1
1,54,14348,transcoder,14,51,11169,transcoder,0.6642193794250488,0.5968453884124756,-0.06737399101257324,0.0,-0.10143334130192416,"Node(id=29_11169_51, type=transcoder, layer=14, feature=11169, pos=51)",1
1,54,14348,transcoder,14,51,7697,transcoder,1.0310401916503906,0.9010673761367798,-0.12997281551361084,0.0,-0.1260598922972758,"Node(id=29_7697_51, type=transcoder, layer=14, feature=7697, pos=51)",1
1,54,14348,transcoder,3,54,10248,transcoder,0.899041473865509,0.7413126826286316,-0.15772879123687744,0.0,-0.1754410623112952,"Node(id=7_10248_54, type=transcoder, layer=3, feature=10248, pos=54)",1
10,37,12941,lorsa,11,37,7513,transcoder,0.49810850620269775,0.34014949202537537,-0.1579590141773224,0.0,-0.31711768060640855,"Node(id=23_7513_37, type=transcoder, layer=11, feature=7513, pos=37)",1
10,14,9278,transcoder,11,14,12258,transcoder,0.23024021089076996,0.20627392828464508,-0.023966282606124878,0.0,-0.10409251500162545,"Node(id=23_12258_14, type=transcoder, layer=11, feature=12258, pos=14)",1
5,54,12487,transcoder,11,14,12258,transcoder,0.23024021089076996,0.18851375579833984,-0.041726455092430115,0.0,-0.18123009413080274,"Node(id=23_12258_14, type=transcoder, layer=11, feature=12258, pos=14)",1
5,54,12487,transcoder,12,37,15342,lorsa,1.2413737773895264,1.031836986541748,-0.20953679084777832,0.0,-0.16879427829417448,"Node(id=24_15342_37, type=lorsa, layer=12, feature=15342, pos=37)",1
5,54,12487,transcoder,6,14,8940,transcoder,1.2855827808380127,1.0042263269424438,-0.28135645389556885,0.0,-0.21885518232607737,"Node(id=13_8940_14, type=transcoder, layer=6, feature=8940, pos=14)",1
5,54,12487,transcoder,6,45,4984,transcoder,0.9259824752807617,0.8141756057739258,-0.11180686950683594,0.0,-0.12074404482972059,"Node(id=13_4984_45, type=transcoder, layer=6, feature=4984, pos=45)",1
7,54,13289,transcoder,9,54,1889,transcoder,0.6214693784713745,0.5417434573173523,-0.07972592115402222,0.0,-0.12828616166113238,"Node(id=19_1889_54, type=transcoder, layer=9, feature=1889, pos=54)",1
10,37,13042,lorsa,11,37,7513,transcoder,0.49810850620269775,0.411869078874588,-0.08623942732810974,0.0,-0.17313381774093997,"Node(id=23_7513_37, type=transcoder, layer=11, feature=7513, pos=37)",1
3,55,9255,transcoder,4,55,9090,lorsa,4.7906646728515625,4.070960998535156,-0.7197036743164062,0.0,-0.15023044263459473,"Node(id=8_9090_55, type=lorsa, layer=4, feature=9090, pos=55)",1
0,57,6291,transcoder,1,56,14708,transcoder,0.787199854850769,0.6930202841758728,-0.09417957067489624,0.0,-0.11963870431956576,"Node(id=3_14708_56, type=transcoder, layer=1, feature=14708, pos=56)",1
4,23,12289,transcoder,9,54,12266,lorsa,1.494158148765564,1.3217443227767944,-0.17241382598876953,0.0,-0.11539195240558271,"Node(id=18_12266_54, type=lorsa, layer=9, feature=12266, pos=54)",1
4,19,7698,lorsa,14,51,11169,transcoder,0.6642193794250488,0.5867141485214233,-0.07750523090362549,0.0,-0.11668619330365572,"Node(id=29_11169_51, type=transcoder, layer=14, feature=11169, pos=51)",1
4,19,7698,lorsa,12,32,13896,transcoder,8.983194351196289,0.0,-8.983194351196289,0.0,-1.0,"Node(id=25_13896_32, type=transcoder, layer=12, feature=13896, pos=32)",1
