source_layer,source_pos,source_feature,source_type,target_layer,target_pos,target_feature,target_type,original_activation,modified_activation,activation_change,steering_scale,reduction_ratio,target_node_str,steering_nodes_count
6,51,2057,transcoder,14,55,16044,lorsa,2.606524705886841,2.244629383087158,-0.3618953227996826,0.0,-0.13884208424433553,"Node(id=28_16044_55, type=lorsa, layer=14, feature=16044, pos=55)",1
6,51,2057,transcoder,13,55,3932,transcoder,0.7734141945838928,0.6828036308288574,-0.0906105637550354,0.0,-0.11715658231975572,"Node(id=27_3932_55, type=transcoder, layer=13, feature=3932, pos=55)",1
6,51,2057,transcoder,8,55,9724,transcoder,0.20959925651550293,0.17881664633750916,-0.030782610177993774,0.0,-0.1468641191278126,"Node(id=17_9724_55, type=transcoder, layer=8, feature=9724, pos=55)",1
6,51,2057,transcoder,9,55,7448,transcoder,0.2919863760471344,0.2402203232049942,-0.0517660528421402,0.0,-0.17728927473583142,"Node(id=19_7448_55, type=transcoder, layer=9, feature=7448, pos=55)",1
6,51,2057,transcoder,8,55,7940,transcoder,0.6999607682228088,0.6251105666160583,-0.07485020160675049,0.0,-0.10693485264437629,"Node(id=17_7940_55, type=transcoder, layer=8, feature=7940, pos=55)",1
6,51,2057,transcoder,10,55,3280,transcoder,0.24856069684028625,0.0,-0.24856069684028625,0.0,-1.0,"Node(id=21_3280_55, type=transcoder, layer=10, feature=3280, pos=55)",1
3,51,5284,transcoder,4,55,9914,transcoder,0.5230033993721008,0.4160250127315521,-0.1069783866405487,0.0,-0.20454625489811945,"Node(id=9_9914_55, type=transcoder, layer=4, feature=9914, pos=55)",1
3,51,5284,transcoder,8,55,2551,lorsa,2.676435947418213,2.173661947250366,-0.5027740001678467,0.0,-0.18785205775346153,"Node(id=16_2551_55, type=lorsa, layer=8, feature=2551, pos=55)",1
3,51,5284,transcoder,8,55,9724,transcoder,0.20959925651550293,0.18538469076156616,-0.024214565753936768,0.0,-0.11552791816389743,"Node(id=17_9724_55, type=transcoder, layer=8, feature=9724, pos=55)",1
3,51,5284,transcoder,8,55,7940,transcoder,0.6999607682228088,0.6147704124450684,-0.08519035577774048,0.0,-0.12170732938938517,"Node(id=17_7940_55, type=transcoder, layer=8, feature=7940, pos=55)",1
3,51,5284,transcoder,5,55,16275,lorsa,1.9964919090270996,0.0,-1.9964919090270996,0.0,-1.0,"Node(id=10_16275_55, type=lorsa, layer=5, feature=16275, pos=55)",1
0,51,2952,transcoder,4,19,8194,transcoder,1.4070217609405518,1.093865156173706,-0.3131566047668457,0.0,-0.22256699466930058,"Node(id=9_8194_19, type=transcoder, layer=4, feature=8194, pos=19)",1
0,51,2952,transcoder,6,19,2562,transcoder,1.826368808746338,1.5324013233184814,-0.29396748542785645,0.0,-0.1609573510126044,"Node(id=13_2562_19, type=transcoder, layer=6, feature=2562, pos=19)",1
0,51,2952,transcoder,6,54,6679,transcoder,1.2186368703842163,0.9170279502868652,-0.3016089200973511,0.0,-0.24749695945294903,"Node(id=13_6679_54, type=transcoder, layer=6, feature=6679, pos=54)",1
0,51,2952,transcoder,14,23,5634,transcoder,3.0851762294769287,2.5983760356903076,-0.4868001937866211,0.0,-0.15778683536309848,"Node(id=29_5634_23, type=transcoder, layer=14, feature=5634, pos=23)",1
0,51,2952,transcoder,1,23,1321,transcoder,0.8943891525268555,0.514775276184082,-0.37961387634277344,0.0,-0.4244392670352461,"Node(id=3_1321_23, type=transcoder, layer=1, feature=1321, pos=23)",1
0,51,2952,transcoder,14,55,11103,transcoder,0.5930737257003784,0.0,-0.5930737257003784,0.0,-1.0,"Node(id=29_11103_55, type=transcoder, layer=14, feature=11103, pos=55)",1
0,51,2952,transcoder,6,55,7034,transcoder,0.6798377633094788,0.40000641345977783,-0.2798313498497009,0.0,-0.4116148954236819,"Node(id=13_7034_55, type=transcoder, layer=6, feature=7034, pos=55)",1
0,51,2952,transcoder,7,54,14452,transcoder,4.643435478210449,4.086573123931885,-0.5568623542785645,0.0,-0.11992464564042477,"Node(id=15_14452_54, type=transcoder, layer=7, feature=14452, pos=54)",1
0,51,2952,transcoder,2,55,11401,lorsa,1.9274051189422607,0.9851040244102478,-0.9423010945320129,0.0,-0.48889622906529256,"Node(id=4_11401_55, type=lorsa, layer=2, feature=11401, pos=55)",1
0,51,2952,transcoder,1,23,1816,transcoder,0.8825504183769226,0.4116586744785309,-0.4708917438983917,0.0,-0.5335578954960981,"Node(id=3_1816_23, type=transcoder, layer=1, feature=1816, pos=23)",1
0,51,2952,transcoder,3,55,12235,lorsa,2.4719231128692627,0.0,-2.4719231128692627,0.0,-1.0,"Node(id=6_12235_55, type=lorsa, layer=3, feature=12235, pos=55)",1
0,51,2952,transcoder,10,1,10273,transcoder,28.066740036010742,15.985068321228027,-12.081671714782715,0.0,-0.43046223748399176,"Node(id=21_10273_1, type=transcoder, layer=10, feature=10273, pos=1)",1
0,51,2952,transcoder,7,63,3804,transcoder,1.3894561529159546,1.0654062032699585,-0.3240499496459961,0.0,-0.23322070938757952,"Node(id=15_3804_63, type=transcoder, layer=7, feature=3804, pos=63)",1
0,51,2952,transcoder,2,55,4901,transcoder,1.173736810684204,0.8846012949943542,-0.28913551568984985,0.0,-0.24633760572040392,"Node(id=5_4901_55, type=transcoder, layer=2, feature=4901, pos=55)",1
0,51,2952,transcoder,2,55,11309,transcoder,0.29157570004463196,0.0,-0.29157570004463196,0.0,-1.0,"Node(id=5_11309_55, type=transcoder, layer=2, feature=11309, pos=55)",1
0,51,2952,transcoder,14,55,16044,lorsa,2.606524705886841,1.2358393669128418,-1.370685338973999,0.0,-0.5258670043979647,"Node(id=28_16044_55, type=lorsa, layer=14, feature=16044, pos=55)",1
0,51,2952,transcoder,14,55,3391,transcoder,0.7034270167350769,0.0,-0.7034270167350769,0.0,-1.0,"Node(id=29_3391_55, type=transcoder, layer=14, feature=3391, pos=55)",1
0,51,2952,transcoder,11,55,2278,transcoder,0.4227127730846405,0.0,-0.4227127730846405,0.0,-1.0,"Node(id=23_2278_55, type=transcoder, layer=11, feature=2278, pos=55)",1
0,51,2952,transcoder,1,55,7963,transcoder,0.6885604858398438,0.6064075231552124,-0.08215296268463135,0.0,-0.11931117799248762,"Node(id=3_7963_55, type=transcoder, layer=1, feature=7963, pos=55)",1
0,51,2952,transcoder,8,1,11854,transcoder,18.707630157470703,11.641465187072754,-7.066164970397949,0.0,-0.3777156652616498,"Node(id=17_11854_1, type=transcoder, layer=8, feature=11854, pos=1)",1
0,51,2952,transcoder,14,55,15619,transcoder,1.2117552757263184,0.0,-1.2117552757263184,0.0,-1.0,"Node(id=29_15619_55, type=transcoder, layer=14, feature=15619, pos=55)",1
0,51,2952,transcoder,3,55,12206,lorsa,1.9337397813796997,0.0,-1.9337397813796997,0.0,-1.0,"Node(id=6_12206_55, type=lorsa, layer=3, feature=12206, pos=55)",1
0,51,2952,transcoder,9,55,12666,transcoder,0.6803210973739624,0.5327193737030029,-0.14760172367095947,0.0,-0.21695890990401698,"Node(id=19_12666_55, type=transcoder, layer=9, feature=12666, pos=55)",1
0,51,2952,transcoder,7,55,14502,lorsa,2.268876075744629,1.5606683492660522,-0.7082077264785767,0.0,-0.3121403297648806,"Node(id=14_14502_55, type=lorsa, layer=7, feature=14502, pos=55)",1
0,51,2952,transcoder,8,55,9586,lorsa,2.2772367000579834,1.7806248664855957,-0.4966118335723877,0.0,-0.2180765106937469,"Node(id=16_9586_55, type=lorsa, layer=8, feature=9586, pos=55)",1
0,51,2952,transcoder,4,55,9914,transcoder,0.5230033993721008,0.0,-0.5230033993721008,0.0,-1.0,"Node(id=9_9914_55, type=transcoder, layer=4, feature=9914, pos=55)",1
0,51,2952,transcoder,1,55,15014,lorsa,0.4733544886112213,0.0,-0.4733544886112213,0.0,-1.0,"Node(id=2_15014_55, type=lorsa, layer=1, feature=15014, pos=55)",1
0,51,2952,transcoder,8,55,2551,lorsa,2.676435947418213,0.0,-2.676435947418213,0.0,-1.0,"Node(id=16_2551_55, type=lorsa, layer=8, feature=2551, pos=55)",1
0,51,2952,transcoder,7,55,13128,transcoder,0.5602725148200989,0.4472714066505432,-0.11300110816955566,0.0,-0.2016895442494441,"Node(id=15_13128_55, type=transcoder, layer=7, feature=13128, pos=55)",1
0,51,2952,transcoder,8,55,9724,transcoder,0.20959925651550293,0.0,-0.20959925651550293,0.0,-1.0,"Node(id=17_9724_55, type=transcoder, layer=8, feature=9724, pos=55)",1
0,51,2952,transcoder,3,55,11167,transcoder,0.2644384503364563,0.0,-0.2644384503364563,0.0,-1.0,"Node(id=7_11167_55, type=transcoder, layer=3, feature=11167, pos=55)",1
0,51,2952,transcoder,8,2,11854,transcoder,15.785051345825195,9.017627716064453,-6.767423629760742,0.0,-0.4287235740636713,"Node(id=17_11854_2, type=transcoder, layer=8, feature=11854, pos=2)",1
0,51,2952,transcoder,13,55,15835,transcoder,0.3478931784629822,0.0,-0.3478931784629822,0.0,-1.0,"Node(id=27_15835_55, type=transcoder, layer=13, feature=15835, pos=55)",1
0,51,2952,transcoder,5,63,12930,transcoder,2.3792543411254883,1.7742897272109985,-0.6049646139144897,0.0,-0.25426647477642755,"Node(id=11_12930_63, type=transcoder, layer=5, feature=12930, pos=63)",1
0,51,2952,transcoder,4,55,9531,transcoder,0.5060067176818848,0.0,-0.5060067176818848,0.0,-1.0,"Node(id=9_9531_55, type=transcoder, layer=4, feature=9531, pos=55)",1
0,51,2952,transcoder,2,55,2440,lorsa,1.7886356115341187,1.0656338930130005,-0.7230017185211182,0.0,-0.4042196822308582,"Node(id=4_2440_55, type=lorsa, layer=2, feature=2440, pos=55)",1
0,51,2952,transcoder,12,55,6669,transcoder,0.8420363068580627,0.0,-0.8420363068580627,0.0,-1.0,"Node(id=25_6669_55, type=transcoder, layer=12, feature=6669, pos=55)",1
0,51,2952,transcoder,10,55,11535,transcoder,0.6737499833106995,0.5843890309333801,-0.08936095237731934,0.0,-0.13263221460609756,"Node(id=21_11535_55, type=transcoder, layer=10, feature=11535, pos=55)",1
0,51,2952,transcoder,1,55,8874,transcoder,0.5501189231872559,0.4807445704936981,-0.06937435269355774,0.0,-0.12610791915976918,"Node(id=3_8874_55, type=transcoder, layer=1, feature=8874, pos=55)",1
0,51,2952,transcoder,13,55,5819,transcoder,0.5956785082817078,0.2815099358558655,-0.3141685724258423,0.0,-0.5274129720276327,"Node(id=27_5819_55, type=transcoder, layer=13, feature=5819, pos=55)",1
0,51,2952,transcoder,2,54,12504,transcoder,0.6575953364372253,0.5033172965049744,-0.15427803993225098,0.0,-0.2346093887589157,"Node(id=5_12504_54, type=transcoder, layer=2, feature=12504, pos=54)",1
0,51,2952,transcoder,6,55,23,transcoder,0.9902805685997009,0.5063707828521729,-0.4839097857475281,0.0,-0.4886592760593063,"Node(id=13_23_55, type=transcoder, layer=6, feature=23, pos=55)",1
0,51,2952,transcoder,8,54,9517,transcoder,0.4715726673603058,0.29566872119903564,-0.17590394616127014,0.0,-0.3730155675601751,"Node(id=17_9517_54, type=transcoder, layer=8, feature=9517, pos=54)",1
0,51,2952,transcoder,3,55,4439,transcoder,0.30011671781539917,0.0,-0.30011671781539917,0.0,-1.0,"Node(id=7_4439_55, type=transcoder, layer=3, feature=4439, pos=55)",1
0,51,2952,transcoder,2,55,2823,transcoder,0.23902328312397003,0.0,-0.23902328312397003,0.0,-1.0,"Node(id=5_2823_55, type=transcoder, layer=2, feature=2823, pos=55)",1
0,51,2952,transcoder,10,55,10622,transcoder,0.2998685836791992,0.17371875047683716,-0.12614983320236206,0.0,-0.4206837263663396,"Node(id=21_10622_55, type=transcoder, layer=10, feature=10622, pos=55)",1
0,51,2952,transcoder,2,6,13953,transcoder,1.7135149240493774,1.4187846183776855,-0.2947303056716919,0.0,-0.1720033491013813,"Node(id=5_13953_6, type=transcoder, layer=2, feature=13953, pos=6)",1
0,51,2952,transcoder,4,55,16341,lorsa,0.9263823628425598,0.0,-0.9263823628425598,0.0,-1.0,"Node(id=8_16341_55, type=lorsa, layer=4, feature=16341, pos=55)",1
0,51,2952,transcoder,8,63,2167,transcoder,2.175069808959961,1.9371840953826904,-0.2378857135772705,0.0,-0.10936923155170766,"Node(id=17_2167_63, type=transcoder, layer=8, feature=2167, pos=63)",1
0,51,2952,transcoder,13,55,7425,transcoder,0.6321931481361389,0.4022895395755768,-0.22990360856056213,0.0,-0.36366039277454143,"Node(id=27_7425_55, type=transcoder, layer=13, feature=7425, pos=55)",1
0,51,2952,transcoder,1,23,1358,transcoder,0.7991279363632202,0.5213151574134827,-0.27781277894973755,0.0,-0.3476449343193352,"Node(id=3_1358_23, type=transcoder, layer=1, feature=1358, pos=23)",1
0,51,2952,transcoder,1,55,2396,lorsa,0.5269799828529358,0.0,-0.5269799828529358,0.0,-1.0,"Node(id=2_2396_55, type=lorsa, layer=1, feature=2396, pos=55)",1
0,51,2952,transcoder,13,55,10331,transcoder,0.5097225308418274,0.4049822986125946,-0.10474023222923279,0.0,-0.20548479985032259,"Node(id=27_10331_55, type=transcoder, layer=13, feature=10331, pos=55)",1
0,51,2952,transcoder,9,55,7448,transcoder,0.2919863760471344,0.0,-0.2919863760471344,0.0,-1.0,"Node(id=19_7448_55, type=transcoder, layer=9, feature=7448, pos=55)",1
0,51,2952,transcoder,10,55,15174,transcoder,0.40954360365867615,0.3009949028491974,-0.10854870080947876,0.0,-0.26504797008121744,"Node(id=21_15174_55, type=transcoder, layer=10, feature=15174, pos=55)",1
0,51,2952,transcoder,11,55,8862,transcoder,0.643543541431427,0.34887903928756714,-0.29466450214385986,0.0,-0.45787811262691064,"Node(id=23_8862_55, type=transcoder, layer=11, feature=8862, pos=55)",1
0,51,2952,transcoder,8,55,3569,transcoder,0.576390266418457,0.37860915064811707,-0.19778111577033997,0.0,-0.3431375012616047,"Node(id=17_3569_55, type=transcoder, layer=8, feature=3569, pos=55)",1
0,51,2952,transcoder,7,54,13289,transcoder,0.9898383617401123,0.6509582996368408,-0.3388800621032715,0.0,-0.3423589903179024,"Node(id=15_13289_54, type=transcoder, layer=7, feature=13289, pos=54)",1
0,51,2952,transcoder,1,51,11331,transcoder,0.7390512824058533,0.0,-0.7390512824058533,0.0,-1.0,"Node(id=3_11331_51, type=transcoder, layer=1, feature=11331, pos=51)",1
0,51,2952,transcoder,3,62,11384,lorsa,8.462882995605469,7.149542331695557,-1.313340663909912,0.0,-0.15518832820823494,"Node(id=6_11384_62, type=lorsa, layer=3, feature=11384, pos=62)",1
0,51,2952,transcoder,10,1,5090,transcoder,17.671863555908203,9.77138900756836,-7.900474548339844,0.0,-0.44706516227591014,"Node(id=21_5090_1, type=transcoder, layer=10, feature=5090, pos=1)",1
0,51,2952,transcoder,5,55,13666,transcoder,0.33196818828582764,0.0,-0.33196818828582764,0.0,-1.0,"Node(id=11_13666_55, type=transcoder, layer=5, feature=13666, pos=55)",1
0,51,2952,transcoder,8,55,7940,transcoder,0.6999607682228088,0.25563907623291016,-0.4443216919898987,0.0,-0.634780850815433,"Node(id=17_7940_55, type=transcoder, layer=8, feature=7940, pos=55)",1
0,51,2952,transcoder,8,8,11854,transcoder,22.290363311767578,20.05851936340332,-2.231843948364258,0.0,-0.10012595654670275,"Node(id=17_11854_8, type=transcoder, layer=8, feature=11854, pos=8)",1
0,51,2952,transcoder,10,55,3280,transcoder,0.24856069684028625,0.0,-0.24856069684028625,0.0,-1.0,"Node(id=21_3280_55, type=transcoder, layer=10, feature=3280, pos=55)",1
0,51,2952,transcoder,14,55,11920,transcoder,0.7073771357536316,0.0,-0.7073771357536316,0.0,-1.0,"Node(id=29_11920_55, type=transcoder, layer=14, feature=11920, pos=55)",1
0,51,2952,transcoder,5,55,16275,lorsa,1.9964919090270996,0.0,-1.9964919090270996,0.0,-1.0,"Node(id=10_16275_55, type=lorsa, layer=5, feature=16275, pos=55)",1
0,51,2952,transcoder,1,51,11218,transcoder,0.6390401721000671,0.0,-0.6390401721000671,0.0,-1.0,"Node(id=3_11218_51, type=transcoder, layer=1, feature=11218, pos=51)",1
0,51,2952,transcoder,2,63,14106,transcoder,1.4190014600753784,1.2646446228027344,-0.15435683727264404,0.0,-0.10877849080186605,"Node(id=5_14106_63, type=transcoder, layer=2, feature=14106, pos=63)",1
0,51,2952,transcoder,10,2,10273,transcoder,24.12562370300293,9.163463592529297,-14.962160110473633,0.0,-0.6201771317775832,"Node(id=21_10273_2, type=transcoder, layer=10, feature=10273, pos=2)",1
0,51,13740,lorsa,2,55,11309,transcoder,0.29157570004463196,0.0,-0.29157570004463196,0.0,-1.0,"Node(id=5_11309_55, type=transcoder, layer=2, feature=11309, pos=55)",1
0,51,13740,lorsa,14,55,1214,transcoder,0.7802796959877014,0.6657558083534241,-0.11452388763427734,0.0,-0.14677286647746174,"Node(id=29_1214_55, type=transcoder, layer=14, feature=1214, pos=55)",1
0,51,13740,lorsa,0,51,3106,transcoder,0.5610666871070862,0.2900710701942444,-0.2709956169128418,0.0,-0.4830007254754711,"Node(id=1_3106_51, type=transcoder, layer=0, feature=3106, pos=51)",1
0,51,13740,lorsa,1,51,11331,transcoder,0.7390512824058533,0.5067070126533508,-0.23234426975250244,0.0,-0.31438179634320634,"Node(id=3_11331_51, type=transcoder, layer=1, feature=11331, pos=51)",1
0,51,13740,lorsa,5,55,13666,transcoder,0.33196818828582764,0.2971459627151489,-0.03482222557067871,0.0,-0.1048962725931331,"Node(id=11_13666_55, type=transcoder, layer=5, feature=13666, pos=55)",1
0,51,13740,lorsa,0,51,2952,transcoder,1.7277238368988037,1.5041389465332031,-0.22358489036560059,0.0,-0.1294100860279422,"Node(id=1_2952_51, type=transcoder, layer=0, feature=2952, pos=51)",1
2,51,5718,transcoder,4,55,9914,transcoder,0.5230033993721008,0.4638965129852295,-0.05910688638687134,0.0,-0.11301434456799507,"Node(id=9_9914_55, type=transcoder, layer=4, feature=9914, pos=55)",1
2,51,5718,transcoder,8,55,2551,lorsa,2.676435947418213,1.8950424194335938,-0.7813935279846191,0.0,-0.29195300890289555,"Node(id=16_2551_55, type=lorsa, layer=8, feature=2551, pos=55)",1
2,51,5718,transcoder,5,55,16275,lorsa,1.9964919090270996,0.0,-1.9964919090270996,0.0,-1.0,"Node(id=10_16275_55, type=lorsa, layer=5, feature=16275, pos=55)",1
1,51,11331,transcoder,14,55,11103,transcoder,0.5930737257003784,0.461979478597641,-0.13109424710273743,0.0,-0.2210420752460823,"Node(id=29_11103_55, type=transcoder, layer=14, feature=11103, pos=55)",1
1,51,11331,transcoder,6,55,7034,transcoder,0.6798377633094788,0.590144693851471,-0.08969306945800781,0.0,-0.13193304976378215,"Node(id=13_7034_55, type=transcoder, layer=6, feature=7034, pos=55)",1
1,51,11331,transcoder,3,55,12235,lorsa,2.4719231128692627,2.087726354598999,-0.38419675827026367,0.0,-0.155424234787105,"Node(id=6_12235_55, type=lorsa, layer=3, feature=12235, pos=55)",1
1,51,11331,transcoder,11,55,2278,transcoder,0.4227127730846405,0.370207816362381,-0.05250495672225952,0.0,-0.12420953438221836,"Node(id=23_2278_55, type=transcoder, layer=11, feature=2278, pos=55)",1
1,51,11331,transcoder,3,55,12206,lorsa,1.9337397813796997,1.5665957927703857,-0.36714398860931396,0.0,-0.1898621480225024,"Node(id=6_12206_55, type=lorsa, layer=3, feature=12206, pos=55)",1
1,51,11331,transcoder,4,55,9914,transcoder,0.5230033993721008,0.4530065953731537,-0.06999680399894714,0.0,-0.13383623143364423,"Node(id=9_9914_55, type=transcoder, layer=4, feature=9914, pos=55)",1
1,51,11331,transcoder,8,55,2551,lorsa,2.676435947418213,2.377957820892334,-0.2984781265258789,0.0,-0.11152074340273367,"Node(id=16_2551_55, type=lorsa, layer=8, feature=2551, pos=55)",1
1,51,11331,transcoder,7,55,13128,transcoder,0.5602725148200989,0.49282407760620117,-0.0674484372138977,0.0,-0.12038505446863677,"Node(id=15_13128_55, type=transcoder, layer=7, feature=13128, pos=55)",1
1,51,11331,transcoder,8,55,9724,transcoder,0.20959925651550293,0.18307001888751984,-0.026529237627983093,0.0,-0.12657123917813548,"Node(id=17_9724_55, type=transcoder, layer=8, feature=9724, pos=55)",1
1,51,11331,transcoder,3,55,11167,transcoder,0.2644384503364563,0.22363613545894623,-0.04080231487751007,0.0,-0.15429796546453645,"Node(id=7_11167_55, type=transcoder, layer=3, feature=11167, pos=55)",1
1,51,11331,transcoder,13,55,15835,transcoder,0.3478931784629822,0.30268344283103943,-0.04520973563194275,0.0,-0.1299529235717777,"Node(id=27_15835_55, type=transcoder, layer=13, feature=15835, pos=55)",1
1,51,11331,transcoder,4,55,9531,transcoder,0.5060067176818848,0.4364164471626282,-0.06959027051925659,0.0,-0.1375283530583609,"Node(id=9_9531_55, type=transcoder, layer=4, feature=9531, pos=55)",1
1,51,11331,transcoder,13,55,5819,transcoder,0.5956785082817078,0.5075006484985352,-0.08817785978317261,0.0,-0.14802927847360176,"Node(id=27_5819_55, type=transcoder, layer=13, feature=5819, pos=55)",1
1,51,11331,transcoder,10,55,10622,transcoder,0.2998685836791992,0.2654012143611908,-0.03446736931800842,0.0,-0.1149415817259529,"Node(id=21_10622_55, type=transcoder, layer=10, feature=10622, pos=55)",1
1,51,11331,transcoder,13,55,7425,transcoder,0.6321931481361389,0.5301474332809448,-0.10204571485519409,0.0,-0.1614154078639574,"Node(id=27_7425_55, type=transcoder, layer=13, feature=7425, pos=55)",1
1,51,11331,transcoder,14,55,1214,transcoder,0.7802796959877014,0.46458637714385986,-0.31569331884384155,0.0,-0.40458994443553664,"Node(id=29_1214_55, type=transcoder, layer=14, feature=1214, pos=55)",1
1,51,11331,transcoder,5,55,13666,transcoder,0.33196818828582764,0.26682162284851074,-0.0651465654373169,0.0,-0.1962433984223365,"Node(id=11_13666_55, type=transcoder, layer=5, feature=13666, pos=55)",1
1,51,11218,transcoder,14,55,11103,transcoder,0.5930737257003784,0.495525598526001,-0.09754812717437744,0.0,-0.1644789221764629,"Node(id=29_11103_55, type=transcoder, layer=14, feature=11103, pos=55)",1
1,51,11218,transcoder,3,55,12235,lorsa,2.4719231128692627,1.8873271942138672,-0.5845959186553955,0.0,-0.23649437784366642,"Node(id=6_12235_55, type=lorsa, layer=3, feature=12235, pos=55)",1
1,51,11218,transcoder,3,55,12206,lorsa,1.9337397813796997,1.6324608325958252,-0.3012789487838745,0.0,-0.1558011846707294,"Node(id=6_12206_55, type=lorsa, layer=3, feature=12206, pos=55)",1
1,51,11218,transcoder,4,55,9914,transcoder,0.5230033993721008,0.43910157680511475,-0.08390182256698608,0.0,-0.16042309221644757,"Node(id=9_9914_55, type=transcoder, layer=4, feature=9914, pos=55)",1
1,51,11218,transcoder,8,55,2551,lorsa,2.676435947418213,2.4014334678649902,-0.27500247955322266,0.0,-0.1027495090321515,"Node(id=16_2551_55, type=lorsa, layer=8, feature=2551, pos=55)",1
1,51,11218,transcoder,4,55,9531,transcoder,0.5060067176818848,0.4234694838523865,-0.08253723382949829,0.0,-0.16311489738242493,"Node(id=9_9531_55, type=transcoder, layer=4, feature=9531, pos=55)",1
1,51,11218,transcoder,13,55,5819,transcoder,0.5956785082817078,0.5225642323493958,-0.07311427593231201,0.0,-0.12274116812308238,"Node(id=27_5819_55, type=transcoder, layer=13, feature=5819, pos=55)",1
1,51,11218,transcoder,13,55,7425,transcoder,0.6321931481361389,0.5536347031593323,-0.07855844497680664,0.0,-0.1242633603486787,"Node(id=27_7425_55, type=transcoder, layer=13, feature=7425, pos=55)",1
1,51,11218,transcoder,4,54,3019,transcoder,0.2689710259437561,0.22325515747070312,-0.04571586847305298,0.0,-0.16996577349789532,"Node(id=9_3019_54, type=transcoder, layer=4, feature=3019, pos=54)",1
1,51,11218,transcoder,14,55,1214,transcoder,0.7802796959877014,0.4975599944591522,-0.2827197015285492,0.0,-0.36233122940700657,"Node(id=29_1214_55, type=transcoder, layer=14, feature=1214, pos=55)",1
1,51,11218,transcoder,5,55,13666,transcoder,0.33196818828582764,0.2611668109893799,-0.07080137729644775,0.0,-0.21327759645296832,"Node(id=11_13666_55, type=transcoder, layer=5, feature=13666, pos=55)",1
0,45,12663,transcoder,1,54,9082,transcoder,0.7630938291549683,0.22038015723228455,-0.5427136719226837,0.0,-0.711201756832016,"Node(id=3_9082_54, type=transcoder, layer=1, feature=9082, pos=54)",1
0,45,12663,transcoder,6,54,6679,transcoder,1.2186368703842163,0.0,-1.2186368703842163,0.0,-1.0,"Node(id=13_6679_54, type=transcoder, layer=6, feature=6679, pos=54)",1
0,45,12663,transcoder,4,54,2320,transcoder,4.304287433624268,2.844661235809326,-1.4596261978149414,0.0,-0.3391098341650285,"Node(id=9_2320_54, type=transcoder, layer=4, feature=2320, pos=54)",1
0,45,12663,transcoder,6,23,4099,transcoder,2.014463186264038,1.7227160930633545,-0.2917470932006836,0.0,-0.14482622228592265,"Node(id=13_4099_23, type=transcoder, layer=6, feature=4099, pos=23)",1
0,45,12663,transcoder,7,54,14452,transcoder,4.643435478210449,3.969738006591797,-0.6736974716186523,0.0,-0.1450859982398832,"Node(id=15_14452_54, type=transcoder, layer=7, feature=14452, pos=54)",1
0,45,12663,transcoder,4,23,3675,transcoder,0.6166015863418579,0.5388558506965637,-0.07774573564529419,0.0,-0.1260874726361638,"Node(id=9_3675_23, type=transcoder, layer=4, feature=3675, pos=23)",1
0,45,12663,transcoder,10,1,10273,transcoder,28.066740036010742,17.60358428955078,-10.463155746459961,0.0,-0.37279554850457575,"Node(id=21_10273_1, type=transcoder, layer=10, feature=10273, pos=1)",1
0,45,12663,transcoder,14,55,15619,transcoder,1.2117552757263184,0.22848640382289886,-0.9832688719034195,0.0,-0.8114417915895225,"Node(id=29_15619_55, type=transcoder, layer=14, feature=15619, pos=55)",1
0,45,12663,transcoder,9,55,12666,transcoder,0.6803210973739624,0.5050439238548279,-0.17527717351913452,0.0,-0.2576388916876221,"Node(id=19_12666_55, type=transcoder, layer=9, feature=12666, pos=55)",1
0,45,12663,transcoder,3,54,9407,transcoder,0.9804326891899109,0.0,-0.9804326891899109,0.0,-1.0,"Node(id=7_9407_54, type=transcoder, layer=3, feature=9407, pos=54)",1
0,45,12663,transcoder,8,55,2551,lorsa,2.676435947418213,1.888519287109375,-0.7879166603088379,0.0,-0.29439025472247554,"Node(id=16_2551_55, type=lorsa, layer=8, feature=2551, pos=55)",1
0,45,12663,transcoder,7,55,13128,transcoder,0.5602725148200989,0.0,-0.5602725148200989,0.0,-1.0,"Node(id=15_13128_55, type=transcoder, layer=7, feature=13128, pos=55)",1
0,45,12663,transcoder,6,63,3789,transcoder,2.006242275238037,1.7294119596481323,-0.2768303155899048,0.0,-0.13798448921482295,"Node(id=13_3789_63, type=transcoder, layer=6, feature=3789, pos=63)",1
0,45,12663,transcoder,4,55,16377,lorsa,2.713291645050049,0.0,-2.713291645050049,0.0,-1.0,"Node(id=8_16377_55, type=lorsa, layer=4, feature=16377, pos=55)",1
0,45,12663,transcoder,10,55,11535,transcoder,0.6737499833106995,0.0,-0.6737499833106995,0.0,-1.0,"Node(id=21_11535_55, type=transcoder, layer=10, feature=11535, pos=55)",1
0,45,12663,transcoder,14,23,10814,transcoder,1.869791030883789,1.509276032447815,-0.3605149984359741,0.0,-0.192810315420954,"Node(id=29_10814_23, type=transcoder, layer=14, feature=10814, pos=23)",1
0,45,12663,transcoder,6,55,23,transcoder,0.9902805685997009,0.33612170815467834,-0.6541588604450226,0.0,-0.6605793157892931,"Node(id=13_23_55, type=transcoder, layer=6, feature=23, pos=55)",1
0,45,12663,transcoder,14,55,5916,transcoder,0.3695855438709259,0.31277430057525635,-0.056811243295669556,0.0,-0.1537160861343384,"Node(id=29_5916_55, type=transcoder, layer=14, feature=5916, pos=55)",1
0,45,12663,transcoder,4,55,16341,lorsa,0.9263823628425598,0.0,-0.9263823628425598,0.0,-1.0,"Node(id=8_16341_55, type=lorsa, layer=4, feature=16341, pos=55)",1
0,45,12663,transcoder,9,55,13128,transcoder,0.3520200252532959,0.0,-0.3520200252532959,0.0,-1.0,"Node(id=19_13128_55, type=transcoder, layer=9, feature=13128, pos=55)",1
0,45,12663,transcoder,9,55,7448,transcoder,0.2919863760471344,0.0,-0.2919863760471344,0.0,-1.0,"Node(id=19_7448_55, type=transcoder, layer=9, feature=7448, pos=55)",1
0,45,12663,transcoder,11,55,8862,transcoder,0.643543541431427,0.4682457447052002,-0.1752977967262268,0.0,-0.2723946173654603,"Node(id=23_8862_55, type=transcoder, layer=11, feature=8862, pos=55)",1
0,45,12663,transcoder,4,55,15932,lorsa,2.069827079772949,1.3798511028289795,-0.6899759769439697,0.0,-0.3333495747961984,"Node(id=8_15932_55, type=lorsa, layer=4, feature=15932, pos=55)",1
0,45,12663,transcoder,7,54,13289,transcoder,0.9898383617401123,0.0,-0.9898383617401123,0.0,-1.0,"Node(id=15_13289_54, type=transcoder, layer=7, feature=13289, pos=54)",1
0,45,12663,transcoder,10,1,5090,transcoder,17.671863555908203,11.355531692504883,-6.31633186340332,0.0,-0.3574230778446449,"Node(id=21_5090_1, type=transcoder, layer=10, feature=5090, pos=1)",1
0,45,12663,transcoder,8,55,7940,transcoder,0.6999607682228088,0.5206508040428162,-0.17930996417999268,0.0,-0.25617144891599897,"Node(id=17_7940_55, type=transcoder, layer=8, feature=7940, pos=55)",1
0,45,12663,transcoder,14,23,11103,transcoder,1.1049634218215942,0.8239896893501282,-0.28097373247146606,0.0,-0.2542832884081041,"Node(id=29_11103_23, type=transcoder, layer=14, feature=11103, pos=23)",1
0,45,12663,transcoder,12,55,11739,transcoder,0.2567141354084015,0.21397900581359863,-0.042735129594802856,0.0,-0.16646971748094969,"Node(id=25_11739_55, type=transcoder, layer=12, feature=11739, pos=55)",1
0,45,12663,transcoder,10,55,3280,transcoder,0.24856069684028625,0.0,-0.24856069684028625,0.0,-1.0,"Node(id=21_3280_55, type=transcoder, layer=10, feature=3280, pos=55)",1
0,45,12663,transcoder,7,54,14952,lorsa,4.527721881866455,3.863558292388916,-0.6641635894775391,0.0,-0.14668824782226952,"Node(id=14_14952_54, type=lorsa, layer=7, feature=14952, pos=54)",1
0,45,12663,transcoder,10,2,10273,transcoder,24.12562370300293,12.723749160766602,-11.401874542236328,0.0,-0.4726043431083247,"Node(id=21_10273_2, type=transcoder, layer=10, feature=10273, pos=2)",1
0,45,7465,lorsa,1,54,9082,transcoder,0.7630938291549683,0.3077296316623688,-0.4553641974925995,0.0,-0.5967342154985827,"Node(id=3_9082_54, type=transcoder, layer=1, feature=9082, pos=54)",1
0,45,7465,lorsa,6,54,6679,transcoder,1.2186368703842163,0.1770794838666916,-1.0415573865175247,0.0,-0.854690524987266,"Node(id=13_6679_54, type=transcoder, layer=6, feature=6679, pos=54)",1
0,45,7465,lorsa,4,54,2320,transcoder,4.304287433624268,3.3709635734558105,-0.933323860168457,0.0,-0.21683585832988525,"Node(id=9_2320_54, type=transcoder, layer=4, feature=2320, pos=54)",1
0,45,7465,lorsa,6,23,4099,transcoder,2.014463186264038,1.7515153884887695,-0.26294779777526855,0.0,-0.13052995933021913,"Node(id=13_4099_23, type=transcoder, layer=6, feature=4099, pos=23)",1
0,45,7465,lorsa,4,23,3675,transcoder,0.6166015863418579,0.5478280186653137,-0.06877356767654419,0.0,-0.11153647541609561,"Node(id=9_3675_23, type=transcoder, layer=4, feature=3675, pos=23)",1
0,45,7465,lorsa,10,1,10273,transcoder,28.066740036010742,18.502899169921875,-9.563840866088867,0.0,-0.3407535343904593,"Node(id=21_10273_1, type=transcoder, layer=10, feature=10273, pos=1)",1
0,45,7465,lorsa,2,55,11309,transcoder,0.29157570004463196,0.0,-0.29157570004463196,0.0,-1.0,"Node(id=5_11309_55, type=transcoder, layer=2, feature=11309, pos=55)",1
0,45,7465,lorsa,14,55,15619,transcoder,1.2117552757263184,0.12813659012317657,-1.0836186856031418,0.0,-0.8942553891119869,"Node(id=29_15619_55, type=transcoder, layer=14, feature=15619, pos=55)",1
0,45,7465,lorsa,9,55,12666,transcoder,0.6803210973739624,0.5223867297172546,-0.15793436765670776,0.0,-0.2321468028352112,"Node(id=19_12666_55, type=transcoder, layer=9, feature=12666, pos=55)",1
0,45,7465,lorsa,3,54,9407,transcoder,0.9804326891899109,0.6087274551391602,-0.37170523405075073,0.0,-0.37912366463206637,"Node(id=7_9407_54, type=transcoder, layer=3, feature=9407, pos=54)",1
0,45,7465,lorsa,8,55,2551,lorsa,2.676435947418213,1.9580312967300415,-0.7184046506881714,0.0,-0.2684183984978869,"Node(id=16_2551_55, type=lorsa, layer=8, feature=2551, pos=55)",1
0,45,7465,lorsa,7,55,13128,transcoder,0.5602725148200989,0.0,-0.5602725148200989,0.0,-1.0,"Node(id=15_13128_55, type=transcoder, layer=7, feature=13128, pos=55)",1
0,45,7465,lorsa,4,55,16377,lorsa,2.713291645050049,0.0,-2.713291645050049,0.0,-1.0,"Node(id=8_16377_55, type=lorsa, layer=4, feature=16377, pos=55)",1
0,45,7465,lorsa,10,55,11535,transcoder,0.6737499833106995,0.0,-0.6737499833106995,0.0,-1.0,"Node(id=21_11535_55, type=transcoder, layer=10, feature=11535, pos=55)",1
0,45,7465,lorsa,14,23,10814,transcoder,1.869791030883789,1.5113835334777832,-0.35840749740600586,0.0,-0.1916831835676302,"Node(id=29_10814_23, type=transcoder, layer=14, feature=10814, pos=23)",1
0,45,7465,lorsa,6,55,23,transcoder,0.9902805685997009,0.42999693751335144,-0.5602836310863495,0.0,-0.5657827173955503,"Node(id=13_23_55, type=transcoder, layer=6, feature=23, pos=55)",1
0,45,7465,lorsa,14,55,5916,transcoder,0.3695855438709259,0.3188261091709137,-0.05075943470001221,0.0,-0.13734150467135,"Node(id=29_5916_55, type=transcoder, layer=14, feature=5916, pos=55)",1
0,45,7465,lorsa,9,55,13128,transcoder,0.3520200252532959,0.0,-0.3520200252532959,0.0,-1.0,"Node(id=19_13128_55, type=transcoder, layer=9, feature=13128, pos=55)",1
0,45,7465,lorsa,9,55,7448,transcoder,0.2919863760471344,0.0,-0.2919863760471344,0.0,-1.0,"Node(id=19_7448_55, type=transcoder, layer=9, feature=7448, pos=55)",1
0,45,7465,lorsa,11,55,8862,transcoder,0.643543541431427,0.5185790061950684,-0.12496453523635864,0.0,-0.19418194293178884,"Node(id=23_8862_55, type=transcoder, layer=11, feature=8862, pos=55)",1
0,45,7465,lorsa,7,54,13289,transcoder,0.9898383617401123,0.0,-0.9898383617401123,0.0,-1.0,"Node(id=15_13289_54, type=transcoder, layer=7, feature=13289, pos=54)",1
0,45,7465,lorsa,10,1,5090,transcoder,17.671863555908203,11.953619956970215,-5.718243598937988,0.0,-0.3235789808385103,"Node(id=21_5090_1, type=transcoder, layer=10, feature=5090, pos=1)",1
0,45,7465,lorsa,8,55,7940,transcoder,0.6999607682228088,0.5672276616096497,-0.13273310661315918,0.0,-0.18962935158518496,"Node(id=17_7940_55, type=transcoder, layer=8, feature=7940, pos=55)",1
0,45,7465,lorsa,14,23,11103,transcoder,1.1049634218215942,0.8124505877494812,-0.29251283407211304,0.0,-0.26472625997871424,"Node(id=29_11103_23, type=transcoder, layer=14, feature=11103, pos=23)",1
0,45,7465,lorsa,12,55,11739,transcoder,0.2567141354084015,0.2145724594593048,-0.04214167594909668,0.0,-0.16415798795829575,"Node(id=25_11739_55, type=transcoder, layer=12, feature=11739, pos=55)",1
0,45,7465,lorsa,10,55,3280,transcoder,0.24856069684028625,0.0,-0.24856069684028625,0.0,-1.0,"Node(id=21_3280_55, type=transcoder, layer=10, feature=3280, pos=55)",1
0,45,7465,lorsa,7,54,14952,lorsa,4.527721881866455,4.061405658721924,-0.46631622314453125,0.0,-0.10299135753283117,"Node(id=14_14952_54, type=lorsa, layer=7, feature=14952, pos=54)",1
0,45,7465,lorsa,10,2,10273,transcoder,24.12562370300293,13.50105094909668,-10.62457275390625,0.0,-0.44038541281665616,"Node(id=21_10273_2, type=transcoder, layer=10, feature=10273, pos=2)",1
1,51,11215,lorsa,14,55,11103,transcoder,0.5930737257003784,0.46735328435897827,-0.12572044134140015,0.0,-0.21198113471125893,"Node(id=29_11103_55, type=transcoder, layer=14, feature=11103, pos=55)",1
1,51,11215,lorsa,3,55,12235,lorsa,2.4719231128692627,1.967993140220642,-0.5039299726486206,0.0,-0.20386150767597638,"Node(id=6_12235_55, type=lorsa, layer=3, feature=12235, pos=55)",1
1,51,11215,lorsa,14,55,3391,transcoder,0.7034270167350769,0.6144677996635437,-0.0889592170715332,0.0,-0.1264654540629292,"Node(id=29_3391_55, type=transcoder, layer=14, feature=3391, pos=55)",1
1,51,11215,lorsa,11,55,2278,transcoder,0.4227127730846405,0.36755770444869995,-0.05515506863594055,0.0,-0.13047883136688837,"Node(id=23_2278_55, type=transcoder, layer=11, feature=2278, pos=55)",1
1,51,11215,lorsa,3,55,12206,lorsa,1.9337397813796997,1.7291913032531738,-0.20454847812652588,0.0,-0.10577869892120802,"Node(id=6_12206_55, type=lorsa, layer=3, feature=12206, pos=55)",1
1,51,11215,lorsa,13,55,3932,transcoder,0.7734141945838928,0.6942508220672607,-0.07916337251663208,0.0,-0.10235572746272524,"Node(id=27_3932_55, type=transcoder, layer=13, feature=3932, pos=55)",1
1,51,11215,lorsa,4,55,9914,transcoder,0.5230033993721008,0.4509865641593933,-0.07201683521270752,0.0,-0.1376985987073284,"Node(id=9_9914_55, type=transcoder, layer=4, feature=9914, pos=55)",1
1,51,11215,lorsa,8,55,2551,lorsa,2.676435947418213,2.340503215789795,-0.33593273162841797,0.0,-0.12551495280597724,"Node(id=16_2551_55, type=lorsa, layer=8, feature=2551, pos=55)",1
1,51,11215,lorsa,7,55,13128,transcoder,0.5602725148200989,0.4784736633300781,-0.08179885149002075,0.0,-0.145998329966777,"Node(id=15_13128_55, type=transcoder, layer=7, feature=13128, pos=55)",1
1,51,11215,lorsa,8,55,9724,transcoder,0.20959925651550293,0.18562191724777222,-0.023977339267730713,0.0,-0.1143961083943885,"Node(id=17_9724_55, type=transcoder, layer=8, feature=9724, pos=55)",1
1,51,11215,lorsa,13,55,15835,transcoder,0.3478931784629822,0.30601292848587036,-0.041880249977111816,0.0,-0.12038249833509775,"Node(id=27_15835_55, type=transcoder, layer=13, feature=15835, pos=55)",1
1,51,11215,lorsa,4,55,9531,transcoder,0.5060067176818848,0.41746455430984497,-0.0885421633720398,0.0,-0.17498218952046463,"Node(id=9_9531_55, type=transcoder, layer=4, feature=9531, pos=55)",1
1,51,11215,lorsa,13,55,5819,transcoder,0.5956785082817078,0.5093247890472412,-0.08635371923446655,0.0,-0.14496698812176756,"Node(id=27_5819_55, type=transcoder, layer=13, feature=5819, pos=55)",1
1,51,11215,lorsa,6,55,23,transcoder,0.9902805685997009,0.8861209750175476,-0.10415959358215332,0.0,-0.10518190186185258,"Node(id=13_23_55, type=transcoder, layer=6, feature=23, pos=55)",1
1,51,11215,lorsa,10,55,10622,transcoder,0.2998685836791992,0.26546692848205566,-0.034401655197143555,0.0,-0.1147224386598184,"Node(id=21_10622_55, type=transcoder, layer=10, feature=10622, pos=55)",1
1,51,11215,lorsa,13,55,7425,transcoder,0.6321931481361389,0.5327221155166626,-0.09947103261947632,0.0,-0.1573427882170843,"Node(id=27_7425_55, type=transcoder, layer=13, feature=7425, pos=55)",1
1,51,11215,lorsa,14,55,1214,transcoder,0.7802796959877014,0.4300844669342041,-0.3501952290534973,0.0,-0.44880730698779714,"Node(id=29_1214_55, type=transcoder, layer=14, feature=1214, pos=55)",1
1,51,11215,lorsa,1,51,11331,transcoder,0.7390512824058533,0.0,-0.7390512824058533,0.0,-1.0,"Node(id=3_11331_51, type=transcoder, layer=1, feature=11331, pos=51)",1
1,51,11215,lorsa,5,55,13666,transcoder,0.33196818828582764,0.2625332772731781,-0.06943491101264954,0.0,-0.20916133973917236,"Node(id=11_13666_55, type=transcoder, layer=5, feature=13666, pos=55)",1
1,51,11215,lorsa,1,51,11218,transcoder,0.6390401721000671,0.4379347562789917,-0.20110541582107544,0.0,-0.3146991763603625,"Node(id=3_11218_51, type=transcoder, layer=1, feature=11218, pos=51)",1
7,51,9138,transcoder,14,55,16044,lorsa,2.606524705886841,2.2691001892089844,-0.33742451667785645,0.0,-0.12945379566738138,"Node(id=28_16044_55, type=lorsa, layer=14, feature=16044, pos=55)",1
7,51,9138,transcoder,13,55,3932,transcoder,0.7734141945838928,0.6835309267044067,-0.08988326787948608,0.0,-0.11621621184214816,"Node(id=27_3932_55, type=transcoder, layer=13, feature=3932, pos=55)",1
7,51,9138,transcoder,8,55,9724,transcoder,0.20959925651550293,0.18509027361869812,-0.02450898289680481,0.0,-0.11693258508763847,"Node(id=17_9724_55, type=transcoder, layer=8, feature=9724, pos=55)",1
7,51,9138,transcoder,13,55,5819,transcoder,0.5956785082817078,0.5325180888175964,-0.06316041946411133,0.0,-0.10603105296899776,"Node(id=27_5819_55, type=transcoder, layer=13, feature=5819, pos=55)",1
7,51,9138,transcoder,13,55,7425,transcoder,0.6321931481361389,0.5662520527839661,-0.06594109535217285,0.0,-0.10430529901594701,"Node(id=27_7425_55, type=transcoder, layer=13, feature=7425, pos=55)",1
7,51,9138,transcoder,14,55,1214,transcoder,0.7802796959877014,0.6767873167991638,-0.1034923791885376,0.0,-0.1326349765612366,"Node(id=29_1214_55, type=transcoder, layer=14, feature=1214, pos=55)",1
7,51,9138,transcoder,10,55,3280,transcoder,0.24856069684028625,0.0,-0.24856069684028625,0.0,-1.0,"Node(id=21_3280_55, type=transcoder, layer=10, feature=3280, pos=55)",1
0,3,10273,lorsa,2,55,11309,transcoder,0.29157570004463196,0.0,-0.29157570004463196,0.0,-1.0,"Node(id=5_11309_55, type=transcoder, layer=2, feature=11309, pos=55)",1
0,3,10273,lorsa,14,55,15619,transcoder,1.2117552757263184,1.0813966989517212,-0.13035857677459717,0.0,-0.10757830346268644,"Node(id=29_15619_55, type=transcoder, layer=14, feature=15619, pos=55)",1
0,55,11076,transcoder,14,55,138,transcoder,5.991324424743652,5.200662612915039,-0.7906618118286133,0.0,-0.131967784712717,"Node(id=29_138_55, type=transcoder, layer=14, feature=138, pos=55)",1
0,55,11076,transcoder,6,23,4099,transcoder,2.014463186264038,1.6494992971420288,-0.3649638891220093,0.0,-0.181171783932602,"Node(id=13_4099_23, type=transcoder, layer=6, feature=4099, pos=23)",1
0,55,11076,transcoder,1,55,1377,transcoder,0.5498209595680237,0.0,-0.5498209595680237,0.0,-1.0,"Node(id=3_1377_55, type=transcoder, layer=1, feature=1377, pos=55)",1
0,55,11076,transcoder,2,55,11401,lorsa,1.9274051189422607,1.6418983936309814,-0.2855067253112793,0.0,-0.1481301063825971,"Node(id=4_11401_55, type=lorsa, layer=2, feature=11401, pos=55)",1
0,55,11076,transcoder,4,23,3675,transcoder,0.6166015863418579,0.5344604849815369,-0.08214110136032104,0.0,-0.13321584501208233,"Node(id=9_3675_23, type=transcoder, layer=4, feature=3675, pos=23)",1
0,55,11076,transcoder,3,55,12235,lorsa,2.4719231128692627,2.009843587875366,-0.4620795249938965,0.0,-0.1869311883481448,"Node(id=6_12235_55, type=lorsa, layer=3, feature=12235, pos=55)",1
0,55,11076,transcoder,5,55,2419,transcoder,0.6756512522697449,0.46854057908058167,-0.2071106731891632,0.0,-0.3065348765260291,"Node(id=11_2419_55, type=transcoder, layer=5, feature=2419, pos=55)",1
0,55,11076,transcoder,10,1,10273,transcoder,28.066740036010742,24.839086532592773,-3.2276535034179688,0.0,-0.11499923038004276,"Node(id=21_10273_1, type=transcoder, layer=10, feature=10273, pos=1)",1
0,55,11076,transcoder,2,55,4901,transcoder,1.173736810684204,0.9886894822120667,-0.18504732847213745,0.0,-0.15765657751184287,"Node(id=5_4901_55, type=transcoder, layer=2, feature=4901, pos=55)",1
0,55,11076,transcoder,12,23,15674,transcoder,0.6342616677284241,0.47118717432022095,-0.16307449340820312,0.0,-0.2571091738717967,"Node(id=25_15674_23, type=transcoder, layer=12, feature=15674, pos=23)",1
0,55,11076,transcoder,1,55,8308,lorsa,1.5582549571990967,1.3578181266784668,-0.20043683052062988,0.0,-0.12862903441738915,"Node(id=2_8308_55, type=lorsa, layer=1, feature=8308, pos=55)",1
0,55,11076,transcoder,1,55,1824,transcoder,0.6892250180244446,0.43268463015556335,-0.2565403878688812,0.0,-0.3722157222386007,"Node(id=3_1824_55, type=transcoder, layer=1, feature=1824, pos=55)",1
0,55,11076,transcoder,14,55,3391,transcoder,0.7034270167350769,0.4406946301460266,-0.2627323865890503,0.0,-0.37350340595177906,"Node(id=29_3391_55, type=transcoder, layer=14, feature=3391, pos=55)",1
0,55,11076,transcoder,11,55,2278,transcoder,0.4227127730846405,0.2571905255317688,-0.1655222475528717,0.0,-0.39157143595405125,"Node(id=23_2278_55, type=transcoder, layer=11, feature=2278, pos=55)",1
0,55,11076,transcoder,14,55,15619,transcoder,1.2117552757263184,0.7906191945075989,-0.4211360812187195,0.0,-0.3475421891324494,"Node(id=29_15619_55, type=transcoder, layer=14, feature=15619, pos=55)",1
0,55,11076,transcoder,2,55,13261,transcoder,0.6239655017852783,0.42193368077278137,-0.20203182101249695,0.0,-0.32378684468043073,"Node(id=5_13261_55, type=transcoder, layer=2, feature=13261, pos=55)",1
0,55,11076,transcoder,13,55,3932,transcoder,0.7734141945838928,0.35812661051750183,-0.415287584066391,0.0,-0.536953662054032,"Node(id=27_3932_55, type=transcoder, layer=13, feature=3932, pos=55)",1
0,55,11076,transcoder,9,55,12666,transcoder,0.6803210973739624,0.5344992876052856,-0.14582180976867676,0.0,-0.21434262487456077,"Node(id=19_12666_55, type=transcoder, layer=9, feature=12666, pos=55)",1
0,55,11076,transcoder,1,23,6844,transcoder,0.542878270149231,0.48450106382369995,-0.058377206325531006,0.0,-0.10753277398537943,"Node(id=3_6844_23, type=transcoder, layer=1, feature=6844, pos=23)",1
0,55,11076,transcoder,8,55,2551,lorsa,2.676435947418213,0.0,-2.676435947418213,0.0,-1.0,"Node(id=16_2551_55, type=lorsa, layer=8, feature=2551, pos=55)",1
0,55,11076,transcoder,6,55,15671,transcoder,5.856712341308594,3.59291410446167,-2.263798236846924,0.0,-0.3865305490385605,"Node(id=13_15671_55, type=transcoder, layer=6, feature=15671, pos=55)",1
0,55,11076,transcoder,7,55,13128,transcoder,0.5602725148200989,0.0,-0.5602725148200989,0.0,-1.0,"Node(id=15_13128_55, type=transcoder, layer=7, feature=13128, pos=55)",1
0,55,11076,transcoder,1,55,12154,transcoder,0.19804225862026215,0.16035477817058563,-0.037687480449676514,0.0,-0.19030019508079182,"Node(id=3_12154_55, type=transcoder, layer=1, feature=12154, pos=55)",1
0,55,11076,transcoder,10,55,11535,transcoder,0.6737499833106995,0.5158595442771912,-0.1578904390335083,0.0,-0.23434574091959154,"Node(id=21_11535_55, type=transcoder, layer=10, feature=11535, pos=55)",1
0,55,11076,transcoder,9,55,6254,transcoder,4.370347499847412,3.774750232696533,-0.5955972671508789,0.0,-0.13628144379175197,"Node(id=19_6254_55, type=transcoder, layer=9, feature=6254, pos=55)",1
0,55,11076,transcoder,13,55,5819,transcoder,0.5956785082817078,0.46156153082847595,-0.1341169774532318,0.0,-0.2251499350549094,"Node(id=27_5819_55, type=transcoder, layer=13, feature=5819, pos=55)",1
0,55,11076,transcoder,1,55,8260,lorsa,1.92356276512146,1.3664079904556274,-0.5571547746658325,0.0,-0.2896473069495354,"Node(id=2_8260_55, type=lorsa, layer=1, feature=8260, pos=55)",1
0,55,11076,transcoder,1,55,16036,lorsa,1.270075798034668,1.121886134147644,-0.14818966388702393,0.0,-0.11667781097500997,"Node(id=2_16036_55, type=lorsa, layer=1, feature=16036, pos=55)",1
0,55,11076,transcoder,6,55,23,transcoder,0.9902805685997009,0.3429972231388092,-0.6472833454608917,0.0,-0.6536363188224303,"Node(id=13_23_55, type=transcoder, layer=6, feature=23, pos=55)",1
0,55,11076,transcoder,8,54,9517,transcoder,0.4715726673603058,0.2697496712207794,-0.20182299613952637,0.0,-0.427978570660719,"Node(id=17_9517_54, type=transcoder, layer=8, feature=9517, pos=54)",1
0,55,11076,transcoder,3,55,4439,transcoder,0.30011671781539917,0.0,-0.30011671781539917,0.0,-1.0,"Node(id=7_4439_55, type=transcoder, layer=3, feature=4439, pos=55)",1
0,55,11076,transcoder,14,55,5916,transcoder,0.3695855438709259,0.0,-0.3695855438709259,0.0,-1.0,"Node(id=29_5916_55, type=transcoder, layer=14, feature=5916, pos=55)",1
0,55,11076,transcoder,1,55,9786,transcoder,0.7136760354042053,0.4886281490325928,-0.22504788637161255,0.0,-0.31533619626747306,"Node(id=3_9786_55, type=transcoder, layer=1, feature=9786, pos=55)",1
0,55,11076,transcoder,10,55,10622,transcoder,0.2998685836791992,0.21521174907684326,-0.08465683460235596,0.0,-0.28231311717843116,"Node(id=21_10622_55, type=transcoder, layer=10, feature=10622, pos=55)",1
0,55,11076,transcoder,4,55,16341,lorsa,0.9263823628425598,0.8269309997558594,-0.09945136308670044,0.0,-0.10735455150672203,"Node(id=8_16341_55, type=lorsa, layer=4, feature=16341, pos=55)",1
0,55,11076,transcoder,9,55,13128,transcoder,0.3520200252532959,0.0,-0.3520200252532959,0.0,-1.0,"Node(id=19_13128_55, type=transcoder, layer=9, feature=13128, pos=55)",1
0,55,11076,transcoder,9,63,13165,transcoder,2.440319061279297,1.8647205829620361,-0.5755984783172607,0.0,-0.23587017265501042,"Node(id=19_13165_63, type=transcoder, layer=9, feature=13165, pos=63)",1
0,55,11076,transcoder,1,55,11918,lorsa,1.2722526788711548,1.03534734249115,-0.23690533638000488,0.0,-0.18620934372109668,"Node(id=2_11918_55, type=lorsa, layer=1, feature=11918, pos=55)",1
0,55,11076,transcoder,14,55,1214,transcoder,0.7802796959877014,0.0,-0.7802796959877014,0.0,-1.0,"Node(id=29_1214_55, type=transcoder, layer=14, feature=1214, pos=55)",1
0,55,11076,transcoder,3,54,6230,transcoder,0.7401818633079529,0.616284191608429,-0.12389767169952393,0.0,-0.1673881485636676,"Node(id=7_6230_54, type=transcoder, layer=3, feature=6230, pos=54)",1
0,55,11076,transcoder,13,55,10331,transcoder,0.5097225308418274,0.0,-0.5097225308418274,0.0,-1.0,"Node(id=27_10331_55, type=transcoder, layer=13, feature=10331, pos=55)",1
0,55,11076,transcoder,1,55,2413,lorsa,1.1879911422729492,1.0545400381088257,-0.13345110416412354,0.0,-0.1123334168205963,"Node(id=2_2413_55, type=lorsa, layer=1, feature=2413, pos=55)",1
0,55,11076,transcoder,10,55,15174,transcoder,0.40954360365867615,0.21361908316612244,-0.1959245204925537,0.0,-0.47839721763996124,"Node(id=21_15174_55, type=transcoder, layer=10, feature=15174, pos=55)",1
0,55,11076,transcoder,11,55,8862,transcoder,0.643543541431427,0.28240448236465454,-0.36113905906677246,0.0,-0.5611726881191205,"Node(id=23_8862_55, type=transcoder, layer=11, feature=8862, pos=55)",1
0,55,11076,transcoder,8,55,3569,transcoder,0.576390266418457,0.47552916407585144,-0.10086110234260559,0.0,-0.17498751838633728,"Node(id=17_3569_55, type=transcoder, layer=8, feature=3569, pos=55)",1
0,55,11076,transcoder,4,55,15932,lorsa,2.069827079772949,1.810054063796997,-0.25977301597595215,0.0,-0.12550469481945714,"Node(id=8_15932_55, type=lorsa, layer=4, feature=15932, pos=55)",1
0,55,11076,transcoder,7,54,13289,transcoder,0.9898383617401123,0.688774824142456,-0.30106353759765625,0.0,-0.30415424299013194,"Node(id=15_13289_54, type=transcoder, layer=7, feature=13289, pos=54)",1
0,55,11076,transcoder,1,54,14103,transcoder,0.2923813760280609,0.0,-0.2923813760280609,0.0,-1.0,"Node(id=3_14103_54, type=transcoder, layer=1, feature=14103, pos=54)",1
0,55,11076,transcoder,10,1,5090,transcoder,17.671863555908203,15.676908493041992,-1.994955062866211,0.0,-0.11288877692806999,"Node(id=21_5090_1, type=transcoder, layer=10, feature=5090, pos=1)",1
0,55,11076,transcoder,10,55,3280,transcoder,0.24856069684028625,0.0,-0.24856069684028625,0.0,-1.0,"Node(id=21_3280_55, type=transcoder, layer=10, feature=3280, pos=55)",1
0,55,11076,transcoder,14,55,11920,transcoder,0.7073771357536316,0.43205520510673523,-0.27532193064689636,0.0,-0.38921519615356454,"Node(id=29_11920_55, type=transcoder, layer=14, feature=11920, pos=55)",1
0,55,11076,transcoder,1,55,6272,transcoder,0.3085007071495056,0.19048188626766205,-0.11801882088184357,0.0,-0.38255607895462385,"Node(id=3_6272_55, type=transcoder, layer=1, feature=6272, pos=55)",1
0,55,11076,transcoder,10,55,546,transcoder,0.65244460105896,0.4316900670528412,-0.22075453400611877,0.0,-0.3383498516928791,"Node(id=21_546_55, type=transcoder, layer=10, feature=546, pos=55)",1
0,55,11076,transcoder,11,55,1321,lorsa,4.358194351196289,3.2667667865753174,-1.0914275646209717,0.0,-0.25043113653740195,"Node(id=22_1321_55, type=lorsa, layer=11, feature=1321, pos=55)",1
0,55,11076,transcoder,10,2,10273,transcoder,24.12562370300293,18.878463745117188,-5.247159957885742,0.0,-0.21749323551094868,"Node(id=21_10273_2, type=transcoder, layer=10, feature=10273, pos=2)",1
0,55,12046,lorsa,0,55,11076,transcoder,1.237419605255127,0.9205142855644226,-0.31690531969070435,0.0,-0.2561017445859571,"Node(id=1_11076_55, type=transcoder, layer=0, feature=11076, pos=55)",1
0,55,12046,lorsa,1,55,1377,transcoder,0.5498209595680237,0.34870797395706177,-0.20111298561096191,0.0,-0.365779045180398,"Node(id=3_1377_55, type=transcoder, layer=1, feature=1377, pos=55)",1
0,55,12046,lorsa,0,55,2549,transcoder,0.5423716306686401,0.33846014738082886,-0.20391148328781128,0.0,-0.37596266426477276,"Node(id=1_2549_55, type=transcoder, layer=0, feature=2549, pos=55)",1
0,55,12046,lorsa,2,55,11401,lorsa,1.9274051189422607,1.7187778949737549,-0.20862722396850586,0.0,-0.108242539110303,"Node(id=4_11401_55, type=lorsa, layer=2, feature=11401, pos=55)",1
0,55,12046,lorsa,0,55,12836,transcoder,0.3047124743461609,0.16061480343341827,-0.14409767091274261,0.0,-0.4728971835562075,"Node(id=1_12836_55, type=transcoder, layer=0, feature=12836, pos=55)",1
0,55,12046,lorsa,2,55,13261,transcoder,0.6239655017852783,0.5560884475708008,-0.06787705421447754,0.0,-0.10878334462445279,"Node(id=5_13261_55, type=transcoder, layer=2, feature=13261, pos=55)",1
0,55,12046,lorsa,1,55,15014,lorsa,0.4733544886112213,0.0,-0.4733544886112213,0.0,-1.0,"Node(id=2_15014_55, type=lorsa, layer=1, feature=15014, pos=55)",1
0,55,12046,lorsa,0,55,2956,transcoder,0.49862179160118103,0.43242180347442627,-0.06619998812675476,0.0,-0.13276593450553467,"Node(id=1_2956_55, type=transcoder, layer=0, feature=2956, pos=55)",1
0,55,12046,lorsa,2,55,2440,lorsa,1.7886356115341187,1.4455012083053589,-0.34313440322875977,0.0,-0.19184142427671574,"Node(id=4_2440_55, type=lorsa, layer=2, feature=2440, pos=55)",1
0,55,12046,lorsa,1,55,8260,lorsa,1.92356276512146,1.5241578817367554,-0.3994048833847046,0.0,-0.20763808211866946,"Node(id=2_8260_55, type=lorsa, layer=1, feature=8260, pos=55)",1
0,55,12046,lorsa,1,55,16036,lorsa,1.270075798034668,1.100020170211792,-0.17005562782287598,0.0,-0.13389407788576263,"Node(id=2_16036_55, type=lorsa, layer=1, feature=16036, pos=55)",1
0,55,12046,lorsa,2,55,2823,transcoder,0.23902328312397003,0.0,-0.23902328312397003,0.0,-1.0,"Node(id=5_2823_55, type=transcoder, layer=2, feature=2823, pos=55)",1
0,55,12046,lorsa,0,55,4388,transcoder,0.1894603967666626,0.15912234783172607,-0.030338048934936523,0.0,-0.16012871002429357,"Node(id=1_4388_55, type=transcoder, layer=0, feature=4388, pos=55)",1
0,55,12046,lorsa,1,54,14103,transcoder,0.2923813760280609,0.0,-0.2923813760280609,0.0,-1.0,"Node(id=3_14103_54, type=transcoder, layer=1, feature=14103, pos=54)",1
1,23,1321,transcoder,14,55,138,transcoder,5.991324424743652,5.27144718170166,-0.7198772430419922,0.0,-0.12015327363495146,"Node(id=29_138_55, type=transcoder, layer=14, feature=138, pos=55)",1
1,23,1321,transcoder,2,23,13354,transcoder,0.9106659889221191,0.5719633102416992,-0.3387026786804199,0.0,-0.3719285476789515,"Node(id=5_13354_23, type=transcoder, layer=2, feature=13354, pos=23)",1
1,23,1321,transcoder,14,55,11103,transcoder,0.5930737257003784,0.0,-0.5930737257003784,0.0,-1.0,"Node(id=29_11103_55, type=transcoder, layer=14, feature=11103, pos=55)",1
1,23,1321,transcoder,3,23,15009,transcoder,0.8224453330039978,0.584729790687561,-0.23771554231643677,0.0,-0.28903506747150726,"Node(id=7_15009_23, type=transcoder, layer=3, feature=15009, pos=23)",1
1,23,1321,transcoder,6,55,7034,transcoder,0.6798377633094788,0.34063899517059326,-0.3391987681388855,0.0,-0.4989407568177026,"Node(id=13_7034_55, type=transcoder, layer=6, feature=7034, pos=55)",1
1,23,1321,transcoder,2,55,11401,lorsa,1.9274051189422607,1.2251704931259155,-0.7022346258163452,0.0,-0.3643419947964671,"Node(id=4_11401_55, type=lorsa, layer=2, feature=11401, pos=55)",1
1,23,1321,transcoder,4,23,3675,transcoder,0.6166015863418579,0.4941364526748657,-0.12246513366699219,0.0,-0.19861306941090925,"Node(id=9_3675_23, type=transcoder, layer=4, feature=3675, pos=23)",1
1,23,1321,transcoder,3,55,12235,lorsa,2.4719231128692627,1.056212067604065,-1.4157110452651978,0.0,-0.5727164562258265,"Node(id=6_12235_55, type=lorsa, layer=3, feature=12235, pos=55)",1
1,23,1321,transcoder,5,55,2419,transcoder,0.6756512522697449,0.5490999817848206,-0.12655127048492432,0.0,-0.18730265067931878,"Node(id=11_2419_55, type=transcoder, layer=5, feature=2419, pos=55)",1
1,23,1321,transcoder,2,55,11309,transcoder,0.29157570004463196,0.0,-0.29157570004463196,0.0,-1.0,"Node(id=5_11309_55, type=transcoder, layer=2, feature=11309, pos=55)",1
1,23,1321,transcoder,14,55,16044,lorsa,2.606524705886841,1.6752963066101074,-0.9312283992767334,0.0,-0.35726820358677297,"Node(id=28_16044_55, type=lorsa, layer=14, feature=16044, pos=55)",1
1,23,1321,transcoder,14,55,3391,transcoder,0.7034270167350769,0.6296288371086121,-0.07379817962646484,0.0,-0.10491234750833937,"Node(id=29_3391_55, type=transcoder, layer=14, feature=3391, pos=55)",1
1,23,1321,transcoder,11,55,2278,transcoder,0.4227127730846405,0.3156154751777649,-0.10709729790687561,0.0,-0.2533571368694632,"Node(id=23_2278_55, type=transcoder, layer=11, feature=2278, pos=55)",1
1,23,1321,transcoder,2,23,12879,lorsa,2.5271050930023193,2.1043617725372314,-0.4227433204650879,0.0,-0.16728363281593842,"Node(id=4_12879_23, type=lorsa, layer=2, feature=12879, pos=23)",1
1,23,1321,transcoder,14,55,15619,transcoder,1.2117552757263184,0.5007217526435852,-0.7110335230827332,0.0,-0.5867798039142386,"Node(id=29_15619_55, type=transcoder, layer=14, feature=15619, pos=55)",1
1,23,1321,transcoder,3,55,12206,lorsa,1.9337397813796997,0.0,-1.9337397813796997,0.0,-1.0,"Node(id=6_12206_55, type=lorsa, layer=3, feature=12206, pos=55)",1
1,23,1321,transcoder,2,55,13261,transcoder,0.6239655017852783,0.5014001131057739,-0.1225653886795044,0.0,-0.1964297518513806,"Node(id=5_13261_55, type=transcoder, layer=2, feature=13261, pos=55)",1
1,23,1321,transcoder,13,55,3932,transcoder,0.7734141945838928,0.4515589475631714,-0.32185524702072144,0.0,-0.4161486164523834,"Node(id=27_3932_55, type=transcoder, layer=13, feature=3932, pos=55)",1
1,23,1321,transcoder,7,55,14502,lorsa,2.268876075744629,1.9050521850585938,-0.36382389068603516,0.0,-0.1603542364325168,"Node(id=14_14502_55, type=lorsa, layer=7, feature=14502, pos=55)",1
1,23,1321,transcoder,7,55,13128,transcoder,0.5602725148200989,0.48718342185020447,-0.07308909296989441,0.0,-0.13045275475161047,"Node(id=15_13128_55, type=transcoder, layer=7, feature=13128, pos=55)",1
1,23,1321,transcoder,8,55,9724,transcoder,0.20959925651550293,0.0,-0.20959925651550293,0.0,-1.0,"Node(id=17_9724_55, type=transcoder, layer=8, feature=9724, pos=55)",1
1,23,1321,transcoder,3,55,11167,transcoder,0.2644384503364563,0.0,-0.2644384503364563,0.0,-1.0,"Node(id=7_11167_55, type=transcoder, layer=3, feature=11167, pos=55)",1
1,23,1321,transcoder,13,55,15835,transcoder,0.3478931784629822,0.0,-0.3478931784629822,0.0,-1.0,"Node(id=27_15835_55, type=transcoder, layer=13, feature=15835, pos=55)",1
1,23,1321,transcoder,4,55,9531,transcoder,0.5060067176818848,0.401013046503067,-0.10499367117881775,0.0,-0.2074946191620028,"Node(id=9_9531_55, type=transcoder, layer=4, feature=9531, pos=55)",1
1,23,1321,transcoder,2,55,2440,lorsa,1.7886356115341187,0.676048994064331,-1.1125866174697876,0.0,-0.6220308990244907,"Node(id=4_2440_55, type=lorsa, layer=2, feature=2440, pos=55)",1
1,23,1321,transcoder,12,55,6669,transcoder,0.8420363068580627,0.5946853160858154,-0.24735099077224731,0.0,-0.29375335571360567,"Node(id=25_6669_55, type=transcoder, layer=12, feature=6669, pos=55)",1
1,23,1321,transcoder,9,55,12225,transcoder,0.47227632999420166,0.40112969279289246,-0.0711466372013092,0.0,-0.15064620579689586,"Node(id=19_12225_55, type=transcoder, layer=9, feature=12225, pos=55)",1
1,23,1321,transcoder,13,55,5819,transcoder,0.5956785082817078,0.344527006149292,-0.25115150213241577,0.0,-0.42162256761098627,"Node(id=27_5819_55, type=transcoder, layer=13, feature=5819, pos=55)",1
1,23,1321,transcoder,3,55,4439,transcoder,0.30011671781539917,0.0,-0.30011671781539917,0.0,-1.0,"Node(id=7_4439_55, type=transcoder, layer=3, feature=4439, pos=55)",1
1,23,1321,transcoder,10,55,10622,transcoder,0.2998685836791992,0.25768348574638367,-0.04218509793281555,0.0,-0.14067861799736034,"Node(id=21_10622_55, type=transcoder, layer=10, feature=10622, pos=55)",1
1,23,1321,transcoder,13,55,7425,transcoder,0.6321931481361389,0.3502935767173767,-0.2818995714187622,0.0,-0.44590735007152726,"Node(id=27_7425_55, type=transcoder, layer=13, feature=7425, pos=55)",1
1,23,1321,transcoder,14,55,1214,transcoder,0.7802796959877014,0.0,-0.7802796959877014,0.0,-1.0,"Node(id=29_1214_55, type=transcoder, layer=14, feature=1214, pos=55)",1
1,23,1321,transcoder,13,55,10331,transcoder,0.5097225308418274,0.4381663203239441,-0.0715562105178833,0.0,-0.140382671332392,"Node(id=27_10331_55, type=transcoder, layer=13, feature=10331, pos=55)",1
1,23,1321,transcoder,9,55,7448,transcoder,0.2919863760471344,0.0,-0.2919863760471344,0.0,-1.0,"Node(id=19_7448_55, type=transcoder, layer=9, feature=7448, pos=55)",1
1,23,1321,transcoder,5,55,13666,transcoder,0.33196818828582764,0.0,-0.33196818828582764,0.0,-1.0,"Node(id=11_13666_55, type=transcoder, layer=5, feature=13666, pos=55)",1
1,23,1321,transcoder,12,55,11739,transcoder,0.2567141354084015,0.0,-0.2567141354084015,0.0,-1.0,"Node(id=25_11739_55, type=transcoder, layer=12, feature=11739, pos=55)",1
1,23,1321,transcoder,10,55,3280,transcoder,0.24856069684028625,0.0,-0.24856069684028625,0.0,-1.0,"Node(id=21_3280_55, type=transcoder, layer=10, feature=3280, pos=55)",1
0,3,13486,transcoder,2,55,11309,transcoder,0.29157570004463196,0.0,-0.29157570004463196,0.0,-1.0,"Node(id=5_11309_55, type=transcoder, layer=2, feature=11309, pos=55)",1
0,3,13486,transcoder,14,55,15619,transcoder,1.2117552757263184,0.523593544960022,-0.6881617307662964,0.0,-0.5679048769594311,"Node(id=29_15619_55, type=transcoder, layer=14, feature=15619, pos=55)",1
0,3,13486,transcoder,1,55,15014,lorsa,0.4733544886112213,0.0,-0.4733544886112213,0.0,-1.0,"Node(id=2_15014_55, type=lorsa, layer=1, feature=15014, pos=55)",1
0,3,13486,transcoder,3,54,9407,transcoder,0.9804326891899109,0.8113595247268677,-0.1690731644630432,0.0,-0.17244749825991731,"Node(id=7_9407_54, type=transcoder, layer=3, feature=9407, pos=54)",1
0,3,13486,transcoder,6,50,7455,transcoder,0.7886064052581787,0.629297137260437,-0.1593092679977417,0.0,-0.2020136622471207,"Node(id=13_7455_50, type=transcoder, layer=6, feature=7455, pos=50)",1
0,3,13486,transcoder,14,23,10814,transcoder,1.869791030883789,1.6117299795150757,-0.2580610513687134,0.0,-0.13801598526587025,"Node(id=29_10814_23, type=transcoder, layer=14, feature=10814, pos=23)",1
0,3,13486,transcoder,6,55,23,transcoder,0.9902805685997009,0.8098670244216919,-0.18041354417800903,0.0,-0.18218427170909907,"Node(id=13_23_55, type=transcoder, layer=6, feature=23, pos=55)",1
0,3,13486,transcoder,3,55,4439,transcoder,0.30011671781539917,0.2671359181404114,-0.03298079967498779,0.0,-0.10989324391876822,"Node(id=7_4439_55, type=transcoder, layer=3, feature=4439, pos=55)",1
0,3,13486,transcoder,14,55,5916,transcoder,0.3695855438709259,0.24476128816604614,-0.12482425570487976,0.0,-0.3377411746073959,"Node(id=29_5916_55, type=transcoder, layer=14, feature=5916, pos=55)",1
0,3,13486,transcoder,4,55,16341,lorsa,0.9263823628425598,0.8002400994300842,-0.12614226341247559,0.0,-0.13616652094434753,"Node(id=8_16341_55, type=lorsa, layer=4, feature=16341, pos=55)",1
0,3,13486,transcoder,9,55,13128,transcoder,0.3520200252532959,0.2290627658367157,-0.1229572594165802,0.0,-0.34929052495836377,"Node(id=19_13128_55, type=transcoder, layer=9, feature=13128, pos=55)",1
0,3,13486,transcoder,13,63,7466,transcoder,0.8295653462409973,0.7221356630325317,-0.10742968320846558,0.0,-0.12950117033608122,"Node(id=27_7466_63, type=transcoder, layer=13, feature=7466, pos=63)",1
0,3,13486,transcoder,9,55,7448,transcoder,0.2919863760471344,0.0,-0.2919863760471344,0.0,-1.0,"Node(id=19_7448_55, type=transcoder, layer=9, feature=7448, pos=55)",1
0,3,13486,transcoder,8,55,3569,transcoder,0.576390266418457,0.5062037706375122,-0.07018649578094482,0.0,-0.1217690510581761,"Node(id=17_3569_55, type=transcoder, layer=8, feature=3569, pos=55)",1
0,3,13486,transcoder,7,54,13289,transcoder,0.9898383617401123,0.7556886672973633,-0.23414969444274902,0.0,-0.23655346518508277,"Node(id=15_13289_54, type=transcoder, layer=7, feature=13289, pos=54)",1
0,3,13486,transcoder,14,23,11103,transcoder,1.1049634218215942,0.8537412285804749,-0.2512221932411194,0.0,-0.22735792722166812,"Node(id=29_11103_23, type=transcoder, layer=14, feature=11103, pos=23)",1
0,3,13486,transcoder,10,55,3280,transcoder,0.24856069684028625,0.0,-0.24856069684028625,0.0,-1.0,"Node(id=21_3280_55, type=transcoder, layer=10, feature=3280, pos=55)",1
0,14,12663,transcoder,6,19,2562,transcoder,1.826368808746338,1.5517017841339111,-0.27466702461242676,0.0,-0.15038968213707318,"Node(id=13_2562_19, type=transcoder, layer=6, feature=2562, pos=19)",1
0,14,12663,transcoder,6,54,6679,transcoder,1.2186368703842163,1.0536831617355347,-0.16495370864868164,0.0,-0.13535919736014096,"Node(id=13_6679_54, type=transcoder, layer=6, feature=6679, pos=54)",1
0,14,12663,transcoder,10,1,10273,transcoder,28.066740036010742,22.52215003967285,-5.544589996337891,0.0,-0.19755019604072155,"Node(id=21_10273_1, type=transcoder, layer=10, feature=10273, pos=1)",1
0,14,12663,transcoder,7,50,10753,transcoder,1.0690118074417114,0.7439790964126587,-0.32503271102905273,0.0,-0.3040496922170575,"Node(id=15_10753_50, type=transcoder, layer=7, feature=10753, pos=50)",1
0,14,12663,transcoder,14,55,3391,transcoder,0.7034270167350769,0.4483553469181061,-0.2550716698169708,0.0,-0.36261284219772205,"Node(id=29_3391_55, type=transcoder, layer=14, feature=3391, pos=55)",1
0,14,12663,transcoder,14,55,15619,transcoder,1.2117552757263184,0.3437080979347229,-0.8680471777915955,0.0,-0.7163551875367685,"Node(id=29_15619_55, type=transcoder, layer=14, feature=15619, pos=55)",1
0,14,12663,transcoder,3,55,12206,lorsa,1.9337397813796997,0.0,-1.9337397813796997,0.0,-1.0,"Node(id=6_12206_55, type=lorsa, layer=3, feature=12206, pos=55)",1
0,14,12663,transcoder,9,55,12666,transcoder,0.6803210973739624,0.5610859394073486,-0.11923515796661377,0.0,-0.1752630609676242,"Node(id=19_12666_55, type=transcoder, layer=9, feature=12666, pos=55)",1
0,14,12663,transcoder,1,6,13953,transcoder,2.1033570766448975,1.864424705505371,-0.23893237113952637,0.0,-0.1135957245645859,"Node(id=3_13953_6, type=transcoder, layer=1, feature=13953, pos=6)",1
0,14,12663,transcoder,13,55,15835,transcoder,0.3478931784629822,0.30196142196655273,-0.04593175649642944,0.0,-0.1320283332353895,"Node(id=27_15835_55, type=transcoder, layer=13, feature=15835, pos=55)",1
0,14,12663,transcoder,2,55,2440,lorsa,1.7886356115341187,0.8714064359664917,-0.917229175567627,0.0,-0.5128094116279596,"Node(id=4_2440_55, type=lorsa, layer=2, feature=2440, pos=55)",1
0,14,12663,transcoder,10,55,11535,transcoder,0.6737499833106995,0.5678969621658325,-0.10585302114486694,0.0,-0.15711023935721996,"Node(id=21_11535_55, type=transcoder, layer=10, feature=11535, pos=55)",1
0,14,12663,transcoder,14,23,10814,transcoder,1.869791030883789,1.342637538909912,-0.527153491973877,0.0,-0.28193176845260015,"Node(id=29_10814_23, type=transcoder, layer=14, feature=10814, pos=23)",1
0,14,12663,transcoder,1,23,7319,transcoder,0.4151616096496582,0.36567938327789307,-0.04948222637176514,0.0,-0.11918786617462446,"Node(id=3_7319_23, type=transcoder, layer=1, feature=7319, pos=23)",1
0,14,12663,transcoder,8,54,9517,transcoder,0.4715726673603058,0.0,-0.4715726673603058,0.0,-1.0,"Node(id=17_9517_54, type=transcoder, layer=8, feature=9517, pos=54)",1
0,14,12663,transcoder,3,6,1991,transcoder,2.446690320968628,1.665966272354126,-0.780724048614502,0.0,-0.31909393760360266,"Node(id=7_1991_6, type=transcoder, layer=3, feature=1991, pos=6)",1
0,14,12663,transcoder,9,55,13128,transcoder,0.3520200252532959,0.30312633514404297,-0.04889369010925293,0.0,-0.13889462701467478,"Node(id=19_13128_55, type=transcoder, layer=9, feature=13128, pos=55)",1
0,14,12663,transcoder,1,23,1358,transcoder,0.7991279363632202,0.659809410572052,-0.1393185257911682,0.0,-0.1743381997445839,"Node(id=3_1358_23, type=transcoder, layer=1, feature=1358, pos=23)",1
0,14,12663,transcoder,1,23,2090,transcoder,0.3347303867340088,0.0,-0.3347303867340088,0.0,-1.0,"Node(id=3_2090_23, type=transcoder, layer=1, feature=2090, pos=23)",1
0,14,12663,transcoder,7,54,13289,transcoder,0.9898383617401123,0.6621707081794739,-0.3276676535606384,0.0,-0.33103147566902386,"Node(id=15_13289_54, type=transcoder, layer=7, feature=13289, pos=54)",1
0,14,12663,transcoder,10,1,5090,transcoder,17.671863555908203,14.456088066101074,-3.215775489807129,0.0,-0.18197149834444054,"Node(id=21_5090_1, type=transcoder, layer=10, feature=5090, pos=1)",1
0,14,12663,transcoder,14,23,11103,transcoder,1.1049634218215942,0.9533205628395081,-0.15164285898208618,0.0,-0.13723789945199671,"Node(id=29_11103_23, type=transcoder, layer=14, feature=11103, pos=23)",1
0,14,12663,transcoder,12,55,11739,transcoder,0.2567141354084015,0.0,-0.2567141354084015,0.0,-1.0,"Node(id=25_11739_55, type=transcoder, layer=12, feature=11739, pos=55)",1
0,14,12663,transcoder,10,2,10273,transcoder,24.12562370300293,16.526405334472656,-7.599218368530273,0.0,-0.314985364195347,"Node(id=21_10273_2, type=transcoder, layer=10, feature=10273, pos=2)",1
0,14,7465,lorsa,6,19,2562,transcoder,1.826368808746338,1.6375004053115845,-0.18886840343475342,0.0,-0.10341197381945932,"Node(id=13_2562_19, type=transcoder, layer=6, feature=2562, pos=19)",1
0,14,7465,lorsa,10,1,10273,transcoder,28.066740036010742,23.5019588470459,-4.564781188964844,0.0,-0.16264023477995834,"Node(id=21_10273_1, type=transcoder, layer=10, feature=10273, pos=1)",1
0,14,7465,lorsa,7,50,10753,transcoder,1.0690118074417114,0.8598129749298096,-0.20919883251190186,0.0,-0.19569365937364405,"Node(id=15_10753_50, type=transcoder, layer=7, feature=10753, pos=50)",1
0,14,7465,lorsa,14,55,3391,transcoder,0.7034270167350769,0.5609521269798279,-0.14247488975524902,0.0,-0.2025439546188309,"Node(id=29_3391_55, type=transcoder, layer=14, feature=3391, pos=55)",1
0,14,7465,lorsa,14,55,15619,transcoder,1.2117552757263184,0.7085926532745361,-0.5031626224517822,0.0,-0.4152345217974725,"Node(id=29_15619_55, type=transcoder, layer=14, feature=15619, pos=55)",1
0,14,7465,lorsa,3,55,12206,lorsa,1.9337397813796997,0.0,-1.9337397813796997,0.0,-1.0,"Node(id=6_12206_55, type=lorsa, layer=3, feature=12206, pos=55)",1
0,14,7465,lorsa,9,55,12666,transcoder,0.6803210973739624,0.6121864318847656,-0.06813466548919678,0.0,-0.10015074609944687,"Node(id=19_12666_55, type=transcoder, layer=9, feature=12666, pos=55)",1
0,14,7465,lorsa,2,55,2440,lorsa,1.7886356115341187,0.9770610928535461,-0.8115745186805725,0.0,-0.45373943884773843,"Node(id=4_2440_55, type=lorsa, layer=2, feature=2440, pos=55)",1
0,14,7465,lorsa,14,23,10814,transcoder,1.869791030883789,1.480729341506958,-0.38906168937683105,0.0,-0.2080776316447161,"Node(id=29_10814_23, type=transcoder, layer=14, feature=10814, pos=23)",1
0,14,7465,lorsa,8,54,9517,transcoder,0.4715726673603058,0.0,-0.4715726673603058,0.0,-1.0,"Node(id=17_9517_54, type=transcoder, layer=8, feature=9517, pos=54)",1
0,14,7465,lorsa,3,6,1991,transcoder,2.446690320968628,1.907048225402832,-0.5396420955657959,0.0,-0.22056003203223337,"Node(id=7_1991_6, type=transcoder, layer=3, feature=1991, pos=6)",1
0,14,7465,lorsa,2,55,2823,transcoder,0.23902328312397003,0.0,-0.23902328312397003,0.0,-1.0,"Node(id=5_2823_55, type=transcoder, layer=2, feature=2823, pos=55)",1
0,14,7465,lorsa,1,23,1358,transcoder,0.7991279363632202,0.6536164879798889,-0.1455114483833313,0.0,-0.18208780066624192,"Node(id=3_1358_23, type=transcoder, layer=1, feature=1358, pos=23)",1
0,14,7465,lorsa,1,23,2090,transcoder,0.3347303867340088,0.0,-0.3347303867340088,0.0,-1.0,"Node(id=3_2090_23, type=transcoder, layer=1, feature=2090, pos=23)",1
0,14,7465,lorsa,7,54,13289,transcoder,0.9898383617401123,0.8383034467697144,-0.15153491497039795,0.0,-0.15309056592230186,"Node(id=15_13289_54, type=transcoder, layer=7, feature=13289, pos=54)",1
0,14,7465,lorsa,10,1,5090,transcoder,17.671863555908203,14.994937896728516,-2.6769256591796875,0.0,-0.15147953415952647,"Node(id=21_5090_1, type=transcoder, layer=10, feature=5090, pos=1)",1
0,14,7465,lorsa,14,23,11103,transcoder,1.1049634218215942,0.986002504825592,-0.1189609169960022,0.0,-0.10766050228150399,"Node(id=29_11103_23, type=transcoder, layer=14, feature=11103, pos=23)",1
0,14,7465,lorsa,12,55,11739,transcoder,0.2567141354084015,0.0,-0.2567141354084015,0.0,-1.0,"Node(id=25_11739_55, type=transcoder, layer=12, feature=11739, pos=55)",1
0,14,7465,lorsa,10,2,10273,transcoder,24.12562370300293,18.092851638793945,-6.032772064208984,0.0,-0.2500566260369087,"Node(id=21_10273_2, type=transcoder, layer=10, feature=10273, pos=2)",1
0,5,10273,lorsa,1,55,15014,lorsa,0.4733544886112213,0.0,-0.4733544886112213,0.0,-1.0,"Node(id=2_15014_55, type=lorsa, layer=1, feature=15014, pos=55)",1
0,5,13486,transcoder,14,55,15619,transcoder,1.2117552757263184,0.9420483708381653,-0.2697069048881531,0.0,-0.2225753914927191,"Node(id=29_15619_55, type=transcoder, layer=14, feature=15619, pos=55)",1
0,5,13486,transcoder,1,55,15014,lorsa,0.4733544886112213,0.0,-0.4733544886112213,0.0,-1.0,"Node(id=2_15014_55, type=lorsa, layer=1, feature=15014, pos=55)",1
0,5,13486,transcoder,3,54,9407,transcoder,0.9804326891899109,0.8738223910331726,-0.10661029815673828,0.0,-0.10873800856724367,"Node(id=7_9407_54, type=transcoder, layer=3, feature=9407, pos=54)",1
0,5,13486,transcoder,8,55,2551,lorsa,2.676435947418213,2.394822120666504,-0.281613826751709,0.0,-0.10521971468189399,"Node(id=16_2551_55, type=lorsa, layer=8, feature=2551, pos=55)",1
0,5,13486,transcoder,6,50,7455,transcoder,0.7886064052581787,0.6815454363822937,-0.10706096887588501,0.0,-0.13575969984777736,"Node(id=13_7455_50, type=transcoder, layer=6, feature=7455, pos=50)",1
0,5,13486,transcoder,10,55,11535,transcoder,0.6737499833106995,0.6040939092636108,-0.06965607404708862,0.0,-0.10338564122081285,"Node(id=21_11535_55, type=transcoder, layer=10, feature=11535, pos=55)",1
0,5,13486,transcoder,14,55,5916,transcoder,0.3695855438709259,0.3104848265647888,-0.059100717306137085,0.0,-0.15991079274133468,"Node(id=29_5916_55, type=transcoder, layer=14, feature=5916, pos=55)",1
0,5,13486,transcoder,4,55,16341,lorsa,0.9263823628425598,0.0,-0.9263823628425598,0.0,-1.0,"Node(id=8_16341_55, type=lorsa, layer=4, feature=16341, pos=55)",1
0,5,13486,transcoder,9,55,13128,transcoder,0.3520200252532959,0.23051418364048004,-0.12150584161281586,0.0,-0.3451674134884411,"Node(id=19_13128_55, type=transcoder, layer=9, feature=13128, pos=55)",1
0,5,13486,transcoder,13,63,7466,transcoder,0.8295653462409973,0.7145510315895081,-0.11501431465148926,0.0,-0.13864406845422447,"Node(id=27_7466_63, type=transcoder, layer=13, feature=7466, pos=63)",1
0,5,13486,transcoder,9,55,7448,transcoder,0.2919863760471344,0.23727360367774963,-0.054712772369384766,0.0,-0.1873812508312123,"Node(id=19_7448_55, type=transcoder, layer=9, feature=7448, pos=55)",1
0,5,13486,transcoder,7,54,13289,transcoder,0.9898383617401123,0.8559960126876831,-0.1338423490524292,0.0,-0.13521636887980126,"Node(id=15_13289_54, type=transcoder, layer=7, feature=13289, pos=54)",1
0,23,8135,transcoder,14,55,138,transcoder,5.991324424743652,3.4262988567352295,-2.565025568008423,0.0,-0.4281232973155466,"Node(id=29_138_55, type=transcoder, layer=14, feature=138, pos=55)",1
0,23,8135,transcoder,6,54,6679,transcoder,1.2186368703842163,0.949929416179657,-0.2687074542045593,0.0,-0.22049837874988984,"Node(id=13_6679_54, type=transcoder, layer=6, feature=6679, pos=54)",1
0,23,8135,transcoder,14,23,5634,transcoder,3.0851762294769287,0.0,-3.0851762294769287,0.0,-1.0,"Node(id=29_5634_23, type=transcoder, layer=14, feature=5634, pos=23)",1
0,23,8135,transcoder,1,23,1321,transcoder,0.8943891525268555,0.2142552137374878,-0.6801339387893677,0.0,-0.7604452009148731,"Node(id=3_1321_23, type=transcoder, layer=1, feature=1321, pos=23)",1
0,23,8135,transcoder,2,23,13354,transcoder,0.9106659889221191,0.25972849130630493,-0.6509374976158142,0.0,-0.714792806071824,"Node(id=5_13354_23, type=transcoder, layer=2, feature=13354, pos=23)",1
0,23,8135,transcoder,1,55,780,lorsa,1.3893356323242188,1.1007328033447266,-0.2886028289794922,0.0,-0.20772722030938534,"Node(id=2_780_55, type=lorsa, layer=1, feature=780, pos=55)",1
0,23,8135,transcoder,14,55,11103,transcoder,0.5930737257003784,0.0,-0.5930737257003784,0.0,-1.0,"Node(id=29_11103_55, type=transcoder, layer=14, feature=11103, pos=55)",1
0,23,8135,transcoder,3,23,15009,transcoder,0.8224453330039978,0.0,-0.8224453330039978,0.0,-1.0,"Node(id=7_15009_23, type=transcoder, layer=3, feature=15009, pos=23)",1
0,23,8135,transcoder,6,55,7034,transcoder,0.6798377633094788,0.0,-0.6798377633094788,0.0,-1.0,"Node(id=13_7034_55, type=transcoder, layer=6, feature=7034, pos=55)",1
0,23,8135,transcoder,6,23,4099,transcoder,2.014463186264038,0.0,-2.014463186264038,0.0,-1.0,"Node(id=13_4099_23, type=transcoder, layer=6, feature=4099, pos=23)",1
0,23,8135,transcoder,1,55,1377,transcoder,0.5498209595680237,0.32663336396217346,-0.22318759560585022,0.0,-0.4059277692527426,"Node(id=3_1377_55, type=transcoder, layer=1, feature=1377, pos=55)",1
0,23,8135,transcoder,2,55,11401,lorsa,1.9274051189422607,0.0,-1.9274051189422607,0.0,-1.0,"Node(id=4_11401_55, type=lorsa, layer=2, feature=11401, pos=55)",1
0,23,8135,transcoder,4,23,3675,transcoder,0.6166015863418579,0.0,-0.6166015863418579,0.0,-1.0,"Node(id=9_3675_23, type=transcoder, layer=4, feature=3675, pos=23)",1
0,23,8135,transcoder,1,23,1816,transcoder,0.8825504183769226,0.1182267963886261,-0.7643236219882965,0.0,-0.866039612098248,"Node(id=3_1816_23, type=transcoder, layer=1, feature=1816, pos=23)",1
0,23,8135,transcoder,13,55,12356,transcoder,3.18350887298584,2.572484254837036,-0.6110246181488037,0.0,-0.1919343223239452,"Node(id=27_12356_55, type=transcoder, layer=13, feature=12356, pos=55)",1
0,23,8135,transcoder,4,55,2320,transcoder,2.978559732437134,2.3444273471832275,-0.6341323852539062,0.0,-0.2128989989181929,"Node(id=9_2320_55, type=transcoder, layer=4, feature=2320, pos=55)",1
0,23,8135,transcoder,3,55,12235,lorsa,2.4719231128692627,0.0,-2.4719231128692627,0.0,-1.0,"Node(id=6_12235_55, type=lorsa, layer=3, feature=12235, pos=55)",1
0,23,8135,transcoder,5,55,2419,transcoder,0.6756512522697449,0.20658887922763824,-0.46906237304210663,0.0,-0.6942374064524632,"Node(id=11_2419_55, type=transcoder, layer=5, feature=2419, pos=55)",1
0,23,8135,transcoder,8,55,12466,lorsa,5.128899097442627,4.402772426605225,-0.7261266708374023,0.0,-0.14157554224442898,"Node(id=16_12466_55, type=lorsa, layer=8, feature=12466, pos=55)",1
0,23,8135,transcoder,10,1,10273,transcoder,28.066740036010742,17.27604866027832,-10.790691375732422,0.0,-0.3844654335304897,"Node(id=21_10273_1, type=transcoder, layer=10, feature=10273, pos=1)",1
0,23,8135,transcoder,7,23,7600,transcoder,1.5129057168960571,0.0,-1.5129057168960571,0.0,-1.0,"Node(id=15_7600_23, type=transcoder, layer=7, feature=7600, pos=23)",1
0,23,8135,transcoder,2,55,4901,transcoder,1.173736810684204,0.9584325551986694,-0.21530425548553467,0.0,-0.18343486676542742,"Node(id=5_4901_55, type=transcoder, layer=2, feature=4901, pos=55)",1
0,23,8135,transcoder,2,55,11309,transcoder,0.29157570004463196,0.0,-0.29157570004463196,0.0,-1.0,"Node(id=5_11309_55, type=transcoder, layer=2, feature=11309, pos=55)",1
0,23,8135,transcoder,2,55,6076,lorsa,1.7181307077407837,0.6955304741859436,-1.02260023355484,0.0,-0.5951818618616534,"Node(id=4_6076_55, type=lorsa, layer=2, feature=6076, pos=55)",1
0,23,8135,transcoder,14,55,16044,lorsa,2.606524705886841,0.0,-2.606524705886841,0.0,-1.0,"Node(id=28_16044_55, type=lorsa, layer=14, feature=16044, pos=55)",1
0,23,8135,transcoder,12,23,15674,transcoder,0.6342616677284241,0.0,-0.6342616677284241,0.0,-1.0,"Node(id=25_15674_23, type=transcoder, layer=12, feature=15674, pos=23)",1
0,23,8135,transcoder,14,55,3391,transcoder,0.7034270167350769,0.0,-0.7034270167350769,0.0,-1.0,"Node(id=29_3391_55, type=transcoder, layer=14, feature=3391, pos=55)",1
0,23,8135,transcoder,11,55,2278,transcoder,0.4227127730846405,0.0,-0.4227127730846405,0.0,-1.0,"Node(id=23_2278_55, type=transcoder, layer=11, feature=2278, pos=55)",1
0,23,8135,transcoder,2,23,12879,lorsa,2.5271050930023193,0.8312184810638428,-1.6958866119384766,0.0,-0.6710787836384294,"Node(id=4_12879_23, type=lorsa, layer=2, feature=12879, pos=23)",1
0,23,8135,transcoder,14,55,15619,transcoder,1.2117552757263184,0.0,-1.2117552757263184,0.0,-1.0,"Node(id=29_15619_55, type=transcoder, layer=14, feature=15619, pos=55)",1
0,23,8135,transcoder,3,55,12206,lorsa,1.9337397813796997,0.0,-1.9337397813796997,0.0,-1.0,"Node(id=6_12206_55, type=lorsa, layer=3, feature=12206, pos=55)",1
0,23,8135,transcoder,2,55,13261,transcoder,0.6239655017852783,0.21595783531665802,-0.4080076664686203,0.0,-0.6538945908086848,"Node(id=5_13261_55, type=transcoder, layer=2, feature=13261, pos=55)",1
0,23,8135,transcoder,13,55,3932,transcoder,0.7734141945838928,0.0,-0.7734141945838928,0.0,-1.0,"Node(id=27_3932_55, type=transcoder, layer=13, feature=3932, pos=55)",1
0,23,8135,transcoder,9,55,12666,transcoder,0.6803210973739624,0.0,-0.6803210973739624,0.0,-1.0,"Node(id=19_12666_55, type=transcoder, layer=9, feature=12666, pos=55)",1
0,23,8135,transcoder,7,55,14502,lorsa,2.268876075744629,1.2999812364578247,-0.9688948392868042,0.0,-0.42703735547514193,"Node(id=14_14502_55, type=lorsa, layer=7, feature=14502, pos=55)",1
0,23,8135,transcoder,8,55,9586,lorsa,2.2772367000579834,1.6003566980361938,-0.6768800020217896,0.0,-0.29723743781423984,"Node(id=16_9586_55, type=lorsa, layer=8, feature=9586, pos=55)",1
0,23,8135,transcoder,1,23,9682,lorsa,2.450392484664917,0.6831966638565063,-1.7671958208084106,0.0,-0.7211888837677646,"Node(id=2_9682_23, type=lorsa, layer=1, feature=9682, pos=23)",1
0,23,8135,transcoder,1,23,6844,transcoder,0.542878270149231,0.13951265811920166,-0.4033656120300293,0.0,-0.7430129998003949,"Node(id=3_6844_23, type=transcoder, layer=1, feature=6844, pos=23)",1
0,23,8135,transcoder,3,54,9407,transcoder,0.9804326891899109,0.6005051136016846,-0.3799275755882263,0.0,-0.3875101062798549,"Node(id=7_9407_54, type=transcoder, layer=3, feature=9407, pos=54)",1
0,23,8135,transcoder,8,55,2551,lorsa,2.676435947418213,0.0,-2.676435947418213,0.0,-1.0,"Node(id=16_2551_55, type=lorsa, layer=8, feature=2551, pos=55)",1
0,23,8135,transcoder,7,55,13128,transcoder,0.5602725148200989,0.2884450852870941,-0.27182742953300476,0.0,-0.4851700241270757,"Node(id=15_13128_55, type=transcoder, layer=7, feature=13128, pos=55)",1
0,23,8135,transcoder,8,55,9724,transcoder,0.20959925651550293,0.0,-0.20959925651550293,0.0,-1.0,"Node(id=17_9724_55, type=transcoder, layer=8, feature=9724, pos=55)",1
0,23,8135,transcoder,3,55,11167,transcoder,0.2644384503364563,0.0,-0.2644384503364563,0.0,-1.0,"Node(id=7_11167_55, type=transcoder, layer=3, feature=11167, pos=55)",1
0,23,8135,transcoder,1,55,12154,transcoder,0.19804225862026215,0.0,-0.19804225862026215,0.0,-1.0,"Node(id=3_12154_55, type=transcoder, layer=1, feature=12154, pos=55)",1
0,23,8135,transcoder,13,55,15835,transcoder,0.3478931784629822,0.0,-0.3478931784629822,0.0,-1.0,"Node(id=27_15835_55, type=transcoder, layer=13, feature=15835, pos=55)",1
0,23,8135,transcoder,4,55,16377,lorsa,2.713291645050049,2.1489834785461426,-0.5643081665039062,0.0,-0.20797917818137723,"Node(id=8_16377_55, type=lorsa, layer=4, feature=16377, pos=55)",1
0,23,8135,transcoder,4,55,9531,transcoder,0.5060067176818848,0.0,-0.5060067176818848,0.0,-1.0,"Node(id=9_9531_55, type=transcoder, layer=4, feature=9531, pos=55)",1
0,23,8135,transcoder,2,55,2440,lorsa,1.7886356115341187,0.0,-1.7886356115341187,0.0,-1.0,"Node(id=4_2440_55, type=lorsa, layer=2, feature=2440, pos=55)",1
0,23,8135,transcoder,2,55,5819,transcoder,0.7991868257522583,0.6660178899765015,-0.13316893577575684,0.0,-0.16663054430409013,"Node(id=5_5819_55, type=transcoder, layer=2, feature=5819, pos=55)",1
0,23,8135,transcoder,12,55,6669,transcoder,0.8420363068580627,0.0,-0.8420363068580627,0.0,-1.0,"Node(id=25_6669_55, type=transcoder, layer=12, feature=6669, pos=55)",1
0,23,8135,transcoder,6,50,7455,transcoder,0.7886064052581787,0.6049299240112305,-0.18367648124694824,0.0,-0.23291274331815137,"Node(id=13_7455_50, type=transcoder, layer=6, feature=7455, pos=50)",1
0,23,8135,transcoder,10,55,11535,transcoder,0.6737499833106995,0.0,-0.6737499833106995,0.0,-1.0,"Node(id=21_11535_55, type=transcoder, layer=10, feature=11535, pos=55)",1
0,23,8135,transcoder,14,23,10814,transcoder,1.869791030883789,0.0,-1.869791030883789,0.0,-1.0,"Node(id=29_10814_23, type=transcoder, layer=14, feature=10814, pos=23)",1
0,23,8135,transcoder,9,55,12225,transcoder,0.47227632999420166,0.161469966173172,-0.31080636382102966,0.0,-0.6581027760270043,"Node(id=19_12225_55, type=transcoder, layer=9, feature=12225, pos=55)",1
0,23,8135,transcoder,13,55,5819,transcoder,0.5956785082817078,0.0,-0.5956785082817078,0.0,-1.0,"Node(id=27_5819_55, type=transcoder, layer=13, feature=5819, pos=55)",1
0,23,8135,transcoder,1,23,7319,transcoder,0.4151616096496582,0.0,-0.4151616096496582,0.0,-1.0,"Node(id=3_7319_23, type=transcoder, layer=1, feature=7319, pos=23)",1
0,23,8135,transcoder,2,55,14393,transcoder,0.4859774708747864,0.291228324174881,-0.1947491466999054,0.0,-0.4007369855012952,"Node(id=5_14393_55, type=transcoder, layer=2, feature=14393, pos=55)",1
0,23,8135,transcoder,6,55,23,transcoder,0.9902805685997009,0.6469765305519104,-0.3433040380477905,0.0,-0.3466735074214746,"Node(id=13_23_55, type=transcoder, layer=6, feature=23, pos=55)",1
0,23,8135,transcoder,8,54,9517,transcoder,0.4715726673603058,0.16793206334114075,-0.30364060401916504,0.0,-0.643889319792082,"Node(id=17_9517_54, type=transcoder, layer=8, feature=9517, pos=54)",1
0,23,8135,transcoder,3,55,4439,transcoder,0.30011671781539917,0.0,-0.30011671781539917,0.0,-1.0,"Node(id=7_4439_55, type=transcoder, layer=3, feature=4439, pos=55)",1
0,23,8135,transcoder,14,55,5916,transcoder,0.3695855438709259,0.0,-0.3695855438709259,0.0,-1.0,"Node(id=29_5916_55, type=transcoder, layer=14, feature=5916, pos=55)",1
0,23,8135,transcoder,10,55,10622,transcoder,0.2998685836791992,0.0,-0.2998685836791992,0.0,-1.0,"Node(id=21_10622_55, type=transcoder, layer=10, feature=10622, pos=55)",1
0,23,8135,transcoder,2,6,13953,transcoder,1.7135149240493774,1.5077705383300781,-0.20574438571929932,0.0,-0.12007154582178035,"Node(id=5_13953_6, type=transcoder, layer=2, feature=13953, pos=6)",1
0,23,8135,transcoder,4,55,16341,lorsa,0.9263823628425598,0.0,-0.9263823628425598,0.0,-1.0,"Node(id=8_16341_55, type=lorsa, layer=4, feature=16341, pos=55)",1
0,23,8135,transcoder,8,63,2167,transcoder,2.175069808959961,1.833009958267212,-0.342059850692749,0.0,-0.1572638493181557,"Node(id=17_2167_63, type=transcoder, layer=8, feature=2167, pos=63)",1
0,23,8135,transcoder,9,55,13128,transcoder,0.3520200252532959,0.0,-0.3520200252532959,0.0,-1.0,"Node(id=19_13128_55, type=transcoder, layer=9, feature=13128, pos=55)",1
0,23,8135,transcoder,13,55,7425,transcoder,0.6321931481361389,0.0,-0.6321931481361389,0.0,-1.0,"Node(id=27_7425_55, type=transcoder, layer=13, feature=7425, pos=55)",1
0,23,8135,transcoder,1,23,1358,transcoder,0.7991279363632202,0.0,-0.7991279363632202,0.0,-1.0,"Node(id=3_1358_23, type=transcoder, layer=1, feature=1358, pos=23)",1
0,23,8135,transcoder,1,23,2090,transcoder,0.3347303867340088,0.0,-0.3347303867340088,0.0,-1.0,"Node(id=3_2090_23, type=transcoder, layer=1, feature=2090, pos=23)",1
0,23,8135,transcoder,14,55,1214,transcoder,0.7802796959877014,0.0,-0.7802796959877014,0.0,-1.0,"Node(id=29_1214_55, type=transcoder, layer=14, feature=1214, pos=55)",1
0,23,8135,transcoder,3,54,6230,transcoder,0.7401818633079529,0.5229200720787048,-0.21726179122924805,0.0,-0.29352487814046346,"Node(id=7_6230_54, type=transcoder, layer=3, feature=6230, pos=54)",1
0,23,8135,transcoder,13,55,10331,transcoder,0.5097225308418274,0.0,-0.5097225308418274,0.0,-1.0,"Node(id=27_10331_55, type=transcoder, layer=13, feature=10331, pos=55)",1
0,23,8135,transcoder,9,55,7448,transcoder,0.2919863760471344,0.0,-0.2919863760471344,0.0,-1.0,"Node(id=19_7448_55, type=transcoder, layer=9, feature=7448, pos=55)",1
0,23,8135,transcoder,10,55,15174,transcoder,0.40954360365867615,0.0,-0.40954360365867615,0.0,-1.0,"Node(id=21_15174_55, type=transcoder, layer=10, feature=15174, pos=55)",1
0,23,8135,transcoder,11,55,8862,transcoder,0.643543541431427,0.0,-0.643543541431427,0.0,-1.0,"Node(id=23_8862_55, type=transcoder, layer=11, feature=8862, pos=55)",1
0,23,8135,transcoder,8,55,3569,transcoder,0.576390266418457,0.0,-0.576390266418457,0.0,-1.0,"Node(id=17_3569_55, type=transcoder, layer=8, feature=3569, pos=55)",1
0,23,8135,transcoder,14,23,138,transcoder,4.625486850738525,1.5958032608032227,-3.0296835899353027,0.0,-0.6549977737914379,"Node(id=29_138_23, type=transcoder, layer=14, feature=138, pos=23)",1
0,23,8135,transcoder,4,55,15932,lorsa,2.069827079772949,0.0,-2.069827079772949,0.0,-1.0,"Node(id=8_15932_55, type=lorsa, layer=4, feature=15932, pos=55)",1
0,23,8135,transcoder,7,54,13289,transcoder,0.9898383617401123,0.5016735196113586,-0.48816484212875366,0.0,-0.4931763215062422,"Node(id=15_13289_54, type=transcoder, layer=7, feature=13289, pos=54)",1
0,23,8135,transcoder,1,54,14103,transcoder,0.2923813760280609,0.0,-0.2923813760280609,0.0,-1.0,"Node(id=3_14103_54, type=transcoder, layer=1, feature=14103, pos=54)",1
0,23,8135,transcoder,10,1,5090,transcoder,17.671863555908203,11.257085800170898,-6.414777755737305,0.0,-0.3629938481271639,"Node(id=21_5090_1, type=transcoder, layer=10, feature=5090, pos=1)",1
0,23,8135,transcoder,5,55,13666,transcoder,0.33196818828582764,0.0,-0.33196818828582764,0.0,-1.0,"Node(id=11_13666_55, type=transcoder, layer=5, feature=13666, pos=55)",1
0,23,8135,transcoder,8,55,7940,transcoder,0.6999607682228088,0.0,-0.6999607682228088,0.0,-1.0,"Node(id=17_7940_55, type=transcoder, layer=8, feature=7940, pos=55)",1
0,23,8135,transcoder,14,23,11103,transcoder,1.1049634218215942,0.0,-1.1049634218215942,0.0,-1.0,"Node(id=29_11103_23, type=transcoder, layer=14, feature=11103, pos=23)",1
0,23,8135,transcoder,12,55,11739,transcoder,0.2567141354084015,0.0,-0.2567141354084015,0.0,-1.0,"Node(id=25_11739_55, type=transcoder, layer=12, feature=11739, pos=55)",1
0,23,8135,transcoder,10,55,3280,transcoder,0.24856069684028625,0.0,-0.24856069684028625,0.0,-1.0,"Node(id=21_3280_55, type=transcoder, layer=10, feature=3280, pos=55)",1
0,23,8135,transcoder,14,55,11920,transcoder,0.7073771357536316,0.0,-0.7073771357536316,0.0,-1.0,"Node(id=29_11920_55, type=transcoder, layer=14, feature=11920, pos=55)",1
0,23,8135,transcoder,1,55,6272,transcoder,0.3085007071495056,0.2421438843011856,-0.06635682284832001,0.0,-0.21509455670765176,"Node(id=3_6272_55, type=transcoder, layer=1, feature=6272, pos=55)",1
0,23,8135,transcoder,10,55,546,transcoder,0.65244460105896,0.22377699613571167,-0.4286676049232483,0.0,-0.6570176291251286,"Node(id=21_546_55, type=transcoder, layer=10, feature=546, pos=55)",1
0,23,8135,transcoder,1,51,11218,transcoder,0.6390401721000671,0.44674965739250183,-0.1922905147075653,0.0,-0.3009052061244353,"Node(id=3_11218_51, type=transcoder, layer=1, feature=11218, pos=51)",1
0,23,8135,transcoder,10,2,10273,transcoder,24.12562370300293,14.96405029296875,-9.16157341003418,0.0,-0.3797445207144565,"Node(id=21_10273_2, type=transcoder, layer=10, feature=10273, pos=2)",1
1,54,9400,transcoder,2,54,12759,transcoder,0.6271476745605469,0.3242390751838684,-0.30290859937667847,0.0,-0.4829940565257325,"Node(id=5_12759_54, type=transcoder, layer=2, feature=12759, pos=54)",1
1,54,9400,transcoder,6,54,6679,transcoder,1.2186368703842163,0.7084503769874573,-0.510186493396759,0.0,-0.41865341989521915,"Node(id=13_6679_54, type=transcoder, layer=6, feature=6679, pos=54)",1
1,54,9400,transcoder,4,54,2320,transcoder,4.304287433624268,3.6953654289245605,-0.608922004699707,0.0,-0.1414687132515652,"Node(id=9_2320_54, type=transcoder, layer=4, feature=2320, pos=54)",1
1,54,9400,transcoder,5,55,2419,transcoder,0.6756512522697449,0.5929117202758789,-0.08273953199386597,0.0,-0.12245893383001279,"Node(id=11_2419_55, type=transcoder, layer=5, feature=2419, pos=55)",1
1,54,9400,transcoder,11,55,2278,transcoder,0.4227127730846405,0.33856579661369324,-0.08414697647094727,0.0,-0.1990641916422487,"Node(id=23_2278_55, type=transcoder, layer=11, feature=2278, pos=55)",1
1,54,9400,transcoder,3,54,9407,transcoder,0.9804326891899109,0.47568053007125854,-0.5047521591186523,0.0,-0.5148259178666382,"Node(id=7_9407_54, type=transcoder, layer=3, feature=9407, pos=54)",1
1,54,9400,transcoder,5,54,13299,transcoder,0.4998253881931305,0.2980065941810608,-0.2018187940120697,0.0,-0.4037785970449499,"Node(id=11_13299_54, type=transcoder, layer=5, feature=13299, pos=54)",1
1,54,9400,transcoder,4,55,16282,lorsa,1.991599440574646,1.6518815755844116,-0.3397178649902344,0.0,-0.17057539687408926,"Node(id=8_16282_55, type=lorsa, layer=4, feature=16282, pos=55)",1
1,54,9400,transcoder,10,55,11535,transcoder,0.6737499833106995,0.5485877394676208,-0.1251622438430786,0.0,-0.1857695687472249,"Node(id=21_11535_55, type=transcoder, layer=10, feature=11535, pos=55)",1
1,54,9400,transcoder,2,54,12504,transcoder,0.6575953364372253,0.31222257018089294,-0.3453727662563324,0.0,-0.5252056198079531,"Node(id=5_12504_54, type=transcoder, layer=2, feature=12504, pos=54)",1
1,54,9400,transcoder,6,55,23,transcoder,0.9902805685997009,0.7649837732315063,-0.22529679536819458,0.0,-0.22750804419678142,"Node(id=13_23_55, type=transcoder, layer=6, feature=23, pos=55)",1
1,54,9400,transcoder,8,54,9517,transcoder,0.4715726673603058,0.4160260260105133,-0.05554664134979248,0.0,-0.11779020540084013,"Node(id=17_9517_54, type=transcoder, layer=8, feature=9517, pos=54)",1
1,54,9400,transcoder,14,55,5916,transcoder,0.3695855438709259,0.2790748178958893,-0.09051072597503662,0.0,-0.24489790652268206,"Node(id=29_5916_55, type=transcoder, layer=14, feature=5916, pos=55)",1
1,54,9400,transcoder,4,55,16341,lorsa,0.9263823628425598,0.7379418015480042,-0.18844056129455566,0.0,-0.20341553213117622,"Node(id=8_16341_55, type=lorsa, layer=4, feature=16341, pos=55)",1
1,54,9400,transcoder,9,55,13128,transcoder,0.3520200252532959,0.30251359939575195,-0.049506425857543945,0.0,-0.14063525454815137,"Node(id=19_13128_55, type=transcoder, layer=9, feature=13128, pos=55)",1
1,54,9400,transcoder,4,54,3019,transcoder,0.2689710259437561,0.0,-0.2689710259437561,0.0,-1.0,"Node(id=9_3019_54, type=transcoder, layer=4, feature=3019, pos=54)",1
1,54,9400,transcoder,9,55,7448,transcoder,0.2919863760471344,0.24881228804588318,-0.04317408800125122,0.0,-0.14786336467384276,"Node(id=19_7448_55, type=transcoder, layer=9, feature=7448, pos=55)",1
1,54,9400,transcoder,7,54,13289,transcoder,0.9898383617401123,0.6617552638053894,-0.3280830979347229,0.0,-0.33145118497727305,"Node(id=15_13289_54, type=transcoder, layer=7, feature=13289, pos=54)",1
1,54,9400,transcoder,12,55,11739,transcoder,0.2567141354084015,0.22945734858512878,-0.027256786823272705,0.0,-0.1061756368807289,"Node(id=25_11739_55, type=transcoder, layer=12, feature=11739, pos=55)",1
1,54,9400,transcoder,10,55,3280,transcoder,0.24856069684028625,0.0,-0.24856069684028625,0.0,-1.0,"Node(id=21_3280_55, type=transcoder, layer=10, feature=3280, pos=55)",1
1,54,9400,transcoder,2,54,14622,lorsa,2.7454328536987305,0.8138784170150757,-1.9315544366836548,0.0,-0.7035518767400943,"Node(id=4_14622_54, type=lorsa, layer=2, feature=14622, pos=54)",1
2,23,13354,transcoder,14,55,11103,transcoder,0.5930737257003784,0.20946194231510162,-0.3836117833852768,0.0,-0.6468197236899311,"Node(id=29_11103_55, type=transcoder, layer=14, feature=11103, pos=55)",1
2,23,13354,transcoder,3,23,15009,transcoder,0.8224453330039978,0.28368836641311646,-0.5387569665908813,0.0,-0.6550672062580267,"Node(id=7_15009_23, type=transcoder, layer=3, feature=15009, pos=23)",1
2,23,13354,transcoder,6,55,7034,transcoder,0.6798377633094788,0.4448360502719879,-0.23500171303749084,0.0,-0.3456732263496112,"Node(id=13_7034_55, type=transcoder, layer=6, feature=7034, pos=55)",1
2,23,13354,transcoder,4,23,3675,transcoder,0.6166015863418579,0.3983249068260193,-0.21827667951583862,0.0,-0.35399954257467814,"Node(id=9_3675_23, type=transcoder, layer=4, feature=3675, pos=23)",1
2,23,13354,transcoder,3,55,12235,lorsa,2.4719231128692627,1.0440012216567993,-1.4279218912124634,0.0,-0.5776562724699863,"Node(id=6_12235_55, type=lorsa, layer=3, feature=12235, pos=55)",1
2,23,13354,transcoder,14,55,16044,lorsa,2.606524705886841,1.9328669309616089,-0.6736577749252319,0.0,-0.2584505619316689,"Node(id=28_16044_55, type=lorsa, layer=14, feature=16044, pos=55)",1
2,23,13354,transcoder,11,55,2278,transcoder,0.4227127730846405,0.3517642617225647,-0.0709485113620758,0.0,-0.16784094515135378,"Node(id=23_2278_55, type=transcoder, layer=11, feature=2278, pos=55)",1
2,23,13354,transcoder,14,55,15619,transcoder,1.2117552757263184,0.6331378221511841,-0.5786174535751343,0.0,-0.4775035563417,"Node(id=29_15619_55, type=transcoder, layer=14, feature=15619, pos=55)",1
2,23,13354,transcoder,3,55,12206,lorsa,1.9337397813796997,0.0,-1.9337397813796997,0.0,-1.0,"Node(id=6_12206_55, type=lorsa, layer=3, feature=12206, pos=55)",1
2,23,13354,transcoder,13,55,3932,transcoder,0.7734141945838928,0.5139629244804382,-0.2594512701034546,0.0,-0.33546225543874697,"Node(id=27_3932_55, type=transcoder, layer=13, feature=3932, pos=55)",1
2,23,13354,transcoder,7,55,14502,lorsa,2.268876075744629,1.889090657234192,-0.379785418510437,0.0,-0.16738922965891567,"Node(id=14_14502_55, type=lorsa, layer=7, feature=14502, pos=55)",1
2,23,13354,transcoder,8,55,9586,lorsa,2.2772367000579834,2.026484489440918,-0.25075221061706543,0.0,-0.11011249318557036,"Node(id=16_9586_55, type=lorsa, layer=8, feature=9586, pos=55)",1
2,23,13354,transcoder,8,55,9724,transcoder,0.20959925651550293,0.0,-0.20959925651550293,0.0,-1.0,"Node(id=17_9724_55, type=transcoder, layer=8, feature=9724, pos=55)",1
2,23,13354,transcoder,3,55,11167,transcoder,0.2644384503364563,0.0,-0.2644384503364563,0.0,-1.0,"Node(id=7_11167_55, type=transcoder, layer=3, feature=11167, pos=55)",1
2,23,13354,transcoder,13,55,15835,transcoder,0.3478931784629822,0.23981089890003204,-0.10808227956295013,0.0,-0.31067662792488676,"Node(id=27_15835_55, type=transcoder, layer=13, feature=15835, pos=55)",1
2,23,13354,transcoder,4,55,9531,transcoder,0.5060067176818848,0.2650338113307953,-0.24097290635108948,0.0,-0.4762247178358288,"Node(id=9_9531_55, type=transcoder, layer=4, feature=9531, pos=55)",1
2,23,13354,transcoder,12,55,6669,transcoder,0.8420363068580627,0.6500736474990845,-0.19196265935897827,0.0,-0.22797432580461915,"Node(id=25_6669_55, type=transcoder, layer=12, feature=6669, pos=55)",1
2,23,13354,transcoder,9,55,12225,transcoder,0.47227632999420166,0.3864559531211853,-0.08582037687301636,0.0,-0.18171644739017517,"Node(id=19_12225_55, type=transcoder, layer=9, feature=12225, pos=55)",1
2,23,13354,transcoder,13,55,5819,transcoder,0.5956785082817078,0.3883691132068634,-0.20730939507484436,0.0,-0.3480222841560095,"Node(id=27_5819_55, type=transcoder, layer=13, feature=5819, pos=55)",1
2,23,13354,transcoder,3,55,4439,transcoder,0.30011671781539917,0.22299151122570038,-0.07712520658969879,0.0,-0.25698403991322555,"Node(id=7_4439_55, type=transcoder, layer=3, feature=4439, pos=55)",1
2,23,13354,transcoder,13,55,7425,transcoder,0.6321931481361389,0.418565571308136,-0.21362757682800293,0.0,-0.3379150461497877,"Node(id=27_7425_55, type=transcoder, layer=13, feature=7425, pos=55)",1
2,23,13354,transcoder,14,55,1214,transcoder,0.7802796959877014,0.0,-0.7802796959877014,0.0,-1.0,"Node(id=29_1214_55, type=transcoder, layer=14, feature=1214, pos=55)",1
2,23,13354,transcoder,8,55,3569,transcoder,0.576390266418457,0.5056033134460449,-0.07078695297241211,0.0,-0.12281080562353054,"Node(id=17_3569_55, type=transcoder, layer=8, feature=3569, pos=55)",1
2,23,13354,transcoder,5,55,13666,transcoder,0.33196818828582764,0.0,-0.33196818828582764,0.0,-1.0,"Node(id=11_13666_55, type=transcoder, layer=5, feature=13666, pos=55)",1
2,23,13354,transcoder,10,55,3280,transcoder,0.24856069684028625,0.0,-0.24856069684028625,0.0,-1.0,"Node(id=21_3280_55, type=transcoder, layer=10, feature=3280, pos=55)",1
0,10,12663,transcoder,10,1,10273,transcoder,28.066740036010742,0.0,-28.066740036010742,0.0,-1.0,"Node(id=21_10273_1, type=transcoder, layer=10, feature=10273, pos=1)",1
0,10,12663,transcoder,8,1,11854,transcoder,18.707630157470703,4.669790267944336,-14.037839889526367,0.0,-0.7503804475159831,"Node(id=17_11854_1, type=transcoder, layer=8, feature=11854, pos=1)",1
0,10,12663,transcoder,14,55,15619,transcoder,1.2117552757263184,0.5638617873191833,-0.647893488407135,0.0,-0.5346735445560918,"Node(id=29_15619_55, type=transcoder, layer=14, feature=15619, pos=55)",1
0,10,12663,transcoder,13,55,15835,transcoder,0.3478931784629822,0.31153595447540283,-0.036357223987579346,0.0,-0.10450686083644484,"Node(id=27_15835_55, type=transcoder, layer=13, feature=15835, pos=55)",1
0,10,12663,transcoder,2,55,2823,transcoder,0.23902328312397003,0.0,-0.23902328312397003,0.0,-1.0,"Node(id=5_2823_55, type=transcoder, layer=2, feature=2823, pos=55)",1
0,10,12663,transcoder,9,55,13128,transcoder,0.3520200252532959,0.28481486439704895,-0.06720516085624695,0.0,-0.19091289141261067,"Node(id=19_13128_55, type=transcoder, layer=9, feature=13128, pos=55)",1
0,10,12663,transcoder,10,1,5090,transcoder,17.671863555908203,0.0,-17.671863555908203,0.0,-1.0,"Node(id=21_5090_1, type=transcoder, layer=10, feature=5090, pos=1)",1
0,10,7465,lorsa,10,1,10273,transcoder,28.066740036010742,0.0,-28.066740036010742,0.0,-1.0,"Node(id=21_10273_1, type=transcoder, layer=10, feature=10273, pos=1)",1
0,10,7465,lorsa,8,1,11854,transcoder,18.707630157470703,8.81800651550293,-9.889623641967773,0.0,-0.528641177889571,"Node(id=17_11854_1, type=transcoder, layer=8, feature=11854, pos=1)",1
0,10,7465,lorsa,14,55,15619,transcoder,1.2117552757263184,0.6308776140213013,-0.5808776617050171,0.0,-0.47936879115862957,"Node(id=29_15619_55, type=transcoder, layer=14, feature=15619, pos=55)",1
0,10,7465,lorsa,13,55,3932,transcoder,0.7734141945838928,0.695399820804596,-0.07801437377929688,0.0,-0.1008701085726383,"Node(id=27_3932_55, type=transcoder, layer=13, feature=3932, pos=55)",1
0,10,7465,lorsa,13,55,15835,transcoder,0.3478931784629822,0.30170324444770813,-0.04618993401527405,0.0,-0.13277045045650104,"Node(id=27_15835_55, type=transcoder, layer=13, feature=15835, pos=55)",1
0,10,7465,lorsa,2,55,2823,transcoder,0.23902328312397003,0.0,-0.23902328312397003,0.0,-1.0,"Node(id=5_2823_55, type=transcoder, layer=2, feature=2823, pos=55)",1
0,10,7465,lorsa,9,55,13128,transcoder,0.3520200252532959,0.3042660653591156,-0.0477539598941803,0.0,-0.13565694127718714,"Node(id=19_13128_55, type=transcoder, layer=9, feature=13128, pos=55)",1
0,10,7465,lorsa,10,1,5090,transcoder,17.671863555908203,0.0,-17.671863555908203,0.0,-1.0,"Node(id=21_5090_1, type=transcoder, layer=10, feature=5090, pos=1)",1
3,23,15009,transcoder,14,55,11103,transcoder,0.5930737257003784,0.5197257399559021,-0.07334798574447632,0.0,-0.1236743132700028,"Node(id=29_11103_55, type=transcoder, layer=14, feature=11103, pos=55)",1
3,23,15009,transcoder,6,23,4099,transcoder,2.014463186264038,1.478452205657959,-0.5360109806060791,0.0,-0.26608129861144236,"Node(id=13_4099_23, type=transcoder, layer=6, feature=4099, pos=23)",1
3,23,15009,transcoder,4,23,3675,transcoder,0.6166015863418579,0.1433754414319992,-0.4732261449098587,0.0,-0.7674747444575847,"Node(id=9_3675_23, type=transcoder, layer=4, feature=3675, pos=23)",1
3,23,15009,transcoder,14,55,15619,transcoder,1.2117552757263184,0.9783994555473328,-0.2333558201789856,0.0,-0.19257669007392075,"Node(id=29_15619_55, type=transcoder, layer=14, feature=15619, pos=55)",1
3,23,15009,transcoder,13,55,3932,transcoder,0.7734141945838928,0.6901208162307739,-0.0832933783531189,0.0,-0.10769569389391909,"Node(id=27_3932_55, type=transcoder, layer=13, feature=3932, pos=55)",1
3,23,15009,transcoder,8,55,9724,transcoder,0.20959925651550293,0.17206647992134094,-0.03753277659416199,0.0,-0.17906922580799273,"Node(id=17_9724_55, type=transcoder, layer=8, feature=9724, pos=55)",1
3,23,15009,transcoder,4,55,9531,transcoder,0.5060067176818848,0.4069393277168274,-0.09906738996505737,0.0,-0.19578275644027882,"Node(id=9_9531_55, type=transcoder, layer=4, feature=9531, pos=55)",1
3,23,15009,transcoder,13,55,7425,transcoder,0.6321931481361389,0.5685542821884155,-0.06363886594772339,0.0,-0.10066364391222277,"Node(id=27_7425_55, type=transcoder, layer=13, feature=7425, pos=55)",1
3,23,15009,transcoder,14,55,1214,transcoder,0.7802796959877014,0.6460884213447571,-0.13419127464294434,0.0,-0.17197842688073667,"Node(id=29_1214_55, type=transcoder, layer=14, feature=1214, pos=55)",1
3,23,15009,transcoder,5,55,13666,transcoder,0.33196818828582764,0.24136486649513245,-0.09060332179069519,0.0,-0.2729277231608858,"Node(id=11_13666_55, type=transcoder, layer=5, feature=13666, pos=55)",1
3,23,15009,transcoder,12,55,11739,transcoder,0.2567141354084015,0.0,-0.2567141354084015,0.0,-1.0,"Node(id=25_11739_55, type=transcoder, layer=12, feature=11739, pos=55)",1
3,23,15009,transcoder,10,55,3280,transcoder,0.24856069684028625,0.0,-0.24856069684028625,0.0,-1.0,"Node(id=21_3280_55, type=transcoder, layer=10, feature=3280, pos=55)",1
1,55,8511,transcoder,2,55,7624,lorsa,3.8822731971740723,3.4871292114257812,-0.395143985748291,0.0,-0.10178160208712732,"Node(id=4_7624_55, type=lorsa, layer=2, feature=7624, pos=55)",1
1,55,8511,transcoder,2,55,13261,transcoder,0.6239655017852783,0.5289690494537354,-0.09499645233154297,0.0,-0.15224632140677796,"Node(id=5_13261_55, type=transcoder, layer=2, feature=13261, pos=55)",1
1,55,8511,transcoder,10,55,11535,transcoder,0.6737499833106995,0.6051225066184998,-0.06862747669219971,0.0,-0.10185896607369886,"Node(id=21_11535_55, type=transcoder, layer=10, feature=11535, pos=55)",1
1,55,8511,transcoder,2,55,14393,transcoder,0.4859774708747864,0.43011313676834106,-0.05586433410644531,0.0,-0.11495251828420444,"Node(id=5_14393_55, type=transcoder, layer=2, feature=14393, pos=55)",1
1,55,8511,transcoder,9,55,13128,transcoder,0.3520200252532959,0.3009624183177948,-0.0510576069355011,0.0,-0.14504176828793366,"Node(id=19_13128_55, type=transcoder, layer=9, feature=13128, pos=55)",1
1,55,8511,transcoder,3,54,6230,transcoder,0.7401818633079529,0.6367225050926208,-0.10345935821533203,0.0,-0.1397755921132152,"Node(id=7_6230_54, type=transcoder, layer=3, feature=6230, pos=54)",1
1,55,8511,transcoder,9,55,7448,transcoder,0.2919863760471344,0.25826534628868103,-0.03372102975845337,0.0,-0.11548836700863706,"Node(id=19_7448_55, type=transcoder, layer=9, feature=7448, pos=55)",1
1,55,8511,transcoder,14,55,11920,transcoder,0.7073771357536316,0.6225982904434204,-0.08477884531021118,0.0,-0.11984956966397954,"Node(id=29_11920_55, type=transcoder, layer=14, feature=11920, pos=55)",1
4,23,3675,transcoder,6,23,4099,transcoder,2.014463186264038,1.047529697418213,-0.9669334888458252,0.0,-0.4799956114557102,"Node(id=13_4099_23, type=transcoder, layer=6, feature=4099, pos=23)",1
4,23,3675,transcoder,7,23,7600,transcoder,1.5129057168960571,1.19950270652771,-0.31340301036834717,0.0,-0.20715303463281132,"Node(id=15_7600_23, type=transcoder, layer=7, feature=7600, pos=23)",1
4,23,3675,transcoder,8,55,9724,transcoder,0.20959925651550293,0.18125592172145844,-0.028343334794044495,0.0,-0.1352263136102684,"Node(id=17_9724_55, type=transcoder, layer=8, feature=9724, pos=55)",1
0,9,12663,transcoder,10,1,10273,transcoder,28.066740036010742,20.39578628540039,-7.670953750610352,0.0,-0.2733111768865288,"Node(id=21_10273_1, type=transcoder, layer=10, feature=10273, pos=1)",1
0,9,12663,transcoder,2,55,11309,transcoder,0.29157570004463196,0.0,-0.29157570004463196,0.0,-1.0,"Node(id=5_11309_55, type=transcoder, layer=2, feature=11309, pos=55)",1
0,9,12663,transcoder,8,1,11854,transcoder,18.707630157470703,12.617033958435059,-6.0905961990356445,0.0,-0.32556749025762766,"Node(id=17_11854_1, type=transcoder, layer=8, feature=11854, pos=1)",1
0,9,12663,transcoder,14,55,15619,transcoder,1.2117552757263184,0.6455365419387817,-0.5662187337875366,0.0,-0.46727152349153067,"Node(id=29_15619_55, type=transcoder, layer=14, feature=15619, pos=55)",1
0,9,12663,transcoder,9,55,13128,transcoder,0.3520200252532959,0.3007389307022095,-0.051281094551086426,0.0,-0.14567664016894247,"Node(id=19_13128_55, type=transcoder, layer=9, feature=13128, pos=55)",1
0,9,12663,transcoder,13,63,7466,transcoder,0.8295653462409973,0.7420439720153809,-0.08752137422561646,0.0,-0.10550268839242302,"Node(id=27_7466_63, type=transcoder, layer=13, feature=7466, pos=63)",1
0,9,12663,transcoder,9,55,7448,transcoder,0.2919863760471344,0.2588299512863159,-0.03315642476081848,0.0,-0.11355469802969899,"Node(id=19_7448_55, type=transcoder, layer=9, feature=7448, pos=55)",1
0,9,12663,transcoder,10,1,5090,transcoder,17.671863555908203,12.947152137756348,-4.7247114181518555,0.0,-0.26735784843541593,"Node(id=21_5090_1, type=transcoder, layer=10, feature=5090, pos=1)",1
0,9,12663,transcoder,10,55,3280,transcoder,0.24856069684028625,0.0,-0.24856069684028625,0.0,-1.0,"Node(id=21_3280_55, type=transcoder, layer=10, feature=3280, pos=55)",1
0,9,7465,lorsa,10,1,10273,transcoder,28.066740036010742,22.250259399414062,-5.81648063659668,0.0,-0.2072374856906753,"Node(id=21_10273_1, type=transcoder, layer=10, feature=10273, pos=1)",1
0,9,7465,lorsa,8,1,11854,transcoder,18.707630157470703,12.989307403564453,-5.71832275390625,0.0,-0.30566793900523503,"Node(id=17_11854_1, type=transcoder, layer=8, feature=11854, pos=1)",1
0,9,7465,lorsa,14,55,15619,transcoder,1.2117552757263184,0.7682064771652222,-0.4435487985610962,0.0,-0.36603826485940893,"Node(id=29_15619_55, type=transcoder, layer=14, feature=15619, pos=55)",1
0,9,7465,lorsa,9,55,13128,transcoder,0.3520200252532959,0.3058813214302063,-0.0461387038230896,0.0,-0.13106840666206562,"Node(id=19_13128_55, type=transcoder, layer=9, feature=13128, pos=55)",1
0,9,7465,lorsa,9,55,7448,transcoder,0.2919863760471344,0.26114678382873535,-0.030839592218399048,0.0,-0.10561996979414107,"Node(id=19_7448_55, type=transcoder, layer=9, feature=7448, pos=55)",1
0,9,7465,lorsa,10,1,5090,transcoder,17.671863555908203,14.117676734924316,-3.5541868209838867,0.0,-0.20112122356193848,"Node(id=21_5090_1, type=transcoder, layer=10, feature=5090, pos=1)",1
6,23,4099,transcoder,14,55,11103,transcoder,0.5930737257003784,0.5113552212715149,-0.08171850442886353,0.0,-0.13778810439184389,"Node(id=29_11103_55, type=transcoder, layer=14, feature=11103, pos=55)",1
6,23,4099,transcoder,7,23,7600,transcoder,1.5129057168960571,0.49426284432411194,-1.0186428725719452,0.0,-0.6733022826180054,"Node(id=15_7600_23, type=transcoder, layer=7, feature=7600, pos=23)",1
6,23,4099,transcoder,14,55,15619,transcoder,1.2117552757263184,1.0822694301605225,-0.1294858455657959,0.0,-0.10685808278258406,"Node(id=29_15619_55, type=transcoder, layer=14, feature=15619, pos=55)",1
6,23,4099,transcoder,8,55,9724,transcoder,0.20959925651550293,0.1514451503753662,-0.05815410614013672,0.0,-0.2774537806427542,"Node(id=17_9724_55, type=transcoder, layer=8, feature=9724, pos=55)",1
6,23,4099,transcoder,13,55,15835,transcoder,0.3478931784629822,0.3030419945716858,-0.04485118389129639,0.0,-0.12892228611510073,"Node(id=27_15835_55, type=transcoder, layer=13, feature=15835, pos=55)",1
13,23,142,transcoder,14,23,5634,transcoder,3.0851762294769287,1.080629825592041,-2.0045464038848877,0.0,-0.6497348140870207,"Node(id=29_5634_23, type=transcoder, layer=14, feature=5634, pos=23)",1
13,23,142,transcoder,14,55,3391,transcoder,0.7034270167350769,0.49673885107040405,-0.20668816566467285,0.0,-0.2938302919100352,"Node(id=29_3391_55, type=transcoder, layer=14, feature=3391, pos=55)",1
13,23,142,transcoder,14,23,10814,transcoder,1.869791030883789,0.6282852292060852,-1.2415058016777039,0.0,-0.6639810444971943,"Node(id=29_10814_23, type=transcoder, layer=14, feature=10814, pos=23)",1
13,23,142,transcoder,14,23,11103,transcoder,1.1049634218215942,0.11176776140928268,-0.9931956604123116,0.0,-0.898849356275498,"Node(id=29_11103_23, type=transcoder, layer=14, feature=11103, pos=23)",1
13,23,142,transcoder,14,55,11920,transcoder,0.7073771357536316,0.4602256417274475,-0.24715149402618408,0.0,-0.3493914088174078,"Node(id=29_11920_55, type=transcoder, layer=14, feature=11920, pos=55)",1
3,62,11384,lorsa,7,54,3543,transcoder,0.46587416529655457,0.4114243686199188,-0.05444979667663574,0.0,-0.11687661762050156,"Node(id=15_3543_54, type=transcoder, layer=7, feature=3543, pos=54)",1
1,5,853,transcoder,2,55,2823,transcoder,0.23902328312397003,0.0,-0.23902328312397003,0.0,-1.0,"Node(id=5_2823_55, type=transcoder, layer=2, feature=2823, pos=55)",1
0,62,6922,lorsa,8,55,12466,lorsa,5.128899097442627,4.470724582672119,-0.6581745147705078,0.0,-0.12832666470250642,"Node(id=16_12466_55, type=lorsa, layer=8, feature=12466, pos=55)",1
0,62,6922,lorsa,14,55,3391,transcoder,0.7034270167350769,0.5739066004753113,-0.12952041625976562,0.0,-0.18412772494995783,"Node(id=29_3391_55, type=transcoder, layer=14, feature=3391, pos=55)",1
0,62,6922,lorsa,13,55,5819,transcoder,0.5956785082817078,0.48960450291633606,-0.1060740053653717,0.0,-0.17807257420005368,"Node(id=27_5819_55, type=transcoder, layer=13, feature=5819, pos=55)",1
0,62,6922,lorsa,7,54,3543,transcoder,0.46587416529655457,0.3154580295085907,-0.15041613578796387,0.0,-0.32286859197744033,"Node(id=15_3543_54, type=transcoder, layer=7, feature=3543, pos=54)",1
0,62,6922,lorsa,4,54,3019,transcoder,0.2689710259437561,0.22789910435676575,-0.041071921586990356,0.0,-0.15270017074470618,"Node(id=9_3019_54, type=transcoder, layer=4, feature=3019, pos=54)",1
0,62,6922,lorsa,14,55,1214,transcoder,0.7802796959877014,0.6221251487731934,-0.15815454721450806,0.0,-0.20268955866435984,"Node(id=29_1214_55, type=transcoder, layer=14, feature=1214, pos=55)",1
0,62,6922,lorsa,4,55,15932,lorsa,2.069827079772949,1.6185405254364014,-0.45128655433654785,0.0,-0.21803104169747936,"Node(id=8_15932_55, type=lorsa, layer=4, feature=15932, pos=55)",1
0,62,6922,lorsa,3,62,11384,lorsa,8.462882995605469,6.779707431793213,-1.6831755638122559,0.0,-0.19888914506868172,"Node(id=6_11384_62, type=lorsa, layer=3, feature=11384, pos=62)",1
0,62,6922,lorsa,8,55,7940,transcoder,0.6999607682228088,0.6221879720687866,-0.07777279615402222,0.0,-0.11111022172212069,"Node(id=17_7940_55, type=transcoder, layer=8, feature=7940, pos=55)",1
0,62,6922,lorsa,1,55,6272,transcoder,0.3085007071495056,0.26759204268455505,-0.04090866446495056,0.0,-0.13260476724004852,"Node(id=3_6272_55, type=transcoder, layer=1, feature=6272, pos=55)",1
2,54,12759,transcoder,6,54,6679,transcoder,1.2186368703842163,0.7778177261352539,-0.4408191442489624,0.0,-0.36173133684194153,"Node(id=13_6679_54, type=transcoder, layer=6, feature=6679, pos=54)",1
2,54,12759,transcoder,4,54,2320,transcoder,4.304287433624268,3.549792528152466,-0.7544949054718018,0.0,-0.1752891546177498,"Node(id=9_2320_54, type=transcoder, layer=4, feature=2320, pos=54)",1
2,54,12759,transcoder,14,55,11103,transcoder,0.5930737257003784,0.5117295384407043,-0.08134418725967407,0.0,-0.13715695660537364,"Node(id=29_11103_55, type=transcoder, layer=14, feature=11103, pos=55)",1
2,54,12759,transcoder,6,55,7034,transcoder,0.6798377633094788,0.5651467442512512,-0.11469101905822754,0.0,-0.16870351317335897,"Node(id=13_7034_55, type=transcoder, layer=6, feature=7034, pos=55)",1
2,54,12759,transcoder,5,55,2419,transcoder,0.6756512522697449,0.6000127196311951,-0.0756385326385498,0.0,-0.11194907488804907,"Node(id=11_2419_55, type=transcoder, layer=5, feature=2419, pos=55)",1
2,54,12759,transcoder,8,55,12466,lorsa,5.128899097442627,3.9367480278015137,-1.1921510696411133,0.0,-0.23243800413923993,"Node(id=16_12466_55, type=lorsa, layer=8, feature=12466, pos=55)",1
2,54,12759,transcoder,7,50,10753,transcoder,1.0690118074417114,0.8503627181053162,-0.21864908933639526,0.0,-0.20453383939664038,"Node(id=15_10753_50, type=transcoder, layer=7, feature=10753, pos=50)",1
2,54,12759,transcoder,11,55,2278,transcoder,0.4227127730846405,0.3331013321876526,-0.08961144089698792,0.0,-0.2119913250859937,"Node(id=23_2278_55, type=transcoder, layer=11, feature=2278, pos=55)",1
2,54,12759,transcoder,14,55,15619,transcoder,1.2117552757263184,1.07938814163208,-0.13236713409423828,0.0,-0.1092358636647142,"Node(id=29_15619_55, type=transcoder, layer=14, feature=15619, pos=55)",1
2,54,12759,transcoder,4,55,9914,transcoder,0.5230033993721008,0.40186405181884766,-0.12113934755325317,0.0,-0.23162248600810004,"Node(id=9_9914_55, type=transcoder, layer=4, feature=9914, pos=55)",1
2,54,12759,transcoder,3,54,9407,transcoder,0.9804326891899109,0.3624020516872406,-0.6180306375026703,0.0,-0.6303651890812844,"Node(id=7_9407_54, type=transcoder, layer=3, feature=9407, pos=54)",1
2,54,12759,transcoder,5,54,13299,transcoder,0.4998253881931305,0.0,-0.4998253881931305,0.0,-1.0,"Node(id=11_13299_54, type=transcoder, layer=5, feature=13299, pos=54)",1
2,54,12759,transcoder,4,55,16282,lorsa,1.991599440574646,0.0,-1.991599440574646,0.0,-1.0,"Node(id=8_16282_55, type=lorsa, layer=4, feature=16282, pos=55)",1
2,54,12759,transcoder,7,55,13128,transcoder,0.5602725148200989,0.48977887630462646,-0.07049363851547241,0.0,-0.12582026897769136,"Node(id=15_13128_55, type=transcoder, layer=7, feature=13128, pos=55)",1
2,54,12759,transcoder,4,55,16377,lorsa,2.713291645050049,2.1073994636535645,-0.6058921813964844,0.0,-0.22330521766866981,"Node(id=8_16377_55, type=lorsa, layer=4, feature=16377, pos=55)",1
2,54,12759,transcoder,13,55,5819,transcoder,0.5956785082817078,0.45149654150009155,-0.1441819667816162,0.0,-0.2420466153756714,"Node(id=27_5819_55, type=transcoder, layer=13, feature=5819, pos=55)",1
2,54,12759,transcoder,7,54,3543,transcoder,0.46587416529655457,0.0,-0.46587416529655457,0.0,-1.0,"Node(id=15_3543_54, type=transcoder, layer=7, feature=3543, pos=54)",1
2,54,12759,transcoder,8,54,9517,transcoder,0.4715726673603058,0.31108322739601135,-0.16048943996429443,0.0,-0.34032812135329343,"Node(id=17_9517_54, type=transcoder, layer=8, feature=9517, pos=54)",1
2,54,12759,transcoder,14,55,5916,transcoder,0.3695855438709259,0.2835550010204315,-0.08603054285049438,0.0,-0.23277572480091294,"Node(id=29_5916_55, type=transcoder, layer=14, feature=5916, pos=55)",1
2,54,12759,transcoder,4,55,16341,lorsa,0.9263823628425598,0.0,-0.9263823628425598,0.0,-1.0,"Node(id=8_16341_55, type=lorsa, layer=4, feature=16341, pos=55)",1
2,54,12759,transcoder,4,54,3019,transcoder,0.2689710259437561,0.0,-0.2689710259437561,0.0,-1.0,"Node(id=9_3019_54, type=transcoder, layer=4, feature=3019, pos=54)",1
2,54,12759,transcoder,3,54,6230,transcoder,0.7401818633079529,0.5822302103042603,-0.15795165300369263,0.0,-0.21339573533697462,"Node(id=7_6230_54, type=transcoder, layer=3, feature=6230, pos=54)",1
2,54,12759,transcoder,13,55,10331,transcoder,0.5097225308418274,0.43896645307540894,-0.07075607776641846,0.0,-0.13881292955514823,"Node(id=27_10331_55, type=transcoder, layer=13, feature=10331, pos=55)",1
2,54,12759,transcoder,11,55,8862,transcoder,0.643543541431427,0.5746490955352783,-0.06889444589614868,0.0,-0.10705483228517453,"Node(id=23_8862_55, type=transcoder, layer=11, feature=8862, pos=55)",1
2,54,12759,transcoder,8,55,3569,transcoder,0.576390266418457,0.48334914445877075,-0.09304112195968628,0.0,-0.16142035592970752,"Node(id=17_3569_55, type=transcoder, layer=8, feature=3569, pos=55)",1
2,54,12759,transcoder,7,54,13289,transcoder,0.9898383617401123,0.8795592784881592,-0.11027908325195312,0.0,-0.11141120360104564,"Node(id=15_13289_54, type=transcoder, layer=7, feature=13289, pos=54)",1
2,54,12759,transcoder,11,55,1321,lorsa,4.358194351196289,3.7670485973358154,-0.5911457538604736,0.0,-0.13564006242590096,"Node(id=22_1321_55, type=lorsa, layer=11, feature=1321, pos=55)",1
2,54,12759,transcoder,5,55,16275,lorsa,1.9964919090270996,1.4227886199951172,-0.5737032890319824,0.0,-0.28735567944853374,"Node(id=10_16275_55, type=lorsa, layer=5, feature=16275, pos=55)",1
6,62,3210,transcoder,12,55,11739,transcoder,0.2567141354084015,0.0,-0.2567141354084015,0.0,-1.0,"Node(id=25_11739_55, type=transcoder, layer=12, feature=11739, pos=55)",1
0,62,488,transcoder,6,55,7034,transcoder,0.6798377633094788,0.5969775915145874,-0.08286017179489136,0.0,-0.12188227289923491,"Node(id=13_7034_55, type=transcoder, layer=6, feature=7034, pos=55)",1
0,62,488,transcoder,8,55,12466,lorsa,5.128899097442627,3.9044361114501953,-1.2244629859924316,0.0,-0.2387379752904427,"Node(id=16_12466_55, type=lorsa, layer=8, feature=12466, pos=55)",1
0,62,488,transcoder,14,55,16044,lorsa,2.606524705886841,2.2389519214630127,-0.3675727844238281,0.0,-0.1410202572005799,"Node(id=28_16044_55, type=lorsa, layer=14, feature=16044, pos=55)",1
0,62,488,transcoder,12,23,15674,transcoder,0.6342616677284241,0.514535129070282,-0.11972653865814209,0.0,-0.18876521276610742,"Node(id=25_15674_23, type=transcoder, layer=12, feature=15674, pos=23)",1
0,62,488,transcoder,14,55,3391,transcoder,0.7034270167350769,0.4653076231479645,-0.23811939358711243,0.0,-0.33851328982547796,"Node(id=29_3391_55, type=transcoder, layer=14, feature=3391, pos=55)",1
0,62,488,transcoder,8,1,11854,transcoder,18.707630157470703,15.351401329040527,-3.356228828430176,0.0,-0.17940427516362353,"Node(id=17_11854_1, type=transcoder, layer=8, feature=11854, pos=1)",1
0,62,488,transcoder,14,55,15619,transcoder,1.2117552757263184,1.059603214263916,-0.15215206146240234,0.0,-0.1255633579735837,"Node(id=29_15619_55, type=transcoder, layer=14, feature=15619, pos=55)",1
0,62,488,transcoder,13,55,3932,transcoder,0.7734141945838928,0.2098270058631897,-0.5635871887207031,0.0,-0.7287003428013376,"Node(id=27_3932_55, type=transcoder, layer=13, feature=3932, pos=55)",1
0,62,488,transcoder,7,55,14502,lorsa,2.268876075744629,1.9712412357330322,-0.2976348400115967,0.0,-0.13118162035972594,"Node(id=14_14502_55, type=lorsa, layer=7, feature=14502, pos=55)",1
0,62,488,transcoder,8,55,9586,lorsa,2.2772367000579834,2.0355262756347656,-0.24171042442321777,0.0,-0.10614198533558822,"Node(id=16_9586_55, type=lorsa, layer=8, feature=9586, pos=55)",1
0,62,488,transcoder,4,55,16282,lorsa,1.991599440574646,1.6386934518814087,-0.3529059886932373,0.0,-0.17719727245525416,"Node(id=8_16282_55, type=lorsa, layer=4, feature=16282, pos=55)",1
0,62,488,transcoder,8,55,2551,lorsa,2.676435947418213,2.277491331100464,-0.398944616317749,0.0,-0.1490581594910147,"Node(id=16_2551_55, type=lorsa, layer=8, feature=2551, pos=55)",1
0,62,488,transcoder,6,55,15671,transcoder,5.856712341308594,5.1983842849731445,-0.6583280563354492,0.0,-0.11240573515829459,"Node(id=13_15671_55, type=transcoder, layer=6, feature=15671, pos=55)",1
0,62,488,transcoder,7,55,13128,transcoder,0.5602725148200989,0.402486115694046,-0.15778639912605286,0.0,-0.2816243791232868,"Node(id=15_13128_55, type=transcoder, layer=7, feature=13128, pos=55)",1
0,62,488,transcoder,8,55,9724,transcoder,0.20959925651550293,0.14164532721042633,-0.0679539293050766,0.0,-0.32420882800245243,"Node(id=17_9724_55, type=transcoder, layer=8, feature=9724, pos=55)",1
0,62,488,transcoder,3,55,11167,transcoder,0.2644384503364563,0.21395884454250336,-0.05047960579395294,0.0,-0.19089359255329771,"Node(id=7_11167_55, type=transcoder, layer=3, feature=11167, pos=55)",1
0,62,488,transcoder,8,2,11854,transcoder,15.785051345825195,12.550821304321289,-3.2342300415039062,0.0,-0.20489195572742247,"Node(id=17_11854_2, type=transcoder, layer=8, feature=11854, pos=2)",1
0,62,488,transcoder,13,55,15835,transcoder,0.3478931784629822,0.0,-0.3478931784629822,0.0,-1.0,"Node(id=27_15835_55, type=transcoder, layer=13, feature=15835, pos=55)",1
0,62,488,transcoder,5,63,12930,transcoder,2.3792543411254883,1.9942368268966675,-0.3850175142288208,0.0,-0.1618227642054826,"Node(id=11_12930_63, type=transcoder, layer=5, feature=12930, pos=63)",1
0,62,488,transcoder,4,55,9531,transcoder,0.5060067176818848,0.4036344885826111,-0.10237222909927368,0.0,-0.20231397236831317,"Node(id=9_9531_55, type=transcoder, layer=4, feature=9531, pos=55)",1
0,62,488,transcoder,12,55,6669,transcoder,0.8420363068580627,0.7382097244262695,-0.10382658243179321,0.0,-0.12330416347390905,"Node(id=25_6669_55, type=transcoder, layer=12, feature=6669, pos=55)",1
0,62,488,transcoder,5,55,12487,transcoder,2.9206624031066895,2.587803363800049,-0.3328590393066406,0.0,-0.11396696823041946,"Node(id=11_12487_55, type=transcoder, layer=5, feature=12487, pos=55)",1
0,62,488,transcoder,13,55,5819,transcoder,0.5956785082817078,0.29414913058280945,-0.3015293776988983,0.0,-0.5061948240648952,"Node(id=27_5819_55, type=transcoder, layer=13, feature=5819, pos=55)",1
0,62,488,transcoder,6,55,23,transcoder,0.9902805685997009,0.8053337931632996,-0.18494677543640137,0.0,-0.18676199584318212,"Node(id=13_23_55, type=transcoder, layer=6, feature=23, pos=55)",1
0,62,488,transcoder,7,54,3543,transcoder,0.46587416529655457,0.0,-0.46587416529655457,0.0,-1.0,"Node(id=15_3543_54, type=transcoder, layer=7, feature=3543, pos=54)",1
0,62,488,transcoder,10,55,10622,transcoder,0.2998685836791992,0.0,-0.2998685836791992,0.0,-1.0,"Node(id=21_10622_55, type=transcoder, layer=10, feature=10622, pos=55)",1
0,62,488,transcoder,4,55,16341,lorsa,0.9263823628425598,0.7850934863090515,-0.1412888765335083,0.0,-0.15251680321284417,"Node(id=8_16341_55, type=lorsa, layer=4, feature=16341, pos=55)",1
0,62,488,transcoder,13,55,7425,transcoder,0.6321931481361389,0.5166614651679993,-0.11553168296813965,0.0,-0.1827474456323285,"Node(id=27_7425_55, type=transcoder, layer=13, feature=7425, pos=55)",1
0,62,488,transcoder,1,54,2519,transcoder,0.6752148270606995,0.569441020488739,-0.10577380657196045,0.0,-0.1566520792092318,"Node(id=3_2519_54, type=transcoder, layer=1, feature=2519, pos=54)",1
0,62,488,transcoder,4,54,3019,transcoder,0.2689710259437561,0.19577042758464813,-0.07320059835910797,0.0,-0.27215049688814724,"Node(id=9_3019_54, type=transcoder, layer=4, feature=3019, pos=54)",1
0,62,488,transcoder,14,55,1214,transcoder,0.7802796959877014,0.0,-0.7802796959877014,0.0,-1.0,"Node(id=29_1214_55, type=transcoder, layer=14, feature=1214, pos=55)",1
0,62,488,transcoder,3,54,6230,transcoder,0.7401818633079529,0.575015664100647,-0.1651661992073059,0.0,-0.22314272666606594,"Node(id=7_6230_54, type=transcoder, layer=3, feature=6230, pos=54)",1
0,62,488,transcoder,1,55,2396,lorsa,0.5269799828529358,0.0,-0.5269799828529358,0.0,-1.0,"Node(id=2_2396_55, type=lorsa, layer=1, feature=2396, pos=55)",1
0,62,488,transcoder,13,55,10331,transcoder,0.5097225308418274,0.42624205350875854,-0.08348047733306885,0.0,-0.1637763141354522,"Node(id=27_10331_55, type=transcoder, layer=13, feature=10331, pos=55)",1
0,62,488,transcoder,9,55,7448,transcoder,0.2919863760471344,0.2314736247062683,-0.06051275134086609,0.0,-0.20724511931028491,"Node(id=19_7448_55, type=transcoder, layer=9, feature=7448, pos=55)",1
0,62,488,transcoder,10,55,15174,transcoder,0.40954360365867615,0.25933483242988586,-0.15020877122879028,0.0,-0.36677113227234776,"Node(id=21_15174_55, type=transcoder, layer=10, feature=15174, pos=55)",1
0,62,488,transcoder,8,55,3569,transcoder,0.576390266418457,0.40807029604911804,-0.168319970369339,0.0,-0.292024310915652,"Node(id=17_3569_55, type=transcoder, layer=8, feature=3569, pos=55)",1
0,62,488,transcoder,4,55,15932,lorsa,2.069827079772949,0.0,-2.069827079772949,0.0,-1.0,"Node(id=8_15932_55, type=lorsa, layer=4, feature=15932, pos=55)",1
0,62,488,transcoder,8,49,11854,transcoder,12.425396919250488,8.993534088134766,-3.4318628311157227,0.0,-0.2761974408880884,"Node(id=17_11854_49, type=transcoder, layer=8, feature=11854, pos=49)",1
0,62,488,transcoder,3,62,11384,lorsa,8.462882995605469,0.0,-8.462882995605469,0.0,-1.0,"Node(id=6_11384_62, type=lorsa, layer=3, feature=11384, pos=62)",1
0,62,488,transcoder,8,55,7940,transcoder,0.6999607682228088,0.3989795446395874,-0.30098122358322144,0.0,-0.42999727591506137,"Node(id=17_7940_55, type=transcoder, layer=8, feature=7940, pos=55)",1
0,62,488,transcoder,8,8,11854,transcoder,22.290363311767578,19.522808074951172,-2.7675552368164062,0.0,-0.12415926999966628,"Node(id=17_11854_8, type=transcoder, layer=8, feature=11854, pos=8)",1
0,62,488,transcoder,12,55,11739,transcoder,0.2567141354084015,0.0,-0.2567141354084015,0.0,-1.0,"Node(id=25_11739_55, type=transcoder, layer=12, feature=11739, pos=55)",1
0,62,488,transcoder,10,55,3280,transcoder,0.24856069684028625,0.0,-0.24856069684028625,0.0,-1.0,"Node(id=21_3280_55, type=transcoder, layer=10, feature=3280, pos=55)",1
0,62,488,transcoder,14,55,11920,transcoder,0.7073771357536316,0.32778361439704895,-0.37959352135658264,0.0,-0.5366211348521578,"Node(id=29_11920_55, type=transcoder, layer=14, feature=11920, pos=55)",1
0,62,488,transcoder,1,55,6272,transcoder,0.3085007071495056,0.2438652366399765,-0.06463547050952911,0.0,-0.20951482123574347,"Node(id=3_6272_55, type=transcoder, layer=1, feature=6272, pos=55)",1
0,62,488,transcoder,10,55,546,transcoder,0.65244460105896,0.46597570180892944,-0.18646889925003052,0.0,-0.2858003559955579,"Node(id=21_546_55, type=transcoder, layer=10, feature=546, pos=55)",1
0,62,488,transcoder,7,54,14952,lorsa,4.527721881866455,0.0,-4.527721881866455,0.0,-1.0,"Node(id=14_14952_54, type=lorsa, layer=7, feature=14952, pos=54)",1
1,56,2693,transcoder,14,55,15619,transcoder,1.2117552757263184,0.0,-1.2117552757263184,0.0,-1.0,"Node(id=29_15619_55, type=transcoder, layer=14, feature=15619, pos=55)",1
1,56,2693,transcoder,2,55,2823,transcoder,0.23902328312397003,0.0,-0.23902328312397003,0.0,-1.0,"Node(id=5_2823_55, type=transcoder, layer=2, feature=2823, pos=55)",1
1,56,2693,transcoder,14,55,11920,transcoder,0.7073771357536316,0.6076074242591858,-0.0997697114944458,0.0,-0.1410417533331103,"Node(id=29_11920_55, type=transcoder, layer=14, feature=11920, pos=55)",1
8,51,5284,transcoder,12,55,11739,transcoder,0.2567141354084015,0.0,-0.2567141354084015,0.0,-1.0,"Node(id=25_11739_55, type=transcoder, layer=12, feature=11739, pos=55)",1
0,51,15277,transcoder,1,23,1816,transcoder,0.8825504183769226,0.688633918762207,-0.19391649961471558,0.0,-0.2197228572746504,"Node(id=3_1816_23, type=transcoder, layer=1, feature=1816, pos=23)",1
0,51,15277,transcoder,3,55,12235,lorsa,2.4719231128692627,2.1340341567993164,-0.3378889560699463,0.0,-0.13669072242208402,"Node(id=6_12235_55, type=lorsa, layer=3, feature=12235, pos=55)",1
0,51,15277,transcoder,1,51,11218,transcoder,0.6390401721000671,0.3565690517425537,-0.2824711203575134,0.0,-0.44202404275968016,"Node(id=3_11218_51, type=transcoder, layer=1, feature=11218, pos=51)",1
1,56,4856,transcoder,2,23,12879,lorsa,2.5271050930023193,2.2309951782226562,-0.2961099147796631,0.0,-0.11717356575300579,"Node(id=4_12879_23, type=lorsa, layer=2, feature=12879, pos=23)",1
1,56,4856,transcoder,14,55,15619,transcoder,1.2117552757263184,1.0539782047271729,-0.1577770709991455,0.0,-0.13020539226006253,"Node(id=29_15619_55, type=transcoder, layer=14, feature=15619, pos=55)",1
14,55,9044,lorsa,14,55,15619,transcoder,1.2117552757263184,0.0,-1.2117552757263184,0.0,-1.0,"Node(id=29_15619_55, type=transcoder, layer=14, feature=15619, pos=55)",1
1,51,8276,lorsa,2,55,2823,transcoder,0.23902328312397003,0.0,-0.23902328312397003,0.0,-1.0,"Node(id=5_2823_55, type=transcoder, layer=2, feature=2823, pos=55)",1
1,51,8276,lorsa,4,54,3019,transcoder,0.2689710259437561,0.23328797519207,-0.035683050751686096,0.0,-0.13266503567245824,"Node(id=9_3019_54, type=transcoder, layer=4, feature=3019, pos=54)",1
1,51,8276,lorsa,1,51,11218,transcoder,0.6390401721000671,0.3752765357494354,-0.2637636363506317,0.0,-0.41274969534987077,"Node(id=3_11218_51, type=transcoder, layer=1, feature=11218, pos=51)",1
0,55,1338,lorsa,0,55,2905,transcoder,0.5370144248008728,0.47888118028640747,-0.05813324451446533,0.0,-0.10825266851262214,"Node(id=1_2905_55, type=transcoder, layer=0, feature=2905, pos=55)",1
0,55,1338,lorsa,0,55,4945,transcoder,0.1812516152858734,0.1498565673828125,-0.03139504790306091,0.0,-0.17321251373977584,"Node(id=1_4945_55, type=transcoder, layer=0, feature=4945, pos=55)",1
0,55,1338,lorsa,1,55,15014,lorsa,0.4733544886112213,0.0,-0.4733544886112213,0.0,-1.0,"Node(id=2_15014_55, type=lorsa, layer=1, feature=15014, pos=55)",1
0,55,1338,lorsa,0,55,2956,transcoder,0.49862179160118103,0.443925678730011,-0.054696112871170044,0.0,-0.1096945897521429,"Node(id=1_2956_55, type=transcoder, layer=0, feature=2956, pos=55)",1
0,55,1338,lorsa,9,55,7448,transcoder,0.2919863760471344,0.2552007734775543,-0.03678560256958008,0.0,-0.1259839690727279,"Node(id=19_7448_55, type=transcoder, layer=9, feature=7448, pos=55)",1
0,55,1338,lorsa,14,55,11920,transcoder,0.7073771357536316,0.6270800828933716,-0.08029705286026001,0.0,-0.11351378041744654,"Node(id=29_11920_55, type=transcoder, layer=14, feature=11920, pos=55)",1
3,56,2403,transcoder,14,55,15619,transcoder,1.2117552757263184,0.8064728379249573,-0.4052824378013611,0.0,-0.33445898352572667,"Node(id=29_15619_55, type=transcoder, layer=14, feature=15619, pos=55)",1
0,54,15890,transcoder,1,55,15014,lorsa,0.4733544886112213,0.0,-0.4733544886112213,0.0,-1.0,"Node(id=2_15014_55, type=lorsa, layer=1, feature=15014, pos=55)",1
0,54,15890,transcoder,1,55,9145,lorsa,2.293473720550537,0.0,-2.293473720550537,0.0,-1.0,"Node(id=2_9145_55, type=lorsa, layer=1, feature=9145, pos=55)",1
1,54,11614,lorsa,1,54,9082,transcoder,0.7630938291549683,0.4536917805671692,-0.3094020485877991,0.0,-0.40545741135192176,"Node(id=3_9082_54, type=transcoder, layer=1, feature=9082, pos=54)",1
1,55,10736,transcoder,2,55,14393,transcoder,0.4859774708747864,0.42247238755226135,-0.06350508332252502,0.0,-0.13067495332286155,"Node(id=5_14393_55, type=transcoder, layer=2, feature=14393, pos=55)",1
11,54,11974,transcoder,12,55,11739,transcoder,0.2567141354084015,0.0,-0.2567141354084015,0.0,-1.0,"Node(id=25_11739_55, type=transcoder, layer=12, feature=11739, pos=55)",1
13,55,9300,transcoder,14,55,15619,transcoder,1.2117552757263184,0.8714764714241028,-0.3402788043022156,0.0,-0.2808147908398869,"Node(id=29_15619_55, type=transcoder, layer=14, feature=15619, pos=55)",1
0,51,8256,lorsa,1,23,1816,transcoder,0.8825504183769226,0.6754403710365295,-0.20711004734039307,0.0,-0.23467219892239607,"Node(id=3_1816_23, type=transcoder, layer=1, feature=1816, pos=23)",1
0,51,8256,lorsa,3,55,12235,lorsa,2.4719231128692627,2.1197943687438965,-0.3521287441253662,0.0,-0.1424513336568288,"Node(id=6_12235_55, type=lorsa, layer=3, feature=12235, pos=55)",1
0,51,8256,lorsa,2,55,11309,transcoder,0.29157570004463196,0.0,-0.29157570004463196,0.0,-1.0,"Node(id=5_11309_55, type=transcoder, layer=2, feature=11309, pos=55)",1
0,51,8256,lorsa,4,55,9531,transcoder,0.5060067176818848,0.4415055215358734,-0.06450119614601135,0.0,-0.12747102734426904,"Node(id=9_9531_55, type=transcoder, layer=4, feature=9531, pos=55)",1
0,51,8256,lorsa,0,51,3106,transcoder,0.5610666871070862,0.23188938200473785,-0.3291773051023483,0.0,-0.5866990727958171,"Node(id=1_3106_51, type=transcoder, layer=0, feature=3106, pos=51)",1
0,51,8256,lorsa,5,55,13666,transcoder,0.33196818828582764,0.2887243628501892,-0.04324382543563843,0.0,-0.13026496803484405,"Node(id=11_13666_55, type=transcoder, layer=5, feature=13666, pos=55)",1
0,51,8256,lorsa,1,51,11218,transcoder,0.6390401721000671,0.4202633798122406,-0.21877679228782654,0.0,-0.34235217415027913,"Node(id=3_11218_51, type=transcoder, layer=1, feature=11218, pos=51)",1
5,51,8348,transcoder,8,55,7940,transcoder,0.6999607682228088,0.6260785460472107,-0.07388222217559814,0.0,-0.10555194738011407,"Node(id=17_7940_55, type=transcoder, layer=8, feature=7940, pos=55)",1
0,56,14339,transcoder,14,55,15619,transcoder,1.2117552757263184,1.0306605100631714,-0.18109476566314697,0.0,-0.1494482997440221,"Node(id=29_15619_55, type=transcoder, layer=14, feature=15619, pos=55)",1
3,54,5828,lorsa,14,55,15619,transcoder,1.2117552757263184,1.0688916444778442,-0.14286363124847412,0.0,-0.11789808892133155,"Node(id=29_15619_55, type=transcoder, layer=14, feature=15619, pos=55)",1
3,54,5828,lorsa,3,54,9407,transcoder,0.9804326891899109,0.6679466962814331,-0.3124859929084778,0.0,-0.31872253582922805,"Node(id=7_9407_54, type=transcoder, layer=3, feature=9407, pos=54)",1
3,54,5828,lorsa,4,55,16377,lorsa,2.713291645050049,1.9301546812057495,-0.7831369638442993,0.0,-0.2886298512262782,"Node(id=8_16377_55, type=lorsa, layer=4, feature=16377, pos=55)",1
3,54,5828,lorsa,4,55,16341,lorsa,0.9263823628425598,0.7958276867866516,-0.1305546760559082,0.0,-0.14092957864105643,"Node(id=8_16341_55, type=lorsa, layer=4, feature=16341, pos=55)",1
3,54,5828,lorsa,9,55,7448,transcoder,0.2919863760471344,0.2555992007255554,-0.03638717532157898,0.0,-0.12461942853013497,"Node(id=19_7448_55, type=transcoder, layer=9, feature=7448, pos=55)",1
3,54,5828,lorsa,12,55,11739,transcoder,0.2567141354084015,0.0,-0.2567141354084015,0.0,-1.0,"Node(id=25_11739_55, type=transcoder, layer=12, feature=11739, pos=55)",1
3,56,5881,transcoder,14,55,15619,transcoder,1.2117552757263184,0.43950310349464417,-0.7722521722316742,0.0,-0.6373004415176086,"Node(id=29_15619_55, type=transcoder, layer=14, feature=15619, pos=55)",1
2,56,13333,transcoder,14,55,15619,transcoder,1.2117552757263184,0.9671542048454285,-0.2446010708808899,0.0,-0.2018568235523279,"Node(id=29_15619_55, type=transcoder, layer=14, feature=15619, pos=55)",1
0,51,1026,transcoder,1,23,1816,transcoder,0.8825504183769226,0.7876828908920288,-0.0948675274848938,0.0,-0.10749247352843865,"Node(id=3_1816_23, type=transcoder, layer=1, feature=1816, pos=23)",1
0,51,1026,transcoder,1,51,11218,transcoder,0.6390401721000671,0.4863815903663635,-0.1526585817337036,0.0,-0.23888730067160605,"Node(id=3_11218_51, type=transcoder, layer=1, feature=11218, pos=51)",1
13,55,14142,transcoder,14,55,15619,transcoder,1.2117552757263184,1.0177708864212036,-0.19398438930511475,0.0,-0.16008545057816376,"Node(id=29_15619_55, type=transcoder, layer=14, feature=15619, pos=55)",1
12,23,15674,transcoder,14,23,5634,transcoder,3.0851762294769287,2.5350558757781982,-0.5501203536987305,0.0,-0.1783108363284647,"Node(id=29_5634_23, type=transcoder, layer=14, feature=5634, pos=23)",1
12,23,15674,transcoder,14,55,15619,transcoder,1.2117552757263184,1.0567293167114258,-0.15502595901489258,0.0,-0.1279350394591606,"Node(id=29_15619_55, type=transcoder, layer=14, feature=15619, pos=55)",1
12,23,15674,transcoder,14,23,10814,transcoder,1.869791030883789,1.5379999876022339,-0.3317910432815552,0.0,-0.17744819490589192,"Node(id=29_10814_23, type=transcoder, layer=14, feature=10814, pos=23)",1
12,23,15674,transcoder,14,55,1214,transcoder,0.7802796959877014,0.6287245750427246,-0.1515551209449768,0.0,-0.19423178858080345,"Node(id=29_1214_55, type=transcoder, layer=14, feature=1214, pos=55)",1
12,23,15674,transcoder,14,23,11103,transcoder,1.1049634218215942,0.804553210735321,-0.3004102110862732,0.0,-0.27187344409195924,"Node(id=29_11103_23, type=transcoder, layer=14, feature=11103, pos=23)",1
13,56,13473,transcoder,14,55,15619,transcoder,1.2117552757263184,0.0,-1.2117552757263184,0.0,-1.0,"Node(id=29_15619_55, type=transcoder, layer=14, feature=15619, pos=55)",1
0,15,12663,transcoder,2,55,11309,transcoder,0.29157570004463196,0.0,-0.29157570004463196,0.0,-1.0,"Node(id=5_11309_55, type=transcoder, layer=2, feature=11309, pos=55)",1
0,15,12663,transcoder,14,55,15619,transcoder,1.2117552757263184,0.93659907579422,-0.2751561999320984,0.0,-0.22707241754501256,"Node(id=29_15619_55, type=transcoder, layer=14, feature=15619, pos=55)",1
0,15,12663,transcoder,1,23,7319,transcoder,0.4151616096496582,0.0,-0.4151616096496582,0.0,-1.0,"Node(id=3_7319_23, type=transcoder, layer=1, feature=7319, pos=23)",1
0,15,12663,transcoder,9,55,13128,transcoder,0.3520200252532959,0.3140289783477783,-0.03799104690551758,0.0,-0.10792297079741738,"Node(id=19_13128_55, type=transcoder, layer=9, feature=13128, pos=55)",1
10,55,16018,transcoder,11,55,2278,transcoder,0.4227127730846405,0.36352279782295227,-0.05918997526168823,0.0,-0.14002409917676303,"Node(id=23_2278_55, type=transcoder, layer=11, feature=2278, pos=55)",1
10,55,16018,transcoder,11,55,8862,transcoder,0.643543541431427,0.4435567259788513,-0.19998681545257568,0.0,-0.31075879498028547,"Node(id=23_8862_55, type=transcoder, layer=11, feature=8862, pos=55)",1
10,55,16018,transcoder,12,55,11739,transcoder,0.2567141354084015,0.0,-0.2567141354084015,0.0,-1.0,"Node(id=25_11739_55, type=transcoder, layer=12, feature=11739, pos=55)",1
10,55,16018,transcoder,11,55,1321,lorsa,4.358194351196289,0.41837078332901,-3.939823567867279,0.0,-0.9040036424226536,"Node(id=22_1321_55, type=lorsa, layer=11, feature=1321, pos=55)",1
0,54,2952,lorsa,0,54,5593,transcoder,1.5712335109710693,1.154268503189087,-0.4169650077819824,0.0,-0.26537430933756345,"Node(id=1_5593_54, type=transcoder, layer=0, feature=5593, pos=54)",1
0,54,2952,lorsa,1,55,9142,lorsa,3.4574296474456787,2.773144245147705,-0.6842854022979736,0.0,-0.19791737564451042,"Node(id=2_9142_55, type=lorsa, layer=1, feature=9142, pos=55)",1
0,54,2952,lorsa,0,54,12254,transcoder,0.5052937865257263,0.3315916359424591,-0.1737021505832672,0.0,-0.3437646676354359,"Node(id=1_12254_54, type=transcoder, layer=0, feature=12254, pos=54)",1
0,54,2952,lorsa,0,54,11720,transcoder,0.5299642086029053,0.37243518233299255,-0.15752902626991272,0.0,-0.2972446510778372,"Node(id=1_11720_54, type=transcoder, layer=0, feature=11720, pos=54)",1
0,54,2952,lorsa,2,55,11309,transcoder,0.29157570004463196,0.0,-0.29157570004463196,0.0,-1.0,"Node(id=5_11309_55, type=transcoder, layer=2, feature=11309, pos=55)",1
0,54,2952,lorsa,2,55,6076,lorsa,1.7181307077407837,1.5137535333633423,-0.2043771743774414,0.0,-0.11895321668872472,"Node(id=4_6076_55, type=lorsa, layer=2, feature=6076, pos=55)",1
0,54,2952,lorsa,1,55,15014,lorsa,0.4733544886112213,0.0,-0.4733544886112213,0.0,-1.0,"Node(id=2_15014_55, type=lorsa, layer=1, feature=15014, pos=55)",1
0,54,2952,lorsa,0,54,12956,transcoder,0.2822692096233368,0.0,-0.2822692096233368,0.0,-1.0,"Node(id=1_12956_54, type=transcoder, layer=0, feature=12956, pos=54)",1
0,54,2952,lorsa,3,55,11167,transcoder,0.2644384503364563,0.21367953717708588,-0.05075891315937042,0.0,-0.19194982081761444,"Node(id=7_11167_55, type=transcoder, layer=3, feature=11167, pos=55)",1
0,54,2952,lorsa,1,55,12154,transcoder,0.19804225862026215,0.1778397411108017,-0.02020251750946045,0.0,-0.10201114474359708,"Node(id=3_12154_55, type=transcoder, layer=1, feature=12154, pos=55)",1
0,54,2952,lorsa,0,54,11163,transcoder,0.41022422909736633,0.3290538191795349,-0.08117040991783142,0.0,-0.19786839528331637,"Node(id=1_11163_54, type=transcoder, layer=0, feature=11163, pos=54)",1
0,54,2952,lorsa,2,55,2823,transcoder,0.23902328312397003,0.0,-0.23902328312397003,0.0,-1.0,"Node(id=5_2823_55, type=transcoder, layer=2, feature=2823, pos=55)",1
0,54,2952,lorsa,4,55,16341,lorsa,0.9263823628425598,0.8167840838432312,-0.10959827899932861,0.0,-0.11830782125755455,"Node(id=8_16341_55, type=lorsa, layer=4, feature=16341, pos=55)",1
0,54,2952,lorsa,1,54,2519,transcoder,0.6752148270606995,0.5210089087486267,-0.15420591831207275,0.0,-0.22838052739948228,"Node(id=3_2519_54, type=transcoder, layer=1, feature=2519, pos=54)",1
0,54,2952,lorsa,1,55,9145,lorsa,2.293473720550537,2.043713331222534,-0.24976038932800293,0.0,-0.10890048012760711,"Node(id=2_9145_55, type=lorsa, layer=1, feature=9145, pos=55)",1
0,54,2952,lorsa,4,54,3019,transcoder,0.2689710259437561,0.23795919120311737,-0.031011834740638733,0.0,-0.11529804978742783,"Node(id=9_3019_54, type=transcoder, layer=4, feature=3019, pos=54)",1
0,54,2952,lorsa,1,54,14103,transcoder,0.2923813760280609,0.0,-0.2923813760280609,0.0,-1.0,"Node(id=3_14103_54, type=transcoder, layer=1, feature=14103, pos=54)",1
0,54,2952,lorsa,0,54,7232,transcoder,0.6145036220550537,0.53425133228302,-0.08025228977203369,0.0,-0.13059693530145514,"Node(id=1_7232_54, type=transcoder, layer=0, feature=7232, pos=54)",1
0,54,2952,lorsa,2,54,14622,lorsa,2.7454328536987305,2.262273073196411,-0.48315978050231934,0.0,-0.17598674098016706,"Node(id=4_14622_54, type=lorsa, layer=2, feature=14622, pos=54)",1
0,54,2952,lorsa,0,54,8584,transcoder,0.5230691432952881,0.44739338755607605,-0.07567575573921204,0.0,-0.1446763907013548,"Node(id=1_8584_54, type=transcoder, layer=0, feature=8584, pos=54)",1
7,23,7600,transcoder,8,55,9724,transcoder,0.20959925651550293,0.17632943391799927,-0.03326982259750366,0.0,-0.15873063268734863,"Node(id=17_9724_55, type=transcoder, layer=8, feature=9724, pos=55)",1
1,55,4200,lorsa,1,55,6272,transcoder,0.3085007071495056,0.2704707384109497,-0.03802996873855591,0.0,-0.12327352209317895,"Node(id=3_6272_55, type=transcoder, layer=1, feature=6272, pos=55)",1
0,15,7465,lorsa,2,55,11309,transcoder,0.29157570004463196,0.0,-0.29157570004463196,0.0,-1.0,"Node(id=5_11309_55, type=transcoder, layer=2, feature=11309, pos=55)",1
0,15,7465,lorsa,1,23,7319,transcoder,0.4151616096496582,0.2491684854030609,-0.1659931242465973,0.0,-0.3998277306677601,"Node(id=3_7319_23, type=transcoder, layer=1, feature=7319, pos=23)",1
0,24,7465,lorsa,14,55,15619,transcoder,1.2117552757263184,0.8844468593597412,-0.32730841636657715,0.0,-0.2701109893417964,"Node(id=29_15619_55, type=transcoder, layer=14, feature=15619, pos=55)",1
4,54,15551,lorsa,10,55,10622,transcoder,0.2998685836791992,0.2684963345527649,-0.031372249126434326,0.0,-0.10461999300332342,"Node(id=21_10622_55, type=transcoder, layer=10, feature=10622, pos=55)",1
4,54,15551,lorsa,9,55,7448,transcoder,0.2919863760471344,0.23026660084724426,-0.06171977519989014,0.0,-0.21137895553704505,"Node(id=19_7448_55, type=transcoder, layer=9, feature=7448, pos=55)",1
13,56,2268,transcoder,14,55,15619,transcoder,1.2117552757263184,1.0239503383636475,-0.1878049373626709,0.0,-0.1549858631728274,"Node(id=29_15619_55, type=transcoder, layer=14, feature=15619, pos=55)",1
0,55,9428,lorsa,0,55,4945,transcoder,0.1812516152858734,0.1329873949289322,-0.04826422035694122,0.0,-0.26628298060029976,"Node(id=1_4945_55, type=transcoder, layer=0, feature=4945, pos=55)",1
0,55,9428,lorsa,0,55,2956,transcoder,0.49862179160118103,0.39996153116226196,-0.09866026043891907,0.0,-0.19786592182844617,"Node(id=1_2956_55, type=transcoder, layer=0, feature=2956, pos=55)",1
0,55,9428,lorsa,1,55,8260,lorsa,1.92356276512146,1.5618510246276855,-0.3617117404937744,0.0,-0.18804259837652595,"Node(id=2_8260_55, type=lorsa, layer=1, feature=8260, pos=55)",1
0,55,9428,lorsa,1,55,16036,lorsa,1.270075798034668,0.0,-1.270075798034668,0.0,-1.0,"Node(id=2_16036_55, type=lorsa, layer=1, feature=16036, pos=55)",1
0,55,9428,lorsa,2,55,14393,transcoder,0.4859774708747864,0.41466158628463745,-0.07131588459014893,0.0,-0.1467473059230017,"Node(id=5_14393_55, type=transcoder, layer=2, feature=14393, pos=55)",1
0,55,9428,lorsa,0,55,4388,transcoder,0.1894603967666626,0.15326045453548431,-0.036199942231178284,0.0,-0.1910686499604545,"Node(id=1_4388_55, type=transcoder, layer=0, feature=4388, pos=55)",1
0,55,9428,lorsa,1,55,11918,lorsa,1.2722526788711548,0.6843203902244568,-0.587932288646698,0.0,-0.46211912021152823,"Node(id=2_11918_55, type=lorsa, layer=1, feature=11918, pos=55)",1
0,55,9428,lorsa,5,55,13666,transcoder,0.33196818828582764,0.28441518545150757,-0.04755300283432007,0.0,-0.14324566182039256,"Node(id=11_13666_55, type=transcoder, layer=5, feature=13666, pos=55)",1
0,24,12663,transcoder,14,55,15619,transcoder,1.2117552757263184,0.8643786907196045,-0.34737658500671387,0.0,-0.2866722282669647,"Node(id=29_15619_55, type=transcoder, layer=14, feature=15619, pos=55)",1
0,24,12663,transcoder,2,55,2823,transcoder,0.23902328312397003,0.0,-0.23902328312397003,0.0,-1.0,"Node(id=5_2823_55, type=transcoder, layer=2, feature=2823, pos=55)",1
0,24,12663,transcoder,10,55,3280,transcoder,0.24856069684028625,0.0,-0.24856069684028625,0.0,-1.0,"Node(id=21_3280_55, type=transcoder, layer=10, feature=3280, pos=55)",1
9,54,6254,transcoder,12,55,11739,transcoder,0.2567141354084015,0.0,-0.2567141354084015,0.0,-1.0,"Node(id=25_11739_55, type=transcoder, layer=12, feature=11739, pos=55)",1
3,56,2286,transcoder,14,55,15619,transcoder,1.2117552757263184,1.0234813690185547,-0.18827390670776367,0.0,-0.15537287972186753,"Node(id=29_15619_55, type=transcoder, layer=14, feature=15619, pos=55)",1
5,56,1007,transcoder,14,55,15619,transcoder,1.2117552757263184,0.574369490146637,-0.6373857855796814,0.0,-0.5260020718272809,"Node(id=29_15619_55, type=transcoder, layer=14, feature=15619, pos=55)",1
0,54,11059,lorsa,0,54,5593,transcoder,1.5712335109710693,1.2659595012664795,-0.30527400970458984,0.0,-0.1942893959255753,"Node(id=1_5593_54, type=transcoder, layer=0, feature=5593, pos=54)",1
0,54,11059,lorsa,1,54,9082,transcoder,0.7630938291549683,0.4827131927013397,-0.28038063645362854,0.0,-0.3674261614251491,"Node(id=3_9082_54, type=transcoder, layer=1, feature=9082, pos=54)",1
0,54,11059,lorsa,14,55,138,transcoder,5.991324424743652,5.392171382904053,-0.5991530418395996,0.0,-0.10000343819893133,"Node(id=29_138_55, type=transcoder, layer=14, feature=138, pos=55)",1
0,54,11059,lorsa,1,55,9142,lorsa,3.4574296474456787,1.930912971496582,-1.5265166759490967,0.0,-0.4415177839054151,"Node(id=2_9142_55, type=lorsa, layer=1, feature=9142, pos=55)",1
0,54,11059,lorsa,14,55,11103,transcoder,0.5930737257003784,0.2593373656272888,-0.3337363600730896,0.0,-0.5627232258164369,"Node(id=29_11103_55, type=transcoder, layer=14, feature=11103, pos=55)",1
0,54,11059,lorsa,6,55,7034,transcoder,0.6798377633094788,0.5152441263198853,-0.1645936369895935,0.0,-0.2421072289193598,"Node(id=13_7034_55, type=transcoder, layer=6, feature=7034, pos=55)",1
0,54,11059,lorsa,2,55,11401,lorsa,1.9274051189422607,1.7040481567382812,-0.2233569622039795,0.0,-0.11588480284132242,"Node(id=4_11401_55, type=lorsa, layer=2, feature=11401, pos=55)",1
0,54,11059,lorsa,0,54,12254,transcoder,0.5052937865257263,0.0,-0.5052937865257263,0.0,-1.0,"Node(id=1_12254_54, type=transcoder, layer=0, feature=12254, pos=54)",1
0,54,11059,lorsa,0,54,11720,transcoder,0.5299642086029053,0.11835400760173798,-0.4116102010011673,0.0,-0.7766754703798894,"Node(id=1_11720_54, type=transcoder, layer=0, feature=11720, pos=54)",1
0,54,11059,lorsa,3,55,12235,lorsa,2.4719231128692627,2.2167937755584717,-0.255129337310791,0.0,-0.10321087091363934,"Node(id=6_12235_55, type=lorsa, layer=3, feature=12235, pos=55)",1
0,54,11059,lorsa,5,55,2419,transcoder,0.6756512522697449,0.436967134475708,-0.23868411779403687,0.0,-0.3532652636877603,"Node(id=11_2419_55, type=transcoder, layer=5, feature=2419, pos=55)",1
0,54,11059,lorsa,8,55,12466,lorsa,5.128899097442627,4.611281871795654,-0.5176172256469727,0.0,-0.10092170187264302,"Node(id=16_12466_55, type=lorsa, layer=8, feature=12466, pos=55)",1
0,54,11059,lorsa,2,55,4901,transcoder,1.173736810684204,1.0205435752868652,-0.15319323539733887,0.0,-0.1305175351091172,"Node(id=5_4901_55, type=transcoder, layer=2, feature=4901, pos=55)",1
0,54,11059,lorsa,2,55,11309,transcoder,0.29157570004463196,0.0,-0.29157570004463196,0.0,-1.0,"Node(id=5_11309_55, type=transcoder, layer=2, feature=11309, pos=55)",1
0,54,11059,lorsa,2,55,6076,lorsa,1.7181307077407837,0.9798600077629089,-0.7382706999778748,0.0,-0.4296941418087142,"Node(id=4_6076_55, type=lorsa, layer=2, feature=6076, pos=55)",1
0,54,11059,lorsa,14,55,16044,lorsa,2.606524705886841,1.742493987083435,-0.8640307188034058,0.0,-0.33148763825333816,"Node(id=28_16044_55, type=lorsa, layer=14, feature=16044, pos=55)",1
0,54,11059,lorsa,1,55,1824,transcoder,0.6892250180244446,0.5912668108940125,-0.09795820713043213,0.0,-0.14212804899510753,"Node(id=3_1824_55, type=transcoder, layer=1, feature=1824, pos=55)",1
0,54,11059,lorsa,14,55,3391,transcoder,0.7034270167350769,0.6026373505592346,-0.10078966617584229,0.0,-0.14328375762940232,"Node(id=29_3391_55, type=transcoder, layer=14, feature=3391, pos=55)",1
0,54,11059,lorsa,11,55,2278,transcoder,0.4227127730846405,0.2803054451942444,-0.14240732789039612,0.0,-0.336889105222003,"Node(id=23_2278_55, type=transcoder, layer=11, feature=2278, pos=55)",1
0,54,11059,lorsa,1,55,7963,transcoder,0.6885604858398438,0.5866782665252686,-0.1018822193145752,0.0,-0.14796408073040743,"Node(id=3_7963_55, type=transcoder, layer=1, feature=7963, pos=55)",1
0,54,11059,lorsa,14,55,15619,transcoder,1.2117552757263184,0.7987231016159058,-0.4130321741104126,0.0,-0.3408544467552194,"Node(id=29_15619_55, type=transcoder, layer=14, feature=15619, pos=55)",1
0,54,11059,lorsa,2,55,13261,transcoder,0.6239655017852783,0.4222816228866577,-0.2016838788986206,0.0,-0.3232292143100324,"Node(id=5_13261_55, type=transcoder, layer=2, feature=13261, pos=55)",1
0,54,11059,lorsa,13,55,3932,transcoder,0.7734141945838928,0.47068092226982117,-0.30273327231407166,0.0,-0.39142451022242514,"Node(id=27_3932_55, type=transcoder, layer=13, feature=3932, pos=55)",1
0,54,11059,lorsa,4,55,9914,transcoder,0.5230033993721008,0.4430508315563202,-0.07995256781578064,0.0,-0.15287198498474167,"Node(id=9_9914_55, type=transcoder, layer=4, feature=9914, pos=55)",1
0,54,11059,lorsa,1,55,15014,lorsa,0.4733544886112213,0.0,-0.4733544886112213,0.0,-1.0,"Node(id=2_15014_55, type=lorsa, layer=1, feature=15014, pos=55)",1
0,54,11059,lorsa,4,55,16282,lorsa,1.991599440574646,1.6974642276763916,-0.2941352128982544,0.0,-0.14768793709511494,"Node(id=8_16282_55, type=lorsa, layer=4, feature=16282, pos=55)",1
0,54,11059,lorsa,0,54,12956,transcoder,0.2822692096233368,0.0,-0.2822692096233368,0.0,-1.0,"Node(id=1_12956_54, type=transcoder, layer=0, feature=12956, pos=54)",1
0,54,11059,lorsa,7,55,13128,transcoder,0.5602725148200989,0.3456782400608063,-0.2145942747592926,0.0,-0.3830176727983844,"Node(id=15_13128_55, type=transcoder, layer=7, feature=13128, pos=55)",1
0,54,11059,lorsa,1,54,15914,transcoder,0.506878674030304,0.25949224829673767,-0.24738642573356628,0.0,-0.4880584613405459,"Node(id=3_15914_54, type=transcoder, layer=1, feature=15914, pos=54)",1
0,54,11059,lorsa,8,55,9724,transcoder,0.20959925651550293,0.0,-0.20959925651550293,0.0,-1.0,"Node(id=17_9724_55, type=transcoder, layer=8, feature=9724, pos=55)",1
0,54,11059,lorsa,3,55,11167,transcoder,0.2644384503364563,0.0,-0.2644384503364563,0.0,-1.0,"Node(id=7_11167_55, type=transcoder, layer=3, feature=11167, pos=55)",1
0,54,11059,lorsa,1,55,12154,transcoder,0.19804225862026215,0.0,-0.19804225862026215,0.0,-1.0,"Node(id=3_12154_55, type=transcoder, layer=1, feature=12154, pos=55)",1
0,54,11059,lorsa,13,55,15835,transcoder,0.3478931784629822,0.24613922834396362,-0.10175395011901855,0.0,-0.2924861894923466,"Node(id=27_15835_55, type=transcoder, layer=13, feature=15835, pos=55)",1
0,54,11059,lorsa,4,55,9531,transcoder,0.5060067176818848,0.42096224427223206,-0.08504447340965271,0.0,-0.1680698505333249,"Node(id=9_9531_55, type=transcoder, layer=4, feature=9531, pos=55)",1
0,54,11059,lorsa,2,55,5819,transcoder,0.7991868257522583,0.687707781791687,-0.11147904396057129,0.0,-0.13949059264789349,"Node(id=5_5819_55, type=transcoder, layer=2, feature=5819, pos=55)",1
0,54,11059,lorsa,12,55,6669,transcoder,0.8420363068580627,0.7166200876235962,-0.12541621923446655,0.0,-0.14894395670709154,"Node(id=25_6669_55, type=transcoder, layer=12, feature=6669, pos=55)",1
0,54,11059,lorsa,0,54,11163,transcoder,0.41022422909736633,0.24523749947547913,-0.1649867296218872,0.0,-0.40218670161173675,"Node(id=1_11163_54, type=transcoder, layer=0, feature=11163, pos=54)",1
0,54,11059,lorsa,13,55,5819,transcoder,0.5956785082817078,0.32310453057289124,-0.27257397770881653,0.0,-0.4575857176635137,"Node(id=27_5819_55, type=transcoder, layer=13, feature=5819, pos=55)",1
0,54,11059,lorsa,6,55,23,transcoder,0.9902805685997009,0.7274375557899475,-0.2628430128097534,0.0,-0.26542277122676927,"Node(id=13_23_55, type=transcoder, layer=6, feature=23, pos=55)",1
0,54,11059,lorsa,8,54,9517,transcoder,0.4715726673603058,0.36331531405448914,-0.10825735330581665,0.0,-0.2295666411537428,"Node(id=17_9517_54, type=transcoder, layer=8, feature=9517, pos=54)",1
0,54,11059,lorsa,3,55,4439,transcoder,0.30011671781539917,0.0,-0.30011671781539917,0.0,-1.0,"Node(id=7_4439_55, type=transcoder, layer=3, feature=4439, pos=55)",1
0,54,11059,lorsa,2,55,2823,transcoder,0.23902328312397003,0.0,-0.23902328312397003,0.0,-1.0,"Node(id=5_2823_55, type=transcoder, layer=2, feature=2823, pos=55)",1
0,54,11059,lorsa,1,55,9786,transcoder,0.7136760354042053,0.6259899735450745,-0.08768606185913086,0.0,-0.12286535838276821,"Node(id=3_9786_55, type=transcoder, layer=1, feature=9786, pos=55)",1
0,54,11059,lorsa,13,55,7425,transcoder,0.6321931481361389,0.3686763048171997,-0.2635168433189392,0.0,-0.4168296415357423,"Node(id=27_7425_55, type=transcoder, layer=13, feature=7425, pos=55)",1
0,54,11059,lorsa,1,54,2519,transcoder,0.6752148270606995,0.4798666536808014,-0.19534817337989807,0.0,-0.2893126239989054,"Node(id=3_2519_54, type=transcoder, layer=1, feature=2519, pos=54)",1
0,54,11059,lorsa,1,55,9145,lorsa,2.293473720550537,0.0,-2.293473720550537,0.0,-1.0,"Node(id=2_9145_55, type=lorsa, layer=1, feature=9145, pos=55)",1
0,54,11059,lorsa,4,54,3019,transcoder,0.2689710259437561,0.0,-0.2689710259437561,0.0,-1.0,"Node(id=9_3019_54, type=transcoder, layer=4, feature=3019, pos=54)",1
0,54,11059,lorsa,14,55,1214,transcoder,0.7802796959877014,0.0,-0.7802796959877014,0.0,-1.0,"Node(id=29_1214_55, type=transcoder, layer=14, feature=1214, pos=55)",1
0,54,11059,lorsa,13,55,10331,transcoder,0.5097225308418274,0.4136550724506378,-0.09606745839118958,0.0,-0.18847010398486855,"Node(id=27_10331_55, type=transcoder, layer=13, feature=10331, pos=55)",1
0,54,11059,lorsa,4,55,15932,lorsa,2.069827079772949,1.66165030002594,-0.4081767797470093,0.0,-0.19720332376354088,"Node(id=8_15932_55, type=lorsa, layer=4, feature=15932, pos=55)",1
0,54,11059,lorsa,1,54,14103,transcoder,0.2923813760280609,0.0,-0.2923813760280609,0.0,-1.0,"Node(id=3_14103_54, type=transcoder, layer=1, feature=14103, pos=54)",1
0,54,11059,lorsa,5,55,13666,transcoder,0.33196818828582764,0.29198071360588074,-0.0399874746799469,0.0,-0.12045574272170115,"Node(id=11_13666_55, type=transcoder, layer=5, feature=13666, pos=55)",1
0,54,11059,lorsa,0,54,7232,transcoder,0.6145036220550537,0.4466415345668793,-0.16786208748817444,0.0,-0.27316696185907197,"Node(id=1_7232_54, type=transcoder, layer=0, feature=7232, pos=54)",1
0,54,11059,lorsa,10,55,3280,transcoder,0.24856069684028625,0.0,-0.24856069684028625,0.0,-1.0,"Node(id=21_3280_55, type=transcoder, layer=10, feature=3280, pos=55)",1
0,54,11059,lorsa,2,54,14622,lorsa,2.7454328536987305,2.2732529640197754,-0.4721798896789551,0.0,-0.17198741139956128,"Node(id=4_14622_54, type=lorsa, layer=2, feature=14622, pos=54)",1
0,54,11059,lorsa,11,55,1321,lorsa,4.358194351196289,3.779008626937866,-0.5791857242584229,0.0,-0.13289579986249145,"Node(id=22_1321_55, type=lorsa, layer=11, feature=1321, pos=55)",1
0,54,11059,lorsa,0,54,8584,transcoder,0.5230691432952881,0.2790822684764862,-0.24398687481880188,0.0,-0.46645243357638483,"Node(id=1_8584_54, type=transcoder, layer=0, feature=8584, pos=54)",1
0,54,11059,lorsa,5,55,16275,lorsa,1.9964919090270996,1.5773099660873413,-0.4191819429397583,0.0,-0.20995924954388007,"Node(id=10_16275_55, type=lorsa, layer=5, feature=16275, pos=55)",1
2,54,15503,lorsa,7,54,3543,transcoder,0.46587416529655457,0.4074949324131012,-0.05837923288345337,0.0,-0.12531116175178286,"Node(id=15_3543_54, type=transcoder, layer=7, feature=3543, pos=54)",1
2,54,15503,lorsa,3,54,6230,transcoder,0.7401818633079529,0.6629190444946289,-0.07726281881332397,0.0,-0.10438356118052944,"Node(id=7_6230_54, type=transcoder, layer=3, feature=6230, pos=54)",1
2,54,15503,lorsa,4,55,15932,lorsa,2.069827079772949,1.4504120349884033,-0.6194150447845459,0.0,-0.2992593201807433,"Node(id=8_15932_55, type=lorsa, layer=4, feature=15932, pos=55)",1
0,55,12875,transcoder,1,55,8260,lorsa,1.92356276512146,1.7075281143188477,-0.2160346508026123,0.0,-0.11230964474869692,"Node(id=2_8260_55, type=lorsa, layer=1, feature=8260, pos=55)",1
0,55,12875,transcoder,1,55,16036,lorsa,1.270075798034668,0.0,-1.270075798034668,0.0,-1.0,"Node(id=2_16036_55, type=lorsa, layer=1, feature=16036, pos=55)",1
0,56,329,transcoder,14,55,15619,transcoder,1.2117552757263184,0.7163057923316956,-0.4954494833946228,0.0,-0.40886926041865473,"Node(id=29_15619_55, type=transcoder, layer=14, feature=15619, pos=55)",1
2,54,715,transcoder,3,54,9407,transcoder,0.9804326891899109,0.8355452418327332,-0.14488744735717773,0.0,-0.14777908667742604,"Node(id=7_9407_54, type=transcoder, layer=3, feature=9407, pos=54)",1
4,6,2640,transcoder,14,55,15619,transcoder,1.2117552757263184,1.0884943008422852,-0.1232609748840332,0.0,-0.10172101360165431,"Node(id=29_15619_55, type=transcoder, layer=14, feature=15619, pos=55)",1
4,6,2640,transcoder,14,55,1214,transcoder,0.7802796959877014,0.7010729908943176,-0.07920670509338379,0.0,-0.10151065765349894,"Node(id=29_1214_55, type=transcoder, layer=14, feature=1214, pos=55)",1
4,6,2640,transcoder,9,55,7448,transcoder,0.2919863760471344,0.25210922956466675,-0.03987714648246765,0.0,-0.13657194223346372,"Node(id=19_7448_55, type=transcoder, layer=9, feature=7448, pos=55)",1
14,55,8748,lorsa,14,55,15619,transcoder,1.2117552757263184,1.08299720287323,-0.12875807285308838,0.0,-0.10625748897681639,"Node(id=29_15619_55, type=transcoder, layer=14, feature=15619, pos=55)",1
14,55,8748,lorsa,14,55,1214,transcoder,0.7802796959877014,0.6895325779914856,-0.09074711799621582,0.0,-0.11630075530972954,"Node(id=29_1214_55, type=transcoder, layer=14, feature=1214, pos=55)",1
1,54,11175,transcoder,3,54,6230,transcoder,0.7401818633079529,0.647774338722229,-0.09240752458572388,0.0,-0.1248443513229906,"Node(id=7_6230_54, type=transcoder, layer=3, feature=6230, pos=54)",1
1,54,11175,transcoder,4,55,15932,lorsa,2.069827079772949,1.7214683294296265,-0.34835875034332275,0.0,-0.16830331081644567,"Node(id=8_15932_55, type=lorsa, layer=4, feature=15932, pos=55)",1
1,54,11175,transcoder,2,63,14106,transcoder,1.4190014600753784,1.2728564739227295,-0.14614498615264893,0.0,-0.10299142760916229,"Node(id=5_14106_63, type=transcoder, layer=2, feature=14106, pos=63)",1
0,45,1586,transcoder,2,55,2823,transcoder,0.23902328312397003,0.0,-0.23902328312397003,0.0,-1.0,"Node(id=5_2823_55, type=transcoder, layer=2, feature=2823, pos=55)",1
2,6,13953,transcoder,10,1,10273,transcoder,28.066740036010742,23.89322280883789,-4.173517227172852,0.0,-0.14869975001792382,"Node(id=21_10273_1, type=transcoder, layer=10, feature=10273, pos=1)",1
2,6,13953,transcoder,14,55,16044,lorsa,2.606524705886841,2.2526795864105225,-0.35384511947631836,0.0,-0.13575360274819515,"Node(id=28_16044_55, type=lorsa, layer=14, feature=16044, pos=55)",1
2,6,13953,transcoder,11,55,2278,transcoder,0.4227127730846405,0.35769176483154297,-0.06502100825309753,0.0,-0.1538184138099803,"Node(id=23_2278_55, type=transcoder, layer=11, feature=2278, pos=55)",1
2,6,13953,transcoder,8,1,11854,transcoder,18.707630157470703,16.597116470336914,-2.110513687133789,0.0,-0.11281566234571816,"Node(id=17_11854_1, type=transcoder, layer=8, feature=11854, pos=1)",1
2,6,13953,transcoder,14,55,15619,transcoder,1.2117552757263184,0.9992825388908386,-0.21247273683547974,0.0,-0.1753429434900747,"Node(id=29_15619_55, type=transcoder, layer=14, feature=15619, pos=55)",1
2,6,13953,transcoder,13,55,3932,transcoder,0.7734141945838928,0.5377224087715149,-0.23569178581237793,0.0,-0.3047419965432407,"Node(id=27_3932_55, type=transcoder, layer=13, feature=3932, pos=55)",1
2,6,13953,transcoder,3,55,11167,transcoder,0.2644384503364563,0.23531922698020935,-0.029119223356246948,0.0,-0.11011720617481051,"Node(id=7_11167_55, type=transcoder, layer=3, feature=11167, pos=55)",1
2,6,13953,transcoder,8,2,11854,transcoder,15.785051345825195,13.118223190307617,-2.666828155517578,0.0,-0.16894643527547956,"Node(id=17_11854_2, type=transcoder, layer=8, feature=11854, pos=2)",1
2,6,13953,transcoder,13,55,15835,transcoder,0.3478931784629822,0.27435338497161865,-0.07353979349136353,0.0,-0.2113861324222216,"Node(id=27_15835_55, type=transcoder, layer=13, feature=15835, pos=55)",1
2,6,13953,transcoder,13,55,5819,transcoder,0.5956785082817078,0.4553889036178589,-0.14028960466384888,0.0,-0.23551228173151287,"Node(id=27_5819_55, type=transcoder, layer=13, feature=5819, pos=55)",1
2,6,13953,transcoder,3,6,1991,transcoder,2.446690320968628,0.0,-2.446690320968628,0.0,-1.0,"Node(id=7_1991_6, type=transcoder, layer=3, feature=1991, pos=6)",1
2,6,13953,transcoder,14,55,1214,transcoder,0.7802796959877014,0.5510470271110535,-0.22923266887664795,0.0,-0.2937826910726908,"Node(id=29_1214_55, type=transcoder, layer=14, feature=1214, pos=55)",1
2,6,13953,transcoder,9,55,7448,transcoder,0.2919863760471344,0.0,-0.2919863760471344,0.0,-1.0,"Node(id=19_7448_55, type=transcoder, layer=9, feature=7448, pos=55)",1
2,6,13953,transcoder,8,49,11854,transcoder,12.425396919250488,10.793249130249023,-1.6321477890014648,0.0,-0.13135578682985988,"Node(id=17_11854_49, type=transcoder, layer=8, feature=11854, pos=49)",1
2,6,13953,transcoder,10,1,5090,transcoder,17.671863555908203,15.202042579650879,-2.469820976257324,0.0,-0.13976007501662682,"Node(id=21_5090_1, type=transcoder, layer=10, feature=5090, pos=1)",1
2,6,13953,transcoder,4,6,2640,transcoder,1.146464228630066,0.32705798745155334,-0.8194062411785126,0.0,-0.714724647063466,"Node(id=9_2640_6, type=transcoder, layer=4, feature=2640, pos=6)",1
2,6,13953,transcoder,8,8,11854,transcoder,22.290363311767578,19.49810791015625,-2.792255401611328,0.0,-0.12526737956474826,"Node(id=17_11854_8, type=transcoder, layer=8, feature=11854, pos=8)",1
2,6,13953,transcoder,10,2,10273,transcoder,24.12562370300293,17.543962478637695,-6.581661224365234,0.0,-0.2728079201345585,"Node(id=21_10273_2, type=transcoder, layer=10, feature=10273, pos=2)",1
1,56,14708,transcoder,14,55,15619,transcoder,1.2117552757263184,1.078149437904358,-0.13360583782196045,0.0,-0.11025810285156627,"Node(id=29_15619_55, type=transcoder, layer=14, feature=15619, pos=55)",1
0,56,4757,lorsa,14,55,15619,transcoder,1.2117552757263184,0.8872343897819519,-0.32452088594436646,0.0,-0.26781058225626514,"Node(id=29_15619_55, type=transcoder, layer=14, feature=15619, pos=55)",1
0,56,4757,lorsa,1,55,16036,lorsa,1.270075798034668,1.1308168172836304,-0.1392589807510376,0.0,-0.10964619668096091,"Node(id=2_16036_55, type=lorsa, layer=1, feature=16036, pos=55)",1
0,56,4757,lorsa,1,55,2396,lorsa,0.5269799828529358,0.0,-0.5269799828529358,0.0,-1.0,"Node(id=2_2396_55, type=lorsa, layer=1, feature=2396, pos=55)",1
0,56,4757,lorsa,1,54,14103,transcoder,0.2923813760280609,0.0,-0.2923813760280609,0.0,-1.0,"Node(id=3_14103_54, type=transcoder, layer=1, feature=14103, pos=54)",1
11,56,7586,transcoder,14,55,15619,transcoder,1.2117552757263184,0.0,-1.2117552757263184,0.0,-1.0,"Node(id=29_15619_55, type=transcoder, layer=14, feature=15619, pos=55)",1
13,56,16285,transcoder,14,55,15619,transcoder,1.2117552757263184,1.0809240341186523,-0.13083124160766602,0.0,-0.1079683697100032,"Node(id=29_15619_55, type=transcoder, layer=14, feature=15619, pos=55)",1
0,23,14802,lorsa,3,55,12206,lorsa,1.9337397813796997,1.5233510732650757,-0.410388708114624,0.0,-0.21222540492072656,"Node(id=6_12206_55, type=lorsa, layer=3, feature=12206, pos=55)",1
0,23,14802,lorsa,1,55,15014,lorsa,0.4733544886112213,0.0,-0.4733544886112213,0.0,-1.0,"Node(id=2_15014_55, type=lorsa, layer=1, feature=15014, pos=55)",1
0,23,14802,lorsa,2,55,2440,lorsa,1.7886356115341187,1.24662446975708,-0.5420111417770386,0.0,-0.30303049893552875,"Node(id=4_2440_55, type=lorsa, layer=2, feature=2440, pos=55)",1
0,23,14802,lorsa,1,23,1358,transcoder,0.7991279363632202,0.6148739457130432,-0.184253990650177,0.0,-0.23056882667461864,"Node(id=3_1358_23, type=transcoder, layer=1, feature=1358, pos=23)",1
0,23,14802,lorsa,1,23,2090,transcoder,0.3347303867340088,0.230619877576828,-0.10411050915718079,0.0,-0.3110279594661105,"Node(id=3_2090_23, type=transcoder, layer=1, feature=2090, pos=23)",1
0,23,14802,lorsa,1,54,14103,transcoder,0.2923813760280609,0.0,-0.2923813760280609,0.0,-1.0,"Node(id=3_14103_54, type=transcoder, layer=1, feature=14103, pos=54)",1
2,56,2616,transcoder,14,55,11920,transcoder,0.7073771357536316,0.6217216849327087,-0.08565545082092285,0.0,-0.12108880325862739,"Node(id=29_11920_55, type=transcoder, layer=14, feature=11920, pos=55)",1
13,56,12356,transcoder,14,55,15619,transcoder,1.2117552757263184,0.8198835253715515,-0.39187175035476685,0.0,-0.3233918252345808,"Node(id=29_15619_55, type=transcoder, layer=14, feature=15619, pos=55)",1
6,55,4801,transcoder,9,55,7448,transcoder,0.2919863760471344,0.23959185183048248,-0.052394524216651917,0.0,-0.17944167438892436,"Node(id=19_7448_55, type=transcoder, layer=9, feature=7448, pos=55)",1
6,55,4801,transcoder,12,55,11739,transcoder,0.2567141354084015,0.0,-0.2567141354084015,0.0,-1.0,"Node(id=25_11739_55, type=transcoder, layer=12, feature=11739, pos=55)",1
1,6,13953,transcoder,14,55,15619,transcoder,1.2117552757263184,1.0232290029525757,-0.18852627277374268,0.0,-0.1555811446009519,"Node(id=29_15619_55, type=transcoder, layer=14, feature=15619, pos=55)",1
1,6,13953,transcoder,3,55,11167,transcoder,0.2644384503364563,0.23360031843185425,-0.03083813190460205,0.0,-0.11661742785652156,"Node(id=7_11167_55, type=transcoder, layer=3, feature=11167, pos=55)",1
1,6,13953,transcoder,8,2,11854,transcoder,15.785051345825195,14.105785369873047,-1.6792659759521484,0.0,-0.10638330779939326,"Node(id=17_11854_2, type=transcoder, layer=8, feature=11854, pos=2)",1
1,6,13953,transcoder,13,55,5819,transcoder,0.5956785082817078,0.5153250098228455,-0.0803534984588623,0.0,-0.13489407010947857,"Node(id=27_5819_55, type=transcoder, layer=13, feature=5819, pos=55)",1
1,6,13953,transcoder,3,6,1991,transcoder,2.446690320968628,0.2780870497226715,-2.1686032712459564,0.0,-0.8863415417393,"Node(id=7_1991_6, type=transcoder, layer=3, feature=1991, pos=6)",1
1,6,13953,transcoder,2,55,2823,transcoder,0.23902328312397003,0.0,-0.23902328312397003,0.0,-1.0,"Node(id=5_2823_55, type=transcoder, layer=2, feature=2823, pos=55)",1
1,6,13953,transcoder,2,6,13953,transcoder,1.7135149240493774,0.2666970491409302,-1.4468178749084473,0.0,-0.8443567398230347,"Node(id=5_13953_6, type=transcoder, layer=2, feature=13953, pos=6)",1
1,6,13953,transcoder,9,55,7448,transcoder,0.2919863760471344,0.25368353724479675,-0.038302838802337646,0.0,-0.13118022601217033,"Node(id=19_7448_55, type=transcoder, layer=9, feature=7448, pos=55)",1
1,6,13953,transcoder,4,6,2640,transcoder,1.146464228630066,0.6777800917625427,-0.4686841368675232,0.0,-0.40880833885900103,"Node(id=9_2640_6, type=transcoder, layer=4, feature=2640, pos=6)",1
1,6,13953,transcoder,10,2,10273,transcoder,24.12562370300293,21.361370086669922,-2.764253616333008,0.0,-0.11457749861152562,"Node(id=21_10273_2, type=transcoder, layer=10, feature=10273, pos=2)",1
6,14,8940,transcoder,14,55,3391,transcoder,0.7034270167350769,0.6252336502075195,-0.07819336652755737,0.0,-0.11116059614896251,"Node(id=29_3391_55, type=transcoder, layer=14, feature=3391, pos=55)",1
10,56,11708,transcoder,14,55,15619,transcoder,1.2117552757263184,0.6237723231315613,-0.5879829525947571,0.0,-0.4852324263596244,"Node(id=29_15619_55, type=transcoder, layer=14, feature=15619, pos=55)",1
6,45,4984,transcoder,7,54,13289,transcoder,0.9898383617401123,0.8692540526390076,-0.12058430910110474,0.0,-0.12182222245773582,"Node(id=15_13289_54, type=transcoder, layer=7, feature=13289, pos=54)",1
