source_layer,source_pos,source_feature,source_type,target_layer,target_pos,target_feature,target_type,original_activation,modified_activation,activation_change,steering_scale,reduction_ratio,target_node_str,steering_nodes_count
3,51,5284,transcoder,6,51,2057,transcoder,2.2570786476135254,1.3061283826828003,-0.9509502649307251,0.0,-0.42131906477259545,"Node(id=13_2057_51, type=transcoder, layer=6, feature=2057, pos=51)",1
0,51,2952,transcoder,6,51,2057,transcoder,2.2570786476135254,0.0,-2.2570786476135254,0.0,-1.0,"Node(id=13_2057_51, type=transcoder, layer=6, feature=2057, pos=51)",1
2,51,5718,transcoder,6,51,2057,transcoder,2.2570786476135254,1.2852972745895386,-0.9717813730239868,0.0,-0.4305482992590796,"Node(id=13_2057_51, type=transcoder, layer=6, feature=2057, pos=51)",1
0,45,12663,transcoder,6,51,2057,transcoder,2.2570786476135254,2.0105645656585693,-0.24651408195495605,0.0,-0.1092182065589972,"Node(id=13_2057_51, type=transcoder, layer=6, feature=2057, pos=51)",1
6,51,2057,transcoder,7,51,9138,transcoder,1.008360505104065,0.2100171148777008,-0.7983433902263641,0.0,-0.7917241762101476,"Node(id=15_9138_51, type=transcoder, layer=7, feature=9138, pos=51)",1
6,51,2057,transcoder,9,54,12243,lorsa,2.3094804286956787,1.2191118001937866,-1.090368628501892,0.0,-0.47212724340673357,"Node(id=18_12243_54, type=lorsa, layer=9, feature=12243, pos=54)",1
6,51,2057,transcoder,8,51,5284,transcoder,1.6072231531143188,1.1030722856521606,-0.5041508674621582,0.0,-0.3136782011167922,"Node(id=17_5284_51, type=transcoder, layer=8, feature=5284, pos=51)",1
5,51,8348,transcoder,6,51,2057,transcoder,2.2570786476135254,1.4008004665374756,-0.8562781810760498,0.0,-0.37937454327584796,"Node(id=13_2057_51, type=transcoder, layer=6, feature=2057, pos=51)",1
6,51,2057,transcoder,7,51,6874,lorsa,3.2344436645507812,2.569913148880005,-0.6645305156707764,0.0,-0.20545434844142518,"Node(id=14_6874_51, type=lorsa, layer=7, feature=6874, pos=51)",1
6,51,2057,transcoder,12,32,13896,transcoder,8.983194351196289,6.385457515716553,-2.5977368354797363,0.0,-0.2891774054887053,"Node(id=25_13896_32, type=transcoder, layer=12, feature=13896, pos=32)",1
6,51,2057,transcoder,11,14,12258,transcoder,0.23024021089076996,0.18074040114879608,-0.04949980974197388,0.0,-0.21499202745891102,"Node(id=23_12258_14, type=transcoder, layer=11, feature=12258, pos=14)",1
6,51,2057,transcoder,14,51,790,transcoder,0.5391555428504944,0.48029181361198425,-0.05886372923851013,0.0,-0.10917763903028778,"Node(id=29_790_51, type=transcoder, layer=14, feature=790, pos=51)",1
6,51,2057,transcoder,14,51,14073,transcoder,0.8638689517974854,0.637664794921875,-0.22620415687561035,0.0,-0.2618500831693727,"Node(id=29_14073_51, type=transcoder, layer=14, feature=14073, pos=51)",1
6,51,2057,transcoder,10,51,13957,transcoder,1.0498993396759033,0.783527135848999,-0.2663722038269043,0.0,-0.2537121357835424,"Node(id=21_13957_51, type=transcoder, layer=10, feature=13957, pos=51)",1
0,51,2952,transcoder,3,51,5284,transcoder,0.8926391005516052,0.0,-0.8926391005516052,0.0,-1.0,"Node(id=7_5284_51, type=transcoder, layer=3, feature=5284, pos=51)",1
2,51,5718,transcoder,3,51,5284,transcoder,0.8926391005516052,0.0,-0.8926391005516052,0.0,-1.0,"Node(id=7_5284_51, type=transcoder, layer=3, feature=5284, pos=51)",1
1,51,11331,transcoder,3,51,5284,transcoder,0.8926391005516052,0.7243226766586304,-0.16831642389297485,0.0,-0.18856044261220903,"Node(id=7_5284_51, type=transcoder, layer=3, feature=5284, pos=51)",1
1,51,11215,lorsa,3,51,5284,transcoder,0.8926391005516052,0.733395516872406,-0.15924358367919922,0.0,-0.17839637943351894,"Node(id=7_5284_51, type=transcoder, layer=3, feature=5284, pos=51)",1
3,51,5284,transcoder,7,51,9138,transcoder,1.008360505104065,0.6951131820678711,-0.31324732303619385,0.0,-0.31065013103013794,"Node(id=15_9138_51, type=transcoder, layer=7, feature=9138, pos=51)",1
3,51,5284,transcoder,5,51,8348,transcoder,1.215765118598938,0.16661739349365234,-1.0491477251052856,0.0,-0.8629526452562941,"Node(id=11_8348_51, type=transcoder, layer=5, feature=8348, pos=51)",1
3,51,2992,lorsa,3,51,5284,transcoder,0.8926391005516052,0.7740861177444458,-0.11855298280715942,0.0,-0.13281177435976058,"Node(id=7_5284_51, type=transcoder, layer=3, feature=5284, pos=51)",1
3,51,5284,transcoder,9,54,12266,lorsa,1.494158148765564,1.2306694984436035,-0.26348865032196045,0.0,-0.17634589118939528,"Node(id=18_12266_54, type=lorsa, layer=9, feature=12266, pos=54)",1
3,51,5284,transcoder,12,32,13896,transcoder,8.983194351196289,4.805813789367676,-4.177380561828613,0.0,-0.4650217281865123,"Node(id=25_13896_32, type=transcoder, layer=12, feature=13896, pos=32)",1
3,51,5284,transcoder,14,51,790,transcoder,0.5391555428504944,0.43901804089546204,-0.10013750195503235,0.0,-0.18573026519510358,"Node(id=29_790_51, type=transcoder, layer=14, feature=790, pos=51)",1
3,51,5284,transcoder,14,51,14073,transcoder,0.8638689517974854,0.6908355355262756,-0.17303341627120972,0.0,-0.20030053853790258,"Node(id=29_14073_51, type=transcoder, layer=14, feature=14073, pos=51)",1
0,51,2952,transcoder,13,51,13122,transcoder,0.9594287276268005,0.0,-0.9594287276268005,0.0,-1.0,"Node(id=27_13122_51, type=transcoder, layer=13, feature=13122, pos=51)",1
0,45,12663,transcoder,13,51,13122,transcoder,0.9594287276268005,0.5832981467247009,-0.3761305809020996,0.0,-0.3920359794025338,"Node(id=27_13122_51, type=transcoder, layer=13, feature=13122, pos=51)",1
0,45,7465,lorsa,13,51,13122,transcoder,0.9594287276268005,0.637477695941925,-0.3219510316848755,0.0,-0.33556534468301674,"Node(id=27_13122_51, type=transcoder, layer=13, feature=13122, pos=51)",1
13,51,13122,transcoder,14,51,11103,transcoder,1.2022953033447266,0.383722186088562,-0.8185731172561646,0.0,-0.6808419819814103,"Node(id=29_11103_51, type=transcoder, layer=14, feature=11103, pos=51)",1
0,55,11076,transcoder,13,51,13122,transcoder,0.9594287276268005,0.7468442320823669,-0.2125844955444336,0.0,-0.22157403611446258,"Node(id=27_13122_51, type=transcoder, layer=13, feature=13122, pos=51)",1
0,3,13486,transcoder,13,51,13122,transcoder,0.9594287276268005,0.768854022026062,-0.19057470560073853,0.0,-0.1986335202533861,"Node(id=27_13122_51, type=transcoder, layer=13, feature=13122, pos=51)",1
0,14,12663,transcoder,13,51,13122,transcoder,0.9594287276268005,0.8326490521430969,-0.1267796754837036,0.0,-0.13214079569756065,"Node(id=27_13122_51, type=transcoder, layer=13, feature=13122, pos=51)",1
0,5,13486,transcoder,13,51,13122,transcoder,0.9594287276268005,0.8454064130783081,-0.11402231454849243,0.0,-0.11884396544028118,"Node(id=27_13122_51, type=transcoder, layer=13, feature=13122, pos=51)",1
0,23,8135,transcoder,13,51,13122,transcoder,0.9594287276268005,0.0,-0.9594287276268005,0.0,-1.0,"Node(id=27_13122_51, type=transcoder, layer=13, feature=13122, pos=51)",1
13,51,13122,transcoder,14,51,2640,transcoder,1.2701964378356934,0.8125187754631042,-0.4576776623725891,0.0,-0.36032037938354866,"Node(id=29_2640_51, type=transcoder, layer=14, feature=2640, pos=51)",1
11,51,9680,transcoder,13,51,13122,transcoder,0.9594287276268005,0.8277422785758972,-0.13168644905090332,0.0,-0.13725506153712633,"Node(id=27_13122_51, type=transcoder, layer=13, feature=13122, pos=51)",1
12,51,8628,transcoder,13,51,13122,transcoder,0.9594287276268005,0.6427307724952698,-0.31669795513153076,0.0,-0.3300901317754999,"Node(id=27_13122_51, type=transcoder, layer=13, feature=13122, pos=51)",1
13,51,13122,transcoder,14,51,11169,transcoder,0.6642193794250488,0.42735978960990906,-0.23685958981513977,0.0,-0.3565984329155925,"Node(id=29_11169_51, type=transcoder, layer=14, feature=11169, pos=51)",1
11,51,11974,transcoder,13,51,13122,transcoder,0.9594287276268005,0.8183145523071289,-0.14111417531967163,0.0,-0.14708145717996715,"Node(id=27_13122_51, type=transcoder, layer=13, feature=13122, pos=51)",1
13,51,13122,transcoder,14,51,4640,lorsa,1.3973380327224731,1.1852667331695557,-0.21207129955291748,0.0,-0.1517680722822186,"Node(id=28_4640_51, type=lorsa, layer=14, feature=4640, pos=51)",1
12,51,15847,transcoder,13,51,13122,transcoder,0.9594287276268005,0.6359819173812866,-0.3234468102455139,0.0,-0.3371243750909745,"Node(id=27_13122_51, type=transcoder, layer=13, feature=13122, pos=51)",1
13,51,13122,transcoder,14,51,13673,lorsa,0.8683499097824097,0.7023073434829712,-0.16604256629943848,0.0,-0.19121619571659226,"Node(id=28_13673_51, type=lorsa, layer=14, feature=13673, pos=51)",1
13,51,13122,transcoder,14,51,790,transcoder,0.5391555428504944,0.3891354501247406,-0.15002009272575378,0.0,-0.2782501167151197,"Node(id=29_790_51, type=transcoder, layer=14, feature=790, pos=51)",1
13,51,13122,transcoder,14,51,7697,transcoder,1.0310401916503906,0.8338837027549744,-0.19715648889541626,0.0,-0.19122095384063253,"Node(id=29_7697_51, type=transcoder, layer=14, feature=7697, pos=51)",1
13,51,13122,transcoder,14,51,14073,transcoder,0.8638689517974854,0.6192288994789124,-0.244640052318573,0.0,-0.2831911620501478,"Node(id=29_14073_51, type=transcoder, layer=14, feature=14073, pos=51)",1
13,51,13122,transcoder,14,51,2652,transcoder,1.2029510736465454,0.9535551071166992,-0.2493959665298462,0.0,-0.20732012464467398,"Node(id=29_2652_51, type=transcoder, layer=14, feature=2652, pos=51)",1
13,51,13122,transcoder,14,51,7323,lorsa,1.7485430240631104,0.0,-1.7485430240631104,0.0,-1.0,"Node(id=28_7323_51, type=lorsa, layer=14, feature=7323, pos=51)",1
0,51,13740,lorsa,0,51,2952,transcoder,1.7277238368988037,1.5041389465332031,-0.22358489036560059,0.0,-0.1294100860279422,"Node(id=1_2952_51, type=transcoder, layer=0, feature=2952, pos=51)",1
0,51,2952,transcoder,2,51,5718,transcoder,0.8235379457473755,0.0,-0.8235379457473755,0.0,-1.0,"Node(id=5_5718_51, type=transcoder, layer=2, feature=5718, pos=51)",1
0,51,2952,transcoder,1,51,11331,transcoder,0.7390512824058533,0.0,-0.7390512824058533,0.0,-1.0,"Node(id=3_11331_51, type=transcoder, layer=1, feature=11331, pos=51)",1
0,51,2952,transcoder,1,51,11218,transcoder,0.6390401721000671,0.0,-0.6390401721000671,0.0,-1.0,"Node(id=3_11218_51, type=transcoder, layer=1, feature=11218, pos=51)",1
0,51,2952,transcoder,1,51,11215,lorsa,6.104880332946777,0.0,-6.104880332946777,0.0,-1.0,"Node(id=2_11215_51, type=lorsa, layer=1, feature=11215, pos=51)",1
0,51,2952,transcoder,14,51,11103,transcoder,1.2022953033447266,0.0,-1.2022953033447266,0.0,-1.0,"Node(id=29_11103_51, type=transcoder, layer=14, feature=11103, pos=51)",1
0,51,2952,transcoder,7,51,9138,transcoder,1.008360505104065,0.0,-1.008360505104065,0.0,-1.0,"Node(id=15_9138_51, type=transcoder, layer=7, feature=9138, pos=51)",1
0,51,2952,transcoder,1,23,1321,transcoder,0.8943891525268555,0.514775276184082,-0.37961387634277344,0.0,-0.4244392670352461,"Node(id=3_1321_23, type=transcoder, layer=1, feature=1321, pos=23)",1
0,51,2952,transcoder,14,51,2640,transcoder,1.2701964378356934,0.0,-1.2701964378356934,0.0,-1.0,"Node(id=29_2640_51, type=transcoder, layer=14, feature=2640, pos=51)",1
0,51,2952,transcoder,11,51,9680,transcoder,1.042241096496582,0.0,-1.042241096496582,0.0,-1.0,"Node(id=23_9680_51, type=transcoder, layer=11, feature=9680, pos=51)",1
0,51,2952,transcoder,13,51,12356,transcoder,3.2392890453338623,0.0,-3.2392890453338623,0.0,-1.0,"Node(id=27_12356_51, type=transcoder, layer=13, feature=12356, pos=51)",1
0,51,2952,transcoder,14,23,5634,transcoder,3.0851762294769287,2.5983760356903076,-0.4868001937866211,0.0,-0.15778683536309848,"Node(id=29_5634_23, type=transcoder, layer=14, feature=5634, pos=23)",1
0,51,2952,transcoder,12,51,8628,transcoder,0.8337218761444092,0.0,-0.8337218761444092,0.0,-1.0,"Node(id=25_8628_51, type=transcoder, layer=12, feature=8628, pos=51)",1
0,51,2952,transcoder,10,51,12950,transcoder,0.8460464477539062,0.0,-0.8460464477539062,0.0,-1.0,"Node(id=21_12950_51, type=transcoder, layer=10, feature=12950, pos=51)",1
0,51,2952,transcoder,3,62,11384,lorsa,8.462882995605469,7.149542331695557,-1.313340663909912,0.0,-0.15518832820823494,"Node(id=6_11384_62, type=lorsa, layer=3, feature=11384, pos=62)",1
0,51,2952,transcoder,10,51,9278,transcoder,8.472284317016602,5.964064598083496,-2.5082197189331055,0.0,-0.29604999373018454,"Node(id=21_9278_51, type=transcoder, layer=10, feature=9278, pos=51)",1
0,51,2952,transcoder,3,51,7112,transcoder,1.2625163793563843,0.0,-1.2625163793563843,0.0,-1.0,"Node(id=7_7112_51, type=transcoder, layer=3, feature=7112, pos=51)",1
0,51,2952,transcoder,9,54,12243,lorsa,2.3094804286956787,0.0,-2.3094804286956787,0.0,-1.0,"Node(id=18_12243_54, type=lorsa, layer=9, feature=12243, pos=54)",1
0,51,2952,transcoder,8,51,5284,transcoder,1.6072231531143188,0.0,-1.6072231531143188,0.0,-1.0,"Node(id=17_5284_51, type=transcoder, layer=8, feature=5284, pos=51)",1
0,51,2952,transcoder,2,51,9305,transcoder,0.8282850384712219,0.0,-0.8282850384712219,0.0,-1.0,"Node(id=5_9305_51, type=transcoder, layer=2, feature=9305, pos=51)",1
0,51,2952,transcoder,14,55,9044,lorsa,3.8024330139160156,0.0,-3.8024330139160156,0.0,-1.0,"Node(id=28_9044_55, type=lorsa, layer=14, feature=9044, pos=55)",1
0,51,2952,transcoder,1,51,8276,lorsa,2.0241923332214355,1.6006032228469849,-0.4235891103744507,0.0,-0.2092632717861956,"Node(id=2_8276_51, type=lorsa, layer=1, feature=8276, pos=51)",1
0,51,2952,transcoder,11,54,10708,transcoder,0.9755883812904358,0.8480203151702881,-0.1275680661201477,0.0,-0.13076013262008118,"Node(id=23_10708_54, type=transcoder, layer=11, feature=10708, pos=54)",1
0,51,2952,transcoder,7,0,6104,transcoder,6.486999988555908,5.153594493865967,-1.3334054946899414,0.0,-0.20555040805338048,"Node(id=15_6104_0, type=transcoder, layer=7, feature=6104, pos=0)",1
0,51,2952,transcoder,13,55,9300,transcoder,0.6302089691162109,0.24988281726837158,-0.38032615184783936,0.0,-0.6034921279860538,"Node(id=27_9300_55, type=transcoder, layer=13, feature=9300, pos=55)",1
0,51,2952,transcoder,5,51,8348,transcoder,1.215765118598938,0.0,-1.215765118598938,0.0,-1.0,"Node(id=11_8348_51, type=transcoder, layer=5, feature=8348, pos=51)",1
0,51,2952,transcoder,14,51,11169,transcoder,0.6642193794250488,0.0,-0.6642193794250488,0.0,-1.0,"Node(id=29_11169_51, type=transcoder, layer=14, feature=11169, pos=51)",1
0,51,2952,transcoder,8,14,912,transcoder,0.7022373080253601,0.5578604340553284,-0.14437687397003174,0.0,-0.20559556195612697,"Node(id=17_912_14, type=transcoder, layer=8, feature=912, pos=14)",1
0,51,2952,transcoder,11,51,9849,transcoder,0.687792956829071,0.0,-0.687792956829071,0.0,-1.0,"Node(id=23_9849_51, type=transcoder, layer=11, feature=9849, pos=51)",1
0,51,2952,transcoder,13,55,14142,transcoder,0.6139975786209106,0.2745231091976166,-0.33947446942329407,0.0,-0.5528921957408721,"Node(id=27_14142_55, type=transcoder, layer=13, feature=14142, pos=55)",1
0,51,2952,transcoder,7,8,6104,transcoder,7.688426494598389,6.3315629959106445,-1.3568634986877441,0.0,-0.17648129947539037,"Node(id=15_6104_8, type=transcoder, layer=7, feature=6104, pos=8)",1
0,51,2952,transcoder,8,62,8174,transcoder,1.1858330965042114,1.0050417184829712,-0.18079137802124023,0.0,-0.15245937944741633,"Node(id=17_8174_62, type=transcoder, layer=8, feature=8174, pos=62)",1
0,51,2952,transcoder,3,55,8792,lorsa,2.6274337768554688,1.9936082363128662,-0.6338255405426025,0.0,-0.24123368821922103,"Node(id=6_8792_55, type=lorsa, layer=3, feature=8792, pos=55)",1
0,51,2952,transcoder,8,51,5050,transcoder,0.8566882014274597,0.0,-0.8566882014274597,0.0,-1.0,"Node(id=17_5050_51, type=transcoder, layer=8, feature=5050, pos=51)",1
0,51,2952,transcoder,3,3,5514,transcoder,1.3314927816390991,1.1294695138931274,-0.20202326774597168,0.0,-0.1517268967070751,"Node(id=7_5514_3, type=transcoder, layer=3, feature=5514, pos=3)",1
0,51,2952,transcoder,7,51,14452,transcoder,2.90750789642334,0.0,-2.90750789642334,0.0,-1.0,"Node(id=15_14452_51, type=transcoder, layer=7, feature=14452, pos=51)",1
0,51,2952,transcoder,9,14,13080,lorsa,4.417771816253662,3.9046380519866943,-0.5131337642669678,0.0,-0.11615216575448051,"Node(id=18_13080_14, type=lorsa, layer=9, feature=13080, pos=14)",1
0,51,2952,transcoder,13,51,5681,lorsa,1.9713155031204224,0.0,-1.9713155031204224,0.0,-1.0,"Node(id=26_5681_51, type=lorsa, layer=13, feature=5681, pos=51)",1
0,51,2952,transcoder,3,51,2992,lorsa,2.136613607406616,0.0,-2.136613607406616,0.0,-1.0,"Node(id=6_2992_51, type=lorsa, layer=3, feature=2992, pos=51)",1
0,51,2952,transcoder,12,32,13896,transcoder,8.983194351196289,0.0,-8.983194351196289,0.0,-1.0,"Node(id=25_13896_32, type=transcoder, layer=12, feature=13896, pos=32)",1
0,51,2952,transcoder,6,6,7291,transcoder,2.9459125995635986,2.316305160522461,-0.6296074390411377,0.0,-0.2137223755838535,"Node(id=13_7291_6, type=transcoder, layer=6, feature=7291, pos=6)",1
0,51,2952,transcoder,8,54,11682,transcoder,0.4600358009338379,0.0,-0.4600358009338379,0.0,-1.0,"Node(id=17_11682_54, type=transcoder, layer=8, feature=11682, pos=54)",1
0,51,2952,transcoder,12,54,9524,transcoder,0.9488894939422607,0.7981269359588623,-0.15076255798339844,0.0,-0.1588831565170351,"Node(id=25_9524_54, type=transcoder, layer=12, feature=9524, pos=54)",1
0,51,2952,transcoder,8,54,1436,lorsa,2.9068973064422607,2.0833537578582764,-0.8235435485839844,0.0,-0.28330672251780226,"Node(id=16_1436_54, type=lorsa, layer=8, feature=1436, pos=54)",1
0,51,2952,transcoder,11,54,14428,lorsa,3.4473183155059814,2.5568594932556152,-0.8904588222503662,0.0,-0.25830478672221735,"Node(id=22_14428_54, type=lorsa, layer=11, feature=14428, pos=54)",1
0,51,2952,transcoder,10,14,14175,transcoder,0.5143704414367676,0.45593661069869995,-0.05843383073806763,0.0,-0.1136026218280488,"Node(id=21_14175_14, type=transcoder, layer=10, feature=14175, pos=14)",1
0,51,2952,transcoder,13,51,3932,transcoder,0.40207821130752563,0.0,-0.40207821130752563,0.0,-1.0,"Node(id=27_3932_51, type=transcoder, layer=13, feature=3932, pos=51)",1
0,51,2952,transcoder,12,54,9881,lorsa,2.963268280029297,1.7191909551620483,-1.2440773248672485,0.0,-0.4198328356739096,"Node(id=24_9881_54, type=lorsa, layer=12, feature=9881, pos=54)",1
0,51,2952,transcoder,3,56,2286,transcoder,0.6956806182861328,0.40619364380836487,-0.28948697447776794,0.0,-0.41612051114912935,"Node(id=7_2286_56, type=transcoder, layer=3, feature=2286, pos=56)",1
0,51,2952,transcoder,5,56,1007,transcoder,1.8848531246185303,1.595650315284729,-0.28920280933380127,0.0,-0.15343519638557096,"Node(id=11_1007_56, type=transcoder, layer=5, feature=1007, pos=56)",1
0,51,2952,transcoder,7,5,11946,transcoder,2.906679153442383,2.60284686088562,-0.3038322925567627,0.0,-0.10452900940130727,"Node(id=15_11946_5, type=transcoder, layer=7, feature=11946, pos=5)",1
0,51,2952,transcoder,14,51,4640,lorsa,1.3973380327224731,0.0,-1.3973380327224731,0.0,-1.0,"Node(id=28_4640_51, type=lorsa, layer=14, feature=4640, pos=51)",1
0,51,2952,transcoder,7,2,6104,transcoder,7.048698425292969,4.706262111663818,-2.3424363136291504,0.0,-0.3323218234481057,"Node(id=15_6104_2, type=transcoder, layer=7, feature=6104, pos=2)",1
0,51,2952,transcoder,9,54,13348,transcoder,0.5763208270072937,0.42644739151000977,-0.14987343549728394,0.0,-0.2600520898672766,"Node(id=19_13348_54, type=transcoder, layer=9, feature=13348, pos=54)",1
0,51,2952,transcoder,3,51,13895,transcoder,1.1960400342941284,0.0,-1.1960400342941284,0.0,-1.0,"Node(id=7_13895_51, type=transcoder, layer=3, feature=13895, pos=51)",1
0,51,2952,transcoder,14,55,8748,lorsa,1.8016709089279175,0.0,-1.8016709089279175,0.0,-1.0,"Node(id=28_8748_55, type=lorsa, layer=14, feature=8748, pos=55)",1
0,51,2952,transcoder,11,14,12258,transcoder,0.23024021089076996,0.0,-0.23024021089076996,0.0,-1.0,"Node(id=23_12258_14, type=transcoder, layer=11, feature=12258, pos=14)",1
0,51,2952,transcoder,7,14,2772,transcoder,0.7835947275161743,0.702602207660675,-0.08099251985549927,0.0,-0.10336021544227081,"Node(id=15_2772_14, type=transcoder, layer=7, feature=2772, pos=14)",1
0,51,2952,transcoder,2,6,13953,transcoder,1.7135149240493774,1.4187846183776855,-0.2947303056716919,0.0,-0.1720033491013813,"Node(id=5_13953_6, type=transcoder, layer=2, feature=13953, pos=6)",1
0,51,2952,transcoder,10,2,54,transcoder,18.140689849853516,6.745261192321777,-11.395428657531738,0.0,-0.6281695322421135,"Node(id=21_54_2, type=transcoder, layer=10, feature=54, pos=2)",1
0,51,2952,transcoder,12,51,15847,transcoder,3.3805553913116455,1.9300278425216675,-1.450527548789978,0.0,-0.42907965730068326,"Node(id=25_15847_51, type=transcoder, layer=12, feature=15847, pos=51)",1
0,51,2952,transcoder,14,51,13673,lorsa,0.8683499097824097,0.0,-0.8683499097824097,0.0,-1.0,"Node(id=28_13673_51, type=lorsa, layer=14, feature=13673, pos=51)",1
0,51,2952,transcoder,14,51,790,transcoder,0.5391555428504944,0.0,-0.5391555428504944,0.0,-1.0,"Node(id=29_790_51, type=transcoder, layer=14, feature=790, pos=51)",1
0,51,2952,transcoder,7,1,6104,transcoder,6.96210241317749,4.976883411407471,-1.9852190017700195,0.0,-0.28514648075450666,"Node(id=15_6104_1, type=transcoder, layer=7, feature=6104, pos=1)",1
0,51,2952,transcoder,11,56,7586,transcoder,2.6750638484954834,1.362876057624817,-1.3121877908706665,0.0,-0.4905257837522909,"Node(id=23_7586_56, type=transcoder, layer=11, feature=7586, pos=56)",1
0,51,2952,transcoder,14,51,7697,transcoder,1.0310401916503906,0.0,-1.0310401916503906,0.0,-1.0,"Node(id=29_7697_51, type=transcoder, layer=14, feature=7697, pos=51)",1
0,51,2952,transcoder,8,14,16275,lorsa,3.750656843185425,3.3071563243865967,-0.4435005187988281,0.0,-0.1182460932422077,"Node(id=16_16275_14, type=lorsa, layer=8, feature=16275, pos=14)",1
0,51,2952,transcoder,13,51,6109,transcoder,0.38438713550567627,0.0,-0.38438713550567627,0.0,-1.0,"Node(id=27_6109_51, type=transcoder, layer=13, feature=6109, pos=51)",1
0,51,2952,transcoder,14,51,14073,transcoder,0.8638689517974854,0.0,-0.8638689517974854,0.0,-1.0,"Node(id=29_14073_51, type=transcoder, layer=14, feature=14073, pos=51)",1
0,51,2952,transcoder,13,55,6340,transcoder,0.37931957840919495,0.0,-0.37931957840919495,0.0,-1.0,"Node(id=27_6340_55, type=transcoder, layer=13, feature=6340, pos=55)",1
0,51,2952,transcoder,5,54,14178,lorsa,2.141420841217041,0.0,-2.141420841217041,0.0,-1.0,"Node(id=10_14178_54, type=lorsa, layer=5, feature=14178, pos=54)",1
0,51,2952,transcoder,14,51,2652,transcoder,1.2029510736465454,0.0,-1.2029510736465454,0.0,-1.0,"Node(id=29_2652_51, type=transcoder, layer=14, feature=2652, pos=51)",1
0,51,2952,transcoder,13,56,12356,transcoder,1.2258914709091187,0.0,-1.2258914709091187,0.0,-1.0,"Node(id=27_12356_56, type=transcoder, layer=13, feature=12356, pos=56)",1
0,51,2952,transcoder,12,37,6377,transcoder,0.3010123670101166,0.18985217809677124,-0.11116018891334534,0.0,-0.36928778049045874,"Node(id=25_6377_37, type=transcoder, layer=12, feature=6377, pos=37)",1
0,51,2952,transcoder,14,54,9044,lorsa,3.588165521621704,0.0,-3.588165521621704,0.0,-1.0,"Node(id=28_9044_54, type=lorsa, layer=14, feature=9044, pos=54)",1
0,51,2952,transcoder,12,2,13896,transcoder,12.517711639404297,5.2190327644348145,-7.298678874969482,0.0,-0.5830681425823944,"Node(id=25_13896_2, type=transcoder, layer=12, feature=13896, pos=2)",1
0,51,2952,transcoder,11,37,7513,transcoder,0.49810850620269775,0.0,-0.49810850620269775,0.0,-1.0,"Node(id=23_7513_37, type=transcoder, layer=11, feature=7513, pos=37)",1
0,51,2952,transcoder,6,55,4801,transcoder,1.9008395671844482,1.1508688926696777,-0.7499706745147705,0.0,-0.3945470661817284,"Node(id=13_4801_55, type=transcoder, layer=6, feature=4801, pos=55)",1
0,51,2952,transcoder,12,37,15342,lorsa,1.2413737773895264,0.0,-1.2413737773895264,0.0,-1.0,"Node(id=24_15342_37, type=lorsa, layer=12, feature=15342, pos=37)",1
0,51,2952,transcoder,6,14,8940,transcoder,1.2855827808380127,0.7373481392860413,-0.5482346415519714,0.0,-0.42644833901291235,"Node(id=13_8940_14, type=transcoder, layer=6, feature=8940, pos=14)",1
0,51,2952,transcoder,12,1,13896,transcoder,12.206680297851562,7.5120439529418945,-4.694636344909668,0.0,-0.3845956665004119,"Node(id=25_13896_1, type=transcoder, layer=12, feature=13896, pos=1)",1
0,51,2952,transcoder,10,14,6896,transcoder,0.4185520112514496,0.3706580102443695,-0.04789400100708008,0.0,-0.1144278362535624,"Node(id=21_6896_14, type=transcoder, layer=10, feature=6896, pos=14)",1
0,51,2952,transcoder,12,51,5918,transcoder,0.6882085204124451,0.0,-0.6882085204124451,0.0,-1.0,"Node(id=25_5918_51, type=transcoder, layer=12, feature=5918, pos=51)",1
0,51,2952,transcoder,14,51,7323,lorsa,1.7485430240631104,0.0,-1.7485430240631104,0.0,-1.0,"Node(id=28_7323_51, type=lorsa, layer=14, feature=7323, pos=51)",1
0,51,2952,transcoder,12,37,15649,lorsa,3.205152750015259,1.5452061891555786,-1.6599465608596802,0.0,-0.5178993609124488,"Node(id=24_15649_37, type=lorsa, layer=12, feature=15649, pos=37)",1
0,51,2952,transcoder,6,5,16038,transcoder,2.0866637229919434,1.849003553390503,-0.23766016960144043,0.0,-0.11389481064091804,"Node(id=13_16038_5, type=transcoder, layer=6, feature=16038, pos=5)",1
0,51,2952,transcoder,10,51,13957,transcoder,1.0498993396759033,0.0,-1.0498993396759033,0.0,-1.0,"Node(id=21_13957_51, type=transcoder, layer=10, feature=13957, pos=51)",1
0,51,2952,transcoder,10,56,11708,transcoder,2.9663991928100586,1.6290454864501953,-1.3373537063598633,0.0,-0.4508340312394008,"Node(id=21_11708_56, type=transcoder, layer=10, feature=11708, pos=56)",1
0,51,2952,transcoder,6,45,4984,transcoder,0.9259824752807617,0.7739536762237549,-0.15202879905700684,0.0,-0.16418107590093547,"Node(id=13_4984_45, type=transcoder, layer=6, feature=4984, pos=45)",1
0,51,13740,lorsa,1,51,11331,transcoder,0.7390512824058533,0.5067070126533508,-0.23234426975250244,0.0,-0.31438179634320634,"Node(id=3_11331_51, type=transcoder, layer=1, feature=11331, pos=51)",1
0,51,13740,lorsa,1,51,11215,lorsa,6.104880332946777,5.476773738861084,-0.6281065940856934,0.0,-0.10288597971297356,"Node(id=2_11215_51, type=lorsa, layer=1, feature=11215, pos=51)",1
0,51,13740,lorsa,0,51,15277,transcoder,0.8747747540473938,0.6919316053390503,-0.1828431487083435,0.0,-0.2090174046088639,"Node(id=1_15277_51, type=transcoder, layer=0, feature=15277, pos=51)",1
0,51,13740,lorsa,1,51,8276,lorsa,2.0241923332214355,1.8060628175735474,-0.21812951564788818,0.0,-0.10776125967276154,"Node(id=2_8276_51, type=lorsa, layer=1, feature=8276, pos=51)",1
0,51,13740,lorsa,12,32,13896,transcoder,8.983194351196289,7.345322608947754,-1.6378717422485352,0.0,-0.18232620582570613,"Node(id=25_13896_32, type=transcoder, layer=12, feature=13896, pos=32)",1
1,51,11331,transcoder,2,51,5718,transcoder,0.8235379457473755,0.6472083926200867,-0.17632955312728882,0.0,-0.21411223858940293,"Node(id=5_5718_51, type=transcoder, layer=2, feature=5718, pos=51)",1
1,51,11218,transcoder,2,51,5718,transcoder,0.8235379457473755,0.6778262257575989,-0.1457117199897766,0.0,-0.17693382647661804,"Node(id=5_5718_51, type=transcoder, layer=2, feature=5718, pos=51)",1
1,51,11215,lorsa,2,51,5718,transcoder,0.8235379457473755,0.6327475905418396,-0.1907903552055359,0.0,-0.23167160200783488,"Node(id=5_5718_51, type=transcoder, layer=2, feature=5718, pos=51)",1
2,51,5718,transcoder,7,51,9138,transcoder,1.008360505104065,0.6930835843086243,-0.3152769207954407,0.0,-0.3126629010156476,"Node(id=15_9138_51, type=transcoder, layer=7, feature=9138, pos=51)",1
2,51,5718,transcoder,3,51,7112,transcoder,1.2625163793563843,0.7762441039085388,-0.48627227544784546,0.0,-0.38516116178686033,"Node(id=7_7112_51, type=transcoder, layer=3, feature=7112, pos=51)",1
2,51,5718,transcoder,5,51,8348,transcoder,1.215765118598938,0.2261035293340683,-0.9896615892648697,0.0,-0.8140236745773455,"Node(id=11_8348_51, type=transcoder, layer=5, feature=8348, pos=51)",1
2,51,5718,transcoder,13,51,5681,lorsa,1.9713155031204224,1.7489254474639893,-0.2223900556564331,0.0,-0.11281302019103935,"Node(id=26_5681_51, type=lorsa, layer=13, feature=5681, pos=51)",1
2,51,5718,transcoder,3,51,2992,lorsa,2.136613607406616,0.6058745384216309,-1.5307390689849854,0.0,-0.7164323318351273,"Node(id=6_2992_51, type=lorsa, layer=3, feature=2992, pos=51)",1
2,51,5718,transcoder,9,54,12266,lorsa,1.494158148765564,1.3168116807937622,-0.17734646797180176,0.0,-0.1186932374717636,"Node(id=18_12266_54, type=lorsa, layer=9, feature=12266, pos=54)",1
2,51,5718,transcoder,12,32,13896,transcoder,8.983194351196289,7.813640117645264,-1.1695542335510254,0.0,-0.13019358012612475,"Node(id=25_13896_32, type=transcoder, layer=12, feature=13896, pos=32)",1
2,51,5718,transcoder,3,51,13895,transcoder,1.1960400342941284,0.86553555727005,-0.33050447702407837,0.0,-0.27633228616727157,"Node(id=7_13895_51, type=transcoder, layer=3, feature=13895, pos=51)",1
2,51,5718,transcoder,14,51,790,transcoder,0.5391555428504944,0.4279271066188812,-0.11122843623161316,0.0,-0.20630120140016134,"Node(id=29_790_51, type=transcoder, layer=14, feature=790, pos=51)",1
2,51,5718,transcoder,5,54,14178,lorsa,2.141420841217041,1.5623434782028198,-0.5790773630142212,0.0,-0.2704173564898678,"Node(id=10_14178_54, type=lorsa, layer=5, feature=14178, pos=54)",1
1,51,11215,lorsa,1,51,11331,transcoder,0.7390512824058533,0.0,-0.7390512824058533,0.0,-1.0,"Node(id=3_11331_51, type=transcoder, layer=1, feature=11331, pos=51)",1
1,51,11331,transcoder,3,51,7112,transcoder,1.2625163793563843,1.1272633075714111,-0.13525307178497314,0.0,-0.10712975609387622,"Node(id=7_7112_51, type=transcoder, layer=3, feature=7112, pos=51)",1
1,51,11331,transcoder,2,51,9305,transcoder,0.8282850384712219,0.6831488609313965,-0.14513617753982544,0.0,-0.17522491750871833,"Node(id=5_9305_51, type=transcoder, layer=2, feature=9305, pos=51)",1
1,51,11331,transcoder,3,51,2992,lorsa,2.136613607406616,1.6892595291137695,-0.4473540782928467,0.0,-0.2093752828036311,"Node(id=6_2992_51, type=lorsa, layer=3, feature=2992, pos=51)",1
1,51,11331,transcoder,12,32,13896,transcoder,8.983194351196289,0.6317782402038574,-8.351416110992432,0.0,-0.9296710929871261,"Node(id=25_13896_32, type=transcoder, layer=12, feature=13896, pos=32)",1
1,51,11331,transcoder,11,14,12258,transcoder,0.23024021089076996,0.18962588906288147,-0.04061432182788849,0.0,-0.17639977687110722,"Node(id=23_12258_14, type=transcoder, layer=11, feature=12258, pos=14)",1
1,51,11331,transcoder,14,51,7697,transcoder,1.0310401916503906,0.7149073481559753,-0.3161328434944153,0.0,-0.3066154414294753,"Node(id=29_7697_51, type=transcoder, layer=14, feature=7697, pos=51)",1
1,51,11331,transcoder,13,55,6340,transcoder,0.37931957840919495,0.3402111232280731,-0.039108455181121826,0.0,-0.10310159930351176,"Node(id=27_6340_55, type=transcoder, layer=13, feature=6340, pos=55)",1
1,51,11215,lorsa,1,51,11218,transcoder,0.6390401721000671,0.4379347562789917,-0.20110541582107544,0.0,-0.3146991763603625,"Node(id=3_11218_51, type=transcoder, layer=1, feature=11218, pos=51)",1
0,23,8135,transcoder,1,51,11218,transcoder,0.6390401721000671,0.44674965739250183,-0.1922905147075653,0.0,-0.3009052061244353,"Node(id=3_11218_51, type=transcoder, layer=1, feature=11218, pos=51)",1
1,51,11218,transcoder,3,51,7112,transcoder,1.2625163793563843,0.9962058663368225,-0.26631051301956177,0.0,-0.21093628357940486,"Node(id=7_7112_51, type=transcoder, layer=3, feature=7112, pos=51)",1
1,51,11218,transcoder,2,51,9305,transcoder,0.8282850384712219,0.43675053119659424,-0.3915345072746277,0.0,-0.47270503400289443,"Node(id=5_9305_51, type=transcoder, layer=2, feature=9305, pos=51)",1
0,51,15277,transcoder,1,51,11218,transcoder,0.6390401721000671,0.3565690517425537,-0.2824711203575134,0.0,-0.44202404275968016,"Node(id=3_11218_51, type=transcoder, layer=1, feature=11218, pos=51)",1
1,51,8276,lorsa,1,51,11218,transcoder,0.6390401721000671,0.3752765357494354,-0.2637636363506317,0.0,-0.41274969534987077,"Node(id=3_11218_51, type=transcoder, layer=1, feature=11218, pos=51)",1
0,51,8256,lorsa,1,51,11218,transcoder,0.6390401721000671,0.4202633798122406,-0.21877679228782654,0.0,-0.34235217415027913,"Node(id=3_11218_51, type=transcoder, layer=1, feature=11218, pos=51)",1
0,51,1026,transcoder,1,51,11218,transcoder,0.6390401721000671,0.4863815903663635,-0.1526585817337036,0.0,-0.23888730067160605,"Node(id=3_11218_51, type=transcoder, layer=1, feature=11218, pos=51)",1
1,51,11218,transcoder,3,51,2992,lorsa,2.136613607406616,1.7896543741226196,-0.3469592332839966,0.0,-0.16238744903676317,"Node(id=6_2992_51, type=lorsa, layer=3, feature=2992, pos=51)",1
1,51,11218,transcoder,12,32,13896,transcoder,8.983194351196289,6.129068374633789,-2.8541259765625,0.0,-0.31771838223475785,"Node(id=25_13896_32, type=transcoder, layer=12, feature=13896, pos=32)",1
1,51,11218,transcoder,11,14,12258,transcoder,0.23024021089076996,0.1834527850151062,-0.04678742587566376,0.0,-0.20321135780170277,"Node(id=23_12258_14, type=transcoder, layer=11, feature=12258, pos=14)",1
1,51,11218,transcoder,14,51,7697,transcoder,1.0310401916503906,0.7679629921913147,-0.2630771994590759,0.0,-0.25515707495162443,"Node(id=29_7697_51, type=transcoder, layer=14, feature=7697, pos=51)",1
1,51,11218,transcoder,5,54,14178,lorsa,2.141420841217041,1.7831439971923828,-0.3582768440246582,0.0,-0.16730800276560187,"Node(id=10_14178_54, type=lorsa, layer=5, feature=14178, pos=54)",1
0,45,7465,lorsa,0,45,12663,transcoder,1.3661699295043945,0.4897906482219696,-0.8763792812824249,0.0,-0.6414862912407603,"Node(id=1_12663_45, type=transcoder, layer=0, feature=12663, pos=45)",1
0,45,12663,transcoder,14,51,11103,transcoder,1.2022953033447266,0.37147775292396545,-0.8308175504207611,0.0,-0.691026196400724,"Node(id=29_11103_51, type=transcoder, layer=14, feature=11103, pos=51)",1
0,45,12663,transcoder,14,51,138,transcoder,4.929553031921387,3.224618911743164,-1.7049341201782227,0.0,-0.34585977859207495,"Node(id=29_138_51, type=transcoder, layer=14, feature=138, pos=51)",1
0,45,12663,transcoder,1,54,9400,transcoder,0.9067674875259399,0.3443019390106201,-0.5624655485153198,0.0,-0.6202974370529902,"Node(id=3_9400_54, type=transcoder, layer=1, feature=9400, pos=54)",1
0,45,12663,transcoder,14,51,2640,transcoder,1.2701964378356934,1.0589194297790527,-0.21127700805664062,0.0,-0.16633412105661283,"Node(id=29_2640_51, type=transcoder, layer=14, feature=2640, pos=51)",1
0,45,12663,transcoder,11,51,9680,transcoder,1.042241096496582,0.5203028321266174,-0.5219382643699646,0.0,-0.500784574820953,"Node(id=23_9680_51, type=transcoder, layer=11, feature=9680, pos=51)",1
0,45,12663,transcoder,12,51,8628,transcoder,0.8337218761444092,0.45952990651130676,-0.3741919696331024,0.0,-0.44882110010543674,"Node(id=25_8628_51, type=transcoder, layer=12, feature=8628, pos=51)",1
0,45,12663,transcoder,10,51,12950,transcoder,0.8460464477539062,0.5376859903335571,-0.3083604574203491,0.0,-0.3644722559133579,"Node(id=21_12950_51, type=transcoder, layer=10, feature=12950, pos=51)",1
0,45,12663,transcoder,4,23,3675,transcoder,0.6166015863418579,0.5388558506965637,-0.07774573564529419,0.0,-0.1260874726361638,"Node(id=9_3675_23, type=transcoder, layer=4, feature=3675, pos=23)",1
0,45,12663,transcoder,6,23,4099,transcoder,2.014463186264038,1.7227160930633545,-0.2917470932006836,0.0,-0.14482622228592265,"Node(id=13_4099_23, type=transcoder, layer=6, feature=4099, pos=23)",1
0,45,12663,transcoder,13,23,142,transcoder,1.0874344110488892,0.9142030477523804,-0.1732313632965088,0.0,-0.15930281544927183,"Node(id=27_142_23, type=transcoder, layer=13, feature=142, pos=23)",1
0,45,12663,transcoder,1,5,853,transcoder,1.0840907096862793,0.8847066164016724,-0.19938409328460693,0.0,-0.1839182750143721,"Node(id=3_853_5, type=transcoder, layer=1, feature=853, pos=5)",1
0,45,12663,transcoder,6,62,3210,transcoder,2.6106956005096436,2.3072197437286377,-0.30347585678100586,0.0,-0.11624329420931465,"Node(id=13_3210_62, type=transcoder, layer=6, feature=3210, pos=62)",1
0,45,12663,transcoder,10,51,9278,transcoder,8.472284317016602,7.495514869689941,-0.9767694473266602,0.0,-0.11528997502654822,"Node(id=21_9278_51, type=transcoder, layer=10, feature=9278, pos=51)",1
0,45,12663,transcoder,9,54,12243,lorsa,2.3094804286956787,0.9202553033828735,-1.3892251253128052,0.0,-0.6015314561887825,"Node(id=18_12243_54, type=lorsa, layer=9, feature=12243, pos=54)",1
0,45,12663,transcoder,14,55,9044,lorsa,3.8024330139160156,0.0,-3.8024330139160156,0.0,-1.0,"Node(id=28_9044_55, type=lorsa, layer=14, feature=9044, pos=55)",1
0,45,12663,transcoder,11,54,10708,transcoder,0.9755883812904358,0.0,-0.9755883812904358,0.0,-1.0,"Node(id=23_10708_54, type=transcoder, layer=11, feature=10708, pos=54)",1
0,45,12663,transcoder,1,54,11614,lorsa,2.873215436935425,0.0,-2.873215436935425,0.0,-1.0,"Node(id=2_11614_54, type=lorsa, layer=1, feature=11614, pos=54)",1
0,45,12663,transcoder,13,55,9300,transcoder,0.6302089691162109,0.3122222125530243,-0.31798675656318665,0.0,-0.5045735179064862,"Node(id=27_9300_55, type=transcoder, layer=13, feature=9300, pos=55)",1
0,45,12663,transcoder,14,51,11169,transcoder,0.6642193794250488,0.0,-0.6642193794250488,0.0,-1.0,"Node(id=29_11169_51, type=transcoder, layer=14, feature=11169, pos=51)",1
0,45,12663,transcoder,3,54,5828,lorsa,2.9929561614990234,0.0,-2.9929561614990234,0.0,-1.0,"Node(id=6_5828_54, type=lorsa, layer=3, feature=5828, pos=54)",1
0,45,12663,transcoder,10,54,9629,transcoder,0.9417102336883545,0.0,-0.9417102336883545,0.0,-1.0,"Node(id=21_9629_54, type=transcoder, layer=10, feature=9629, pos=54)",1
0,45,12663,transcoder,8,14,912,transcoder,0.7022373080253601,0.38824376463890076,-0.31399354338645935,0.0,-0.4471330984526957,"Node(id=17_912_14, type=transcoder, layer=8, feature=912, pos=14)",1
0,45,12663,transcoder,11,51,9849,transcoder,0.687792956829071,0.38827669620513916,-0.2995162606239319,0.0,-0.4354744515046947,"Node(id=23_9849_51, type=transcoder, layer=11, feature=9849, pos=51)",1
0,45,12663,transcoder,13,55,14142,transcoder,0.6139975786209106,0.0,-0.6139975786209106,0.0,-1.0,"Node(id=27_14142_55, type=transcoder, layer=13, feature=14142, pos=55)",1
0,45,12663,transcoder,8,62,8174,transcoder,1.1858330965042114,0.971954345703125,-0.21387875080108643,0.0,-0.18036159678085595,"Node(id=17_8174_62, type=transcoder, layer=8, feature=8174, pos=62)",1
0,45,12663,transcoder,13,56,13473,transcoder,1.8784750699996948,1.6341593265533447,-0.2443157434463501,0.0,-0.13006067919037637,"Node(id=27_13473_56, type=transcoder, layer=13, feature=13473, pos=56)",1
0,45,12663,transcoder,8,51,5050,transcoder,0.8566882014274597,0.6794914603233337,-0.17719674110412598,0.0,-0.20683924537407108,"Node(id=17_5050_51, type=transcoder, layer=8, feature=5050, pos=51)",1
0,45,12663,transcoder,9,14,13080,lorsa,4.417771816253662,2.180990219116211,-2.236781597137451,0.0,-0.5063144250474838,"Node(id=18_13080_14, type=lorsa, layer=9, feature=13080, pos=14)",1
0,45,12663,transcoder,13,51,5681,lorsa,1.9713155031204224,0.0,-1.9713155031204224,0.0,-1.0,"Node(id=26_5681_51, type=lorsa, layer=13, feature=5681, pos=51)",1
0,45,12663,transcoder,14,23,10814,transcoder,1.869791030883789,1.509276032447815,-0.3605149984359741,0.0,-0.192810315420954,"Node(id=29_10814_23, type=transcoder, layer=14, feature=10814, pos=23)",1
0,45,12663,transcoder,8,54,11682,transcoder,0.4600358009338379,0.0,-0.4600358009338379,0.0,-1.0,"Node(id=17_11682_54, type=transcoder, layer=8, feature=11682, pos=54)",1
0,45,12663,transcoder,12,54,9524,transcoder,0.9488894939422607,0.0,-0.9488894939422607,0.0,-1.0,"Node(id=25_9524_54, type=transcoder, layer=12, feature=9524, pos=54)",1
0,45,12663,transcoder,7,45,14452,transcoder,3.143462896347046,0.5786439180374146,-2.5648189783096313,0.0,-0.8159215053214578,"Node(id=15_14452_45, type=transcoder, layer=7, feature=14452, pos=45)",1
0,45,12663,transcoder,4,54,15551,lorsa,4.019529342651367,0.0,-4.019529342651367,0.0,-1.0,"Node(id=8_15551_54, type=lorsa, layer=4, feature=15551, pos=54)",1
0,45,12663,transcoder,8,54,1436,lorsa,2.9068973064422607,0.0,-2.9068973064422607,0.0,-1.0,"Node(id=16_1436_54, type=lorsa, layer=8, feature=1436, pos=54)",1
0,45,12663,transcoder,11,54,14428,lorsa,3.4473183155059814,1.3100111484527588,-2.1373071670532227,0.0,-0.6199912428857092,"Node(id=22_14428_54, type=lorsa, layer=11, feature=14428, pos=54)",1
0,45,12663,transcoder,10,14,14175,transcoder,0.5143704414367676,0.0,-0.5143704414367676,0.0,-1.0,"Node(id=21_14175_14, type=transcoder, layer=10, feature=14175, pos=14)",1
0,45,12663,transcoder,13,51,3932,transcoder,0.40207821130752563,0.0,-0.40207821130752563,0.0,-1.0,"Node(id=27_3932_51, type=transcoder, layer=13, feature=3932, pos=51)",1
0,45,12663,transcoder,10,8,54,transcoder,18.665470123291016,14.411664009094238,-4.253806114196777,0.0,-0.22789707872874967,"Node(id=21_54_8, type=transcoder, layer=10, feature=54, pos=8)",1
0,45,12663,transcoder,12,54,9881,lorsa,2.963268280029297,0.0,-2.963268280029297,0.0,-1.0,"Node(id=24_9881_54, type=lorsa, layer=12, feature=9881, pos=54)",1
0,45,12663,transcoder,9,54,1889,transcoder,0.6214693784713745,0.0,-0.6214693784713745,0.0,-1.0,"Node(id=19_1889_54, type=transcoder, layer=9, feature=1889, pos=54)",1
0,45,12663,transcoder,7,5,11946,transcoder,2.906679153442383,2.5324227809906006,-0.3742563724517822,0.0,-0.12875737317225056,"Node(id=15_11946_5, type=transcoder, layer=7, feature=11946, pos=5)",1
0,45,12663,transcoder,14,51,4640,lorsa,1.3973380327224731,0.0,-1.3973380327224731,0.0,-1.0,"Node(id=28_4640_51, type=lorsa, layer=14, feature=4640, pos=51)",1
0,45,12663,transcoder,9,54,13348,transcoder,0.5763208270072937,0.40938276052474976,-0.16693806648254395,0.0,-0.28966169303548567,"Node(id=19_13348_54, type=transcoder, layer=9, feature=13348, pos=54)",1
0,45,12663,transcoder,2,54,715,transcoder,0.9930531978607178,0.3314663767814636,-0.6615868210792542,0.0,-0.6662148840610712,"Node(id=5_715_54, type=transcoder, layer=2, feature=715, pos=54)",1
0,45,12663,transcoder,1,54,11175,transcoder,1.3649195432662964,0.7325936555862427,-0.6323258876800537,0.0,-0.4632697149070615,"Node(id=3_11175_54, type=transcoder, layer=1, feature=11175, pos=54)",1
0,45,12663,transcoder,11,14,12258,transcoder,0.23024021089076996,0.1365601122379303,-0.09368009865283966,0.0,-0.40687983341573275,"Node(id=23_12258_14, type=transcoder, layer=11, feature=12258, pos=14)",1
0,45,12663,transcoder,7,14,2772,transcoder,0.7835947275161743,0.3898598849773407,-0.3937348425388336,0.0,-0.502472552089379,"Node(id=15_2772_14, type=transcoder, layer=7, feature=2772, pos=14)",1
0,45,12663,transcoder,10,2,54,transcoder,18.140689849853516,9.752126693725586,-8.38856315612793,0.0,-0.4624169877528481,"Node(id=21_54_2, type=transcoder, layer=10, feature=54, pos=2)",1
0,45,12663,transcoder,14,51,13673,lorsa,0.8683499097824097,0.0,-0.8683499097824097,0.0,-1.0,"Node(id=28_13673_51, type=lorsa, layer=14, feature=13673, pos=51)",1
0,45,12663,transcoder,14,51,790,transcoder,0.5391555428504944,0.0,-0.5391555428504944,0.0,-1.0,"Node(id=29_790_51, type=transcoder, layer=14, feature=790, pos=51)",1
0,45,12663,transcoder,14,51,7697,transcoder,1.0310401916503906,0.6819026470184326,-0.349137544631958,0.0,-0.3386265127774427,"Node(id=29_7697_51, type=transcoder, layer=14, feature=7697, pos=51)",1
0,45,12663,transcoder,8,14,16275,lorsa,3.750656843185425,2.326486825942993,-1.4241700172424316,0.0,-0.37971216157244797,"Node(id=16_16275_14, type=lorsa, layer=8, feature=16275, pos=14)",1
0,45,12663,transcoder,13,51,6109,transcoder,0.38438713550567627,0.0,-0.38438713550567627,0.0,-1.0,"Node(id=27_6109_51, type=transcoder, layer=13, feature=6109, pos=51)",1
0,45,12663,transcoder,14,51,14073,transcoder,0.8638689517974854,0.0,-0.8638689517974854,0.0,-1.0,"Node(id=29_14073_51, type=transcoder, layer=14, feature=14073, pos=51)",1
0,45,12663,transcoder,13,55,6340,transcoder,0.37931957840919495,0.0,-0.37931957840919495,0.0,-1.0,"Node(id=27_6340_55, type=transcoder, layer=13, feature=6340, pos=55)",1
0,45,12663,transcoder,5,54,14178,lorsa,2.141420841217041,0.7230210900306702,-1.4183997511863708,0.0,-0.6623638492190292,"Node(id=10_14178_54, type=lorsa, layer=5, feature=14178, pos=54)",1
0,45,12663,transcoder,14,51,2652,transcoder,1.2029510736465454,0.0,-1.2029510736465454,0.0,-1.0,"Node(id=29_2652_51, type=transcoder, layer=14, feature=2652, pos=51)",1
0,45,12663,transcoder,3,54,10248,transcoder,0.899041473865509,0.0,-0.899041473865509,0.0,-1.0,"Node(id=7_10248_54, type=transcoder, layer=3, feature=10248, pos=54)",1
0,45,12663,transcoder,12,37,6377,transcoder,0.3010123670101166,0.0,-0.3010123670101166,0.0,-1.0,"Node(id=25_6377_37, type=transcoder, layer=12, feature=6377, pos=37)",1
0,45,12663,transcoder,12,2,13896,transcoder,12.517711639404297,8.351232528686523,-4.166479110717773,0.0,-0.3328467079879187,"Node(id=25_13896_2, type=transcoder, layer=12, feature=13896, pos=2)",1
0,45,12663,transcoder,10,54,16018,transcoder,5.421947956085205,4.466546058654785,-0.9554018974304199,0.0,-0.1762100826434797,"Node(id=21_16018_54, type=transcoder, layer=10, feature=16018, pos=54)",1
0,45,12663,transcoder,11,37,7513,transcoder,0.49810850620269775,0.37675583362579346,-0.1213526725769043,0.0,-0.24362698300823968,"Node(id=23_7513_37, type=transcoder, layer=11, feature=7513, pos=37)",1
0,45,12663,transcoder,6,55,4801,transcoder,1.9008395671844482,0.6749513149261475,-1.2258882522583008,0.0,-0.6449193679580779,"Node(id=13_4801_55, type=transcoder, layer=6, feature=4801, pos=55)",1
0,45,12663,transcoder,12,37,15342,lorsa,1.2413737773895264,0.0,-1.2413737773895264,0.0,-1.0,"Node(id=24_15342_37, type=lorsa, layer=12, feature=15342, pos=37)",1
0,45,12663,transcoder,6,14,8940,transcoder,1.2855827808380127,0.2528158128261566,-1.032766968011856,0.0,-0.8033453647680645,"Node(id=13_8940_14, type=transcoder, layer=6, feature=8940, pos=14)",1
0,45,12663,transcoder,7,62,8659,transcoder,0.6940901875495911,0.6056209206581116,-0.08846926689147949,0.0,-0.12746076587512423,"Node(id=15_8659_62, type=transcoder, layer=7, feature=8659, pos=62)",1
0,45,12663,transcoder,12,1,13896,transcoder,12.206680297851562,9.584593772888184,-2.622086524963379,0.0,-0.2148075038407354,"Node(id=25_13896_1, type=transcoder, layer=12, feature=13896, pos=1)",1
0,45,12663,transcoder,10,14,6896,transcoder,0.4185520112514496,0.0,-0.4185520112514496,0.0,-1.0,"Node(id=21_6896_14, type=transcoder, layer=10, feature=6896, pos=14)",1
0,45,12663,transcoder,10,14,11541,transcoder,0.4443958103656769,0.0,-0.4443958103656769,0.0,-1.0,"Node(id=21_11541_14, type=transcoder, layer=10, feature=11541, pos=14)",1
0,45,12663,transcoder,12,51,5918,transcoder,0.6882085204124451,0.18807481229305267,-0.5001337081193924,0.0,-0.7267182740191316,"Node(id=25_5918_51, type=transcoder, layer=12, feature=5918, pos=51)",1
0,45,12663,transcoder,12,37,15649,lorsa,3.205152750015259,0.0,-3.205152750015259,0.0,-1.0,"Node(id=24_15649_37, type=lorsa, layer=12, feature=15649, pos=37)",1
0,45,12663,transcoder,7,14,1092,transcoder,0.7006182074546814,0.0,-0.7006182074546814,0.0,-1.0,"Node(id=15_1092_14, type=transcoder, layer=7, feature=1092, pos=14)",1
0,45,12663,transcoder,10,56,11708,transcoder,2.9663991928100586,2.668743848800659,-0.2976553440093994,0.0,-0.10034230886080833,"Node(id=21_11708_56, type=transcoder, layer=10, feature=11708, pos=56)",1
0,45,12663,transcoder,6,45,4984,transcoder,0.9259824752807617,0.0,-0.9259824752807617,0.0,-1.0,"Node(id=13_4984_45, type=transcoder, layer=6, feature=4984, pos=45)",1
0,45,7465,lorsa,14,51,11103,transcoder,1.2022953033447266,0.4262675642967224,-0.7760277390480042,0.0,-0.6454551863332852,"Node(id=29_11103_51, type=transcoder, layer=14, feature=11103, pos=51)",1
0,45,7465,lorsa,14,51,138,transcoder,4.929553031921387,3.204916477203369,-1.7246365547180176,0.0,-0.34985657797981085,"Node(id=29_138_51, type=transcoder, layer=14, feature=138, pos=51)",1
0,45,7465,lorsa,1,54,9400,transcoder,0.9067674875259399,0.5003346800804138,-0.4064328074455261,0.0,-0.4482216367885591,"Node(id=3_9400_54, type=transcoder, layer=1, feature=9400, pos=54)",1
0,45,7465,lorsa,14,51,2640,transcoder,1.2701964378356934,1.0961099863052368,-0.17408645153045654,0.0,-0.1370547470807626,"Node(id=29_2640_51, type=transcoder, layer=14, feature=2640, pos=51)",1
0,45,7465,lorsa,11,51,9680,transcoder,1.042241096496582,0.581829845905304,-0.4604112505912781,0.0,-0.4417511957059812,"Node(id=23_9680_51, type=transcoder, layer=11, feature=9680, pos=51)",1
0,45,7465,lorsa,12,51,8628,transcoder,0.8337218761444092,0.5114241242408752,-0.32229775190353394,0.0,-0.3865770601990401,"Node(id=25_8628_51, type=transcoder, layer=12, feature=8628, pos=51)",1
0,45,7465,lorsa,10,51,12950,transcoder,0.8460464477539062,0.6124023795127869,-0.23364406824111938,0.0,-0.276159859616928,"Node(id=21_12950_51, type=transcoder, layer=10, feature=12950, pos=51)",1
0,45,7465,lorsa,4,23,3675,transcoder,0.6166015863418579,0.5478280186653137,-0.06877356767654419,0.0,-0.11153647541609561,"Node(id=9_3675_23, type=transcoder, layer=4, feature=3675, pos=23)",1
0,45,7465,lorsa,6,23,4099,transcoder,2.014463186264038,1.7515153884887695,-0.26294779777526855,0.0,-0.13052995933021913,"Node(id=13_4099_23, type=transcoder, layer=6, feature=4099, pos=23)",1
0,45,7465,lorsa,13,23,142,transcoder,1.0874344110488892,0.9339252710342407,-0.15350914001464844,0.0,-0.1411663438777706,"Node(id=27_142_23, type=transcoder, layer=13, feature=142, pos=23)",1
0,45,7465,lorsa,1,5,853,transcoder,1.0840907096862793,0.9407628774642944,-0.14332783222198486,0.0,-0.1322101840199903,"Node(id=3_853_5, type=transcoder, layer=1, feature=853, pos=5)",1
0,45,7465,lorsa,9,54,12243,lorsa,2.3094804286956787,1.182252049446106,-1.1272283792495728,0.0,-0.4880874352705364,"Node(id=18_12243_54, type=lorsa, layer=9, feature=12243, pos=54)",1
0,45,7465,lorsa,14,55,9044,lorsa,3.8024330139160156,0.0,-3.8024330139160156,0.0,-1.0,"Node(id=28_9044_55, type=lorsa, layer=14, feature=9044, pos=55)",1
0,45,7465,lorsa,11,54,10708,transcoder,0.9755883812904358,0.0,-0.9755883812904358,0.0,-1.0,"Node(id=23_10708_54, type=transcoder, layer=11, feature=10708, pos=54)",1
0,45,7465,lorsa,1,54,11614,lorsa,2.873215436935425,1.6530561447143555,-1.2201592922210693,0.0,-0.4246668302473318,"Node(id=2_11614_54, type=lorsa, layer=1, feature=11614, pos=54)",1
0,45,7465,lorsa,13,55,9300,transcoder,0.6302089691162109,0.33355870842933655,-0.2966502606868744,0.0,-0.4707172941427495,"Node(id=27_9300_55, type=transcoder, layer=13, feature=9300, pos=55)",1
0,45,7465,lorsa,14,51,11169,transcoder,0.6642193794250488,0.0,-0.6642193794250488,0.0,-1.0,"Node(id=29_11169_51, type=transcoder, layer=14, feature=11169, pos=51)",1
0,45,7465,lorsa,3,54,5828,lorsa,2.9929561614990234,0.0,-2.9929561614990234,0.0,-1.0,"Node(id=6_5828_54, type=lorsa, layer=3, feature=5828, pos=54)",1
0,45,7465,lorsa,10,54,9629,transcoder,0.9417102336883545,0.0,-0.9417102336883545,0.0,-1.0,"Node(id=21_9629_54, type=transcoder, layer=10, feature=9629, pos=54)",1
0,45,7465,lorsa,8,14,912,transcoder,0.7022373080253601,0.43160122632980347,-0.27063608169555664,0.0,-0.38539120408820987,"Node(id=17_912_14, type=transcoder, layer=8, feature=912, pos=14)",1
0,45,7465,lorsa,11,51,9849,transcoder,0.687792956829071,0.4649392068386078,-0.22285374999046326,0.0,-0.3240128410414159,"Node(id=23_9849_51, type=transcoder, layer=11, feature=9849, pos=51)",1
0,45,7465,lorsa,13,55,14142,transcoder,0.6139975786209106,0.0,-0.6139975786209106,0.0,-1.0,"Node(id=27_14142_55, type=transcoder, layer=13, feature=14142, pos=55)",1
0,45,7465,lorsa,8,62,8174,transcoder,1.1858330965042114,1.0023236274719238,-0.1835094690322876,0.0,-0.1547515156840083,"Node(id=17_8174_62, type=transcoder, layer=8, feature=8174, pos=62)",1
0,45,7465,lorsa,13,56,13473,transcoder,1.8784750699996948,1.6608381271362305,-0.21763694286346436,0.0,-0.11585830780469165,"Node(id=27_13473_56, type=transcoder, layer=13, feature=13473, pos=56)",1
0,45,7465,lorsa,8,51,5050,transcoder,0.8566882014274597,0.7295342087745667,-0.12715399265289307,0.0,-0.14842505411072812,"Node(id=17_5050_51, type=transcoder, layer=8, feature=5050, pos=51)",1
0,45,7465,lorsa,9,14,13080,lorsa,4.417771816253662,2.6481196880340576,-1.7696521282196045,0.0,-0.40057572048171025,"Node(id=18_13080_14, type=lorsa, layer=9, feature=13080, pos=14)",1
0,45,7465,lorsa,13,51,5681,lorsa,1.9713155031204224,0.0,-1.9713155031204224,0.0,-1.0,"Node(id=26_5681_51, type=lorsa, layer=13, feature=5681, pos=51)",1
0,45,7465,lorsa,14,23,10814,transcoder,1.869791030883789,1.5113835334777832,-0.35840749740600586,0.0,-0.1916831835676302,"Node(id=29_10814_23, type=transcoder, layer=14, feature=10814, pos=23)",1
0,45,7465,lorsa,8,54,11682,transcoder,0.4600358009338379,0.0,-0.4600358009338379,0.0,-1.0,"Node(id=17_11682_54, type=transcoder, layer=8, feature=11682, pos=54)",1
0,45,7465,lorsa,12,54,9524,transcoder,0.9488894939422607,0.0,-0.9488894939422607,0.0,-1.0,"Node(id=25_9524_54, type=transcoder, layer=12, feature=9524, pos=54)",1
0,45,7465,lorsa,7,45,14452,transcoder,3.143462896347046,1.2706899642944336,-1.8727729320526123,0.0,-0.5957674684911737,"Node(id=15_14452_45, type=transcoder, layer=7, feature=14452, pos=45)",1
0,45,7465,lorsa,4,54,15551,lorsa,4.019529342651367,0.9392309188842773,-3.08029842376709,0.0,-0.7663331104669233,"Node(id=8_15551_54, type=lorsa, layer=4, feature=15551, pos=54)",1
0,45,7465,lorsa,8,54,1436,lorsa,2.9068973064422607,0.0,-2.9068973064422607,0.0,-1.0,"Node(id=16_1436_54, type=lorsa, layer=8, feature=1436, pos=54)",1
0,45,7465,lorsa,11,54,14428,lorsa,3.4473183155059814,1.7921267747879028,-1.6551915407180786,0.0,-0.48013887585403825,"Node(id=22_14428_54, type=lorsa, layer=11, feature=14428, pos=54)",1
0,45,7465,lorsa,10,14,14175,transcoder,0.5143704414367676,0.0,-0.5143704414367676,0.0,-1.0,"Node(id=21_14175_14, type=transcoder, layer=10, feature=14175, pos=14)",1
0,45,7465,lorsa,13,51,3932,transcoder,0.40207821130752563,0.0,-0.40207821130752563,0.0,-1.0,"Node(id=27_3932_51, type=transcoder, layer=13, feature=3932, pos=51)",1
0,45,7465,lorsa,10,8,54,transcoder,18.665470123291016,14.786458015441895,-3.879012107849121,0.0,-0.20781754127954374,"Node(id=21_54_8, type=transcoder, layer=10, feature=54, pos=8)",1
0,45,7465,lorsa,12,54,9881,lorsa,2.963268280029297,0.0,-2.963268280029297,0.0,-1.0,"Node(id=24_9881_54, type=lorsa, layer=12, feature=9881, pos=54)",1
0,45,7465,lorsa,9,54,1889,transcoder,0.6214693784713745,0.0,-0.6214693784713745,0.0,-1.0,"Node(id=19_1889_54, type=transcoder, layer=9, feature=1889, pos=54)",1
0,45,7465,lorsa,14,51,4640,lorsa,1.3973380327224731,0.0,-1.3973380327224731,0.0,-1.0,"Node(id=28_4640_51, type=lorsa, layer=14, feature=4640, pos=51)",1
0,45,7465,lorsa,9,54,13348,transcoder,0.5763208270072937,0.403848260641098,-0.17247256636619568,0.0,-0.299264850902244,"Node(id=19_13348_54, type=transcoder, layer=9, feature=13348, pos=54)",1
0,45,7465,lorsa,2,54,715,transcoder,0.9930531978607178,0.562788188457489,-0.43026500940322876,0.0,-0.43327488429635597,"Node(id=5_715_54, type=transcoder, layer=2, feature=715, pos=54)",1
0,45,7465,lorsa,1,54,11175,transcoder,1.3649195432662964,0.8754665851593018,-0.48945295810699463,0.0,-0.358594732210895,"Node(id=3_11175_54, type=transcoder, layer=1, feature=11175, pos=54)",1
0,45,7465,lorsa,11,14,12258,transcoder,0.23024021089076996,0.14662934839725494,-0.08361086249351501,0.0,-0.36314622094044857,"Node(id=23_12258_14, type=transcoder, layer=11, feature=12258, pos=14)",1
0,45,7465,lorsa,7,14,2772,transcoder,0.7835947275161743,0.41124671697616577,-0.37234801054000854,0.0,-0.4751793209740846,"Node(id=15_2772_14, type=transcoder, layer=7, feature=2772, pos=14)",1
0,45,7465,lorsa,0,45,1586,transcoder,0.4573759138584137,0.0,-0.4573759138584137,0.0,-1.0,"Node(id=1_1586_45, type=transcoder, layer=0, feature=1586, pos=45)",1
0,45,7465,lorsa,10,2,54,transcoder,18.140689849853516,10.326638221740723,-7.814051628112793,0.0,-0.43074721484066886,"Node(id=21_54_2, type=transcoder, layer=10, feature=54, pos=2)",1
0,45,7465,lorsa,14,51,13673,lorsa,0.8683499097824097,0.0,-0.8683499097824097,0.0,-1.0,"Node(id=28_13673_51, type=lorsa, layer=14, feature=13673, pos=51)",1
0,45,7465,lorsa,14,51,790,transcoder,0.5391555428504944,0.0,-0.5391555428504944,0.0,-1.0,"Node(id=29_790_51, type=transcoder, layer=14, feature=790, pos=51)",1
0,45,7465,lorsa,14,51,7697,transcoder,1.0310401916503906,0.7594305872917175,-0.2716096043586731,0.0,-0.2634326057880502,"Node(id=29_7697_51, type=transcoder, layer=14, feature=7697, pos=51)",1
0,45,7465,lorsa,8,14,16275,lorsa,3.750656843185425,2.464808464050293,-1.2858483791351318,0.0,-0.34283285112350176,"Node(id=16_16275_14, type=lorsa, layer=8, feature=16275, pos=14)",1
0,45,7465,lorsa,13,51,6109,transcoder,0.38438713550567627,0.0,-0.38438713550567627,0.0,-1.0,"Node(id=27_6109_51, type=transcoder, layer=13, feature=6109, pos=51)",1
0,45,7465,lorsa,14,51,14073,transcoder,0.8638689517974854,0.0,-0.8638689517974854,0.0,-1.0,"Node(id=29_14073_51, type=transcoder, layer=14, feature=14073, pos=51)",1
0,45,7465,lorsa,13,55,6340,transcoder,0.37931957840919495,0.0,-0.37931957840919495,0.0,-1.0,"Node(id=27_6340_55, type=transcoder, layer=13, feature=6340, pos=55)",1
0,45,7465,lorsa,5,54,14178,lorsa,2.141420841217041,0.9689058065414429,-1.1725150346755981,0.0,-0.5475406851878861,"Node(id=10_14178_54, type=lorsa, layer=5, feature=14178, pos=54)",1
0,45,7465,lorsa,14,51,2652,transcoder,1.2029510736465454,0.0,-1.2029510736465454,0.0,-1.0,"Node(id=29_2652_51, type=transcoder, layer=14, feature=2652, pos=51)",1
0,45,7465,lorsa,3,54,10248,transcoder,0.899041473865509,0.37597373127937317,-0.5230677425861359,0.0,-0.581806020958254,"Node(id=7_10248_54, type=transcoder, layer=3, feature=10248, pos=54)",1
0,45,7465,lorsa,12,37,6377,transcoder,0.3010123670101166,0.0,-0.3010123670101166,0.0,-1.0,"Node(id=25_6377_37, type=transcoder, layer=12, feature=6377, pos=37)",1
0,45,7465,lorsa,12,2,13896,transcoder,12.517711639404297,8.590418815612793,-3.927292823791504,0.0,-0.3137388795112394,"Node(id=25_13896_2, type=transcoder, layer=12, feature=13896, pos=2)",1
0,45,7465,lorsa,10,54,16018,transcoder,5.421947956085205,4.626157760620117,-0.7957901954650879,0.0,-0.14677200923183892,"Node(id=21_16018_54, type=transcoder, layer=10, feature=16018, pos=54)",1
0,45,7465,lorsa,11,37,7513,transcoder,0.49810850620269775,0.42235127091407776,-0.07575723528862,0.0,-0.15208982449657613,"Node(id=23_7513_37, type=transcoder, layer=11, feature=7513, pos=37)",1
0,45,7465,lorsa,6,55,4801,transcoder,1.9008395671844482,0.8094483017921448,-1.0913912653923035,0.0,-0.5741627458906953,"Node(id=13_4801_55, type=transcoder, layer=6, feature=4801, pos=55)",1
0,45,7465,lorsa,12,37,15342,lorsa,1.2413737773895264,0.0,-1.2413737773895264,0.0,-1.0,"Node(id=24_15342_37, type=lorsa, layer=12, feature=15342, pos=37)",1
0,45,7465,lorsa,6,14,8940,transcoder,1.2855827808380127,0.4418960511684418,-0.8436867296695709,0.0,-0.6562679138558546,"Node(id=13_8940_14, type=transcoder, layer=6, feature=8940, pos=14)",1
0,45,7465,lorsa,7,62,8659,transcoder,0.6940901875495911,0.6164896488189697,-0.07760053873062134,0.0,-0.11180180922104876,"Node(id=15_8659_62, type=transcoder, layer=7, feature=8659, pos=62)",1
0,45,7465,lorsa,12,1,13896,transcoder,12.206680297851562,9.688385963439941,-2.518294334411621,0.0,-0.20630460313234006,"Node(id=25_13896_1, type=transcoder, layer=12, feature=13896, pos=1)",1
0,45,7465,lorsa,10,14,6896,transcoder,0.4185520112514496,0.0,-0.4185520112514496,0.0,-1.0,"Node(id=21_6896_14, type=transcoder, layer=10, feature=6896, pos=14)",1
0,45,7465,lorsa,10,14,11541,transcoder,0.4443958103656769,0.0,-0.4443958103656769,0.0,-1.0,"Node(id=21_11541_14, type=transcoder, layer=10, feature=11541, pos=14)",1
0,45,7465,lorsa,12,51,5918,transcoder,0.6882085204124451,0.18445749580860138,-0.5037510246038437,0.0,-0.7319744084277603,"Node(id=25_5918_51, type=transcoder, layer=12, feature=5918, pos=51)",1
0,45,7465,lorsa,12,37,15649,lorsa,3.205152750015259,0.0,-3.205152750015259,0.0,-1.0,"Node(id=24_15649_37, type=lorsa, layer=12, feature=15649, pos=37)",1
0,45,7465,lorsa,7,14,1092,transcoder,0.7006182074546814,0.0,-0.7006182074546814,0.0,-1.0,"Node(id=15_1092_14, type=transcoder, layer=7, feature=1092, pos=14)",1
0,45,7465,lorsa,6,45,4984,transcoder,0.9259824752807617,0.0,-0.9259824752807617,0.0,-1.0,"Node(id=13_4984_45, type=transcoder, layer=6, feature=4984, pos=45)",1
1,51,11215,lorsa,3,51,7112,transcoder,1.2625163793563843,1.032566785812378,-0.22994959354400635,0.0,-0.18213592893046812,"Node(id=7_7112_51, type=transcoder, layer=3, feature=7112, pos=51)",1
1,51,11215,lorsa,2,51,9305,transcoder,0.8282850384712219,0.4936755895614624,-0.3346094489097595,0.0,-0.4039786225371802,"Node(id=5_9305_51, type=transcoder, layer=2, feature=9305, pos=51)",1
1,51,11215,lorsa,3,51,2992,lorsa,2.136613607406616,1.597519874572754,-0.5390937328338623,0.0,-0.2523122248052163,"Node(id=6_2992_51, type=lorsa, layer=3, feature=2992, pos=51)",1
1,51,11215,lorsa,9,54,12266,lorsa,1.494158148765564,1.2973519563674927,-0.1968061923980713,0.0,-0.13171710943762388,"Node(id=18_12266_54, type=lorsa, layer=9, feature=12266, pos=54)",1
1,51,11215,lorsa,12,32,13896,transcoder,8.983194351196289,1.533835530281067,-7.449358820915222,0.0,-0.8292549987993072,"Node(id=25_13896_32, type=transcoder, layer=12, feature=13896, pos=32)",1
1,51,11215,lorsa,11,14,12258,transcoder,0.23024021089076996,0.17583242058753967,-0.054407790303230286,0.0,-0.23630881023229391,"Node(id=23_12258_14, type=transcoder, layer=11, feature=12258, pos=14)",1
1,51,11215,lorsa,14,51,7697,transcoder,1.0310401916503906,0.6927054524421692,-0.33833473920822144,0.0,-0.328148933424843,"Node(id=29_7697_51, type=transcoder, layer=14, feature=7697, pos=51)",1
1,51,11215,lorsa,13,55,6340,transcoder,0.37931957840919495,0.33856746554374695,-0.040752112865448,0.0,-0.1074347731703061,"Node(id=27_6340_55, type=transcoder, layer=13, feature=6340, pos=55)",1
1,51,11215,lorsa,5,54,14178,lorsa,2.141420841217041,1.863562822341919,-0.27785801887512207,0.0,-0.1297540462514627,"Node(id=10_14178_54, type=lorsa, layer=5, feature=14178, pos=54)",1
0,3,13486,transcoder,14,51,11103,transcoder,1.2022953033447266,0.8261464238166809,-0.37614887952804565,0.0,-0.312858977725038,"Node(id=29_11103_51, type=transcoder, layer=14, feature=11103, pos=51)",1
0,14,12663,transcoder,14,51,11103,transcoder,1.2022953033447266,1.0040788650512695,-0.19821643829345703,0.0,-0.16486501921951174,"Node(id=29_11103_51, type=transcoder, layer=14, feature=11103, pos=51)",1
0,14,7465,lorsa,14,51,11103,transcoder,1.2022953033447266,1.0156077146530151,-0.18668758869171143,0.0,-0.15527598600140557,"Node(id=29_11103_51, type=transcoder, layer=14, feature=11103, pos=51)",1
0,5,13486,transcoder,14,51,11103,transcoder,1.2022953033447266,1.0398874282836914,-0.16240787506103516,0.0,-0.13508151833349463,"Node(id=29_11103_51, type=transcoder, layer=14, feature=11103, pos=51)",1
0,23,8135,transcoder,14,51,11103,transcoder,1.2022953033447266,0.0,-1.2022953033447266,0.0,-1.0,"Node(id=29_11103_51, type=transcoder, layer=14, feature=11103, pos=51)",1
13,51,12356,transcoder,14,51,11103,transcoder,1.2022953033447266,0.4863920211791992,-0.7159032821655273,0.0,-0.5954471253226388,"Node(id=29_11103_51, type=transcoder, layer=14, feature=11103, pos=51)",1
12,51,8628,transcoder,14,51,11103,transcoder,1.2022953033447266,1.0725195407867432,-0.1297757625579834,0.0,-0.10794000625050568,"Node(id=29_11103_51, type=transcoder, layer=14, feature=11103, pos=51)",1
11,51,11974,transcoder,14,51,11103,transcoder,1.2022953033447266,1.0579010248184204,-0.14439427852630615,0.0,-0.12009884603608477,"Node(id=29_11103_51, type=transcoder, layer=14, feature=11103, pos=51)",1
12,51,15847,transcoder,14,51,11103,transcoder,1.2022953033447266,1.0168923139572144,-0.1854029893875122,0.0,-0.1542075302729123,"Node(id=29_11103_51, type=transcoder, layer=14, feature=11103, pos=51)",1
7,51,9138,transcoder,10,51,12950,transcoder,0.8460464477539062,0.7523881196975708,-0.09365832805633545,0.0,-0.11070116576339355,"Node(id=21_12950_51, type=transcoder, layer=10, feature=12950, pos=51)",1
7,51,9138,transcoder,9,54,12243,lorsa,2.3094804286956787,1.5482203960418701,-0.7612600326538086,0.0,-0.3296239375727224,"Node(id=18_12243_54, type=lorsa, layer=9, feature=12243, pos=54)",1
7,51,9138,transcoder,8,51,5284,transcoder,1.6072231531143188,0.8717324137687683,-0.7354907393455505,0.0,-0.4576158188863749,"Node(id=17_5284_51, type=transcoder, layer=8, feature=5284, pos=51)",1
5,51,8348,transcoder,7,51,9138,transcoder,1.008360505104065,0.7890816926956177,-0.21927881240844727,0.0,-0.2174607308581738,"Node(id=15_9138_51, type=transcoder, layer=7, feature=9138, pos=51)",1
7,51,9138,transcoder,12,32,13896,transcoder,8.983194351196289,7.357258319854736,-1.6259360313415527,0.0,-0.18099753470490454,"Node(id=25_13896_32, type=transcoder, layer=12, feature=13896, pos=32)",1
7,51,9138,transcoder,11,14,12258,transcoder,0.23024021089076996,0.17525088787078857,-0.054989323019981384,0.0,-0.2388345754515891,"Node(id=23_12258_14, type=transcoder, layer=11, feature=12258, pos=14)",1
7,51,9138,transcoder,14,51,14073,transcoder,0.8638689517974854,0.7270401120185852,-0.13682883977890015,0.0,-0.15839073680584898,"Node(id=29_14073_51, type=transcoder, layer=14, feature=14073, pos=51)",1
7,51,9138,transcoder,11,37,7513,transcoder,0.49810850620269775,0.3984861373901367,-0.09962236881256104,0.0,-0.2000013402140561,"Node(id=23_7513_37, type=transcoder, layer=11, feature=7513, pos=37)",1
7,51,9138,transcoder,10,51,13957,transcoder,1.0498993396759033,0.700367271900177,-0.3495320677757263,0.0,-0.3329195995909707,"Node(id=21_13957_51, type=transcoder, layer=10, feature=13957, pos=51)",1
0,55,11076,transcoder,14,51,138,transcoder,4.929553031921387,3.67149019241333,-1.2580628395080566,0.0,-0.25520829806707707,"Node(id=29_138_51, type=transcoder, layer=14, feature=138, pos=51)",1
0,3,13486,transcoder,14,51,138,transcoder,4.929553031921387,3.538465976715088,-1.3910870552062988,0.0,-0.28219334414262226,"Node(id=29_138_51, type=transcoder, layer=14, feature=138, pos=51)",1
0,5,13486,transcoder,14,51,138,transcoder,4.929553031921387,4.18975830078125,-0.7397947311401367,0.0,-0.15007338928085082,"Node(id=29_138_51, type=transcoder, layer=14, feature=138, pos=51)",1
0,23,8135,transcoder,14,51,138,transcoder,4.929553031921387,1.0869311094284058,-3.842621922492981,0.0,-0.7795071678121791,"Node(id=29_138_51, type=transcoder, layer=14, feature=138, pos=51)",1
0,10,12663,transcoder,14,51,138,transcoder,4.929553031921387,4.114980697631836,-0.8145723342895508,0.0,-0.1652426353900195,"Node(id=29_138_51, type=transcoder, layer=14, feature=138, pos=51)",1
0,10,7465,lorsa,14,51,138,transcoder,4.929553031921387,4.302227020263672,-0.6273260116577148,0.0,-0.1272581931050253,"Node(id=29_138_51, type=transcoder, layer=14, feature=138, pos=51)",1
0,9,12663,transcoder,14,51,138,transcoder,4.929553031921387,4.232219219207764,-0.697333812713623,0.0,-0.14145984599375006,"Node(id=29_138_51, type=transcoder, layer=14, feature=138, pos=51)",1
0,9,7465,lorsa,14,51,138,transcoder,4.929553031921387,4.313654899597168,-0.6158981323242188,0.0,-0.12493995466444162,"Node(id=29_138_51, type=transcoder, layer=14, feature=138, pos=51)",1
0,3,10273,lorsa,0,3,13486,transcoder,2.4805715084075928,1.0112547874450684,-1.4693167209625244,0.0,-0.5923299191264818,"Node(id=1_13486_3, type=transcoder, layer=0, feature=13486, pos=3)",1
0,3,10273,lorsa,1,3,853,transcoder,1.451816201210022,0.6262587308883667,-0.8255574703216553,0.0,-0.5686377308874161,"Node(id=3_853_3, type=transcoder, layer=1, feature=853, pos=3)",1
0,3,10273,lorsa,9,54,12243,lorsa,2.3094804286956787,2.056821584701538,-0.2526588439941406,0.0,-0.10940072964239594,"Node(id=18_12243_54, type=lorsa, layer=9, feature=12243, pos=54)",1
0,3,10273,lorsa,14,51,11169,transcoder,0.6642193794250488,0.5936316847801208,-0.07058769464492798,0.0,-0.10627165787609057,"Node(id=29_11169_51, type=transcoder, layer=14, feature=11169, pos=51)",1
0,3,10273,lorsa,3,3,5514,transcoder,1.3314927816390991,1.005534052848816,-0.3259587287902832,0.0,-0.24480698152116176,"Node(id=7_5514_3, type=transcoder, layer=3, feature=5514, pos=3)",1
0,3,10273,lorsa,13,51,3932,transcoder,0.40207821130752563,0.3470492959022522,-0.05502891540527344,0.0,-0.13686122216452337,"Node(id=27_3932_51, type=transcoder, layer=13, feature=3932, pos=51)",1
0,3,10273,lorsa,13,56,16285,transcoder,0.37943366169929504,0.3047542870044708,-0.07467937469482422,0.0,-0.19681800070234245,"Node(id=27_16285_56, type=transcoder, layer=13, feature=16285, pos=56)",1
0,3,10273,lorsa,3,54,10248,transcoder,0.899041473865509,0.8053837418556213,-0.0936577320098877,0.0,-0.10417509618015498,"Node(id=7_10248_54, type=transcoder, layer=3, feature=10248, pos=54)",1
0,3,10273,lorsa,12,37,15342,lorsa,1.2413737773895264,1.0712140798568726,-0.1701596975326538,0.0,-0.1370737006306683,"Node(id=24_15342_37, type=lorsa, layer=12, feature=15342, pos=37)",1
0,55,12046,lorsa,0,55,11076,transcoder,1.237419605255127,0.9205142855644226,-0.31690531969070435,0.0,-0.2561017445859571,"Node(id=1_11076_55, type=transcoder, layer=0, feature=11076, pos=55)",1
0,55,11076,transcoder,11,51,9680,transcoder,1.042241096496582,0.7681524157524109,-0.27408868074417114,0.0,-0.2629801124379958,"Node(id=23_9680_51, type=transcoder, layer=11, feature=9680, pos=51)",1
0,55,11076,transcoder,13,51,12356,transcoder,3.2392890453338623,2.7198874950408936,-0.5194015502929688,0.0,-0.16034430488417123,"Node(id=27_12356_51, type=transcoder, layer=13, feature=12356, pos=51)",1
0,55,11076,transcoder,1,55,8511,transcoder,0.6230177879333496,0.0,-0.6230177879333496,0.0,-1.0,"Node(id=3_8511_55, type=transcoder, layer=1, feature=8511, pos=55)",1
0,55,11076,transcoder,12,51,8628,transcoder,0.8337218761444092,0.5516783595085144,-0.2820435166358948,0.0,-0.3382944896926777,"Node(id=25_8628_51, type=transcoder, layer=12, feature=8628, pos=51)",1
0,55,11076,transcoder,10,51,12950,transcoder,0.8460464477539062,0.6306194067001343,-0.21542704105377197,0.0,-0.2546279127176648,"Node(id=21_12950_51, type=transcoder, layer=10, feature=12950, pos=51)",1
0,55,11076,transcoder,4,23,3675,transcoder,0.6166015863418579,0.5344604849815369,-0.08214110136032104,0.0,-0.13321584501208233,"Node(id=9_3675_23, type=transcoder, layer=4, feature=3675, pos=23)",1
0,55,11076,transcoder,6,23,4099,transcoder,2.014463186264038,1.6494992971420288,-0.3649638891220093,0.0,-0.181171783932602,"Node(id=13_4099_23, type=transcoder, layer=6, feature=4099, pos=23)",1
0,55,11076,transcoder,9,54,12243,lorsa,2.3094804286956787,0.0,-2.3094804286956787,0.0,-1.0,"Node(id=18_12243_54, type=lorsa, layer=9, feature=12243, pos=54)",1
0,55,11076,transcoder,14,55,9044,lorsa,3.8024330139160156,1.457480549812317,-2.3449524641036987,0.0,-0.6166979025065585,"Node(id=28_9044_55, type=lorsa, layer=14, feature=9044, pos=55)",1
0,55,11076,transcoder,3,55,15371,transcoder,0.6983613967895508,0.0,-0.6983613967895508,0.0,-1.0,"Node(id=7_15371_55, type=transcoder, layer=3, feature=15371, pos=55)",1
0,55,11076,transcoder,13,55,9300,transcoder,0.6302089691162109,0.0,-0.6302089691162109,0.0,-1.0,"Node(id=27_9300_55, type=transcoder, layer=13, feature=9300, pos=55)",1
0,55,11076,transcoder,14,51,11169,transcoder,0.6642193794250488,0.0,-0.6642193794250488,0.0,-1.0,"Node(id=29_11169_51, type=transcoder, layer=14, feature=11169, pos=51)",1
0,55,11076,transcoder,8,14,912,transcoder,0.7022373080253601,0.6292359232902527,-0.07300138473510742,0.0,-0.10395543486628754,"Node(id=17_912_14, type=transcoder, layer=8, feature=912, pos=14)",1
0,55,11076,transcoder,13,55,14142,transcoder,0.6139975786209106,0.5504355430603027,-0.06356203556060791,0.0,-0.10352163880413584,"Node(id=27_14142_55, type=transcoder, layer=13, feature=14142, pos=55)",1
0,55,11076,transcoder,8,62,8174,transcoder,1.1858330965042114,0.9536962509155273,-0.23213684558868408,0.0,-0.1957584471819974,"Node(id=17_8174_62, type=transcoder, layer=8, feature=8174, pos=62)",1
0,55,11076,transcoder,12,23,15674,transcoder,0.6342616677284241,0.47118717432022095,-0.16307449340820312,0.0,-0.2571091738717967,"Node(id=25_15674_23, type=transcoder, layer=12, feature=15674, pos=23)",1
0,55,11076,transcoder,3,55,8792,lorsa,2.6274337768554688,1.6419129371643066,-0.9855208396911621,0.0,-0.37508874566979206,"Node(id=6_8792_55, type=lorsa, layer=3, feature=8792, pos=55)",1
0,55,11076,transcoder,7,51,14452,transcoder,2.90750789642334,2.413907766342163,-0.49360013008117676,0.0,-0.16976742546026347,"Node(id=15_14452_51, type=transcoder, layer=7, feature=14452, pos=51)",1
0,55,11076,transcoder,13,51,5681,lorsa,1.9713155031204224,1.1456161737442017,-0.8256993293762207,0.0,-0.41885701607338344,"Node(id=26_5681_51, type=lorsa, layer=13, feature=5681, pos=51)",1
0,55,11076,transcoder,8,54,11682,transcoder,0.4600358009338379,0.28086981177330017,-0.17916598916053772,0.0,-0.38946096976984035,"Node(id=17_11682_54, type=transcoder, layer=8, feature=11682, pos=54)",1
0,55,11076,transcoder,12,54,9524,transcoder,0.9488894939422607,0.58709716796875,-0.36179232597351074,0.0,-0.3812797257037873,"Node(id=25_9524_54, type=transcoder, layer=12, feature=9524, pos=54)",1
0,55,11076,transcoder,8,54,1436,lorsa,2.9068973064422607,1.8286696672439575,-1.0782276391983032,0.0,-0.370920443872832,"Node(id=16_1436_54, type=lorsa, layer=8, feature=1436, pos=54)",1
0,55,11076,transcoder,10,14,14175,transcoder,0.5143704414367676,0.3959444761276245,-0.11842596530914307,0.0,-0.23023477977923693,"Node(id=21_14175_14, type=transcoder, layer=10, feature=14175, pos=14)",1
0,55,11076,transcoder,13,51,3932,transcoder,0.40207821130752563,0.0,-0.40207821130752563,0.0,-1.0,"Node(id=27_3932_51, type=transcoder, layer=13, feature=3932, pos=51)",1
0,55,11076,transcoder,1,55,4857,transcoder,0.4845144748687744,0.0,-0.4845144748687744,0.0,-1.0,"Node(id=3_4857_55, type=transcoder, layer=1, feature=4857, pos=55)",1
0,55,11076,transcoder,10,8,54,transcoder,18.665470123291016,16.697317123413086,-1.9681529998779297,0.0,-0.1054435268374003,"Node(id=21_54_8, type=transcoder, layer=10, feature=54, pos=8)",1
0,55,11076,transcoder,12,54,9881,lorsa,2.963268280029297,2.3627145290374756,-0.6005537509918213,0.0,-0.2026660073403424,"Node(id=24_9881_54, type=lorsa, layer=12, feature=9881, pos=54)",1
0,55,11076,transcoder,1,55,16329,lorsa,1.2881624698638916,0.0,-1.2881624698638916,0.0,-1.0,"Node(id=2_16329_55, type=lorsa, layer=1, feature=16329, pos=55)",1
0,55,11076,transcoder,14,51,4640,lorsa,1.3973380327224731,0.0,-1.3973380327224731,0.0,-1.0,"Node(id=28_4640_51, type=lorsa, layer=14, feature=4640, pos=51)",1
0,55,11076,transcoder,1,55,11995,lorsa,0.9528807401657104,0.3907844126224518,-0.5620963275432587,0.0,-0.5898915822829072,"Node(id=2_11995_55, type=lorsa, layer=1, feature=11995, pos=55)",1
0,55,11076,transcoder,9,54,13348,transcoder,0.5763208270072937,0.38520246744155884,-0.19111835956573486,0.0,-0.33161799922825996,"Node(id=19_13348_54, type=transcoder, layer=9, feature=13348, pos=54)",1
0,55,11076,transcoder,3,51,13895,transcoder,1.1960400342941284,1.004083514213562,-0.1919565200805664,0.0,-0.16049339033526092,"Node(id=7_13895_51, type=transcoder, layer=3, feature=13895, pos=51)",1
0,55,11076,transcoder,14,55,8748,lorsa,1.8016709089279175,0.0,-1.8016709089279175,0.0,-1.0,"Node(id=28_8748_55, type=lorsa, layer=14, feature=8748, pos=55)",1
0,55,11076,transcoder,7,14,2772,transcoder,0.7835947275161743,0.7014135122299194,-0.08218121528625488,0.0,-0.10487719276360058,"Node(id=15_2772_14, type=transcoder, layer=7, feature=2772, pos=14)",1
0,55,11076,transcoder,10,2,54,transcoder,18.140689849853516,13.975887298583984,-4.164802551269531,0.0,-0.22958347150746097,"Node(id=21_54_2, type=transcoder, layer=10, feature=54, pos=2)",1
0,55,11076,transcoder,14,51,13673,lorsa,0.8683499097824097,0.0,-0.8683499097824097,0.0,-1.0,"Node(id=28_13673_51, type=lorsa, layer=14, feature=13673, pos=51)",1
0,55,11076,transcoder,14,51,790,transcoder,0.5391555428504944,0.0,-0.5391555428504944,0.0,-1.0,"Node(id=29_790_51, type=transcoder, layer=14, feature=790, pos=51)",1
0,55,11076,transcoder,14,51,7697,transcoder,1.0310401916503906,0.7265084385871887,-0.3045317530632019,0.0,-0.2953636100021829,"Node(id=29_7697_51, type=transcoder, layer=14, feature=7697, pos=51)",1
0,55,11076,transcoder,13,51,6109,transcoder,0.38438713550567627,0.16957829892635345,-0.21480883657932281,0.0,-0.5588346142144779,"Node(id=27_6109_51, type=transcoder, layer=13, feature=6109, pos=51)",1
0,55,11076,transcoder,14,51,14073,transcoder,0.8638689517974854,0.0,-0.8638689517974854,0.0,-1.0,"Node(id=29_14073_51, type=transcoder, layer=14, feature=14073, pos=51)",1
0,55,11076,transcoder,5,54,14178,lorsa,2.141420841217041,1.2642251253128052,-0.8771957159042358,0.0,-0.40963256685486266,"Node(id=10_14178_54, type=lorsa, layer=5, feature=14178, pos=54)",1
0,55,11076,transcoder,14,51,2652,transcoder,1.2029510736465454,0.0,-1.2029510736465454,0.0,-1.0,"Node(id=29_2652_51, type=transcoder, layer=14, feature=2652, pos=51)",1
0,55,11076,transcoder,13,56,12356,transcoder,1.2258914709091187,0.33802908658981323,-0.8878623843193054,0.0,-0.7242585541939275,"Node(id=27_12356_56, type=transcoder, layer=13, feature=12356, pos=56)",1
0,55,11076,transcoder,3,54,10248,transcoder,0.899041473865509,0.8053199648857117,-0.09372150897979736,0.0,-0.10424603503199177,"Node(id=7_10248_54, type=transcoder, layer=3, feature=10248, pos=54)",1
0,55,11076,transcoder,12,37,6377,transcoder,0.3010123670101166,0.14716993272304535,-0.15384243428707123,0.0,-0.5110834342626887,"Node(id=25_6377_37, type=transcoder, layer=12, feature=6377, pos=37)",1
0,55,11076,transcoder,14,54,9044,lorsa,3.588165521621704,1.744720458984375,-1.843445062637329,0.0,-0.5137569745679311,"Node(id=28_9044_54, type=lorsa, layer=14, feature=9044, pos=54)",1
0,55,11076,transcoder,12,2,13896,transcoder,12.517711639404297,8.820487976074219,-3.697223663330078,0.0,-0.29535938914678694,"Node(id=25_13896_2, type=transcoder, layer=12, feature=13896, pos=2)",1
0,55,11076,transcoder,6,3,16038,transcoder,1.6520214080810547,1.478656530380249,-0.17336487770080566,0.0,-0.10494105999642088,"Node(id=13_16038_3, type=transcoder, layer=6, feature=16038, pos=3)",1
0,55,11076,transcoder,6,55,4801,transcoder,1.9008395671844482,0.0,-1.9008395671844482,0.0,-1.0,"Node(id=13_4801_55, type=transcoder, layer=6, feature=4801, pos=55)",1
0,55,11076,transcoder,12,37,15342,lorsa,1.2413737773895264,0.0,-1.2413737773895264,0.0,-1.0,"Node(id=24_15342_37, type=lorsa, layer=12, feature=15342, pos=37)",1
0,55,11076,transcoder,6,14,8940,transcoder,1.2855827808380127,1.069114327430725,-0.2164684534072876,0.0,-0.168381574982034,"Node(id=13_8940_14, type=transcoder, layer=6, feature=8940, pos=14)",1
0,55,11076,transcoder,12,1,13896,transcoder,12.206680297851562,9.656928062438965,-2.5497522354125977,0.0,-0.20888170847411863,"Node(id=25_13896_1, type=transcoder, layer=12, feature=13896, pos=1)",1
0,55,11076,transcoder,10,14,6896,transcoder,0.4185520112514496,0.2332032024860382,-0.18534880876541138,0.0,-0.44283339652634257,"Node(id=21_6896_14, type=transcoder, layer=10, feature=6896, pos=14)",1
0,55,11076,transcoder,12,51,5918,transcoder,0.6882085204124451,0.5772191286087036,-0.11098939180374146,0.0,-0.16127291149668596,"Node(id=25_5918_51, type=transcoder, layer=12, feature=5918, pos=51)",1
0,55,11076,transcoder,14,51,7323,lorsa,1.7485430240631104,1.472328782081604,-0.27621424198150635,0.0,-0.1579682273643253,"Node(id=28_7323_51, type=lorsa, layer=14, feature=7323, pos=51)",1
0,55,11076,transcoder,12,37,15649,lorsa,3.205152750015259,1.8529465198516846,-1.3522062301635742,0.0,-0.4218851130128312,"Node(id=24_15649_37, type=lorsa, layer=12, feature=15649, pos=37)",1
0,55,11076,transcoder,7,14,1092,transcoder,0.7006182074546814,0.35783857107162476,-0.34277963638305664,0.0,-0.4892531092338603,"Node(id=15_1092_14, type=transcoder, layer=7, feature=1092, pos=14)",1
0,55,11076,transcoder,6,45,4984,transcoder,0.9259824752807617,0.734963595867157,-0.19101887941360474,0.0,-0.20628779108987674,"Node(id=13_4984_45, type=transcoder, layer=6, feature=4984, pos=45)",1
0,55,12046,lorsa,1,55,8511,transcoder,0.6230177879333496,0.32680076360702515,-0.29621702432632446,0.0,-0.4754551636622191,"Node(id=3_8511_55, type=transcoder, layer=1, feature=8511, pos=55)",1
0,55,12046,lorsa,14,51,11169,transcoder,0.6642193794250488,0.4829539656639099,-0.18126541376113892,0.0,-0.2728999173707383,"Node(id=29_11169_51, type=transcoder, layer=14, feature=11169, pos=51)",1
0,55,12046,lorsa,1,55,4857,transcoder,0.4845144748687744,0.3678207993507385,-0.11669367551803589,0.0,-0.2408466239313926,"Node(id=3_4857_55, type=transcoder, layer=1, feature=4857, pos=55)",1
0,55,12046,lorsa,1,55,16329,lorsa,1.2881624698638916,0.8885276913642883,-0.39963477849960327,0.0,-0.31023631556493725,"Node(id=2_16329_55, type=lorsa, layer=1, feature=16329, pos=55)",1
0,55,12046,lorsa,1,55,11995,lorsa,0.9528807401657104,0.7038614153862,-0.2490193247795105,0.0,-0.2613331493469003,"Node(id=2_11995_55, type=lorsa, layer=1, feature=11995, pos=55)",1
0,55,12046,lorsa,0,55,12875,transcoder,0.8819401860237122,0.729085385799408,-0.1528548002243042,0.0,-0.17331651584384714,"Node(id=1_12875_55, type=transcoder, layer=0, feature=12875, pos=55)",1
0,55,12046,lorsa,0,55,8903,transcoder,0.28014376759529114,0.19243943691253662,-0.08770433068275452,0.0,-0.31306900537389903,"Node(id=1_8903_55, type=transcoder, layer=0, feature=8903, pos=55)",1
0,55,12046,lorsa,3,54,10248,transcoder,0.899041473865509,0.785750687122345,-0.11329078674316406,0.0,-0.12601285929119624,"Node(id=7_10248_54, type=transcoder, layer=3, feature=10248, pos=54)",1
0,23,8135,transcoder,1,23,1321,transcoder,0.8943891525268555,0.2142552137374878,-0.6801339387893677,0.0,-0.7604452009148731,"Node(id=3_1321_23, type=transcoder, layer=1, feature=1321, pos=23)",1
1,23,1321,transcoder,2,23,13354,transcoder,0.9106659889221191,0.5719633102416992,-0.3387026786804199,0.0,-0.3719285476789515,"Node(id=5_13354_23, type=transcoder, layer=2, feature=13354, pos=23)",1
1,23,1321,transcoder,3,23,15009,transcoder,0.8224453330039978,0.584729790687561,-0.23771554231643677,0.0,-0.28903506747150726,"Node(id=7_15009_23, type=transcoder, layer=3, feature=15009, pos=23)",1
1,23,1321,transcoder,4,23,3675,transcoder,0.6166015863418579,0.4941364526748657,-0.12246513366699219,0.0,-0.19861306941090925,"Node(id=9_3675_23, type=transcoder, layer=4, feature=3675, pos=23)",1
1,23,1321,transcoder,9,54,12243,lorsa,2.3094804286956787,1.9480091333389282,-0.3614712953567505,0.0,-0.15651628429728587,"Node(id=18_12243_54, type=lorsa, layer=9, feature=12243, pos=54)",1
1,23,1321,transcoder,2,51,9305,transcoder,0.8282850384712219,0.7032526731491089,-0.12503236532211304,0.0,-0.15095330654877837,"Node(id=5_9305_51, type=transcoder, layer=2, feature=9305, pos=51)",1
1,23,1321,transcoder,14,55,9044,lorsa,3.8024330139160156,1.6044721603393555,-2.19796085357666,0.0,-0.5780406506919747,"Node(id=28_9044_55, type=lorsa, layer=14, feature=9044, pos=55)",1
1,23,1321,transcoder,13,55,9300,transcoder,0.6302089691162109,0.44628235697746277,-0.18392661213874817,0.0,-0.29185019755698205,"Node(id=27_9300_55, type=transcoder, layer=13, feature=9300, pos=55)",1
1,23,1321,transcoder,3,55,8792,lorsa,2.6274337768554688,2.357602596282959,-0.26983118057250977,0.0,-0.10269761428409649,"Node(id=6_8792_55, type=lorsa, layer=3, feature=8792, pos=55)",1
1,23,1321,transcoder,13,56,2268,transcoder,0.6461610198020935,0.41661548614501953,-0.22954553365707397,0.0,-0.35524509622598294,"Node(id=27_2268_56, type=transcoder, layer=13, feature=2268, pos=56)",1
1,23,1321,transcoder,11,14,12258,transcoder,0.23024021089076996,0.187920942902565,-0.042319267988204956,0.0,-0.18380485243857758,"Node(id=23_12258_14, type=transcoder, layer=11, feature=12258, pos=14)",1
1,23,1321,transcoder,14,51,7697,transcoder,1.0310401916503906,0.5005485415458679,-0.5304916501045227,0.0,-0.5145208250857441,"Node(id=29_7697_51, type=transcoder, layer=14, feature=7697, pos=51)",1
1,23,1321,transcoder,8,14,16275,lorsa,3.750656843185425,3.3728740215301514,-0.37778282165527344,0.0,-0.10072444306433091,"Node(id=16_16275_14, type=lorsa, layer=8, feature=16275, pos=14)",1
1,23,1321,transcoder,14,51,14073,transcoder,0.8638689517974854,0.7713916897773743,-0.09247726202011108,0.0,-0.10705010502772451,"Node(id=29_14073_51, type=transcoder, layer=14, feature=14073, pos=51)",1
1,23,1321,transcoder,13,55,6340,transcoder,0.37931957840919495,0.0,-0.37931957840919495,0.0,-1.0,"Node(id=27_6340_55, type=transcoder, layer=13, feature=6340, pos=55)",1
1,23,1321,transcoder,5,54,14178,lorsa,2.141420841217041,1.6734858751296997,-0.4679349660873413,0.0,-0.21851611653382352,"Node(id=10_14178_54, type=lorsa, layer=5, feature=14178, pos=54)",1
1,23,1321,transcoder,14,54,9044,lorsa,3.588165521621704,2.5367817878723145,-1.0513837337493896,0.0,-0.2930142791389978,"Node(id=28_9044_54, type=lorsa, layer=14, feature=9044, pos=54)",1
1,23,1321,transcoder,11,37,7513,transcoder,0.49810850620269775,0.325809508562088,-0.17229899764060974,0.0,-0.34590655548952876,"Node(id=23_7513_37, type=transcoder, layer=11, feature=7513, pos=37)",1
1,23,1321,transcoder,12,37,15342,lorsa,1.2413737773895264,0.0,-1.2413737773895264,0.0,-1.0,"Node(id=24_15342_37, type=lorsa, layer=12, feature=15342, pos=37)",1
1,23,1321,transcoder,12,37,15649,lorsa,3.205152750015259,2.808803081512451,-0.3963496685028076,0.0,-0.12366014958286176,"Node(id=24_15649_37, type=lorsa, layer=12, feature=15649, pos=37)",1
1,23,1321,transcoder,7,14,1092,transcoder,0.7006182074546814,0.5792151689529419,-0.1214030385017395,0.0,-0.17327987941220083,"Node(id=15_1092_14, type=transcoder, layer=7, feature=1092, pos=14)",1
0,3,13486,transcoder,11,51,9680,transcoder,1.042241096496582,0.7314488291740417,-0.3107922673225403,0.0,-0.2981961355844113,"Node(id=23_9680_51, type=transcoder, layer=11, feature=9680, pos=51)",1
0,3,13486,transcoder,13,51,12356,transcoder,3.2392890453338623,2.870712995529175,-0.3685760498046875,0.0,-0.1137830075200034,"Node(id=27_12356_51, type=transcoder, layer=13, feature=12356, pos=51)",1
0,3,13486,transcoder,12,51,8628,transcoder,0.8337218761444092,0.6827993988990784,-0.1509224772453308,0.0,-0.18102257067222438,"Node(id=25_8628_51, type=transcoder, layer=12, feature=8628, pos=51)",1
0,3,13486,transcoder,10,51,12950,transcoder,0.8460464477539062,0.7093695998191833,-0.1366768479347229,0.0,-0.16154768842487804,"Node(id=21_12950_51, type=transcoder, layer=10, feature=12950, pos=51)",1
0,3,13486,transcoder,1,3,853,transcoder,1.451816201210022,0.0,-1.451816201210022,0.0,-1.0,"Node(id=3_853_3, type=transcoder, layer=1, feature=853, pos=3)",1
0,3,13486,transcoder,5,62,13852,transcoder,2.1420979499816895,1.9191821813583374,-0.22291576862335205,0.0,-0.10406422760698572,"Node(id=11_13852_62, type=transcoder, layer=5, feature=13852, pos=62)",1
0,3,13486,transcoder,4,55,9090,lorsa,4.7906646728515625,3.747743606567383,-1.0429210662841797,0.0,-0.21769861543312705,"Node(id=8_9090_55, type=lorsa, layer=4, feature=9090, pos=55)",1
0,3,13486,transcoder,9,54,12243,lorsa,2.3094804286956787,1.4678806066513062,-0.8415998220443726,0.0,-0.36441089155264306,"Node(id=18_12243_54, type=lorsa, layer=9, feature=12243, pos=54)",1
0,3,13486,transcoder,14,55,9044,lorsa,3.8024330139160156,1.4451661109924316,-2.357266902923584,0.0,-0.6199364707534725,"Node(id=28_9044_55, type=lorsa, layer=14, feature=9044, pos=55)",1
0,3,13486,transcoder,13,55,9300,transcoder,0.6302089691162109,0.5086005330085754,-0.1216084361076355,0.0,-0.19296525766393977,"Node(id=27_9300_55, type=transcoder, layer=13, feature=9300, pos=55)",1
0,3,13486,transcoder,14,51,11169,transcoder,0.6642193794250488,0.0,-0.6642193794250488,0.0,-1.0,"Node(id=29_11169_51, type=transcoder, layer=14, feature=11169, pos=51)",1
0,3,13486,transcoder,11,51,9849,transcoder,0.687792956829071,0.540451169013977,-0.147341787815094,0.0,-0.21422404279099225,"Node(id=23_9849_51, type=transcoder, layer=11, feature=9849, pos=51)",1
0,3,13486,transcoder,13,55,14142,transcoder,0.6139975786209106,0.0,-0.6139975786209106,0.0,-1.0,"Node(id=27_14142_55, type=transcoder, layer=13, feature=14142, pos=55)",1
0,3,13486,transcoder,8,62,8174,transcoder,1.1858330965042114,0.9929894804954529,-0.19284361600875854,0.0,-0.16262289910549285,"Node(id=17_8174_62, type=transcoder, layer=8, feature=8174, pos=62)",1
0,3,13486,transcoder,13,56,13473,transcoder,1.8784750699996948,1.6139925718307495,-0.2644824981689453,0.0,-0.1407963844678483,"Node(id=27_13473_56, type=transcoder, layer=13, feature=13473, pos=56)",1
0,3,13486,transcoder,3,3,5514,transcoder,1.3314927816390991,0.0,-1.3314927816390991,0.0,-1.0,"Node(id=7_5514_3, type=transcoder, layer=3, feature=5514, pos=3)",1
0,3,13486,transcoder,4,3,8453,transcoder,1.0748623609542847,0.0,-1.0748623609542847,0.0,-1.0,"Node(id=9_8453_3, type=transcoder, layer=4, feature=8453, pos=3)",1
0,3,13486,transcoder,9,14,13080,lorsa,4.417771816253662,3.2784245014190674,-1.1393473148345947,0.0,-0.25790089715425335,"Node(id=18_13080_14, type=lorsa, layer=9, feature=13080, pos=14)",1
0,3,13486,transcoder,13,51,5681,lorsa,1.9713155031204224,1.318608283996582,-0.6527072191238403,0.0,-0.3311023618952223,"Node(id=26_5681_51, type=lorsa, layer=13, feature=5681, pos=51)",1
0,3,13486,transcoder,14,23,10814,transcoder,1.869791030883789,1.6117299795150757,-0.2580610513687134,0.0,-0.13801598526587025,"Node(id=29_10814_23, type=transcoder, layer=14, feature=10814, pos=23)",1
0,3,13486,transcoder,8,62,3162,transcoder,3.005798101425171,2.361119031906128,-0.644679069519043,0.0,-0.21447850047326014,"Node(id=17_3162_62, type=transcoder, layer=8, feature=3162, pos=62)",1
0,3,13486,transcoder,12,54,9524,transcoder,0.9488894939422607,0.6405391693115234,-0.3083503246307373,0.0,-0.3249591513018693,"Node(id=25_9524_54, type=transcoder, layer=12, feature=9524, pos=54)",1
0,3,13486,transcoder,4,54,15551,lorsa,4.019529342651367,3.1627750396728516,-0.8567543029785156,0.0,-0.2131479160725276,"Node(id=8_15551_54, type=lorsa, layer=4, feature=15551, pos=54)",1
0,3,13486,transcoder,8,54,1436,lorsa,2.9068973064422607,1.635488510131836,-1.2714087963104248,0.0,-0.4373765779385226,"Node(id=16_1436_54, type=lorsa, layer=8, feature=1436, pos=54)",1
0,3,13486,transcoder,10,14,14175,transcoder,0.5143704414367676,0.43609145283699036,-0.07827898859977722,0.0,-0.15218407259391514,"Node(id=21_14175_14, type=transcoder, layer=10, feature=14175, pos=14)",1
0,3,13486,transcoder,13,51,3932,transcoder,0.40207821130752563,0.0,-0.40207821130752563,0.0,-1.0,"Node(id=27_3932_51, type=transcoder, layer=13, feature=3932, pos=51)",1
0,3,13486,transcoder,12,54,9881,lorsa,2.963268280029297,2.0041887760162354,-0.9590795040130615,0.0,-0.3236559816324087,"Node(id=24_9881_54, type=lorsa, layer=12, feature=9881, pos=54)",1
0,3,13486,transcoder,3,56,2286,transcoder,0.6956806182861328,0.6207320690155029,-0.07494854927062988,0.0,-0.10773413445852766,"Node(id=7_2286_56, type=transcoder, layer=3, feature=2286, pos=56)",1
0,3,13486,transcoder,14,51,4640,lorsa,1.3973380327224731,0.0,-1.3973380327224731,0.0,-1.0,"Node(id=28_4640_51, type=lorsa, layer=14, feature=4640, pos=51)",1
0,3,13486,transcoder,9,54,13348,transcoder,0.5763208270072937,0.3646368682384491,-0.2116839587688446,0.0,-0.3673022886715243,"Node(id=19_13348_54, type=transcoder, layer=9, feature=13348, pos=54)",1
0,3,13486,transcoder,14,51,13673,lorsa,0.8683499097824097,0.0,-0.8683499097824097,0.0,-1.0,"Node(id=28_13673_51, type=lorsa, layer=14, feature=13673, pos=51)",1
0,3,13486,transcoder,14,51,790,transcoder,0.5391555428504944,0.0,-0.5391555428504944,0.0,-1.0,"Node(id=29_790_51, type=transcoder, layer=14, feature=790, pos=51)",1
0,3,13486,transcoder,7,3,11946,transcoder,3.5578043460845947,0.0,-3.5578043460845947,0.0,-1.0,"Node(id=15_11946_3, type=transcoder, layer=7, feature=11946, pos=3)",1
0,3,13486,transcoder,8,14,16275,lorsa,3.750656843185425,3.342743158340454,-0.4079136848449707,0.0,-0.10875793278345627,"Node(id=16_16275_14, type=lorsa, layer=8, feature=16275, pos=14)",1
0,3,13486,transcoder,13,56,16285,transcoder,0.37943366169929504,0.0,-0.37943366169929504,0.0,-1.0,"Node(id=27_16285_56, type=transcoder, layer=13, feature=16285, pos=56)",1
0,3,13486,transcoder,13,51,6109,transcoder,0.38438713550567627,0.20141810178756714,-0.18296903371810913,0.0,-0.47600196993431176,"Node(id=27_6109_51, type=transcoder, layer=13, feature=6109, pos=51)",1
0,3,13486,transcoder,14,51,14073,transcoder,0.8638689517974854,0.0,-0.8638689517974854,0.0,-1.0,"Node(id=29_14073_51, type=transcoder, layer=14, feature=14073, pos=51)",1
0,3,13486,transcoder,5,54,14178,lorsa,2.141420841217041,1.8810346126556396,-0.26038622856140137,0.0,-0.12159507535819777,"Node(id=10_14178_54, type=lorsa, layer=5, feature=14178, pos=54)",1
0,3,13486,transcoder,14,51,2652,transcoder,1.2029510736465454,0.0,-1.2029510736465454,0.0,-1.0,"Node(id=29_2652_51, type=transcoder, layer=14, feature=2652, pos=51)",1
0,3,13486,transcoder,3,54,10248,transcoder,0.899041473865509,0.6616665124893188,-0.23737496137619019,0.0,-0.2640311579348785,"Node(id=7_10248_54, type=transcoder, layer=3, feature=10248, pos=54)",1
0,3,13486,transcoder,12,37,6377,transcoder,0.3010123670101166,0.15127062797546387,-0.1497417390346527,0.0,-0.4974604217162284,"Node(id=25_6377_37, type=transcoder, layer=12, feature=6377, pos=37)",1
0,3,13486,transcoder,14,54,9044,lorsa,3.588165521621704,0.0,-3.588165521621704,0.0,-1.0,"Node(id=28_9044_54, type=lorsa, layer=14, feature=9044, pos=54)",1
0,3,13486,transcoder,6,3,16038,transcoder,1.6520214080810547,0.0,-1.6520214080810547,0.0,-1.0,"Node(id=13_16038_3, type=transcoder, layer=6, feature=16038, pos=3)",1
0,3,13486,transcoder,6,55,4801,transcoder,1.9008395671844482,1.4825108051300049,-0.41832876205444336,0.0,-0.22007578612964065,"Node(id=13_4801_55, type=transcoder, layer=6, feature=4801, pos=55)",1
0,3,13486,transcoder,12,37,15342,lorsa,1.2413737773895264,0.0,-1.2413737773895264,0.0,-1.0,"Node(id=24_15342_37, type=lorsa, layer=12, feature=15342, pos=37)",1
0,3,13486,transcoder,6,14,8940,transcoder,1.2855827808380127,1.0959393978118896,-0.18964338302612305,0.0,-0.14751549713702855,"Node(id=13_8940_14, type=transcoder, layer=6, feature=8940, pos=14)",1
0,3,13486,transcoder,10,14,6896,transcoder,0.4185520112514496,0.20224007964134216,-0.21631193161010742,0.0,-0.5168101592997859,"Node(id=21_6896_14, type=transcoder, layer=10, feature=6896, pos=14)",1
0,3,13486,transcoder,12,51,5918,transcoder,0.6882085204124451,0.4706423282623291,-0.21756619215011597,0.0,-0.3161341158922706,"Node(id=25_5918_51, type=transcoder, layer=12, feature=5918, pos=51)",1
0,3,13486,transcoder,12,37,15649,lorsa,3.205152750015259,2.644670009613037,-0.5604827404022217,0.0,-0.17486927585574616,"Node(id=24_15649_37, type=lorsa, layer=12, feature=15649, pos=37)",1
0,3,13486,transcoder,7,14,1092,transcoder,0.7006182074546814,0.4205859899520874,-0.280032217502594,0.0,-0.3996930346985131,"Node(id=15_1092_14, type=transcoder, layer=7, feature=1092, pos=14)",1
0,3,13486,transcoder,6,45,4984,transcoder,0.9259824752807617,0.718034565448761,-0.20794790983200073,0.0,-0.22457002738518358,"Node(id=13_4984_45, type=transcoder, layer=6, feature=4984, pos=45)",1
0,14,7465,lorsa,0,14,12663,transcoder,1.357285976409912,0.38840216398239136,-0.9688838124275208,0.0,-0.7138391092717733,"Node(id=1_12663_14, type=transcoder, layer=0, feature=12663, pos=14)",1
0,14,12663,transcoder,14,51,2640,transcoder,1.2701964378356934,0.9969733953475952,-0.27322304248809814,0.0,-0.21510298277457537,"Node(id=29_2640_51, type=transcoder, layer=14, feature=2640, pos=51)",1
0,14,12663,transcoder,13,51,12356,transcoder,3.2392890453338623,2.8707737922668457,-0.3685152530670166,0.0,-0.11376423897640632,"Node(id=27_12356_51, type=transcoder, layer=13, feature=12356, pos=51)",1
0,14,12663,transcoder,4,55,9090,lorsa,4.7906646728515625,4.116920471191406,-0.6737442016601562,0.0,-0.1406368943913416,"Node(id=8_9090_55, type=lorsa, layer=4, feature=9090, pos=55)",1
0,14,12663,transcoder,9,54,12243,lorsa,2.3094804286956787,1.3057266473770142,-1.0037537813186646,0.0,-0.4346232030576474,"Node(id=18_12243_54, type=lorsa, layer=9, feature=12243, pos=54)",1
0,14,12663,transcoder,14,55,9044,lorsa,3.8024330139160156,0.0,-3.8024330139160156,0.0,-1.0,"Node(id=28_9044_55, type=lorsa, layer=14, feature=9044, pos=55)",1
0,14,12663,transcoder,11,54,10708,transcoder,0.9755883812904358,0.7616738080978394,-0.21391457319259644,0.0,-0.2192672414872819,"Node(id=23_10708_54, type=transcoder, layer=11, feature=10708, pos=54)",1
0,14,12663,transcoder,14,51,11169,transcoder,0.6642193794250488,0.0,-0.6642193794250488,0.0,-1.0,"Node(id=29_11169_51, type=transcoder, layer=14, feature=11169, pos=51)",1
0,14,12663,transcoder,8,14,912,transcoder,0.7022373080253601,0.3715636730194092,-0.3306736350059509,0.0,-0.47088588320062486,"Node(id=17_912_14, type=transcoder, layer=8, feature=912, pos=14)",1
0,14,12663,transcoder,11,51,9849,transcoder,0.687792956829071,0.33176010847091675,-0.3560328483581543,0.0,-0.5176453827029155,"Node(id=23_9849_51, type=transcoder, layer=11, feature=9849, pos=51)",1
0,14,12663,transcoder,8,62,8174,transcoder,1.1858330965042114,1.034281849861145,-0.1515512466430664,0.0,-0.12780149844850294,"Node(id=17_8174_62, type=transcoder, layer=8, feature=8174, pos=62)",1
0,14,12663,transcoder,3,55,8792,lorsa,2.6274337768554688,2.36016845703125,-0.26726531982421875,0.0,-0.10172104894840918,"Node(id=6_8792_55, type=lorsa, layer=3, feature=8792, pos=55)",1
0,14,12663,transcoder,13,56,13473,transcoder,1.8784750699996948,1.567481517791748,-0.3109935522079468,0.0,-0.1655563904864584,"Node(id=27_13473_56, type=transcoder, layer=13, feature=13473, pos=56)",1
0,14,12663,transcoder,9,14,13080,lorsa,4.417771816253662,3.819321632385254,-0.5984501838684082,0.0,-0.13546425862617392,"Node(id=18_13080_14, type=lorsa, layer=9, feature=13080, pos=14)",1
0,14,12663,transcoder,13,51,5681,lorsa,1.9713155031204224,0.0,-1.9713155031204224,0.0,-1.0,"Node(id=26_5681_51, type=lorsa, layer=13, feature=5681, pos=51)",1
0,14,12663,transcoder,14,23,10814,transcoder,1.869791030883789,1.342637538909912,-0.527153491973877,0.0,-0.28193176845260015,"Node(id=29_10814_23, type=transcoder, layer=14, feature=10814, pos=23)",1
0,14,12663,transcoder,6,6,7291,transcoder,2.9459125995635986,1.8928983211517334,-1.0530142784118652,0.0,-0.35744925988906007,"Node(id=13_7291_6, type=transcoder, layer=6, feature=7291, pos=6)",1
0,14,12663,transcoder,8,62,3162,transcoder,3.005798101425171,2.6541402339935303,-0.3516578674316406,0.0,-0.11699317637631927,"Node(id=17_3162_62, type=transcoder, layer=8, feature=3162, pos=62)",1
0,14,12663,transcoder,12,54,9524,transcoder,0.9488894939422607,0.6413635611534119,-0.3075259327888489,0.0,-0.3240903548327848,"Node(id=25_9524_54, type=transcoder, layer=12, feature=9524, pos=54)",1
0,14,12663,transcoder,8,54,1436,lorsa,2.9068973064422607,2.0925393104553223,-0.8143579959869385,0.0,-0.2801468060746968,"Node(id=16_1436_54, type=lorsa, layer=8, feature=1436, pos=54)",1
0,14,12663,transcoder,11,54,14428,lorsa,3.4473183155059814,1.6506034135818481,-1.7967149019241333,0.0,-0.5211920505984432,"Node(id=22_14428_54, type=lorsa, layer=11, feature=14428, pos=54)",1
0,14,12663,transcoder,13,56,2268,transcoder,0.6461610198020935,0.5515701174736023,-0.09459090232849121,0.0,-0.14638905695280496,"Node(id=27_2268_56, type=transcoder, layer=13, feature=2268, pos=56)",1
0,14,12663,transcoder,10,14,14175,transcoder,0.5143704414367676,0.0,-0.5143704414367676,0.0,-1.0,"Node(id=21_14175_14, type=transcoder, layer=10, feature=14175, pos=14)",1
0,14,12663,transcoder,13,51,3932,transcoder,0.40207821130752563,0.0,-0.40207821130752563,0.0,-1.0,"Node(id=27_3932_51, type=transcoder, layer=13, feature=3932, pos=51)",1
0,14,12663,transcoder,10,8,54,transcoder,18.665470123291016,16.283248901367188,-2.382221221923828,0.0,-0.12762717500221232,"Node(id=21_54_8, type=transcoder, layer=10, feature=54, pos=8)",1
0,14,12663,transcoder,12,54,9881,lorsa,2.963268280029297,1.7136414051055908,-1.249626874923706,0.0,-0.42170561583824984,"Node(id=24_9881_54, type=lorsa, layer=12, feature=9881, pos=54)",1
0,14,12663,transcoder,3,56,2286,transcoder,0.6956806182861328,0.5878630876541138,-0.10781753063201904,0.0,-0.15498136328368112,"Node(id=7_2286_56, type=transcoder, layer=3, feature=2286, pos=56)",1
0,14,12663,transcoder,7,5,11946,transcoder,2.906679153442383,2.597459077835083,-0.3092200756072998,0.0,-0.10638259652465948,"Node(id=15_11946_5, type=transcoder, layer=7, feature=11946, pos=5)",1
0,14,12663,transcoder,14,51,4640,lorsa,1.3973380327224731,0.0,-1.3973380327224731,0.0,-1.0,"Node(id=28_4640_51, type=lorsa, layer=14, feature=4640, pos=51)",1
0,14,12663,transcoder,11,14,12258,transcoder,0.23024021089076996,0.0,-0.23024021089076996,0.0,-1.0,"Node(id=23_12258_14, type=transcoder, layer=11, feature=12258, pos=14)",1
0,14,12663,transcoder,7,14,2772,transcoder,0.7835947275161743,0.6586432456970215,-0.12495148181915283,0.0,-0.1594593192519582,"Node(id=15_2772_14, type=transcoder, layer=7, feature=2772, pos=14)",1
0,14,12663,transcoder,10,2,54,transcoder,18.140689849853516,12.715221405029297,-5.425468444824219,0.0,-0.29907729472967254,"Node(id=21_54_2, type=transcoder, layer=10, feature=54, pos=2)",1
0,14,12663,transcoder,14,51,13673,lorsa,0.8683499097824097,0.0,-0.8683499097824097,0.0,-1.0,"Node(id=28_13673_51, type=lorsa, layer=14, feature=13673, pos=51)",1
0,14,12663,transcoder,14,51,790,transcoder,0.5391555428504944,0.0,-0.5391555428504944,0.0,-1.0,"Node(id=29_790_51, type=transcoder, layer=14, feature=790, pos=51)",1
0,14,12663,transcoder,5,6,12145,transcoder,2.5404446125030518,1.5520554780960083,-0.9883891344070435,0.0,-0.38906147748413317,"Node(id=11_12145_6, type=transcoder, layer=5, feature=12145, pos=6)",1
0,14,12663,transcoder,8,14,16275,lorsa,3.750656843185425,0.0,-3.750656843185425,0.0,-1.0,"Node(id=16_16275_14, type=lorsa, layer=8, feature=16275, pos=14)",1
0,14,12663,transcoder,13,56,16285,transcoder,0.37943366169929504,0.28744086623191833,-0.09199279546737671,0.0,-0.2424476390823804,"Node(id=27_16285_56, type=transcoder, layer=13, feature=16285, pos=56)",1
0,14,12663,transcoder,13,51,6109,transcoder,0.38438713550567627,0.26627546548843384,-0.11811167001724243,0.0,-0.30727269231282134,"Node(id=27_6109_51, type=transcoder, layer=13, feature=6109, pos=51)",1
0,14,12663,transcoder,14,51,14073,transcoder,0.8638689517974854,0.0,-0.8638689517974854,0.0,-1.0,"Node(id=29_14073_51, type=transcoder, layer=14, feature=14073, pos=51)",1
0,14,12663,transcoder,13,55,6340,transcoder,0.37931957840919495,0.0,-0.37931957840919495,0.0,-1.0,"Node(id=27_6340_55, type=transcoder, layer=13, feature=6340, pos=55)",1
0,14,12663,transcoder,14,51,2652,transcoder,1.2029510736465454,0.0,-1.2029510736465454,0.0,-1.0,"Node(id=29_2652_51, type=transcoder, layer=14, feature=2652, pos=51)",1
0,14,12663,transcoder,12,37,6377,transcoder,0.3010123670101166,0.0,-0.3010123670101166,0.0,-1.0,"Node(id=25_6377_37, type=transcoder, layer=12, feature=6377, pos=37)",1
0,14,12663,transcoder,14,54,9044,lorsa,3.588165521621704,0.0,-3.588165521621704,0.0,-1.0,"Node(id=28_9044_54, type=lorsa, layer=14, feature=9044, pos=54)",1
0,14,12663,transcoder,12,2,13896,transcoder,12.517711639404297,10.142216682434082,-2.375494956970215,0.0,-0.18977070453455994,"Node(id=25_13896_2, type=transcoder, layer=12, feature=13896, pos=2)",1
0,14,12663,transcoder,1,6,13953,transcoder,2.1033570766448975,1.864424705505371,-0.23893237113952637,0.0,-0.1135957245645859,"Node(id=3_13953_6, type=transcoder, layer=1, feature=13953, pos=6)",1
0,14,12663,transcoder,12,37,15342,lorsa,1.2413737773895264,0.0,-1.2413737773895264,0.0,-1.0,"Node(id=24_15342_37, type=lorsa, layer=12, feature=15342, pos=37)",1
0,14,12663,transcoder,6,14,8940,transcoder,1.2855827808380127,0.6224479675292969,-0.6631348133087158,0.0,-0.515824280779841,"Node(id=13_8940_14, type=transcoder, layer=6, feature=8940, pos=14)",1
0,14,12663,transcoder,10,14,6896,transcoder,0.4185520112514496,0.0,-0.4185520112514496,0.0,-1.0,"Node(id=21_6896_14, type=transcoder, layer=10, feature=6896, pos=14)",1
0,14,12663,transcoder,10,14,11541,transcoder,0.4443958103656769,0.0,-0.4443958103656769,0.0,-1.0,"Node(id=21_11541_14, type=transcoder, layer=10, feature=11541, pos=14)",1
0,14,12663,transcoder,14,51,7323,lorsa,1.7485430240631104,1.3238061666488647,-0.4247368574142456,0.0,-0.24290901142785695,"Node(id=28_7323_51, type=lorsa, layer=14, feature=7323, pos=51)",1
0,14,12663,transcoder,12,37,15649,lorsa,3.205152750015259,0.0,-3.205152750015259,0.0,-1.0,"Node(id=24_15649_37, type=lorsa, layer=12, feature=15649, pos=37)",1
0,14,12663,transcoder,10,51,13957,transcoder,1.0498993396759033,0.9086565971374512,-0.14124274253845215,0.0,-0.13452979462017073,"Node(id=21_13957_51, type=transcoder, layer=10, feature=13957, pos=51)",1
0,14,12663,transcoder,6,45,4984,transcoder,0.9259824752807617,0.7009146213531494,-0.2250678539276123,0.0,-0.24305843786014503,"Node(id=13_4984_45, type=transcoder, layer=6, feature=4984, pos=45)",1
0,14,7465,lorsa,14,51,2640,transcoder,1.2701964378356934,1.047128677368164,-0.2230677604675293,0.0,-0.17561674227934207,"Node(id=29_2640_51, type=transcoder, layer=14, feature=2640, pos=51)",1
0,14,7465,lorsa,13,51,12356,transcoder,3.2392890453338623,2.817169666290283,-0.4221193790435791,0.0,-0.13031235346275583,"Node(id=27_12356_51, type=transcoder, layer=13, feature=12356, pos=51)",1
0,14,7465,lorsa,4,55,9090,lorsa,4.7906646728515625,4.0915327072143555,-0.699131965637207,0.0,-0.14593631852363828,"Node(id=8_9090_55, type=lorsa, layer=4, feature=9090, pos=55)",1
0,14,7465,lorsa,9,54,12243,lorsa,2.3094804286956787,1.9685440063476562,-0.34093642234802246,0.0,-0.1476247289701314,"Node(id=18_12243_54, type=lorsa, layer=9, feature=12243, pos=54)",1
0,14,7465,lorsa,14,55,9044,lorsa,3.8024330139160156,1.0711872577667236,-2.731245756149292,0.0,-0.7182889865918929,"Node(id=28_9044_55, type=lorsa, layer=14, feature=9044, pos=55)",1
0,14,7465,lorsa,11,54,10708,transcoder,0.9755883812904358,0.8444550037384033,-0.13113337755203247,0.0,-0.1344146569053836,"Node(id=23_10708_54, type=transcoder, layer=11, feature=10708, pos=54)",1
0,14,7465,lorsa,14,51,11169,transcoder,0.6642193794250488,0.0,-0.6642193794250488,0.0,-1.0,"Node(id=29_11169_51, type=transcoder, layer=14, feature=11169, pos=51)",1
0,14,7465,lorsa,8,14,912,transcoder,0.7022373080253601,0.5594098567962646,-0.14282745122909546,0.0,-0.20338915292141882,"Node(id=17_912_14, type=transcoder, layer=8, feature=912, pos=14)",1
0,14,7465,lorsa,11,51,9849,transcoder,0.687792956829071,0.448079913854599,-0.23971304297447205,0.0,-0.34852500391923186,"Node(id=23_9849_51, type=transcoder, layer=11, feature=9849, pos=51)",1
0,14,7465,lorsa,3,55,8792,lorsa,2.6274337768554688,2.218538284301758,-0.40889549255371094,0.0,-0.15562542285769043,"Node(id=6_8792_55, type=lorsa, layer=3, feature=8792, pos=55)",1
0,14,7465,lorsa,13,56,13473,transcoder,1.8784750699996948,1.6419870853424072,-0.2364879846572876,0.0,-0.12589359764956903,"Node(id=27_13473_56, type=transcoder, layer=13, feature=13473, pos=56)",1
0,14,7465,lorsa,9,14,13080,lorsa,4.417771816253662,3.4635496139526367,-0.9542222023010254,0.0,-0.21599626281970813,"Node(id=18_13080_14, type=lorsa, layer=9, feature=13080, pos=14)",1
0,14,7465,lorsa,13,51,5681,lorsa,1.9713155031204224,1.0768382549285889,-0.8944772481918335,0.0,-0.45374636722328476,"Node(id=26_5681_51, type=lorsa, layer=13, feature=5681, pos=51)",1
0,14,7465,lorsa,14,23,10814,transcoder,1.869791030883789,1.480729341506958,-0.38906168937683105,0.0,-0.2080776316447161,"Node(id=29_10814_23, type=transcoder, layer=14, feature=10814, pos=23)",1
0,14,7465,lorsa,6,6,7291,transcoder,2.9459125995635986,2.261017322540283,-0.6848952770233154,0.0,-0.2324900192642424,"Node(id=13_7291_6, type=transcoder, layer=6, feature=7291, pos=6)",1
0,14,7465,lorsa,12,54,9524,transcoder,0.9488894939422607,0.7768239974975586,-0.17206549644470215,0.0,-0.18133354573232552,"Node(id=25_9524_54, type=transcoder, layer=12, feature=9524, pos=54)",1
0,14,7465,lorsa,8,54,1436,lorsa,2.9068973064422607,2.5378525257110596,-0.36904478073120117,0.0,-0.12695487381453924,"Node(id=16_1436_54, type=lorsa, layer=8, feature=1436, pos=54)",1
0,14,7465,lorsa,11,54,14428,lorsa,3.4473183155059814,2.13411283493042,-1.3132054805755615,0.0,-0.38093537073985445,"Node(id=22_14428_54, type=lorsa, layer=11, feature=14428, pos=54)",1
0,14,7465,lorsa,13,56,2268,transcoder,0.6461610198020935,0.5073613524436951,-0.13879966735839844,0.0,-0.21480662420786395,"Node(id=27_2268_56, type=transcoder, layer=13, feature=2268, pos=56)",1
0,14,7465,lorsa,10,14,14175,transcoder,0.5143704414367676,0.2941960394382477,-0.2201744019985199,0.0,-0.4280463733170918,"Node(id=21_14175_14, type=transcoder, layer=10, feature=14175, pos=14)",1
0,14,7465,lorsa,13,51,3932,transcoder,0.40207821130752563,0.0,-0.40207821130752563,0.0,-1.0,"Node(id=27_3932_51, type=transcoder, layer=13, feature=3932, pos=51)",1
0,14,7465,lorsa,10,8,54,transcoder,18.665470123291016,16.731321334838867,-1.9341487884521484,0.0,-0.1036217558773777,"Node(id=21_54_8, type=transcoder, layer=10, feature=54, pos=8)",1
0,14,7465,lorsa,12,54,9881,lorsa,2.963268280029297,2.2488083839416504,-0.7144598960876465,0.0,-0.2411053703448622,"Node(id=24_9881_54, type=lorsa, layer=12, feature=9881, pos=54)",1
0,14,7465,lorsa,3,56,2286,transcoder,0.6956806182861328,0.6004812121391296,-0.09519940614700317,0.0,-0.13684355096960277,"Node(id=7_2286_56, type=transcoder, layer=3, feature=2286, pos=56)",1
0,14,7465,lorsa,14,51,4640,lorsa,1.3973380327224731,0.0,-1.3973380327224731,0.0,-1.0,"Node(id=28_4640_51, type=lorsa, layer=14, feature=4640, pos=51)",1
0,14,7465,lorsa,11,14,12258,transcoder,0.23024021089076996,0.0,-0.23024021089076996,0.0,-1.0,"Node(id=23_12258_14, type=transcoder, layer=11, feature=12258, pos=14)",1
0,14,7465,lorsa,10,2,54,transcoder,18.140689849853516,13.870978355407715,-4.269711494445801,0.0,-0.23536654503137752,"Node(id=21_54_2, type=transcoder, layer=10, feature=54, pos=2)",1
0,14,7465,lorsa,14,51,13673,lorsa,0.8683499097824097,0.6800687313079834,-0.18828117847442627,0.0,-0.2168263926250716,"Node(id=28_13673_51, type=lorsa, layer=14, feature=13673, pos=51)",1
0,14,7465,lorsa,14,51,790,transcoder,0.5391555428504944,0.0,-0.5391555428504944,0.0,-1.0,"Node(id=29_790_51, type=transcoder, layer=14, feature=790, pos=51)",1
0,14,7465,lorsa,5,6,12145,transcoder,2.5404446125030518,1.8359190225601196,-0.7045255899429321,0.0,-0.27732373556799433,"Node(id=11_12145_6, type=transcoder, layer=5, feature=12145, pos=6)",1
0,14,7465,lorsa,8,14,16275,lorsa,3.750656843185425,0.9295243620872498,-2.821132481098175,0.0,-0.7521702461860502,"Node(id=16_16275_14, type=lorsa, layer=8, feature=16275, pos=14)",1
0,14,7465,lorsa,13,56,16285,transcoder,0.37943366169929504,0.32997921109199524,-0.049454450607299805,0.0,-0.13033754144484141,"Node(id=27_16285_56, type=transcoder, layer=13, feature=16285, pos=56)",1
0,14,7465,lorsa,13,51,6109,transcoder,0.38438713550567627,0.33160173892974854,-0.052785396575927734,0.0,-0.13732352542570522,"Node(id=27_6109_51, type=transcoder, layer=13, feature=6109, pos=51)",1
0,14,7465,lorsa,14,51,14073,transcoder,0.8638689517974854,0.3479335606098175,-0.5159353911876678,0.0,-0.5972380302754732,"Node(id=29_14073_51, type=transcoder, layer=14, feature=14073, pos=51)",1
0,14,7465,lorsa,13,55,6340,transcoder,0.37931957840919495,0.0,-0.37931957840919495,0.0,-1.0,"Node(id=27_6340_55, type=transcoder, layer=13, feature=6340, pos=55)",1
0,14,7465,lorsa,14,51,2652,transcoder,1.2029510736465454,0.0,-1.2029510736465454,0.0,-1.0,"Node(id=29_2652_51, type=transcoder, layer=14, feature=2652, pos=51)",1
0,14,7465,lorsa,12,37,6377,transcoder,0.3010123670101166,0.0,-0.3010123670101166,0.0,-1.0,"Node(id=25_6377_37, type=transcoder, layer=12, feature=6377, pos=37)",1
0,14,7465,lorsa,14,54,9044,lorsa,3.588165521621704,0.0,-3.588165521621704,0.0,-1.0,"Node(id=28_9044_54, type=lorsa, layer=14, feature=9044, pos=54)",1
0,14,7465,lorsa,12,2,13896,transcoder,12.517711639404297,10.87041187286377,-1.6472997665405273,0.0,-0.1315975167022557,"Node(id=25_13896_2, type=transcoder, layer=12, feature=13896, pos=2)",1
0,14,7465,lorsa,12,37,15342,lorsa,1.2413737773895264,0.0,-1.2413737773895264,0.0,-1.0,"Node(id=24_15342_37, type=lorsa, layer=12, feature=15342, pos=37)",1
0,14,7465,lorsa,6,14,8940,transcoder,1.2855827808380127,1.0094876289367676,-0.2760951519012451,0.0,-0.21476263996105432,"Node(id=13_8940_14, type=transcoder, layer=6, feature=8940, pos=14)",1
0,14,7465,lorsa,10,14,6896,transcoder,0.4185520112514496,0.15656088292598724,-0.26199112832546234,0.0,-0.6259464087679856,"Node(id=21_6896_14, type=transcoder, layer=10, feature=6896, pos=14)",1
0,14,7465,lorsa,10,14,11541,transcoder,0.4443958103656769,0.283917099237442,-0.16047871112823486,0.0,-0.3611166158298902,"Node(id=21_11541_14, type=transcoder, layer=10, feature=11541, pos=14)",1
0,14,7465,lorsa,12,37,15649,lorsa,3.205152750015259,0.0,-3.205152750015259,0.0,-1.0,"Node(id=24_15649_37, type=lorsa, layer=12, feature=15649, pos=37)",1
0,14,7465,lorsa,6,45,4984,transcoder,0.9259824752807617,0.814050555229187,-0.11193192005157471,0.0,-0.12087909117031236,"Node(id=13_4984_45, type=transcoder, layer=6, feature=4984, pos=45)",1
0,5,10273,lorsa,0,5,13486,transcoder,1.9582043886184692,0.6591346859931946,-1.2990697026252747,0.0,-0.6633984226446249,"Node(id=1_13486_5, type=transcoder, layer=0, feature=13486, pos=5)",1
0,5,10273,lorsa,1,5,853,transcoder,1.0840907096862793,0.2445741593837738,-0.8395165503025055,0.0,-0.7743969603295003,"Node(id=3_853_5, type=transcoder, layer=1, feature=853, pos=5)",1
0,5,10273,lorsa,4,55,9090,lorsa,4.7906646728515625,4.263028144836426,-0.5276365280151367,0.0,-0.1101384805756129,"Node(id=8_9090_55, type=lorsa, layer=4, feature=9090, pos=55)",1
0,5,10273,lorsa,14,51,11169,transcoder,0.6642193794250488,0.5406324863433838,-0.12358689308166504,0.0,-0.1860633653728116,"Node(id=29_11169_51, type=transcoder, layer=14, feature=11169, pos=51)",1
0,5,10273,lorsa,13,51,3932,transcoder,0.40207821130752563,0.31621894240379333,-0.0858592689037323,0.0,-0.21353872577309013,"Node(id=27_3932_51, type=transcoder, layer=13, feature=3932, pos=51)",1
0,5,10273,lorsa,14,55,8748,lorsa,1.8016709089279175,1.6155791282653809,-0.18609178066253662,0.0,-0.10328844171284886,"Node(id=28_8748_55, type=lorsa, layer=14, feature=8748, pos=55)",1
0,5,10273,lorsa,13,56,16285,transcoder,0.37943366169929504,0.3030150532722473,-0.07641860842704773,0.0,-0.20140176305077076,"Node(id=27_16285_56, type=transcoder, layer=13, feature=16285, pos=56)",1
0,5,10273,lorsa,14,54,9044,lorsa,3.588165521621704,3.2079217433929443,-0.38024377822875977,0.0,-0.1059716381358308,"Node(id=28_9044_54, type=lorsa, layer=14, feature=9044, pos=54)",1
0,5,13486,transcoder,14,51,2640,transcoder,1.2701964378356934,1.0684442520141602,-0.2017521858215332,0.0,-0.1588354208938751,"Node(id=29_2640_51, type=transcoder, layer=14, feature=2640, pos=51)",1
0,5,13486,transcoder,11,51,9680,transcoder,1.042241096496582,0.8539149165153503,-0.1883261799812317,0.0,-0.18069348888110104,"Node(id=23_9680_51, type=transcoder, layer=11, feature=9680, pos=51)",1
0,5,13486,transcoder,1,5,853,transcoder,1.0840907096862793,0.0,-1.0840907096862793,0.0,-1.0,"Node(id=3_853_5, type=transcoder, layer=1, feature=853, pos=5)",1
0,5,13486,transcoder,4,55,9090,lorsa,4.7906646728515625,3.7050929069519043,-1.0855717658996582,0.0,-0.22660149270132277,"Node(id=8_9090_55, type=lorsa, layer=4, feature=9090, pos=55)",1
0,5,13486,transcoder,14,55,9044,lorsa,3.8024330139160156,3.09993839263916,-0.7024946212768555,0.0,-0.18474871712555868,"Node(id=28_9044_55, type=lorsa, layer=14, feature=9044, pos=55)",1
0,5,13486,transcoder,14,51,11169,transcoder,0.6642193794250488,0.0,-0.6642193794250488,0.0,-1.0,"Node(id=29_11169_51, type=transcoder, layer=14, feature=11169, pos=51)",1
0,5,13486,transcoder,13,55,14142,transcoder,0.6139975786209106,0.44987571239471436,-0.1641218662261963,0.0,-0.26730051052453263,"Node(id=27_14142_55, type=transcoder, layer=13, feature=14142, pos=55)",1
0,5,13486,transcoder,13,56,13473,transcoder,1.8784750699996948,1.538332462310791,-0.3401426076889038,0.0,-0.18107379390931128,"Node(id=27_13473_56, type=transcoder, layer=13, feature=13473, pos=56)",1
0,5,13486,transcoder,3,3,5514,transcoder,1.3314927816390991,1.1478540897369385,-0.18363869190216064,0.0,-0.13791940477221143,"Node(id=7_5514_3, type=transcoder, layer=3, feature=5514, pos=3)",1
0,5,13486,transcoder,9,14,13080,lorsa,4.417771816253662,3.846831798553467,-0.5709400177001953,0.0,-0.1292370999334142,"Node(id=18_13080_14, type=lorsa, layer=9, feature=13080, pos=14)",1
0,5,13486,transcoder,4,5,8453,transcoder,0.9110590815544128,0.0,-0.9110590815544128,0.0,-1.0,"Node(id=9_8453_5, type=transcoder, layer=4, feature=8453, pos=5)",1
0,5,13486,transcoder,7,51,6874,lorsa,3.2344436645507812,2.2748966217041016,-0.9595470428466797,0.0,-0.29666525138874145,"Node(id=14_6874_51, type=lorsa, layer=7, feature=6874, pos=51)",1
0,5,13486,transcoder,9,54,12266,lorsa,1.494158148765564,1.0798003673553467,-0.4143577814102173,0.0,-0.27731855677563266,"Node(id=18_12266_54, type=lorsa, layer=9, feature=12266, pos=54)",1
0,5,13486,transcoder,8,62,3162,transcoder,3.005798101425171,2.658963203430176,-0.3468348979949951,0.0,-0.11538862102233234,"Node(id=17_3162_62, type=transcoder, layer=8, feature=3162, pos=62)",1
0,5,13486,transcoder,4,54,15551,lorsa,4.019529342651367,3.413248300552368,-0.606281042098999,0.0,-0.15083383909298276,"Node(id=8_15551_54, type=lorsa, layer=4, feature=15551, pos=54)",1
0,5,13486,transcoder,8,54,1436,lorsa,2.9068973064422607,1.4558484554290771,-1.4510488510131836,0.0,-0.4991744454808815,"Node(id=16_1436_54, type=lorsa, layer=8, feature=1436, pos=54)",1
0,5,13486,transcoder,13,51,3932,transcoder,0.40207821130752563,0.0,-0.40207821130752563,0.0,-1.0,"Node(id=27_3932_51, type=transcoder, layer=13, feature=3932, pos=51)",1
0,5,13486,transcoder,12,54,9881,lorsa,2.963268280029297,1.8381272554397583,-1.1251410245895386,0.0,-0.37969597021381224,"Node(id=24_9881_54, type=lorsa, layer=12, feature=9881, pos=54)",1
0,5,13486,transcoder,3,56,2286,transcoder,0.6956806182861328,0.5714913010597229,-0.12418931722640991,0.0,-0.1785148442576432,"Node(id=7_2286_56, type=transcoder, layer=3, feature=2286, pos=56)",1
0,5,13486,transcoder,9,54,1889,transcoder,0.6214693784713745,0.4862673878669739,-0.13520199060440063,0.0,-0.21755213577369872,"Node(id=19_1889_54, type=transcoder, layer=9, feature=1889, pos=54)",1
0,5,13486,transcoder,7,5,11946,transcoder,2.906679153442383,0.0,-2.906679153442383,0.0,-1.0,"Node(id=15_11946_5, type=transcoder, layer=7, feature=11946, pos=5)",1
0,5,13486,transcoder,14,51,4640,lorsa,1.3973380327224731,0.9060863256454468,-0.49125170707702637,0.0,-0.35156253932336384,"Node(id=28_4640_51, type=lorsa, layer=14, feature=4640, pos=51)",1
0,5,13486,transcoder,9,54,13348,transcoder,0.5763208270072937,0.4476669430732727,-0.128653883934021,0.0,-0.2232330984845578,"Node(id=19_13348_54, type=transcoder, layer=9, feature=13348, pos=54)",1
0,5,13486,transcoder,14,51,13673,lorsa,0.8683499097824097,0.0,-0.8683499097824097,0.0,-1.0,"Node(id=28_13673_51, type=lorsa, layer=14, feature=13673, pos=51)",1
0,5,13486,transcoder,14,51,790,transcoder,0.5391555428504944,0.0,-0.5391555428504944,0.0,-1.0,"Node(id=29_790_51, type=transcoder, layer=14, feature=790, pos=51)",1
0,5,13486,transcoder,13,56,16285,transcoder,0.37943366169929504,0.09002237766981125,-0.2894112840294838,0.0,-0.7627454104450151,"Node(id=27_16285_56, type=transcoder, layer=13, feature=16285, pos=56)",1
0,5,13486,transcoder,13,51,6109,transcoder,0.38438713550567627,0.2543181777000427,-0.13006895780563354,0.0,-0.3383801011824258,"Node(id=27_6109_51, type=transcoder, layer=13, feature=6109, pos=51)",1
0,5,13486,transcoder,14,51,2652,transcoder,1.2029510736465454,0.34555551409721375,-0.8573955595493317,0.0,-0.712743500822756,"Node(id=29_2652_51, type=transcoder, layer=14, feature=2652, pos=51)",1
0,5,13486,transcoder,3,54,10248,transcoder,0.899041473865509,0.7307759523391724,-0.16826552152633667,0.0,-0.1871610225086325,"Node(id=7_10248_54, type=transcoder, layer=3, feature=10248, pos=54)",1
0,5,13486,transcoder,12,37,6377,transcoder,0.3010123670101166,0.0,-0.3010123670101166,0.0,-1.0,"Node(id=25_6377_37, type=transcoder, layer=12, feature=6377, pos=37)",1
0,5,13486,transcoder,14,54,9044,lorsa,3.588165521621704,1.285058617591858,-2.303106904029846,0.0,-0.6418619459307819,"Node(id=28_9044_54, type=lorsa, layer=14, feature=9044, pos=54)",1
0,5,13486,transcoder,6,55,4801,transcoder,1.9008395671844482,1.6019445657730103,-0.298895001411438,0.0,-0.1572436762004937,"Node(id=13_4801_55, type=transcoder, layer=6, feature=4801, pos=55)",1
0,5,13486,transcoder,12,37,15342,lorsa,1.2413737773895264,0.0,-1.2413737773895264,0.0,-1.0,"Node(id=24_15342_37, type=lorsa, layer=12, feature=15342, pos=37)",1
0,5,13486,transcoder,6,14,8940,transcoder,1.2855827808380127,1.119062066078186,-0.16652071475982666,0.0,-0.12952935994621786,"Node(id=13_8940_14, type=transcoder, layer=6, feature=8940, pos=14)",1
0,5,13486,transcoder,12,51,5918,transcoder,0.6882085204124451,0.5765359401702881,-0.11167258024215698,0.0,-0.16226561707668385,"Node(id=25_5918_51, type=transcoder, layer=12, feature=5918, pos=51)",1
0,5,13486,transcoder,12,37,15649,lorsa,3.205152750015259,2.1793293952941895,-1.0258233547210693,0.0,-0.32005443569458136,"Node(id=24_15649_37, type=lorsa, layer=12, feature=15649, pos=37)",1
0,5,13486,transcoder,6,5,16038,transcoder,2.0866637229919434,0.0,-2.0866637229919434,0.0,-1.0,"Node(id=13_16038_5, type=transcoder, layer=6, feature=16038, pos=5)",1
0,5,13486,transcoder,7,14,1092,transcoder,0.7006182074546814,0.4765896797180176,-0.22402852773666382,0.0,-0.31975835819418785,"Node(id=15_1092_14, type=transcoder, layer=7, feature=1092, pos=14)",1
0,23,8135,transcoder,14,51,2640,transcoder,1.2701964378356934,0.0,-1.2701964378356934,0.0,-1.0,"Node(id=29_2640_51, type=transcoder, layer=14, feature=2640, pos=51)",1
0,23,8135,transcoder,11,51,9680,transcoder,1.042241096496582,0.0,-1.042241096496582,0.0,-1.0,"Node(id=23_9680_51, type=transcoder, layer=11, feature=9680, pos=51)",1
0,23,8135,transcoder,13,51,12356,transcoder,3.2392890453338623,1.228682279586792,-2.0106067657470703,0.0,-0.6206938428799101,"Node(id=27_12356_51, type=transcoder, layer=13, feature=12356, pos=51)",1
0,23,8135,transcoder,2,23,13354,transcoder,0.9106659889221191,0.25972849130630493,-0.6509374976158142,0.0,-0.714792806071824,"Node(id=5_13354_23, type=transcoder, layer=2, feature=13354, pos=23)",1
0,23,8135,transcoder,3,23,15009,transcoder,0.8224453330039978,0.0,-0.8224453330039978,0.0,-1.0,"Node(id=7_15009_23, type=transcoder, layer=3, feature=15009, pos=23)",1
0,23,8135,transcoder,14,23,5634,transcoder,3.0851762294769287,0.0,-3.0851762294769287,0.0,-1.0,"Node(id=29_5634_23, type=transcoder, layer=14, feature=5634, pos=23)",1
0,23,8135,transcoder,12,51,8628,transcoder,0.8337218761444092,0.0,-0.8337218761444092,0.0,-1.0,"Node(id=25_8628_51, type=transcoder, layer=12, feature=8628, pos=51)",1
0,23,8135,transcoder,10,51,12950,transcoder,0.8460464477539062,0.0,-0.8460464477539062,0.0,-1.0,"Node(id=21_12950_51, type=transcoder, layer=10, feature=12950, pos=51)",1
0,23,8135,transcoder,4,23,3675,transcoder,0.6166015863418579,0.0,-0.6166015863418579,0.0,-1.0,"Node(id=9_3675_23, type=transcoder, layer=4, feature=3675, pos=23)",1
0,23,8135,transcoder,6,23,4099,transcoder,2.014463186264038,0.0,-2.014463186264038,0.0,-1.0,"Node(id=13_4099_23, type=transcoder, layer=6, feature=4099, pos=23)",1
0,23,8135,transcoder,13,23,142,transcoder,1.0874344110488892,0.0,-1.0874344110488892,0.0,-1.0,"Node(id=27_142_23, type=transcoder, layer=13, feature=142, pos=23)",1
0,23,8135,transcoder,5,62,13852,transcoder,2.1420979499816895,1.7754701375961304,-0.3666278123855591,0.0,-0.17115361712973629,"Node(id=11_13852_62, type=transcoder, layer=5, feature=13852, pos=62)",1
0,23,8135,transcoder,10,51,9278,transcoder,8.472284317016602,7.352663516998291,-1.1196208000183105,0.0,-0.13215099471692066,"Node(id=21_9278_51, type=transcoder, layer=10, feature=9278, pos=51)",1
0,23,8135,transcoder,4,55,9090,lorsa,4.7906646728515625,1.9997334480285645,-2.790931224822998,0.0,-0.5825770358420314,"Node(id=8_9090_55, type=lorsa, layer=4, feature=9090, pos=55)",1
0,23,8135,transcoder,3,51,7112,transcoder,1.2625163793563843,0.46665358543395996,-0.7958627939224243,0.0,-0.6303781930561135,"Node(id=7_7112_51, type=transcoder, layer=3, feature=7112, pos=51)",1
0,23,8135,transcoder,9,54,12243,lorsa,2.3094804286956787,1.2005757093429565,-1.1089047193527222,0.0,-0.4801533304090377,"Node(id=18_12243_54, type=lorsa, layer=9, feature=12243, pos=54)",1
0,23,8135,transcoder,2,51,9305,transcoder,0.8282850384712219,0.3176422119140625,-0.5106428265571594,0.0,-0.6165061577107085,"Node(id=5_9305_51, type=transcoder, layer=2, feature=9305, pos=51)",1
0,23,8135,transcoder,14,55,9044,lorsa,3.8024330139160156,0.0,-3.8024330139160156,0.0,-1.0,"Node(id=28_9044_55, type=lorsa, layer=14, feature=9044, pos=55)",1
0,23,8135,transcoder,1,51,8276,lorsa,2.0241923332214355,0.7195303440093994,-1.3046619892120361,0.0,-0.6445345967375093,"Node(id=2_8276_51, type=lorsa, layer=1, feature=8276, pos=51)",1
0,23,8135,transcoder,3,56,2403,transcoder,1.9280507564544678,1.6856130361557007,-0.2424377202987671,0.0,-0.12574239525965114,"Node(id=7_2403_56, type=transcoder, layer=3, feature=2403, pos=56)",1
0,23,8135,transcoder,1,55,10736,transcoder,0.5947915315628052,0.28082746267318726,-0.3139640688896179,0.0,-0.5278556472797828,"Node(id=3_10736_55, type=transcoder, layer=1, feature=10736, pos=55)",1
0,23,8135,transcoder,13,55,9300,transcoder,0.6302089691162109,0.0,-0.6302089691162109,0.0,-1.0,"Node(id=27_9300_55, type=transcoder, layer=13, feature=9300, pos=55)",1
0,23,8135,transcoder,14,51,11169,transcoder,0.6642193794250488,0.0,-0.6642193794250488,0.0,-1.0,"Node(id=29_11169_51, type=transcoder, layer=14, feature=11169, pos=51)",1
0,23,8135,transcoder,4,62,1264,transcoder,1.3462867736816406,1.1587294340133667,-0.18755733966827393,0.0,-0.13931455269026213,"Node(id=9_1264_62, type=transcoder, layer=4, feature=1264, pos=62)",1
0,23,8135,transcoder,8,14,912,transcoder,0.7022373080253601,0.5646811723709106,-0.13755613565444946,0.0,-0.19588269390193358,"Node(id=17_912_14, type=transcoder, layer=8, feature=912, pos=14)",1
0,23,8135,transcoder,11,51,9849,transcoder,0.687792956829071,0.0,-0.687792956829071,0.0,-1.0,"Node(id=23_9849_51, type=transcoder, layer=11, feature=9849, pos=51)",1
0,23,8135,transcoder,2,56,7272,transcoder,1.4503072500228882,1.1343616247177124,-0.3159456253051758,0.0,-0.21784737358252168,"Node(id=5_7272_56, type=transcoder, layer=2, feature=7272, pos=56)",1
0,23,8135,transcoder,13,55,14142,transcoder,0.6139975786209106,0.0,-0.6139975786209106,0.0,-1.0,"Node(id=27_14142_55, type=transcoder, layer=13, feature=14142, pos=55)",1
0,23,8135,transcoder,8,62,8174,transcoder,1.1858330965042114,0.9536588788032532,-0.23217421770095825,0.0,-0.19578996267299215,"Node(id=17_8174_62, type=transcoder, layer=8, feature=8174, pos=62)",1
0,23,8135,transcoder,12,23,15674,transcoder,0.6342616677284241,0.0,-0.6342616677284241,0.0,-1.0,"Node(id=25_15674_23, type=transcoder, layer=12, feature=15674, pos=23)",1
0,23,8135,transcoder,3,55,8792,lorsa,2.6274337768554688,0.0,-2.6274337768554688,0.0,-1.0,"Node(id=6_8792_55, type=lorsa, layer=3, feature=8792, pos=55)",1
0,23,8135,transcoder,13,56,13473,transcoder,1.8784750699996948,1.0193800926208496,-0.8590949773788452,0.0,-0.4573363741148744,"Node(id=27_13473_56, type=transcoder, layer=13, feature=13473, pos=56)",1
0,23,8135,transcoder,8,51,5050,transcoder,0.8566882014274597,0.0,-0.8566882014274597,0.0,-1.0,"Node(id=17_5050_51, type=transcoder, layer=8, feature=5050, pos=51)",1
0,23,8135,transcoder,7,51,14452,transcoder,2.90750789642334,1.6968872547149658,-1.210620641708374,0.0,-0.41637742177677817,"Node(id=15_14452_51, type=transcoder, layer=7, feature=14452, pos=51)",1
0,23,8135,transcoder,9,14,13080,lorsa,4.417771816253662,3.270388603210449,-1.147383213043213,0.0,-0.2597198906520734,"Node(id=18_13080_14, type=lorsa, layer=9, feature=13080, pos=14)",1
0,23,8135,transcoder,13,51,5681,lorsa,1.9713155031204224,1.6607757806777954,-0.31053972244262695,0.0,-0.15752918391351833,"Node(id=26_5681_51, type=lorsa, layer=13, feature=5681, pos=51)",1
0,23,8135,transcoder,7,23,7600,transcoder,1.5129057168960571,0.0,-1.5129057168960571,0.0,-1.0,"Node(id=15_7600_23, type=transcoder, layer=7, feature=7600, pos=23)",1
0,23,8135,transcoder,3,51,2992,lorsa,2.136613607406616,1.6783902645111084,-0.4582233428955078,0.0,-0.2144624284461481,"Node(id=6_2992_51, type=lorsa, layer=3, feature=2992, pos=51)",1
0,23,8135,transcoder,11,51,11974,transcoder,2.9676895141601562,2.5783209800720215,-0.38936853408813477,0.0,-0.1312025844449986,"Node(id=23_11974_51, type=transcoder, layer=11, feature=11974, pos=51)",1
0,23,8135,transcoder,7,51,6874,lorsa,3.2344436645507812,0.0,-3.2344436645507812,0.0,-1.0,"Node(id=14_6874_51, type=lorsa, layer=7, feature=6874, pos=51)",1
0,23,8135,transcoder,1,55,4200,lorsa,1.2039995193481445,0.9074001312255859,-0.2965993881225586,0.0,-0.2463451050903575,"Node(id=2_4200_55, type=lorsa, layer=1, feature=4200, pos=55)",1
0,23,8135,transcoder,14,23,10814,transcoder,1.869791030883789,0.0,-1.869791030883789,0.0,-1.0,"Node(id=29_10814_23, type=transcoder, layer=14, feature=10814, pos=23)",1
0,23,8135,transcoder,8,54,11682,transcoder,0.4600358009338379,0.2838428020477295,-0.1761929988861084,0.0,-0.3829984503998383,"Node(id=17_11682_54, type=transcoder, layer=8, feature=11682, pos=54)",1
0,23,8135,transcoder,8,62,3162,transcoder,3.005798101425171,2.3610000610351562,-0.6447980403900146,0.0,-0.21451808093307723,"Node(id=17_3162_62, type=transcoder, layer=8, feature=3162, pos=62)",1
0,23,8135,transcoder,12,54,9524,transcoder,0.9488894939422607,0.8517152070999146,-0.09717428684234619,0.0,-0.10240843371405182,"Node(id=25_9524_54, type=transcoder, layer=12, feature=9524, pos=54)",1
0,23,8135,transcoder,5,62,13262,transcoder,1.1267039775848389,0.8948512077331543,-0.23185276985168457,0.0,-0.20577966747634602,"Node(id=11_13262_62, type=transcoder, layer=5, feature=13262, pos=62)",1
0,23,8135,transcoder,4,54,15551,lorsa,4.019529342651367,2.1035399436950684,-1.9159893989562988,0.0,-0.47667008637694663,"Node(id=8_15551_54, type=lorsa, layer=4, feature=15551, pos=54)",1
0,23,8135,transcoder,8,54,1436,lorsa,2.9068973064422607,0.0,-2.9068973064422607,0.0,-1.0,"Node(id=16_1436_54, type=lorsa, layer=8, feature=1436, pos=54)",1
0,23,8135,transcoder,13,56,2268,transcoder,0.6461610198020935,0.0,-0.6461610198020935,0.0,-1.0,"Node(id=27_2268_56, type=transcoder, layer=13, feature=2268, pos=56)",1
0,23,8135,transcoder,10,14,14175,transcoder,0.5143704414367676,0.3847526013851166,-0.129617840051651,0.0,-0.2519931738099012,"Node(id=21_14175_14, type=transcoder, layer=10, feature=14175, pos=14)",1
0,23,8135,transcoder,13,51,3932,transcoder,0.40207821130752563,0.0,-0.40207821130752563,0.0,-1.0,"Node(id=27_3932_51, type=transcoder, layer=13, feature=3932, pos=51)",1
0,23,8135,transcoder,10,8,54,transcoder,18.665470123291016,14.326268196105957,-4.339201927185059,0.0,-0.2324721476889321,"Node(id=21_54_8, type=transcoder, layer=10, feature=54, pos=8)",1
0,23,8135,transcoder,12,54,9881,lorsa,2.963268280029297,1.6448760032653809,-1.318392276763916,0.0,-0.44491154771544394,"Node(id=24_9881_54, type=lorsa, layer=12, feature=9881, pos=54)",1
0,23,8135,transcoder,3,56,2286,transcoder,0.6956806182861328,0.592141330242157,-0.10353928804397583,0.0,-0.14883164101804863,"Node(id=7_2286_56, type=transcoder, layer=3, feature=2286, pos=56)",1
0,23,8135,transcoder,9,54,1889,transcoder,0.6214693784713745,0.49310025572776794,-0.12836912274360657,0.0,-0.20655743821096306,"Node(id=19_1889_54, type=transcoder, layer=9, feature=1889, pos=54)",1
0,23,8135,transcoder,14,51,4640,lorsa,1.3973380327224731,0.0,-1.3973380327224731,0.0,-1.0,"Node(id=28_4640_51, type=lorsa, layer=14, feature=4640, pos=51)",1
0,23,8135,transcoder,9,54,13348,transcoder,0.5763208270072937,0.5130288600921631,-0.06329196691513062,0.0,-0.10982071781752495,"Node(id=19_13348_54, type=transcoder, layer=9, feature=13348, pos=54)",1
0,23,8135,transcoder,3,51,13895,transcoder,1.1960400342941284,0.6026599407196045,-0.5933800935745239,0.0,-0.49612059509757245,"Node(id=7_13895_51, type=transcoder, layer=3, feature=13895, pos=51)",1
0,23,8135,transcoder,14,55,8748,lorsa,1.8016709089279175,0.0,-1.8016709089279175,0.0,-1.0,"Node(id=28_8748_55, type=lorsa, layer=14, feature=8748, pos=55)",1
0,23,8135,transcoder,7,14,2772,transcoder,0.7835947275161743,0.6871163845062256,-0.09647834300994873,0.0,-0.12312275672880571,"Node(id=15_2772_14, type=transcoder, layer=7, feature=2772, pos=14)",1
0,23,8135,transcoder,2,6,13953,transcoder,1.7135149240493774,1.5077705383300781,-0.20574438571929932,0.0,-0.12007154582178035,"Node(id=5_13953_6, type=transcoder, layer=2, feature=13953, pos=6)",1
0,23,8135,transcoder,10,2,54,transcoder,18.140689849853516,11.570528984069824,-6.570160865783691,0.0,-0.3621781156154183,"Node(id=21_54_2, type=transcoder, layer=10, feature=54, pos=2)",1
0,23,8135,transcoder,12,51,15847,transcoder,3.3805553913116455,1.3981136083602905,-1.982441782951355,0.0,-0.586424878008632,"Node(id=25_15847_51, type=transcoder, layer=12, feature=15847, pos=51)",1
0,23,8135,transcoder,14,51,13673,lorsa,0.8683499097824097,0.0,-0.8683499097824097,0.0,-1.0,"Node(id=28_13673_51, type=lorsa, layer=14, feature=13673, pos=51)",1
0,23,8135,transcoder,14,51,790,transcoder,0.5391555428504944,0.0,-0.5391555428504944,0.0,-1.0,"Node(id=29_790_51, type=transcoder, layer=14, feature=790, pos=51)",1
0,23,8135,transcoder,14,51,7697,transcoder,1.0310401916503906,0.0,-1.0310401916503906,0.0,-1.0,"Node(id=29_7697_51, type=transcoder, layer=14, feature=7697, pos=51)",1
0,23,8135,transcoder,8,14,16275,lorsa,3.750656843185425,3.0491526126861572,-0.7015042304992676,0.0,-0.1870350340831185,"Node(id=16_16275_14, type=lorsa, layer=8, feature=16275, pos=14)",1
0,23,8135,transcoder,13,56,16285,transcoder,0.37943366169929504,0.0,-0.37943366169929504,0.0,-1.0,"Node(id=27_16285_56, type=transcoder, layer=13, feature=16285, pos=56)",1
0,23,8135,transcoder,13,51,6109,transcoder,0.38438713550567627,0.0,-0.38438713550567627,0.0,-1.0,"Node(id=27_6109_51, type=transcoder, layer=13, feature=6109, pos=51)",1
0,23,8135,transcoder,14,51,14073,transcoder,0.8638689517974854,0.0,-0.8638689517974854,0.0,-1.0,"Node(id=29_14073_51, type=transcoder, layer=14, feature=14073, pos=51)",1
0,23,8135,transcoder,13,55,6340,transcoder,0.37931957840919495,0.0,-0.37931957840919495,0.0,-1.0,"Node(id=27_6340_55, type=transcoder, layer=13, feature=6340, pos=55)",1
0,23,8135,transcoder,14,51,2652,transcoder,1.2029510736465454,0.0,-1.2029510736465454,0.0,-1.0,"Node(id=29_2652_51, type=transcoder, layer=14, feature=2652, pos=51)",1
0,23,8135,transcoder,3,54,10248,transcoder,0.899041473865509,0.0,-0.899041473865509,0.0,-1.0,"Node(id=7_10248_54, type=transcoder, layer=3, feature=10248, pos=54)",1
0,23,8135,transcoder,12,37,6377,transcoder,0.3010123670101166,0.0,-0.3010123670101166,0.0,-1.0,"Node(id=25_6377_37, type=transcoder, layer=12, feature=6377, pos=37)",1
0,23,8135,transcoder,14,54,9044,lorsa,3.588165521621704,0.0,-3.588165521621704,0.0,-1.0,"Node(id=28_9044_54, type=lorsa, layer=14, feature=9044, pos=54)",1
0,23,8135,transcoder,12,2,13896,transcoder,12.517711639404297,8.90737533569336,-3.6103363037109375,0.0,-0.2884182355140711,"Node(id=25_13896_2, type=transcoder, layer=12, feature=13896, pos=2)",1
0,23,8135,transcoder,11,37,7513,transcoder,0.49810850620269775,0.0,-0.49810850620269775,0.0,-1.0,"Node(id=23_7513_37, type=transcoder, layer=11, feature=7513, pos=37)",1
0,23,8135,transcoder,6,55,4801,transcoder,1.9008395671844482,1.1002529859542847,-0.8005865812301636,0.0,-0.4211752506898856,"Node(id=13_4801_55, type=transcoder, layer=6, feature=4801, pos=55)",1
0,23,8135,transcoder,12,37,15342,lorsa,1.2413737773895264,0.0,-1.2413737773895264,0.0,-1.0,"Node(id=24_15342_37, type=lorsa, layer=12, feature=15342, pos=37)",1
0,23,8135,transcoder,6,14,8940,transcoder,1.2855827808380127,1.1366567611694336,-0.1489260196685791,0.0,-0.1158431972552565,"Node(id=13_8940_14, type=transcoder, layer=6, feature=8940, pos=14)",1
0,23,8135,transcoder,7,62,8659,transcoder,0.6940901875495911,0.5898950099945068,-0.10419517755508423,0.0,-0.1501176351778345,"Node(id=15_8659_62, type=transcoder, layer=7, feature=8659, pos=62)",1
0,23,8135,transcoder,12,1,13896,transcoder,12.206680297851562,8.593335151672363,-3.613345146179199,0.0,-0.2960137447701621,"Node(id=25_13896_1, type=transcoder, layer=12, feature=13896, pos=1)",1
0,23,8135,transcoder,10,14,6896,transcoder,0.4185520112514496,0.20165695250034332,-0.21689505875110626,0.0,-0.5182033604440244,"Node(id=21_6896_14, type=transcoder, layer=10, feature=6896, pos=14)",1
0,23,8135,transcoder,12,51,5918,transcoder,0.6882085204124451,0.0,-0.6882085204124451,0.0,-1.0,"Node(id=25_5918_51, type=transcoder, layer=12, feature=5918, pos=51)",1
0,23,8135,transcoder,14,51,7323,lorsa,1.7485430240631104,0.0,-1.7485430240631104,0.0,-1.0,"Node(id=28_7323_51, type=lorsa, layer=14, feature=7323, pos=51)",1
0,23,8135,transcoder,12,37,15649,lorsa,3.205152750015259,1.4133696556091309,-1.791783094406128,0.0,-0.5590320443846546,"Node(id=24_15649_37, type=lorsa, layer=12, feature=15649, pos=37)",1
0,23,8135,transcoder,7,14,1092,transcoder,0.7006182074546814,0.19974619150161743,-0.500872015953064,0.0,-0.7149000848446581,"Node(id=15_1092_14, type=transcoder, layer=7, feature=1092, pos=14)",1
0,23,8135,transcoder,6,45,4984,transcoder,0.9259824752807617,0.48534491658210754,-0.4406375586986542,0.0,-0.4758595010829455,"Node(id=13_4984_45, type=transcoder, layer=6, feature=4984, pos=45)",1
1,54,9400,transcoder,2,54,12759,transcoder,0.6271476745605469,0.3242390751838684,-0.30290859937667847,0.0,-0.4829940565257325,"Node(id=5_12759_54, type=transcoder, layer=2, feature=12759, pos=54)",1
1,54,9400,transcoder,9,54,12243,lorsa,2.3094804286956787,1.5860589742660522,-0.7234214544296265,0.0,-0.313239915541606,"Node(id=18_12243_54, type=lorsa, layer=9, feature=12243, pos=54)",1
0,54,15890,transcoder,1,54,9400,transcoder,0.9067674875259399,0.7181117534637451,-0.18865573406219482,0.0,-0.20805304188500467,"Node(id=3_9400_54, type=transcoder, layer=1, feature=9400, pos=54)",1
1,54,11614,lorsa,1,54,9400,transcoder,0.9067674875259399,0.5895994901657104,-0.3171679973602295,0.0,-0.349778748933316,"Node(id=3_9400_54, type=transcoder, layer=1, feature=9400, pos=54)",1
1,54,9400,transcoder,14,51,11169,transcoder,0.6642193794250488,0.47321105003356934,-0.1910083293914795,0.0,-0.28756813683578025,"Node(id=29_11169_51, type=transcoder, layer=14, feature=11169, pos=51)",1
1,54,9400,transcoder,3,54,5828,lorsa,2.9929561614990234,2.2584235668182373,-0.7345325946807861,0.0,-0.24542043218999077,"Node(id=6_5828_54, type=lorsa, layer=3, feature=5828, pos=54)",1
1,54,9400,transcoder,11,51,9849,transcoder,0.687792956829071,0.6048082709312439,-0.08298468589782715,0.0,-0.1206535848817224,"Node(id=23_9849_51, type=transcoder, layer=11, feature=9849, pos=51)",1
1,54,9400,transcoder,13,55,14142,transcoder,0.6139975786209106,0.5171806216239929,-0.09681695699691772,0.0,-0.15768296222662087,"Node(id=27_14142_55, type=transcoder, layer=13, feature=14142, pos=55)",1
1,54,9400,transcoder,9,14,13080,lorsa,4.417771816253662,3.829280138015747,-0.588491678237915,0.0,-0.1332100666840156,"Node(id=18_13080_14, type=lorsa, layer=9, feature=13080, pos=14)",1
0,54,2952,lorsa,1,54,9400,transcoder,0.9067674875259399,0.7539315223693848,-0.15283596515655518,0.0,-0.16855033650749746,"Node(id=3_9400_54, type=transcoder, layer=1, feature=9400, pos=54)",1
1,54,9400,transcoder,4,54,15551,lorsa,4.019529342651367,2.547319173812866,-1.472210168838501,0.0,-0.3662643168733282,"Node(id=8_15551_54, type=lorsa, layer=4, feature=15551, pos=54)",1
1,54,9400,transcoder,8,54,1436,lorsa,2.9068973064422607,2.279107093811035,-0.6277902126312256,0.0,-0.21596573475090367,"Node(id=16_1436_54, type=lorsa, layer=8, feature=1436, pos=54)",1
1,54,9400,transcoder,13,51,3932,transcoder,0.40207821130752563,0.3225945234298706,-0.07948368787765503,0.0,-0.19768215646199913,"Node(id=27_3932_51, type=transcoder, layer=13, feature=3932, pos=51)",1
1,54,9400,transcoder,12,54,9881,lorsa,2.963268280029297,2.475064516067505,-0.488203763961792,0.0,-0.16475179356928332,"Node(id=24_9881_54, type=lorsa, layer=12, feature=9881, pos=54)",1
0,54,11059,lorsa,1,54,9400,transcoder,0.9067674875259399,0.5248339772224426,-0.3819335103034973,0.0,-0.4212033575945469,"Node(id=3_9400_54, type=transcoder, layer=1, feature=9400, pos=54)",1
1,54,9400,transcoder,2,54,715,transcoder,0.9930531978607178,0.5067666172981262,-0.48628658056259155,0.0,-0.4896883486304391,"Node(id=5_715_54, type=transcoder, layer=2, feature=715, pos=54)",1
1,54,9400,transcoder,7,14,2772,transcoder,0.7835947275161743,0.6742556095123291,-0.10933911800384521,0.0,-0.1395352905837263,"Node(id=15_2772_14, type=transcoder, layer=7, feature=2772, pos=14)",1
1,54,9400,transcoder,14,51,7697,transcoder,1.0310401916503906,0.8752623796463013,-0.15577781200408936,0.0,-0.1510880111809561,"Node(id=29_7697_51, type=transcoder, layer=14, feature=7697, pos=51)",1
1,54,9400,transcoder,5,54,14178,lorsa,2.141420841217041,0.7808513045310974,-1.3605695366859436,0.0,-0.6353583146751698,"Node(id=10_14178_54, type=lorsa, layer=5, feature=14178, pos=54)",1
1,54,9400,transcoder,3,54,10248,transcoder,0.899041473865509,0.796638548374176,-0.10240292549133301,0.0,-0.1139023376208024,"Node(id=7_10248_54, type=transcoder, layer=3, feature=10248, pos=54)",1
1,54,9400,transcoder,12,37,6377,transcoder,0.3010123670101166,0.23236213624477386,-0.06865023076534271,0.0,-0.22806448601175075,"Node(id=25_6377_37, type=transcoder, layer=12, feature=6377, pos=37)",1
1,54,9400,transcoder,12,37,15342,lorsa,1.2413737773895264,0.0,-1.2413737773895264,0.0,-1.0,"Node(id=24_15342_37, type=lorsa, layer=12, feature=15342, pos=37)",1
1,54,9400,transcoder,7,14,1092,transcoder,0.7006182074546814,0.5756635069847107,-0.1249547004699707,0.0,-0.17834920523108622,"Node(id=15_1092_14, type=transcoder, layer=7, feature=1092, pos=14)",1
1,54,9400,transcoder,6,45,4984,transcoder,0.9259824752807617,0.7281537652015686,-0.19782871007919312,0.0,-0.21364195906538147,"Node(id=13_4984_45, type=transcoder, layer=6, feature=4984, pos=45)",1
13,51,12356,transcoder,14,51,2640,transcoder,1.2701964378356934,0.5326852202415466,-0.7375112175941467,0.0,-0.5806276853136221,"Node(id=29_2640_51, type=transcoder, layer=14, feature=2640, pos=51)",1
12,51,15847,transcoder,14,51,2640,transcoder,1.2701964378356934,1.1233855485916138,-0.1468108892440796,0.0,-0.11558124780623133,"Node(id=29_2640_51, type=transcoder, layer=14, feature=2640, pos=51)",1
0,10,12663,transcoder,11,51,9680,transcoder,1.042241096496582,0.7974304556846619,-0.24481064081192017,0.0,-0.23488868519465736,"Node(id=23_9680_51, type=transcoder, layer=11, feature=9680, pos=51)",1
0,10,7465,lorsa,11,51,9680,transcoder,1.042241096496582,0.8461558818817139,-0.19608521461486816,0.0,-0.1881380568027824,"Node(id=23_9680_51, type=transcoder, layer=11, feature=9680, pos=51)",1
11,51,9680,transcoder,12,51,8628,transcoder,0.8337218761444092,0.60299152135849,-0.2307303547859192,0.0,-0.2767473918915789,"Node(id=25_8628_51, type=transcoder, layer=12, feature=8628, pos=51)",1
10,51,12950,transcoder,11,51,9680,transcoder,1.042241096496582,0.7496235966682434,-0.2926174998283386,0.0,-0.2807579751095511,"Node(id=23_9680_51, type=transcoder, layer=11, feature=9680, pos=51)",1
0,9,12663,transcoder,11,51,9680,transcoder,1.042241096496582,0.8524688482284546,-0.18977224826812744,0.0,-0.18208094931780477,"Node(id=23_9680_51, type=transcoder, layer=11, feature=9680, pos=51)",1
0,9,7465,lorsa,11,51,9680,transcoder,1.042241096496582,0.8708677887916565,-0.17137330770492554,0.0,-0.164427701307293,"Node(id=23_9680_51, type=transcoder, layer=11, feature=9680, pos=51)",1
10,51,9278,transcoder,11,51,9680,transcoder,1.042241096496582,0.8262508511543274,-0.21599024534225464,0.0,-0.20723635449445452,"Node(id=23_9680_51, type=transcoder, layer=11, feature=9680, pos=51)",1
11,51,9680,transcoder,14,51,11169,transcoder,0.6642193794250488,0.5472897887229919,-0.11692959070205688,0.0,-0.17604061899439255,"Node(id=29_11169_51, type=transcoder, layer=14, feature=11169, pos=51)",1
8,51,5050,transcoder,11,51,9680,transcoder,1.042241096496582,0.893925666809082,-0.1483154296875,0.0,-0.14230433839737425,"Node(id=23_9680_51, type=transcoder, layer=11, feature=9680, pos=51)",1
0,24,7465,lorsa,11,51,9680,transcoder,1.042241096496582,0.921195924282074,-0.12104517221450806,0.0,-0.1161393199916916,"Node(id=23_9680_51, type=transcoder, layer=11, feature=9680, pos=51)",1
11,51,9680,transcoder,13,51,3932,transcoder,0.40207821130752563,0.30469438433647156,-0.09738382697105408,0.0,-0.2422012042243468,"Node(id=27_3932_51, type=transcoder, layer=13, feature=3932, pos=51)",1
0,24,12663,transcoder,11,51,9680,transcoder,1.042241096496582,0.9172620177268982,-0.12497907876968384,0.0,-0.1199137888438596,"Node(id=23_9680_51, type=transcoder, layer=11, feature=9680, pos=51)",1
11,51,9680,transcoder,14,51,13673,lorsa,0.8683499097824097,0.7228848934173584,-0.14546501636505127,0.0,-0.16751889385409363,"Node(id=28_13673_51, type=lorsa, layer=14, feature=13673, pos=51)",1
11,51,9680,transcoder,12,51,5918,transcoder,0.6882085204124451,0.5678727626800537,-0.12033575773239136,0.0,-0.17485362962416368,"Node(id=25_5918_51, type=transcoder, layer=12, feature=5918, pos=51)",1
13,51,12356,transcoder,14,51,11169,transcoder,0.6642193794250488,0.40217334032058716,-0.26204603910446167,0.0,-0.39451730440519495,"Node(id=29_11169_51, type=transcoder, layer=14, feature=11169, pos=51)",1
13,51,12356,transcoder,14,51,4640,lorsa,1.3973380327224731,0.8469234108924866,-0.5504146218299866,0.0,-0.3939022691292516,"Node(id=28_4640_51, type=lorsa, layer=14, feature=4640, pos=51)",1
13,51,12356,transcoder,14,51,13673,lorsa,0.8683499097824097,0.5740652680397034,-0.2942846417427063,0.0,-0.33890098729491186,"Node(id=28_13673_51, type=lorsa, layer=14, feature=13673, pos=51)",1
13,51,12356,transcoder,14,51,790,transcoder,0.5391555428504944,0.0,-0.5391555428504944,0.0,-1.0,"Node(id=29_790_51, type=transcoder, layer=14, feature=790, pos=51)",1
13,51,12356,transcoder,14,51,7697,transcoder,1.0310401916503906,0.40120869874954224,-0.6298314929008484,0.0,-0.6108699718996156,"Node(id=29_7697_51, type=transcoder, layer=14, feature=7697, pos=51)",1
13,51,12356,transcoder,14,51,14073,transcoder,0.8638689517974854,0.5436371564865112,-0.3202317953109741,0.0,-0.3706948775559713,"Node(id=29_14073_51, type=transcoder, layer=14, feature=14073, pos=51)",1
13,51,12356,transcoder,14,51,2652,transcoder,1.2029510736465454,0.539373517036438,-0.6635775566101074,0.0,-0.5516247261815751,"Node(id=29_2652_51, type=transcoder, layer=14, feature=2652, pos=51)",1
13,51,12356,transcoder,14,51,7323,lorsa,1.7485430240631104,0.0,-1.7485430240631104,0.0,-1.0,"Node(id=28_7323_51, type=lorsa, layer=14, feature=7323, pos=51)",1
2,23,13354,transcoder,3,23,15009,transcoder,0.8224453330039978,0.28368836641311646,-0.5387569665908813,0.0,-0.6550672062580267,"Node(id=7_15009_23, type=transcoder, layer=3, feature=15009, pos=23)",1
2,23,13354,transcoder,4,23,3675,transcoder,0.6166015863418579,0.3983249068260193,-0.21827667951583862,0.0,-0.35399954257467814,"Node(id=9_3675_23, type=transcoder, layer=4, feature=3675, pos=23)",1
2,23,13354,transcoder,14,55,9044,lorsa,3.8024330139160156,1.9860777854919434,-1.8163552284240723,0.0,-0.47768237383186946,"Node(id=28_9044_55, type=lorsa, layer=14, feature=9044, pos=55)",1
2,23,13354,transcoder,13,55,9300,transcoder,0.6302089691162109,0.47895529866218567,-0.15125367045402527,0.0,-0.24000558206294584,"Node(id=27_9300_55, type=transcoder, layer=13, feature=9300, pos=55)",1
2,23,13354,transcoder,12,32,13896,transcoder,8.983194351196289,6.552248477935791,-2.430945873260498,0.0,-0.27061040630126965,"Node(id=25_13896_32, type=transcoder, layer=12, feature=13896, pos=32)",1
2,23,13354,transcoder,13,56,2268,transcoder,0.6461610198020935,0.4563005268573761,-0.1898604929447174,0.0,-0.2938284531661597,"Node(id=27_2268_56, type=transcoder, layer=13, feature=2268, pos=56)",1
2,23,13354,transcoder,3,51,13895,transcoder,1.1960400342941284,1.040837049484253,-0.1552029848098755,0.0,-0.1297640382928087,"Node(id=7_13895_51, type=transcoder, layer=3, feature=13895, pos=51)",1
2,23,13354,transcoder,14,51,7697,transcoder,1.0310401916503906,0.6590206623077393,-0.37201952934265137,0.0,-0.3608196192111173,"Node(id=29_7697_51, type=transcoder, layer=14, feature=7697, pos=51)",1
2,23,13354,transcoder,14,51,14073,transcoder,0.8638689517974854,0.7472888231277466,-0.11658012866973877,0.0,-0.13495117335466913,"Node(id=29_14073_51, type=transcoder, layer=14, feature=14073, pos=51)",1
2,23,13354,transcoder,13,55,6340,transcoder,0.37931957840919495,0.0,-0.37931957840919495,0.0,-1.0,"Node(id=27_6340_55, type=transcoder, layer=13, feature=6340, pos=55)",1
2,23,13354,transcoder,14,54,9044,lorsa,3.588165521621704,2.6908116340637207,-0.8973538875579834,0.0,-0.2500870938507921,"Node(id=28_9044_54, type=lorsa, layer=14, feature=9044, pos=54)",1
2,23,13354,transcoder,11,37,7513,transcoder,0.49810850620269775,0.3536685109138489,-0.14443999528884888,0.0,-0.28997696985738924,"Node(id=23_7513_37, type=transcoder, layer=11, feature=7513, pos=37)",1
2,23,13354,transcoder,12,37,15342,lorsa,1.2413737773895264,1.049758791923523,-0.19161498546600342,0.0,-0.15435720405577508,"Node(id=24_15342_37, type=lorsa, layer=12, feature=15342, pos=37)",1
2,23,13354,transcoder,7,14,1092,transcoder,0.7006182074546814,0.6252635717391968,-0.07535463571548462,0.0,-0.10755449246636777,"Node(id=15_1092_14, type=transcoder, layer=7, feature=1092, pos=14)",1
0,10,7465,lorsa,0,10,12663,transcoder,1.3235399723052979,0.34128284454345703,-0.9822571277618408,0.0,-0.7421439082425128,"Node(id=1_12663_10, type=transcoder, layer=0, feature=12663, pos=10)",1
0,10,12663,transcoder,10,51,12950,transcoder,0.8460464477539062,0.7396760582923889,-0.10637038946151733,0.0,-0.12572641814632124,"Node(id=21_12950_51, type=transcoder, layer=10, feature=12950, pos=51)",1
0,10,12663,transcoder,14,55,9044,lorsa,3.8024330139160156,1.4756752252578735,-2.326757788658142,0.0,-0.611912893703256,"Node(id=28_9044_55, type=lorsa, layer=14, feature=9044, pos=55)",1
0,10,12663,transcoder,13,55,9300,transcoder,0.6302089691162109,0.5185654163360596,-0.11164355278015137,0.0,-0.17715322734412595,"Node(id=27_9300_55, type=transcoder, layer=13, feature=9300, pos=55)",1
0,10,12663,transcoder,14,51,11169,transcoder,0.6642193794250488,0.29992160201072693,-0.3642977774143219,0.0,-0.5484600249538935,"Node(id=29_11169_51, type=transcoder, layer=14, feature=11169, pos=51)",1
0,10,12663,transcoder,11,51,9849,transcoder,0.687792956829071,0.6164923906326294,-0.07130056619644165,0.0,-0.10366574052336673,"Node(id=23_9849_51, type=transcoder, layer=11, feature=9849, pos=51)",1
0,10,12663,transcoder,13,55,14142,transcoder,0.6139975786209106,0.40928179025650024,-0.2047157883644104,0.0,-0.3334146509571243,"Node(id=27_14142_55, type=transcoder, layer=13, feature=14142, pos=55)",1
0,10,12663,transcoder,13,51,5681,lorsa,1.9713155031204224,1.725546956062317,-0.24576854705810547,0.0,-0.1246723554241191,"Node(id=26_5681_51, type=lorsa, layer=13, feature=5681, pos=51)",1
0,10,12663,transcoder,8,54,1436,lorsa,2.9068973064422607,2.5867409706115723,-0.3201563358306885,0.0,-0.11013678918796291,"Node(id=16_1436_54, type=lorsa, layer=8, feature=1436, pos=54)",1
0,10,12663,transcoder,13,51,3932,transcoder,0.40207821130752563,0.0,-0.40207821130752563,0.0,-1.0,"Node(id=27_3932_51, type=transcoder, layer=13, feature=3932, pos=51)",1
0,10,12663,transcoder,14,51,4640,lorsa,1.3973380327224731,1.163391351699829,-0.23394668102264404,0.0,-0.16742311133322488,"Node(id=28_4640_51, type=lorsa, layer=14, feature=4640, pos=51)",1
0,10,12663,transcoder,9,54,13348,transcoder,0.5763208270072937,0.5005050897598267,-0.07581573724746704,0.0,-0.13155127091478086,"Node(id=19_13348_54, type=transcoder, layer=9, feature=13348, pos=54)",1
0,10,12663,transcoder,14,51,13673,lorsa,0.8683499097824097,0.0,-0.8683499097824097,0.0,-1.0,"Node(id=28_13673_51, type=lorsa, layer=14, feature=13673, pos=51)",1
0,10,12663,transcoder,14,51,790,transcoder,0.5391555428504944,0.0,-0.5391555428504944,0.0,-1.0,"Node(id=29_790_51, type=transcoder, layer=14, feature=790, pos=51)",1
0,10,12663,transcoder,7,1,6104,transcoder,6.96210241317749,2.1560704708099365,-4.806031942367554,0.0,-0.6903133072663449,"Node(id=15_6104_1, type=transcoder, layer=7, feature=6104, pos=1)",1
0,10,12663,transcoder,13,51,6109,transcoder,0.38438713550567627,0.31254154443740845,-0.07184559106826782,0.0,-0.1869094577625553,"Node(id=27_6109_51, type=transcoder, layer=13, feature=6109, pos=51)",1
0,10,12663,transcoder,14,51,14073,transcoder,0.8638689517974854,0.349751353263855,-0.5141175985336304,0.0,-0.5951337844286291,"Node(id=29_14073_51, type=transcoder, layer=14, feature=14073, pos=51)",1
0,10,12663,transcoder,14,51,2652,transcoder,1.2029510736465454,0.6011557579040527,-0.6017953157424927,0.0,-0.5002658286992925,"Node(id=29_2652_51, type=transcoder, layer=14, feature=2652, pos=51)",1
0,10,12663,transcoder,12,37,6377,transcoder,0.3010123670101166,0.23833724856376648,-0.0626751184463501,0.0,-0.20821443008766374,"Node(id=25_6377_37, type=transcoder, layer=12, feature=6377, pos=37)",1
0,10,12663,transcoder,14,54,9044,lorsa,3.588165521621704,1.796057939529419,-1.7921075820922852,0.0,-0.4994495296533382,"Node(id=28_9044_54, type=lorsa, layer=14, feature=9044, pos=54)",1
0,10,12663,transcoder,12,37,15342,lorsa,1.2413737773895264,0.0,-1.2413737773895264,0.0,-1.0,"Node(id=24_15342_37, type=lorsa, layer=12, feature=15342, pos=37)",1
0,10,12663,transcoder,12,1,13896,transcoder,12.206680297851562,0.0,-12.206680297851562,0.0,-1.0,"Node(id=25_13896_1, type=transcoder, layer=12, feature=13896, pos=1)",1
0,10,12663,transcoder,12,51,5918,transcoder,0.6882085204124451,0.5128003358840942,-0.17540818452835083,0.0,-0.25487650810139384,"Node(id=25_5918_51, type=transcoder, layer=12, feature=5918, pos=51)",1
0,10,7465,lorsa,14,55,9044,lorsa,3.8024330139160156,1.6936302185058594,-2.1088027954101562,0.0,-0.5545930165482025,"Node(id=28_9044_55, type=lorsa, layer=14, feature=9044, pos=55)",1
0,10,7465,lorsa,13,55,9300,transcoder,0.6302089691162109,0.5340505242347717,-0.09615844488143921,0.0,-0.15258184125225854,"Node(id=27_9300_55, type=transcoder, layer=13, feature=9300, pos=55)",1
0,10,7465,lorsa,14,51,11169,transcoder,0.6642193794250488,0.46472448110580444,-0.19949489831924438,0.0,-0.30034489281527443,"Node(id=29_11169_51, type=transcoder, layer=14, feature=11169, pos=51)",1
0,10,7465,lorsa,13,55,14142,transcoder,0.6139975786209106,0.4587971866130829,-0.15520039200782776,0.0,-0.252770364919713,"Node(id=27_14142_55, type=transcoder, layer=13, feature=14142, pos=55)",1
0,10,7465,lorsa,13,51,3932,transcoder,0.40207821130752563,0.0,-0.40207821130752563,0.0,-1.0,"Node(id=27_3932_51, type=transcoder, layer=13, feature=3932, pos=51)",1
0,10,7465,lorsa,9,54,13348,transcoder,0.5763208270072937,0.5177484154701233,-0.05857241153717041,0.0,-0.10163160655033752,"Node(id=19_13348_54, type=transcoder, layer=9, feature=13348, pos=54)",1
0,10,7465,lorsa,14,51,13673,lorsa,0.8683499097824097,0.0,-0.8683499097824097,0.0,-1.0,"Node(id=28_13673_51, type=lorsa, layer=14, feature=13673, pos=51)",1
0,10,7465,lorsa,14,51,790,transcoder,0.5391555428504944,0.0,-0.5391555428504944,0.0,-1.0,"Node(id=29_790_51, type=transcoder, layer=14, feature=790, pos=51)",1
0,10,7465,lorsa,7,1,6104,transcoder,6.96210241317749,3.5876495838165283,-3.374452829360962,0.0,-0.48468876628042423,"Node(id=15_6104_1, type=transcoder, layer=7, feature=6104, pos=1)",1
0,10,7465,lorsa,13,51,6109,transcoder,0.38438713550567627,0.33503639698028564,-0.049350738525390625,0.0,-0.12838811179377219,"Node(id=27_6109_51, type=transcoder, layer=13, feature=6109, pos=51)",1
0,10,7465,lorsa,14,51,14073,transcoder,0.8638689517974854,0.5031102299690247,-0.3607587218284607,0.0,-0.4176081581330318,"Node(id=29_14073_51, type=transcoder, layer=14, feature=14073, pos=51)",1
0,10,7465,lorsa,14,51,2652,transcoder,1.2029510736465454,0.7831979990005493,-0.4197530746459961,0.0,-0.3489361153929434,"Node(id=29_2652_51, type=transcoder, layer=14, feature=2652, pos=51)",1
0,10,7465,lorsa,12,37,6377,transcoder,0.3010123670101166,0.2662754952907562,-0.03473687171936035,0.0,-0.11540014805502292,"Node(id=25_6377_37, type=transcoder, layer=12, feature=6377, pos=37)",1
0,10,7465,lorsa,14,54,9044,lorsa,3.588165521621704,2.056206464767456,-1.531959056854248,0.0,-0.4269477111975217,"Node(id=28_9044_54, type=lorsa, layer=14, feature=9044, pos=54)",1
0,10,7465,lorsa,12,37,15342,lorsa,1.2413737773895264,0.9391018748283386,-0.30227190256118774,0.0,-0.2434978956916849,"Node(id=24_15342_37, type=lorsa, layer=12, feature=15342, pos=37)",1
0,10,7465,lorsa,12,1,13896,transcoder,12.206680297851562,0.0,-12.206680297851562,0.0,-1.0,"Node(id=25_13896_1, type=transcoder, layer=12, feature=13896, pos=1)",1
0,10,7465,lorsa,12,51,5918,transcoder,0.6882085204124451,0.5495017170906067,-0.13870680332183838,0.0,-0.20154764029761074,"Node(id=25_5918_51, type=transcoder, layer=12, feature=5918, pos=51)",1
3,23,15009,transcoder,4,23,3675,transcoder,0.6166015863418579,0.1433754414319992,-0.4732261449098587,0.0,-0.7674747444575847,"Node(id=9_3675_23, type=transcoder, layer=4, feature=3675, pos=23)",1
3,23,15009,transcoder,6,23,4099,transcoder,2.014463186264038,1.478452205657959,-0.5360109806060791,0.0,-0.26608129861144236,"Node(id=13_4099_23, type=transcoder, layer=6, feature=4099, pos=23)",1
3,23,15009,transcoder,14,55,9044,lorsa,3.8024330139160156,2.8764145374298096,-0.926018476486206,0.0,-0.24353314656621036,"Node(id=28_9044_55, type=lorsa, layer=14, feature=9044, pos=55)",1
3,23,15009,transcoder,7,51,6874,lorsa,3.2344436645507812,2.408137083053589,-0.8263065814971924,0.0,-0.2554710074420031,"Node(id=14_6874_51, type=lorsa, layer=7, feature=6874, pos=51)",1
3,23,15009,transcoder,8,54,1436,lorsa,2.9068973064422607,2.490513801574707,-0.4163835048675537,0.0,-0.14323983992993675,"Node(id=16_1436_54, type=lorsa, layer=8, feature=1436, pos=54)",1
3,23,15009,transcoder,11,37,7513,transcoder,0.49810850620269775,0.4280947148799896,-0.07001379132270813,0.0,-0.14055931679716602,"Node(id=23_7513_37, type=transcoder, layer=11, feature=7513, pos=37)",1
1,55,8511,transcoder,14,51,11169,transcoder,0.6642193794250488,0.35603559017181396,-0.30818378925323486,0.0,-0.4639789184109625,"Node(id=29_11169_51, type=transcoder, layer=14, feature=11169, pos=51)",1
1,55,8511,transcoder,8,54,1436,lorsa,2.9068973064422607,2.138429880142212,-0.7684674263000488,0.0,-0.2643600187034377,"Node(id=16_1436_54, type=lorsa, layer=8, feature=1436, pos=54)",1
1,55,8511,transcoder,13,51,3932,transcoder,0.40207821130752563,0.31572380661964417,-0.08635440468788147,0.0,-0.21477016724448703,"Node(id=27_3932_51, type=transcoder, layer=13, feature=3932, pos=51)",1
1,55,8511,transcoder,12,54,9881,lorsa,2.963268280029297,2.5174405574798584,-0.4458277225494385,0.0,-0.15045135317448569,"Node(id=24_9881_54, type=lorsa, layer=12, feature=9881, pos=54)",1
1,55,8511,transcoder,14,55,8748,lorsa,1.8016709089279175,1.5178446769714355,-0.28382623195648193,0.0,-0.1575350029519944,"Node(id=28_8748_55, type=lorsa, layer=14, feature=8748, pos=55)",1
1,55,8511,transcoder,14,51,13673,lorsa,0.8683499097824097,0.6724181175231934,-0.1959317922592163,0.0,-0.22563691209262948,"Node(id=28_13673_51, type=lorsa, layer=14, feature=13673, pos=51)",1
1,55,8511,transcoder,13,51,6109,transcoder,0.38438713550567627,0.3411259949207306,-0.04326114058494568,0.0,-0.11254575553896715,"Node(id=27_6109_51, type=transcoder, layer=13, feature=6109, pos=51)",1
1,55,8511,transcoder,6,55,4801,transcoder,1.9008395671844482,1.7061775922775269,-0.1946619749069214,0.0,-0.10240841903099565,"Node(id=13_4801_55, type=transcoder, layer=6, feature=4801, pos=55)",1
13,23,142,transcoder,14,23,5634,transcoder,3.0851762294769287,1.080629825592041,-2.0045464038848877,0.0,-0.6497348140870207,"Node(id=29_5634_23, type=transcoder, layer=14, feature=5634, pos=23)",1
12,23,15674,transcoder,14,23,5634,transcoder,3.0851762294769287,2.5350558757781982,-0.5501203536987305,0.0,-0.1783108363284647,"Node(id=29_5634_23, type=transcoder, layer=14, feature=5634, pos=23)",1
10,51,12950,transcoder,12,51,8628,transcoder,0.8337218761444092,0.6758475303649902,-0.15787434577941895,0.0,-0.18936092514390673,"Node(id=25_8628_51, type=transcoder, layer=12, feature=8628, pos=51)",1
12,51,8628,transcoder,14,51,11169,transcoder,0.6642193794250488,0.5394735336303711,-0.12474584579467773,0.0,-0.18780819960817505,"Node(id=29_11169_51, type=transcoder, layer=14, feature=11169, pos=51)",1
11,51,11974,transcoder,12,51,8628,transcoder,0.8337218761444092,0.6169209480285645,-0.21680092811584473,0.0,-0.26003986979261245,"Node(id=25_8628_51, type=transcoder, layer=12, feature=8628, pos=51)",1
12,51,8628,transcoder,13,51,3932,transcoder,0.40207821130752563,0.2757175862789154,-0.12636062502861023,0.0,-0.3142687702914708,"Node(id=27_3932_51, type=transcoder, layer=13, feature=3932, pos=51)",1
12,51,8628,transcoder,14,51,13673,lorsa,0.8683499097824097,0.759111762046814,-0.1092381477355957,0.0,-0.1257996880116778,"Node(id=28_13673_51, type=lorsa, layer=14, feature=13673, pos=51)",1
12,51,8628,transcoder,14,51,790,transcoder,0.5391555428504944,0.48115402460098267,-0.05800151824951172,0.0,-0.1075784511884269,"Node(id=29_790_51, type=transcoder, layer=14, feature=790, pos=51)",1
12,51,8628,transcoder,14,51,14073,transcoder,0.8638689517974854,0.6529039144515991,-0.21096503734588623,0.0,-0.24420953769309936,"Node(id=29_14073_51, type=transcoder, layer=14, feature=14073, pos=51)",1
12,51,8628,transcoder,14,51,7323,lorsa,1.7485430240631104,1.4509623050689697,-0.2975807189941406,0.0,-0.17018781631272004,"Node(id=28_7323_51, type=lorsa, layer=14, feature=7323, pos=51)",1
0,9,12663,transcoder,10,51,12950,transcoder,0.8460464477539062,0.7612372040748596,-0.08480924367904663,0.0,-0.10024182939860947,"Node(id=21_12950_51, type=transcoder, layer=10, feature=12950, pos=51)",1
10,51,12950,transcoder,14,51,11169,transcoder,0.6642193794250488,0.5842211842536926,-0.0799981951713562,0.0,-0.12043941753190487,"Node(id=29_11169_51, type=transcoder, layer=14, feature=11169, pos=51)",1
8,51,5050,transcoder,10,51,12950,transcoder,0.8460464477539062,0.7056260108947754,-0.14042043685913086,0.0,-0.1659724915008161,"Node(id=21_12950_51, type=transcoder, layer=10, feature=12950, pos=51)",1
10,51,12950,transcoder,13,51,3932,transcoder,0.40207821130752563,0.3344101309776306,-0.06766808032989502,0.0,-0.16829581515955297,"Node(id=27_3932_51, type=transcoder, layer=13, feature=3932, pos=51)",1
10,51,12950,transcoder,14,51,13673,lorsa,0.8683499097824097,0.7585859894752502,-0.10976392030715942,0.0,-0.1264051726966425,"Node(id=28_13673_51, type=lorsa, layer=14, feature=13673, pos=51)",1
4,23,3675,transcoder,6,23,4099,transcoder,2.014463186264038,1.047529697418213,-0.9669334888458252,0.0,-0.4799956114557102,"Node(id=13_4099_23, type=transcoder, layer=6, feature=4099, pos=23)",1
4,23,3675,transcoder,7,23,7600,transcoder,1.5129057168960571,1.19950270652771,-0.31340301036834717,0.0,-0.20715303463281132,"Node(id=15_7600_23, type=transcoder, layer=7, feature=7600, pos=23)",1
4,23,3675,transcoder,7,51,6874,lorsa,3.2344436645507812,1.3687620162963867,-1.8656816482543945,0.0,-0.5768168630364788,"Node(id=14_6874_51, type=lorsa, layer=7, feature=6874, pos=51)",1
4,23,3675,transcoder,9,54,12266,lorsa,1.494158148765564,1.263258695602417,-0.23089945316314697,0.0,-0.15453481504210936,"Node(id=18_12266_54, type=lorsa, layer=9, feature=12266, pos=54)",1
4,23,3675,transcoder,12,32,13896,transcoder,8.983194351196289,7.522007942199707,-1.461186408996582,0.0,-0.16265777538276197,"Node(id=25_13896_32, type=transcoder, layer=12, feature=13896, pos=32)",1
4,23,3675,transcoder,11,37,7513,transcoder,0.49810850620269775,0.43053820729255676,-0.06757029891014099,0.0,-0.13565377436586934,"Node(id=23_7513_37, type=transcoder, layer=11, feature=7513, pos=37)",1
0,9,7465,lorsa,0,9,12663,transcoder,1.3848077058792114,0.3466142416000366,-1.0381934642791748,0.0,-0.749702258206332,"Node(id=1_12663_9, type=transcoder, layer=0, feature=12663, pos=9)",1
0,9,12663,transcoder,14,55,9044,lorsa,3.8024330139160156,1.692103624343872,-2.1103293895721436,0.0,-0.5549944948007846,"Node(id=28_9044_55, type=lorsa, layer=14, feature=9044, pos=55)",1
0,9,12663,transcoder,7,0,6104,transcoder,6.486999988555908,5.379751682281494,-1.107248306274414,0.0,-0.17068726810972326,"Node(id=15_6104_0, type=transcoder, layer=7, feature=6104, pos=0)",1
0,9,12663,transcoder,14,51,11169,transcoder,0.6642193794250488,0.41313737630844116,-0.25108200311660767,0.0,-0.3780106556570893,"Node(id=29_11169_51, type=transcoder, layer=14, feature=11169, pos=51)",1
0,9,12663,transcoder,13,55,14142,transcoder,0.6139975786209106,0.4610692262649536,-0.15292835235595703,0.0,-0.2490699600142508,"Node(id=27_14142_55, type=transcoder, layer=13, feature=14142, pos=55)",1
0,9,12663,transcoder,13,51,3932,transcoder,0.40207821130752563,0.0,-0.40207821130752563,0.0,-1.0,"Node(id=27_3932_51, type=transcoder, layer=13, feature=3932, pos=51)",1
0,9,12663,transcoder,14,51,4640,lorsa,1.3973380327224731,1.0817068815231323,-0.3156311511993408,0.0,-0.2258803122852011,"Node(id=28_4640_51, type=lorsa, layer=14, feature=4640, pos=51)",1
0,9,12663,transcoder,9,54,13348,transcoder,0.5763208270072937,0.5173965096473694,-0.058924317359924316,0.0,-0.1022422140561972,"Node(id=19_13348_54, type=transcoder, layer=9, feature=13348, pos=54)",1
0,9,12663,transcoder,14,51,13673,lorsa,0.8683499097824097,0.0,-0.8683499097824097,0.0,-1.0,"Node(id=28_13673_51, type=lorsa, layer=14, feature=13673, pos=51)",1
0,9,12663,transcoder,14,51,790,transcoder,0.5391555428504944,0.0,-0.5391555428504944,0.0,-1.0,"Node(id=29_790_51, type=transcoder, layer=14, feature=790, pos=51)",1
0,9,12663,transcoder,7,1,6104,transcoder,6.96210241317749,5.643484592437744,-1.318617820739746,0.0,-0.18939937140883445,"Node(id=15_6104_1, type=transcoder, layer=7, feature=6104, pos=1)",1
0,9,12663,transcoder,13,56,16285,transcoder,0.37943366169929504,0.32110241055488586,-0.05833125114440918,0.0,-0.15373240972657107,"Node(id=27_16285_56, type=transcoder, layer=13, feature=16285, pos=56)",1
0,9,12663,transcoder,13,51,6109,transcoder,0.38438713550567627,0.33081141114234924,-0.053575724363327026,0.0,-0.13937959784436094,"Node(id=27_6109_51, type=transcoder, layer=13, feature=6109, pos=51)",1
0,9,12663,transcoder,14,51,14073,transcoder,0.8638689517974854,0.47446754574775696,-0.3894014060497284,0.0,-0.4507644420365912,"Node(id=29_14073_51, type=transcoder, layer=14, feature=14073, pos=51)",1
0,9,12663,transcoder,14,51,2652,transcoder,1.2029510736465454,0.7140473127365112,-0.4889037609100342,0.0,-0.40642032051062893,"Node(id=29_2652_51, type=transcoder, layer=14, feature=2652, pos=51)",1
0,9,12663,transcoder,12,37,6377,transcoder,0.3010123670101166,0.23326948285102844,-0.06774288415908813,0.0,-0.22505016930686902,"Node(id=25_6377_37, type=transcoder, layer=12, feature=6377, pos=37)",1
0,9,12663,transcoder,14,54,9044,lorsa,3.588165521621704,1.4189391136169434,-2.1692264080047607,0.0,-0.6045502625041553,"Node(id=28_9044_54, type=lorsa, layer=14, feature=9044, pos=54)",1
0,9,12663,transcoder,12,37,15342,lorsa,1.2413737773895264,0.0,-1.2413737773895264,0.0,-1.0,"Node(id=24_15342_37, type=lorsa, layer=12, feature=15342, pos=37)",1
0,9,12663,transcoder,12,51,5918,transcoder,0.6882085204124451,0.5840671062469482,-0.10414141416549683,0.0,-0.15132247142637034,"Node(id=25_5918_51, type=transcoder, layer=12, feature=5918, pos=51)",1
0,9,7465,lorsa,14,55,9044,lorsa,3.8024330139160156,2.032245635986328,-1.7701873779296875,0.0,-0.4655407133935603,"Node(id=28_9044_55, type=lorsa, layer=14, feature=9044, pos=55)",1
0,9,7465,lorsa,7,0,6104,transcoder,6.486999988555908,5.566771984100342,-0.9202280044555664,0.0,-0.14185725390457743,"Node(id=15_6104_0, type=transcoder, layer=7, feature=6104, pos=0)",1
0,9,7465,lorsa,14,51,11169,transcoder,0.6642193794250488,0.4628710448741913,-0.20134833455085754,0.0,-0.30313529051974597,"Node(id=29_11169_51, type=transcoder, layer=14, feature=11169, pos=51)",1
0,9,7465,lorsa,13,55,14142,transcoder,0.6139975786209106,0.4882093369960785,-0.12578824162483215,0.0,-0.20486765095615353,"Node(id=27_14142_55, type=transcoder, layer=13, feature=14142, pos=55)",1
0,9,7465,lorsa,13,51,3932,transcoder,0.40207821130752563,0.0,-0.40207821130752563,0.0,-1.0,"Node(id=27_3932_51, type=transcoder, layer=13, feature=3932, pos=51)",1
0,9,7465,lorsa,14,51,4640,lorsa,1.3973380327224731,1.1286797523498535,-0.26865828037261963,0.0,-0.19226434411806936,"Node(id=28_4640_51, type=lorsa, layer=14, feature=4640, pos=51)",1
0,9,7465,lorsa,14,51,13673,lorsa,0.8683499097824097,0.0,-0.8683499097824097,0.0,-1.0,"Node(id=28_13673_51, type=lorsa, layer=14, feature=13673, pos=51)",1
0,9,7465,lorsa,14,51,790,transcoder,0.5391555428504944,0.0,-0.5391555428504944,0.0,-1.0,"Node(id=29_790_51, type=transcoder, layer=14, feature=790, pos=51)",1
0,9,7465,lorsa,7,1,6104,transcoder,6.96210241317749,5.676270961761475,-1.2858314514160156,0.0,-0.1846901086922053,"Node(id=15_6104_1, type=transcoder, layer=7, feature=6104, pos=1)",1
0,9,7465,lorsa,13,56,16285,transcoder,0.37943366169929504,0.3409319221973419,-0.038501739501953125,0.0,-0.10147159672002463,"Node(id=27_16285_56, type=transcoder, layer=13, feature=16285, pos=56)",1
0,9,7465,lorsa,13,51,6109,transcoder,0.38438713550567627,0.3392690122127533,-0.045118123292922974,0.0,-0.1173767775385311,"Node(id=27_6109_51, type=transcoder, layer=13, feature=6109, pos=51)",1
0,9,7465,lorsa,14,51,14073,transcoder,0.8638689517974854,0.5426406860351562,-0.3212282657623291,0.0,-0.3718483747956644,"Node(id=29_14073_51, type=transcoder, layer=14, feature=14073, pos=51)",1
0,9,7465,lorsa,14,51,2652,transcoder,1.2029510736465454,0.788101077079773,-0.41484999656677246,0.0,-0.3448602404994111,"Node(id=29_2652_51, type=transcoder, layer=14, feature=2652, pos=51)",1
0,9,7465,lorsa,12,37,6377,transcoder,0.3010123670101166,0.2443302571773529,-0.05668210983276367,0.0,-0.18830492047809674,"Node(id=25_6377_37, type=transcoder, layer=12, feature=6377, pos=37)",1
0,9,7465,lorsa,14,54,9044,lorsa,3.588165521621704,1.6746846437454224,-1.9134808778762817,0.0,-0.5332755321196739,"Node(id=28_9044_54, type=lorsa, layer=14, feature=9044, pos=54)",1
0,9,7465,lorsa,12,37,15342,lorsa,1.2413737773895264,0.0,-1.2413737773895264,0.0,-1.0,"Node(id=24_15342_37, type=lorsa, layer=12, feature=15342, pos=37)",1
0,9,7465,lorsa,12,51,5918,transcoder,0.6882085204124451,0.5994418859481812,-0.08876663446426392,0.0,-0.1289821788475764,"Node(id=25_5918_51, type=transcoder, layer=12, feature=5918, pos=51)",1
1,3,853,transcoder,14,51,11169,transcoder,0.6642193794250488,0.5966178774833679,-0.06760150194168091,0.0,-0.10177586507668153,"Node(id=29_11169_51, type=transcoder, layer=14, feature=11169, pos=51)",1
1,3,853,transcoder,3,3,5514,transcoder,1.3314927816390991,0.7331534624099731,-0.598339319229126,0.0,-0.4493748126013542,"Node(id=7_5514_3, type=transcoder, layer=3, feature=5514, pos=3)",1
1,3,853,transcoder,13,51,3932,transcoder,0.40207821130752563,0.350521057844162,-0.05155715346336365,0.0,-0.12822667832634843,"Node(id=27_3932_51, type=transcoder, layer=13, feature=3932, pos=51)",1
1,3,853,transcoder,13,56,16285,transcoder,0.37943366169929504,0.3332918584346771,-0.04614180326461792,0.0,-0.12160703680841517,"Node(id=27_16285_56, type=transcoder, layer=13, feature=16285, pos=56)",1
6,23,4099,transcoder,14,55,9044,lorsa,3.8024330139160156,3.304746627807617,-0.49768638610839844,0.0,-0.13088629945274055,"Node(id=28_9044_55, type=lorsa, layer=14, feature=9044, pos=55)",1
6,23,4099,transcoder,7,23,7600,transcoder,1.5129057168960571,0.49426284432411194,-1.0186428725719452,0.0,-0.6733022826180054,"Node(id=15_7600_23, type=transcoder, layer=7, feature=7600, pos=23)",1
6,23,4099,transcoder,7,51,6874,lorsa,3.2344436645507812,1.0424755811691284,-2.191968083381653,0.0,-0.6776955516045714,"Node(id=14_6874_51, type=lorsa, layer=7, feature=6874, pos=51)",1
6,23,4099,transcoder,14,51,7697,transcoder,1.0310401916503906,0.9071668386459351,-0.12387335300445557,0.0,-0.12014405840588128,"Node(id=29_7697_51, type=transcoder, layer=14, feature=7697, pos=51)",1
6,23,4099,transcoder,14,54,9044,lorsa,3.588165521621704,2.97092604637146,-0.6172394752502441,0.0,-0.1720209035873231,"Node(id=28_9044_54, type=lorsa, layer=14, feature=9044, pos=54)",1
0,62,488,transcoder,13,23,142,transcoder,1.0874344110488892,0.9701929092407227,-0.1172415018081665,0.0,-0.10781478001517421,"Node(id=27_142_23, type=transcoder, layer=13, feature=142, pos=23)",1
12,23,15674,transcoder,13,23,142,transcoder,1.0874344110488892,0.5585026144981384,-0.5289317965507507,0.0,-0.4864034015997043,"Node(id=27_142_23, type=transcoder, layer=13, feature=142, pos=23)",1
13,23,142,transcoder,14,23,10814,transcoder,1.869791030883789,0.6282852292060852,-1.2415058016777039,0.0,-0.6639810444971943,"Node(id=29_10814_23, type=transcoder, layer=14, feature=10814, pos=23)",1
0,62,6922,lorsa,3,62,11384,lorsa,8.462882995605469,6.779707431793213,-1.6831755638122559,0.0,-0.19888914506868172,"Node(id=6_11384_62, type=lorsa, layer=3, feature=11384, pos=62)",1
0,62,488,transcoder,3,62,11384,lorsa,8.462882995605469,0.0,-8.462882995605469,0.0,-1.0,"Node(id=6_11384_62, type=lorsa, layer=3, feature=11384, pos=62)",1
3,62,11384,lorsa,9,54,12243,lorsa,2.3094804286956787,1.8537317514419556,-0.45574867725372314,0.0,-0.19733818550309842,"Node(id=18_12243_54, type=lorsa, layer=9, feature=12243, pos=54)",1
3,62,11384,lorsa,4,62,1264,transcoder,1.3462867736816406,0.8732643723487854,-0.4730224013328552,0.0,-0.35135337476375733,"Node(id=9_1264_62, type=transcoder, layer=4, feature=1264, pos=62)",1
3,62,11384,lorsa,12,32,13896,transcoder,8.983194351196289,6.312571048736572,-2.670623302459717,0.0,-0.29729105238651227,"Node(id=25_13896_32, type=transcoder, layer=12, feature=13896, pos=32)",1
3,62,11384,lorsa,11,14,12258,transcoder,0.23024021089076996,0.1998077630996704,-0.03043244779109955,0.0,-0.13217694543173103,"Node(id=23_12258_14, type=transcoder, layer=11, feature=12258, pos=14)",1
3,62,11384,lorsa,12,37,15342,lorsa,1.2413737773895264,1.101338505744934,-0.14003527164459229,0.0,-0.11280669383807283,"Node(id=24_15342_37, type=lorsa, layer=12, feature=15342, pos=37)",1
3,62,11384,lorsa,6,14,8940,transcoder,1.2855827808380127,1.1442326307296753,-0.1413501501083374,0.0,-0.10995025152421355,"Node(id=13_8940_14, type=transcoder, layer=6, feature=8940, pos=14)",1
3,62,11384,lorsa,7,14,1092,transcoder,0.7006182074546814,0.6211426258087158,-0.07947558164596558,0.0,-0.1134363634863234,"Node(id=15_1092_14, type=transcoder, layer=7, feature=1092, pos=14)",1
1,5,853,transcoder,13,51,3932,transcoder,0.40207821130752563,0.36155545711517334,-0.040522754192352295,0.0,-0.10078326318796434,"Node(id=27_3932_51, type=transcoder, layer=13, feature=3932, pos=51)",1
0,62,6922,lorsa,0,62,488,transcoder,1.388912558555603,0.8218414783477783,-0.5670710802078247,0.0,-0.40828421970462214,"Node(id=1_488_62, type=transcoder, layer=0, feature=488, pos=62)",1
0,62,6922,lorsa,4,62,1264,transcoder,1.3462867736816406,1.103150725364685,-0.24313604831695557,0.0,-0.18059751686638087,"Node(id=9_1264_62, type=transcoder, layer=4, feature=1264, pos=62)",1
0,62,6922,lorsa,1,55,4200,lorsa,1.2039995193481445,1.0741604566574097,-0.12983906269073486,0.0,-0.1078397961163895,"Node(id=2_4200_55, type=lorsa, layer=1, feature=4200, pos=55)",1
0,62,6922,lorsa,12,32,13896,transcoder,8.983194351196289,0.0,-8.983194351196289,0.0,-1.0,"Node(id=25_13896_32, type=transcoder, layer=12, feature=13896, pos=32)",1
0,62,6922,lorsa,2,54,15503,lorsa,2.726947069168091,2.040764093399048,-0.686182975769043,0.0,-0.251630471132825,"Node(id=4_15503_54, type=lorsa, layer=2, feature=15503, pos=54)",1
0,62,6922,lorsa,11,14,12258,transcoder,0.23024021089076996,0.1991226077079773,-0.031117603182792664,0.0,-0.1351527739763729,"Node(id=23_12258_14, type=transcoder, layer=11, feature=12258, pos=14)",1
0,62,6922,lorsa,8,14,16275,lorsa,3.750656843185425,3.3347623348236084,-0.4158945083618164,0.0,-0.11088577967815315,"Node(id=16_16275_14, type=lorsa, layer=8, feature=16275, pos=14)",1
0,62,6922,lorsa,12,37,6377,transcoder,0.3010123670101166,0.25071483850479126,-0.05029752850532532,0.0,-0.16709455828980904,"Node(id=25_6377_37, type=transcoder, layer=12, feature=6377, pos=37)",1
2,54,12759,transcoder,9,54,12243,lorsa,2.3094804286956787,1.5359715223312378,-0.7735089063644409,0.0,-0.33492767323483846,"Node(id=18_12243_54, type=lorsa, layer=9, feature=12243, pos=54)",1
2,54,12759,transcoder,11,51,9849,transcoder,0.687792956829071,0.5887845158576965,-0.09900844097137451,0.0,-0.14395093754351995,"Node(id=23_9849_51, type=transcoder, layer=11, feature=9849, pos=51)",1
2,54,12759,transcoder,9,14,13080,lorsa,4.417771816253662,3.969740152359009,-0.4480316638946533,0.0,-0.1014157549392379,"Node(id=18_13080_14, type=lorsa, layer=9, feature=13080, pos=14)",1
2,54,12759,transcoder,7,51,6874,lorsa,3.2344436645507812,2.517159938812256,-0.7172837257385254,0.0,-0.22176417341872176,"Node(id=14_6874_51, type=lorsa, layer=7, feature=6874, pos=51)",1
2,54,12759,transcoder,12,32,13896,transcoder,8.983194351196289,0.0,-8.983194351196289,0.0,-1.0,"Node(id=25_13896_32, type=transcoder, layer=12, feature=13896, pos=32)",1
2,54,12759,transcoder,4,54,15551,lorsa,4.019529342651367,1.9619873762130737,-2.0575419664382935,0.0,-0.5118862909161138,"Node(id=8_15551_54, type=lorsa, layer=4, feature=15551, pos=54)",1
2,54,12759,transcoder,8,54,1436,lorsa,2.9068973064422607,2.233844518661499,-0.6730527877807617,0.0,-0.23153648609778657,"Node(id=16_1436_54, type=lorsa, layer=8, feature=1436, pos=54)",1
2,54,12759,transcoder,13,56,2268,transcoder,0.6461610198020935,0.5689191222190857,-0.07724189758300781,0.0,-0.11953970483497364,"Node(id=27_2268_56, type=transcoder, layer=13, feature=2268, pos=56)",1
2,54,12759,transcoder,9,54,1889,transcoder,0.6214693784713745,0.5419741272926331,-0.07949525117874146,0.0,-0.1279149929708131,"Node(id=19_1889_54, type=transcoder, layer=9, feature=1889, pos=54)",1
2,54,12759,transcoder,14,51,4640,lorsa,1.3973380327224731,1.2145392894744873,-0.18279874324798584,0.0,-0.13081927133396196,"Node(id=28_4640_51, type=lorsa, layer=14, feature=4640, pos=51)",1
2,54,12759,transcoder,11,14,12258,transcoder,0.23024021089076996,0.19867655634880066,-0.0315636545419693,0.0,-0.13709010437340008,"Node(id=23_12258_14, type=transcoder, layer=11, feature=12258, pos=14)",1
2,54,12759,transcoder,14,51,790,transcoder,0.5391555428504944,0.4843991696834564,-0.054756373167037964,0.0,-0.10155951078151428,"Node(id=29_790_51, type=transcoder, layer=14, feature=790, pos=51)",1
2,54,12759,transcoder,13,56,16285,transcoder,0.37943366169929504,0.3288534879684448,-0.05058017373085022,0.0,-0.13330439240505634,"Node(id=27_16285_56, type=transcoder, layer=13, feature=16285, pos=56)",1
2,54,12759,transcoder,5,54,14178,lorsa,2.141420841217041,1.0985071659088135,-1.0429136753082275,0.0,-0.48701948502355324,"Node(id=10_14178_54, type=lorsa, layer=5, feature=14178, pos=54)",1
2,54,12759,transcoder,14,51,2652,transcoder,1.2029510736465454,0.9764003753662109,-0.22655069828033447,0.0,-0.18832910435300068,"Node(id=29_2652_51, type=transcoder, layer=14, feature=2652, pos=51)",1
2,54,12759,transcoder,3,54,10248,transcoder,0.899041473865509,0.7115145325660706,-0.18752694129943848,0.0,-0.20858541763724164,"Node(id=7_10248_54, type=transcoder, layer=3, feature=10248, pos=54)",1
2,54,12759,transcoder,12,37,6377,transcoder,0.3010123670101166,0.25769615173339844,-0.04331621527671814,0.0,-0.14390177954137792,"Node(id=25_6377_37, type=transcoder, layer=12, feature=6377, pos=37)",1
2,54,12759,transcoder,14,54,9044,lorsa,3.588165521621704,2.493345260620117,-1.094820261001587,0.0,-0.30511977622112957,"Node(id=28_9044_54, type=lorsa, layer=14, feature=9044, pos=54)",1
2,54,12759,transcoder,12,37,15342,lorsa,1.2413737773895264,0.0,-1.2413737773895264,0.0,-1.0,"Node(id=24_15342_37, type=lorsa, layer=12, feature=15342, pos=37)",1
2,54,12759,transcoder,6,14,8940,transcoder,1.2855827808380127,1.1347625255584717,-0.15082025527954102,0.0,-0.11731664232561374,"Node(id=13_8940_14, type=transcoder, layer=6, feature=8940, pos=14)",1
2,54,12759,transcoder,6,45,4984,transcoder,0.9259824752807617,0.8229358196258545,-0.10304665565490723,0.0,-0.11128359165076321,"Node(id=13_4984_45, type=transcoder, layer=6, feature=4984, pos=45)",1
0,62,488,transcoder,6,62,3210,transcoder,2.6106956005096436,0.0,-2.6106956005096436,0.0,-1.0,"Node(id=13_3210_62, type=transcoder, layer=6, feature=3210, pos=62)",1
5,62,13852,transcoder,6,62,3210,transcoder,2.6106956005096436,1.74387788772583,-0.8668177127838135,0.0,-0.3320255768671762,"Node(id=13_3210_62, type=transcoder, layer=6, feature=3210, pos=62)",1
6,62,3210,transcoder,8,62,8174,transcoder,1.1858330965042114,1.014196515083313,-0.17163658142089844,0.0,-0.14473924022434204,"Node(id=17_8174_62, type=transcoder, layer=8, feature=8174, pos=62)",1
6,62,3210,transcoder,9,14,13080,lorsa,4.417771816253662,3.630897283554077,-0.786874532699585,0.0,-0.17811570298958232,"Node(id=18_13080_14, type=lorsa, layer=9, feature=13080, pos=14)",1
6,62,3210,transcoder,8,62,3162,transcoder,3.005798101425171,2.525541067123413,-0.4802570343017578,0.0,-0.159776877254014,"Node(id=17_3162_62, type=transcoder, layer=8, feature=3162, pos=62)",1
6,62,3210,transcoder,12,37,15342,lorsa,1.2413737773895264,0.0,-1.2413737773895264,0.0,-1.0,"Node(id=24_15342_37, type=lorsa, layer=12, feature=15342, pos=37)",1
6,62,3210,transcoder,7,62,8659,transcoder,0.6940901875495911,0.4805077612400055,-0.21358242630958557,0.0,-0.3077156688579834,"Node(id=15_8659_62, type=transcoder, layer=7, feature=8659, pos=62)",1
0,62,488,transcoder,5,62,13852,transcoder,2.1420979499816895,0.0,-2.1420979499816895,0.0,-1.0,"Node(id=11_13852_62, type=transcoder, layer=5, feature=13852, pos=62)",1
0,62,488,transcoder,14,55,9044,lorsa,3.8024330139160156,2.4436140060424805,-1.3588190078735352,0.0,-0.3573551467969522,"Node(id=28_9044_55, type=lorsa, layer=14, feature=9044, pos=55)",1
0,62,488,transcoder,7,0,6104,transcoder,6.486999988555908,5.3042731285095215,-1.1827268600463867,0.0,-0.18232262403775298,"Node(id=15_6104_0, type=transcoder, layer=7, feature=6104, pos=0)",1
0,62,488,transcoder,13,55,9300,transcoder,0.6302089691162109,0.32277911901474,-0.30742985010147095,0.0,-0.48782207992469984,"Node(id=27_9300_55, type=transcoder, layer=13, feature=9300, pos=55)",1
0,62,488,transcoder,14,51,11169,transcoder,0.6642193794250488,0.5158843994140625,-0.14833498001098633,0.0,-0.22332227063200977,"Node(id=29_11169_51, type=transcoder, layer=14, feature=11169, pos=51)",1
0,62,488,transcoder,4,62,1264,transcoder,1.3462867736816406,0.0,-1.3462867736816406,0.0,-1.0,"Node(id=9_1264_62, type=transcoder, layer=4, feature=1264, pos=62)",1
0,62,488,transcoder,8,14,912,transcoder,0.7022373080253601,0.5992578268051147,-0.10297948122024536,0.0,-0.14664484504506906,"Node(id=17_912_14, type=transcoder, layer=8, feature=912, pos=14)",1
0,62,488,transcoder,7,8,6104,transcoder,7.688426494598389,6.547571182250977,-1.140855312347412,0.0,-0.14838605963768217,"Node(id=15_6104_8, type=transcoder, layer=7, feature=6104, pos=8)",1
0,62,488,transcoder,8,62,8174,transcoder,1.1858330965042114,0.0,-1.1858330965042114,0.0,-1.0,"Node(id=17_8174_62, type=transcoder, layer=8, feature=8174, pos=62)",1
0,62,488,transcoder,12,23,15674,transcoder,0.6342616677284241,0.514535129070282,-0.11972653865814209,0.0,-0.18876521276610742,"Node(id=25_15674_23, type=transcoder, layer=12, feature=15674, pos=23)",1
0,62,488,transcoder,3,3,5514,transcoder,1.3314927816390991,1.1608786582946777,-0.1706141233444214,0.0,-0.12813747524368202,"Node(id=7_5514_3, type=transcoder, layer=3, feature=5514, pos=3)",1
0,62,488,transcoder,7,51,14452,transcoder,2.90750789642334,2.563446521759033,-0.34406137466430664,0.0,-0.11833549105319799,"Node(id=15_14452_51, type=transcoder, layer=7, feature=14452, pos=51)",1
0,62,488,transcoder,9,14,13080,lorsa,4.417771816253662,0.0,-4.417771816253662,0.0,-1.0,"Node(id=18_13080_14, type=lorsa, layer=9, feature=13080, pos=14)",1
0,62,488,transcoder,13,51,5681,lorsa,1.9713155031204224,1.6593410968780518,-0.3119744062423706,0.0,-0.15825696381352555,"Node(id=26_5681_51, type=lorsa, layer=13, feature=5681, pos=51)",1
0,62,488,transcoder,9,54,12266,lorsa,1.494158148765564,0.0,-1.494158148765564,0.0,-1.0,"Node(id=18_12266_54, type=lorsa, layer=9, feature=12266, pos=54)",1
0,62,488,transcoder,12,32,13896,transcoder,8.983194351196289,0.0,-8.983194351196289,0.0,-1.0,"Node(id=25_13896_32, type=transcoder, layer=12, feature=13896, pos=32)",1
0,62,488,transcoder,8,62,3162,transcoder,3.005798101425171,0.0,-3.005798101425171,0.0,-1.0,"Node(id=17_3162_62, type=transcoder, layer=8, feature=3162, pos=62)",1
0,62,488,transcoder,12,54,9524,transcoder,0.9488894939422607,0.8436214327812195,-0.10526806116104126,0.0,-0.11093816701847344,"Node(id=25_9524_54, type=transcoder, layer=12, feature=9524, pos=54)",1
0,62,488,transcoder,5,62,13262,transcoder,1.1267039775848389,0.0,-1.1267039775848389,0.0,-1.0,"Node(id=11_13262_62, type=transcoder, layer=5, feature=13262, pos=62)",1
0,62,488,transcoder,10,14,14175,transcoder,0.5143704414367676,0.0,-0.5143704414367676,0.0,-1.0,"Node(id=21_14175_14, type=transcoder, layer=10, feature=14175, pos=14)",1
0,62,488,transcoder,9,54,6254,transcoder,4.087244987487793,3.4442062377929688,-0.6430387496948242,0.0,-0.1573281639988175,"Node(id=19_6254_54, type=transcoder, layer=9, feature=6254, pos=54)",1
0,62,488,transcoder,9,54,1889,transcoder,0.6214693784713745,0.5385568141937256,-0.08291256427764893,0.0,-0.13341375641320993,"Node(id=19_1889_54, type=transcoder, layer=9, feature=1889, pos=54)",1
0,62,488,transcoder,2,54,15503,lorsa,2.726947069168091,0.7656719088554382,-1.9612751603126526,0.0,-0.7192201060620433,"Node(id=4_15503_54, type=lorsa, layer=2, feature=15503, pos=54)",1
0,62,488,transcoder,7,2,6104,transcoder,7.048698425292969,5.599912166595459,-1.4487862586975098,0.0,-0.2055395437970228,"Node(id=15_6104_2, type=transcoder, layer=7, feature=6104, pos=2)",1
0,62,488,transcoder,9,54,13348,transcoder,0.5763208270072937,0.24919308722019196,-0.32712773978710175,0.0,-0.5676139477481728,"Node(id=19_13348_54, type=transcoder, layer=9, feature=13348, pos=54)",1
0,62,488,transcoder,14,55,8748,lorsa,1.8016709089279175,0.0,-1.8016709089279175,0.0,-1.0,"Node(id=28_8748_55, type=lorsa, layer=14, feature=8748, pos=55)",1
0,62,488,transcoder,11,14,12258,transcoder,0.23024021089076996,0.0,-0.23024021089076996,0.0,-1.0,"Node(id=23_12258_14, type=transcoder, layer=11, feature=12258, pos=14)",1
0,62,488,transcoder,7,14,2772,transcoder,0.7835947275161743,0.6058654189109802,-0.1777293086051941,0.0,-0.22681279284325653,"Node(id=15_2772_14, type=transcoder, layer=7, feature=2772, pos=14)",1
0,62,488,transcoder,14,51,13673,lorsa,0.8683499097824097,0.6258348226547241,-0.24251508712768555,0.0,-0.2792826767131867,"Node(id=28_13673_51, type=lorsa, layer=14, feature=13673, pos=51)",1
0,62,488,transcoder,7,1,6104,transcoder,6.96210241317749,5.775412082672119,-1.186690330505371,0.0,-0.170449996291245,"Node(id=15_6104_1, type=transcoder, layer=7, feature=6104, pos=1)",1
0,62,488,transcoder,14,51,7697,transcoder,1.0310401916503906,0.8966462016105652,-0.13439399003982544,0.0,-0.13034796424831935,"Node(id=29_7697_51, type=transcoder, layer=14, feature=7697, pos=51)",1
0,62,488,transcoder,8,14,16275,lorsa,3.750656843185425,1.745257019996643,-2.0053998231887817,0.0,-0.5346796326708471,"Node(id=16_16275_14, type=lorsa, layer=8, feature=16275, pos=14)",1
0,62,488,transcoder,14,51,14073,transcoder,0.8638689517974854,0.6115106344223022,-0.2523583173751831,0.0,-0.29212569435455626,"Node(id=29_14073_51, type=transcoder, layer=14, feature=14073, pos=51)",1
0,62,488,transcoder,13,55,6340,transcoder,0.37931957840919495,0.275073766708374,-0.10424581170082092,0.0,-0.27482317716900095,"Node(id=27_6340_55, type=transcoder, layer=13, feature=6340, pos=55)",1
0,62,488,transcoder,5,54,14178,lorsa,2.141420841217041,0.8841981291770935,-1.2572227120399475,0.0,-0.5870974484984586,"Node(id=10_14178_54, type=lorsa, layer=5, feature=14178, pos=54)",1
0,62,488,transcoder,13,56,12356,transcoder,1.2258914709091187,0.8322031497955322,-0.3936883211135864,0.0,-0.3211445143848076,"Node(id=27_12356_56, type=transcoder, layer=13, feature=12356, pos=56)",1
0,62,488,transcoder,12,37,6377,transcoder,0.3010123670101166,0.0,-0.3010123670101166,0.0,-1.0,"Node(id=25_6377_37, type=transcoder, layer=12, feature=6377, pos=37)",1
0,62,488,transcoder,14,54,9044,lorsa,3.588165521621704,1.8668086528778076,-1.7213568687438965,0.0,-0.4797317343281069,"Node(id=28_9044_54, type=lorsa, layer=14, feature=9044, pos=54)",1
0,62,488,transcoder,12,2,13896,transcoder,12.517711639404297,11.09835147857666,-1.4193601608276367,0.0,-0.11338814966464449,"Node(id=25_13896_2, type=transcoder, layer=12, feature=13896, pos=2)",1
0,62,488,transcoder,10,54,16018,transcoder,5.421947956085205,4.707493782043457,-0.714454174041748,0.0,-0.1317707546860342,"Node(id=21_16018_54, type=transcoder, layer=10, feature=16018, pos=54)",1
0,62,488,transcoder,11,37,7513,transcoder,0.49810850620269775,0.3587935268878937,-0.13931497931480408,0.0,-0.2796880149204116,"Node(id=23_7513_37, type=transcoder, layer=11, feature=7513, pos=37)",1
0,62,488,transcoder,12,37,15342,lorsa,1.2413737773895264,0.0,-1.2413737773895264,0.0,-1.0,"Node(id=24_15342_37, type=lorsa, layer=12, feature=15342, pos=37)",1
0,62,488,transcoder,6,14,8940,transcoder,1.2855827808380127,0.5307260155677795,-0.7548567652702332,0.0,-0.5871708741915294,"Node(id=13_8940_14, type=transcoder, layer=6, feature=8940, pos=14)",1
0,62,488,transcoder,7,62,8659,transcoder,0.6940901875495911,0.0,-0.6940901875495911,0.0,-1.0,"Node(id=15_8659_62, type=transcoder, layer=7, feature=8659, pos=62)",1
0,62,488,transcoder,10,14,6896,transcoder,0.4185520112514496,0.0,-0.4185520112514496,0.0,-1.0,"Node(id=21_6896_14, type=transcoder, layer=10, feature=6896, pos=14)",1
0,62,488,transcoder,10,14,11541,transcoder,0.4443958103656769,0.193411186337471,-0.25098462402820587,0.0,-0.5647772057564627,"Node(id=21_11541_14, type=transcoder, layer=10, feature=11541, pos=14)",1
0,62,488,transcoder,14,51,7323,lorsa,1.7485430240631104,1.4136682748794556,-0.3348747491836548,0.0,-0.19151644802282436,"Node(id=28_7323_51, type=lorsa, layer=14, feature=7323, pos=51)",1
0,62,488,transcoder,12,37,15649,lorsa,3.205152750015259,1.8885483741760254,-1.3166043758392334,0.0,-0.4107774195264065,"Node(id=24_15649_37, type=lorsa, layer=12, feature=15649, pos=37)",1
0,62,488,transcoder,7,14,1092,transcoder,0.7006182074546814,0.0,-0.7006182074546814,0.0,-1.0,"Node(id=15_1092_14, type=transcoder, layer=7, feature=1092, pos=14)",1
4,62,1264,transcoder,5,62,13852,transcoder,2.1420979499816895,1.816749095916748,-0.3253488540649414,0.0,-0.15188327595744278,"Node(id=11_13852_62, type=transcoder, layer=5, feature=13852, pos=62)",1
5,62,13852,transcoder,8,62,8174,transcoder,1.1858330965042114,0.8161090612411499,-0.3697240352630615,0.0,-0.3117842100654748,"Node(id=17_8174_62, type=transcoder, layer=8, feature=8174, pos=62)",1
5,62,13852,transcoder,9,14,13080,lorsa,4.417771816253662,2.7334437370300293,-1.6843280792236328,0.0,-0.3812619006320631,"Node(id=18_13080_14, type=lorsa, layer=9, feature=13080, pos=14)",1
5,62,13852,transcoder,9,54,12266,lorsa,1.494158148765564,1.2306891679763794,-0.26346898078918457,0.0,-0.1763327268983247,"Node(id=18_12266_54, type=lorsa, layer=9, feature=12266, pos=54)",1
5,62,13852,transcoder,12,37,15342,lorsa,1.2413737773895264,0.0,-1.2413737773895264,0.0,-1.0,"Node(id=24_15342_37, type=lorsa, layer=12, feature=15342, pos=37)",1
5,62,13852,transcoder,7,62,8659,transcoder,0.6940901875495911,0.24305957555770874,-0.4510306119918823,0.0,-0.6498155716394669,"Node(id=15_8659_62, type=transcoder, layer=7, feature=8659, pos=62)",1
10,51,9278,transcoder,14,51,11169,transcoder,0.6642193794250488,0.5463782548904419,-0.11784112453460693,0.0,-0.17741295750300257,"Node(id=29_11169_51, type=transcoder, layer=14, feature=11169, pos=51)",1
10,51,9278,transcoder,11,51,9849,transcoder,0.687792956829071,0.5961112380027771,-0.09168171882629395,0.0,-0.13329842638833317,"Node(id=23_9849_51, type=transcoder, layer=11, feature=9849, pos=51)",1
10,51,9278,transcoder,13,51,3932,transcoder,0.40207821130752563,0.26925554871559143,-0.1328226625919342,0.0,-0.3303403637814785,"Node(id=27_3932_51, type=transcoder, layer=13, feature=3932, pos=51)",1
10,51,9278,transcoder,14,51,790,transcoder,0.5391555428504944,0.4775000810623169,-0.06165546178817749,0.0,-0.11435561148496677,"Node(id=29_790_51, type=transcoder, layer=14, feature=790, pos=51)",1
1,56,2693,transcoder,4,55,9090,lorsa,4.7906646728515625,3.5069124698638916,-1.283752202987671,0.0,-0.26796953881214547,"Node(id=8_9090_55, type=lorsa, layer=4, feature=9090, pos=55)",1
1,56,2693,transcoder,14,55,9044,lorsa,3.8024330139160156,1.0342297554016113,-2.7682032585144043,0.0,-0.7280084220769775,"Node(id=28_9044_55, type=lorsa, layer=14, feature=9044, pos=55)",1
1,56,2693,transcoder,14,51,11169,transcoder,0.6642193794250488,0.4625127911567688,-0.20170658826828003,0.0,-0.3036746510511002,"Node(id=29_11169_51, type=transcoder, layer=14, feature=11169, pos=51)",1
0,56,14339,transcoder,1,56,2693,transcoder,3.9147512912750244,3.466681480407715,-0.44806981086730957,0.0,-0.11445677580232036,"Node(id=3_2693_56, type=transcoder, layer=1, feature=2693, pos=56)",1
1,56,2693,transcoder,3,56,5881,transcoder,4.1003336906433105,1.8275699615478516,-2.272763729095459,0.0,-0.5542875045223161,"Node(id=7_5881_56, type=transcoder, layer=3, feature=5881, pos=56)",1
1,56,2693,transcoder,2,56,13333,transcoder,1.885103464126587,0.35931551456451416,-1.5257879495620728,0.0,-0.8093921519946952,"Node(id=5_13333_56, type=transcoder, layer=2, feature=13333, pos=56)",1
1,56,2693,transcoder,3,55,8792,lorsa,2.6274337768554688,1.2417527437210083,-1.3856810331344604,0.0,-0.5273895179930485,"Node(id=6_8792_55, type=lorsa, layer=3, feature=8792, pos=55)",1
1,56,2693,transcoder,13,56,13473,transcoder,1.8784750699996948,0.9148536324501038,-0.9636214375495911,0.0,-0.5129806899964595,"Node(id=27_13473_56, type=transcoder, layer=13, feature=13473, pos=56)",1
1,56,2693,transcoder,8,54,1436,lorsa,2.9068973064422607,2.2917380332946777,-0.615159273147583,0.0,-0.211620572830099,"Node(id=16_1436_54, type=lorsa, layer=8, feature=1436, pos=54)",1
1,56,2693,transcoder,13,51,3932,transcoder,0.40207821130752563,0.35172370076179504,-0.05035451054573059,0.0,-0.12523561120604326,"Node(id=27_3932_51, type=transcoder, layer=13, feature=3932, pos=51)",1
1,56,2693,transcoder,12,54,9881,lorsa,2.963268280029297,2.5790464878082275,-0.38422179222106934,0.0,-0.1296614939695135,"Node(id=24_9881_54, type=lorsa, layer=12, feature=9881, pos=54)",1
1,56,2693,transcoder,5,56,1007,transcoder,1.8848531246185303,1.3495185375213623,-0.535334587097168,0.0,-0.28401925863879324,"Node(id=11_1007_56, type=transcoder, layer=5, feature=1007, pos=56)",1
1,56,2693,transcoder,14,55,8748,lorsa,1.8016709089279175,0.78764808177948,-1.0140228271484375,0.0,-0.5628235556913281,"Node(id=28_8748_55, type=lorsa, layer=14, feature=8748, pos=55)",1
1,56,2693,transcoder,14,51,13673,lorsa,0.8683499097824097,0.760418713092804,-0.10793119668960571,0.0,-0.12429459077925281,"Node(id=28_13673_51, type=lorsa, layer=14, feature=13673, pos=51)",1
0,56,4757,lorsa,1,56,2693,transcoder,3.9147512912750244,1.123442530632019,-2.7913087606430054,0.0,-0.713023268391051,"Node(id=3_2693_56, type=transcoder, layer=1, feature=2693, pos=56)",1
1,56,2693,transcoder,11,56,7586,transcoder,2.6750638484954834,1.2586311101913452,-1.4164327383041382,0.0,-0.5294949274204322,"Node(id=23_7586_56, type=transcoder, layer=11, feature=7586, pos=56)",1
1,56,2693,transcoder,13,56,16285,transcoder,0.37943366169929504,0.0,-0.37943366169929504,0.0,-1.0,"Node(id=27_16285_56, type=transcoder, layer=13, feature=16285, pos=56)",1
1,56,2693,transcoder,14,51,2652,transcoder,1.2029510736465454,1.0796235799789429,-0.12332749366760254,0.0,-0.10252078938984262,"Node(id=29_2652_51, type=transcoder, layer=14, feature=2652, pos=51)",1
1,56,2693,transcoder,2,56,2616,transcoder,3.1142807006835938,1.2852228879928589,-1.8290578126907349,0.0,-0.5873130871887211,"Node(id=5_2616_56, type=transcoder, layer=2, feature=2616, pos=56)",1
1,56,2693,transcoder,13,56,12356,transcoder,1.2258914709091187,0.6381359100341797,-0.587755560874939,0.0,-0.4794515459342095,"Node(id=27_12356_56, type=transcoder, layer=13, feature=12356, pos=56)",1
1,56,2693,transcoder,14,54,9044,lorsa,3.588165521621704,0.7648358941078186,-2.8233296275138855,0.0,-0.7868448683598788,"Node(id=28_9044_54, type=lorsa, layer=14, feature=9044, pos=54)",1
1,56,4856,transcoder,4,55,9090,lorsa,4.7906646728515625,3.690112829208374,-1.1005518436431885,0.0,-0.229728423673641,"Node(id=8_9090_55, type=lorsa, layer=4, feature=9090, pos=55)",1
3,56,2403,transcoder,4,55,9090,lorsa,4.7906646728515625,3.6743757724761963,-1.1162889003753662,0.0,-0.23301336591168967,"Node(id=8_9090_55, type=lorsa, layer=4, feature=9090, pos=55)",1
4,55,9090,lorsa,14,51,11169,transcoder,0.6642193794250488,0.4511079490184784,-0.21311143040657043,0.0,-0.32084494522132223,"Node(id=29_11169_51, type=transcoder, layer=14, feature=11169, pos=51)",1
3,56,5881,transcoder,4,55,9090,lorsa,4.7906646728515625,3.4642763137817383,-1.3263883590698242,0.0,-0.27686938027334607,"Node(id=8_9090_55, type=lorsa, layer=4, feature=9090, pos=55)",1
2,56,13333,transcoder,4,55,9090,lorsa,4.7906646728515625,4.041022777557373,-0.7496418952941895,0.0,-0.1564797259850746,"Node(id=8_9090_55, type=lorsa, layer=4, feature=9090, pos=55)",1
2,56,7272,transcoder,4,55,9090,lorsa,4.7906646728515625,3.893355131149292,-0.8973095417022705,0.0,-0.1873037674265275,"Node(id=8_9090_55, type=lorsa, layer=4, feature=9090, pos=55)",1
4,55,9090,lorsa,8,54,1436,lorsa,2.9068973064422607,2.347524881362915,-0.5593724250793457,0.0,-0.1924293726646846,"Node(id=16_1436_54, type=lorsa, layer=8, feature=1436, pos=54)",1
4,55,9090,lorsa,13,51,3932,transcoder,0.40207821130752563,0.3479202389717102,-0.05415797233581543,0.0,-0.13469511854347468,"Node(id=27_3932_51, type=transcoder, layer=13, feature=3932, pos=51)",1
4,55,9090,lorsa,12,54,9881,lorsa,2.963268280029297,2.604635238647461,-0.35863304138183594,0.0,-0.12102618038292849,"Node(id=24_9881_54, type=lorsa, layer=12, feature=9881, pos=54)",1
0,54,11059,lorsa,4,55,9090,lorsa,4.7906646728515625,3.8960213661193848,-0.8946433067321777,0.0,-0.18674721939986177,"Node(id=8_9090_55, type=lorsa, layer=4, feature=9090, pos=55)",1
0,56,329,transcoder,4,55,9090,lorsa,4.7906646728515625,3.7401046752929688,-1.0505599975585938,0.0,-0.21929316061549045,"Node(id=8_9090_55, type=lorsa, layer=4, feature=9090, pos=55)",1
4,55,9090,lorsa,14,51,13673,lorsa,0.8683499097824097,0.7171273231506348,-0.1512225866317749,0.0,-0.1741493664341695,"Node(id=28_13673_51, type=lorsa, layer=14, feature=13673, pos=51)",1
0,56,4757,lorsa,4,55,9090,lorsa,4.7906646728515625,4.278099060058594,-0.5125656127929688,0.0,-0.10699258825140702,"Node(id=8_9090_55, type=lorsa, layer=4, feature=9090, pos=55)",1
2,56,2616,transcoder,4,55,9090,lorsa,4.7906646728515625,3.5499045848846436,-1.240760087966919,0.0,-0.2589953947305557,"Node(id=8_9090_55, type=lorsa, layer=4, feature=9090, pos=55)",1
2,51,9305,transcoder,3,51,7112,transcoder,1.2625163793563843,1.0436904430389404,-0.21882593631744385,0.0,-0.17332522563311115,"Node(id=7_7112_51, type=transcoder, layer=3, feature=7112, pos=51)",1
1,51,8276,lorsa,3,51,7112,transcoder,1.2625163793563843,1.1082037687301636,-0.1543126106262207,0.0,-0.1222262246648138,"Node(id=7_7112_51, type=transcoder, layer=3, feature=7112, pos=51)",1
3,51,7112,transcoder,14,51,11169,transcoder,0.6642193794250488,0.5129361152648926,-0.15128326416015625,0.0,-0.22776099109168976,"Node(id=29_11169_51, type=transcoder, layer=14, feature=11169, pos=51)",1
3,51,7112,transcoder,11,51,9849,transcoder,0.687792956829071,0.6097479462623596,-0.07804501056671143,0.0,-0.11347166293548862,"Node(id=23_9849_51, type=transcoder, layer=11, feature=9849, pos=51)",1
3,51,7112,transcoder,13,51,3932,transcoder,0.40207821130752563,0.3526884615421295,-0.04938974976539612,0.0,-0.1228361755907754,"Node(id=27_3932_51, type=transcoder, layer=13, feature=3932, pos=51)",1
5,51,8348,transcoder,9,54,12243,lorsa,2.3094804286956787,1.830410122871399,-0.4790703058242798,0.0,-0.2074363999243083,"Node(id=18_12243_54, type=lorsa, layer=9, feature=12243, pos=54)",1
3,54,5828,lorsa,9,54,12243,lorsa,2.3094804286956787,2.0752925872802734,-0.23418784141540527,0.0,-0.10140282572027126,"Node(id=18_12243_54, type=lorsa, layer=9, feature=12243, pos=54)",1
7,51,14452,transcoder,9,54,12243,lorsa,2.3094804286956787,1.896902084350586,-0.4125783443450928,0.0,-0.17864552529596622,"Node(id=18_12243_54, type=lorsa, layer=9, feature=12243, pos=54)",1
4,54,15551,lorsa,9,54,12243,lorsa,2.3094804286956787,1.8167133331298828,-0.4927670955657959,0.0,-0.21336708007700897,"Node(id=18_12243_54, type=lorsa, layer=9, feature=12243, pos=54)",1
2,54,715,transcoder,9,54,12243,lorsa,2.3094804286956787,1.9977803230285645,-0.31170010566711426,0.0,-0.13496546746800214,"Node(id=18_12243_54, type=lorsa, layer=9, feature=12243, pos=54)",1
4,6,2640,transcoder,9,54,12243,lorsa,2.3094804286956787,2.07796573638916,-0.23151469230651855,0.0,-0.10024535797312242,"Node(id=18_12243_54, type=lorsa, layer=9, feature=12243, pos=54)",1
1,54,11175,transcoder,9,54,12243,lorsa,2.3094804286956787,1.9506756067276,-0.3588048219680786,0.0,-0.1553617071224631,"Node(id=18_12243_54, type=lorsa, layer=9, feature=12243, pos=54)",1
2,6,13953,transcoder,9,54,12243,lorsa,2.3094804286956787,1.714006781578064,-0.5954736471176147,0.0,-0.2578387934007821,"Node(id=18_12243_54, type=lorsa, layer=9, feature=12243, pos=54)",1
5,54,14178,lorsa,9,54,12243,lorsa,2.3094804286956787,1.9879847764968872,-0.3214956521987915,0.0,-0.13920691780027858,"Node(id=18_12243_54, type=lorsa, layer=9, feature=12243, pos=54)",1
9,54,12243,lorsa,12,37,6377,transcoder,0.3010123670101166,0.24884049594402313,-0.052171871066093445,0.0,-0.17332135415001082,"Node(id=25_6377_37, type=transcoder, layer=12, feature=6377, pos=37)",1
1,6,13953,transcoder,9,54,12243,lorsa,2.3094804286956787,1.9814198017120361,-0.3280606269836426,0.0,-0.14204953759617733,"Node(id=18_12243_54, type=lorsa, layer=9, feature=12243, pos=54)",1
9,54,12243,lorsa,12,37,15342,lorsa,1.2413737773895264,1.005549430847168,-0.2358243465423584,0.0,-0.18997045921033653,"Node(id=24_15342_37, type=lorsa, layer=12, feature=15342, pos=37)",1
6,14,8940,transcoder,9,54,12243,lorsa,2.3094804286956787,1.6381046772003174,-0.6713757514953613,0.0,-0.29070423942693163,"Node(id=18_12243_54, type=lorsa, layer=9, feature=12243, pos=54)",1
7,51,14452,transcoder,8,51,5284,transcoder,1.6072231531143188,1.1292917728424072,-0.4779313802719116,0.0,-0.29736466858744737,"Node(id=17_5284_51, type=transcoder, layer=8, feature=5284, pos=51)",1
8,51,5284,transcoder,11,14,12258,transcoder,0.23024021089076996,0.19838795065879822,-0.03185226023197174,0.0,-0.13834360257376163,"Node(id=23_12258_14, type=transcoder, layer=11, feature=12258, pos=14)",1
8,51,5284,transcoder,14,51,13673,lorsa,0.8683499097824097,0.7781984210014343,-0.09015148878097534,0.0,-0.10381931035562084,"Node(id=28_13673_51, type=lorsa, layer=14, feature=13673, pos=51)",1
8,51,5284,transcoder,14,51,14073,transcoder,0.8638689517974854,0.7544490098953247,-0.10941994190216064,0.0,-0.12666266298202564,"Node(id=29_14073_51, type=transcoder, layer=14, feature=14073, pos=51)",1
8,51,5284,transcoder,11,37,7513,transcoder,0.49810850620269775,0.4046330749988556,-0.09347543120384216,0.0,-0.18766078081349558,"Node(id=23_7513_37, type=transcoder, layer=11, feature=7513, pos=37)",1
8,51,5284,transcoder,10,51,13957,transcoder,1.0498993396759033,0.6547167301177979,-0.39518260955810547,0.0,-0.37640047443033503,"Node(id=21_13957_51, type=transcoder, layer=10, feature=13957, pos=51)",1
0,51,15277,transcoder,2,51,9305,transcoder,0.8282850384712219,0.6834052801132202,-0.1448797583580017,0.0,-0.17491533907869258,"Node(id=5_9305_51, type=transcoder, layer=2, feature=9305, pos=51)",1
1,51,8276,lorsa,2,51,9305,transcoder,0.8282850384712219,0.6110547184944153,-0.21723031997680664,0.0,-0.2622651742904253,"Node(id=5_9305_51, type=transcoder, layer=2, feature=9305, pos=51)",1
0,51,8256,lorsa,2,51,9305,transcoder,0.8282850384712219,0.7153483033180237,-0.11293673515319824,0.0,-0.13635008470229917,"Node(id=5_9305_51, type=transcoder, layer=2, feature=9305, pos=51)",1
2,51,9305,transcoder,14,51,11169,transcoder,0.6642193794250488,0.5889959931373596,-0.07522338628768921,0.0,-0.11325081534477795,"Node(id=29_11169_51, type=transcoder, layer=14, feature=11169, pos=51)",1
0,51,15277,transcoder,1,51,8276,lorsa,2.0241923332214355,1.3532963991165161,-0.6708959341049194,0.0,-0.3314388277704869,"Node(id=2_8276_51, type=lorsa, layer=1, feature=8276, pos=51)",1
0,51,8256,lorsa,0,51,15277,transcoder,0.8747747540473938,0.3253002166748047,-0.5494745373725891,0.0,-0.628132596225816,"Node(id=1_15277_51, type=transcoder, layer=0, feature=15277, pos=51)",1
0,51,15277,transcoder,14,51,11169,transcoder,0.6642193794250488,0.5810907483100891,-0.08312863111495972,0.0,-0.12515237237871052,"Node(id=29_11169_51, type=transcoder, layer=14, feature=11169, pos=51)",1
1,56,4856,transcoder,14,55,9044,lorsa,3.8024330139160156,2.755164384841919,-1.0472686290740967,0.0,-0.27542066493777495,"Node(id=28_9044_55, type=lorsa, layer=14, feature=9044, pos=55)",1
1,56,4856,transcoder,3,56,2403,transcoder,1.9280507564544678,1.1759734153747559,-0.7520773410797119,0.0,-0.39007133944062883,"Node(id=7_2403_56, type=transcoder, layer=3, feature=2403, pos=56)",1
1,56,4856,transcoder,7,0,6104,transcoder,6.486999988555908,5.522746562957764,-0.9642534255981445,0.0,-0.14864396906108213,"Node(id=15_6104_0, type=transcoder, layer=7, feature=6104, pos=0)",1
0,56,14339,transcoder,1,56,4856,transcoder,2.6325509548187256,1.4570890665054321,-1.1754618883132935,0.0,-0.44651059314224534,"Node(id=3_4856_56, type=transcoder, layer=1, feature=4856, pos=56)",1
1,56,4856,transcoder,2,56,7272,transcoder,1.4503072500228882,0.0,-1.4503072500228882,0.0,-1.0,"Node(id=5_7272_56, type=transcoder, layer=2, feature=7272, pos=56)",1
1,56,4856,transcoder,13,56,2268,transcoder,0.6461610198020935,0.22391973435878754,-0.42224128544330597,0.0,-0.6534614012659418,"Node(id=27_2268_56, type=transcoder, layer=13, feature=2268, pos=56)",1
1,56,4856,transcoder,3,56,2286,transcoder,0.6956806182861328,0.4400138556957245,-0.2556667625904083,0.0,-0.36750594435168354,"Node(id=7_2286_56, type=transcoder, layer=3, feature=2286, pos=56)",1
1,56,4856,transcoder,5,56,1007,transcoder,1.8848531246185303,1.4230270385742188,-0.4618260860443115,0.0,-0.2450196675869793,"Node(id=11_1007_56, type=transcoder, layer=5, feature=1007, pos=56)",1
1,56,14865,lorsa,1,56,4856,transcoder,2.6325509548187256,2.158250093460083,-0.4743008613586426,0.0,-0.18016778003497463,"Node(id=3_4856_56, type=transcoder, layer=1, feature=4856, pos=56)",1
0,56,329,transcoder,1,56,4856,transcoder,2.6325509548187256,2.025106906890869,-0.6074440479278564,0.0,-0.2307435101364199,"Node(id=3_4856_56, type=transcoder, layer=1, feature=4856, pos=56)",1
1,56,4856,transcoder,14,55,8748,lorsa,1.8016709089279175,1.4999793767929077,-0.30169153213500977,0.0,-0.16745096490153744,"Node(id=28_8748_55, type=lorsa, layer=14, feature=8748, pos=55)",1
0,56,4757,lorsa,1,56,4856,transcoder,2.6325509548187256,1.2997609376907349,-1.3327900171279907,0.0,-0.5062732080032104,"Node(id=3_4856_56, type=transcoder, layer=1, feature=4856, pos=56)",1
1,56,4856,transcoder,13,56,16285,transcoder,0.37943366169929504,0.2204405516386032,-0.15899311006069183,0.0,-0.41902742457967646,"Node(id=27_16285_56, type=transcoder, layer=13, feature=16285, pos=56)",1
1,56,4856,transcoder,2,56,2616,transcoder,3.1142807006835938,2.66988205909729,-0.4443986415863037,0.0,-0.1426970412425434,"Node(id=5_2616_56, type=transcoder, layer=2, feature=2616, pos=56)",1
1,56,4856,transcoder,14,54,9044,lorsa,3.588165521621704,2.7340943813323975,-0.8540711402893066,0.0,-0.2380244543187354,"Node(id=28_9044_54, type=lorsa, layer=14, feature=9044, pos=54)",1
1,56,4856,transcoder,10,56,11708,transcoder,2.9663991928100586,2.0827393531799316,-0.883659839630127,0.0,-0.29788972494731547,"Node(id=21_11708_56, type=transcoder, layer=10, feature=11708, pos=56)",1
3,56,2403,transcoder,14,55,9044,lorsa,3.8024330139160156,2.6037991046905518,-1.1986339092254639,0.0,-0.3152281459893558,"Node(id=28_9044_55, type=lorsa, layer=14, feature=9044, pos=55)",1
11,54,11974,transcoder,14,55,9044,lorsa,3.8024330139160156,3.3090689182281494,-0.4933640956878662,0.0,-0.12974958240743992,"Node(id=28_9044_55, type=lorsa, layer=14, feature=9044, pos=55)",1
13,55,9300,transcoder,14,55,9044,lorsa,3.8024330139160156,2.8819735050201416,-0.920459508895874,0.0,-0.24207119639641447,"Node(id=28_9044_55, type=lorsa, layer=14, feature=9044, pos=55)",1
0,56,14339,transcoder,14,55,9044,lorsa,3.8024330139160156,3.1695761680603027,-0.6328568458557129,0.0,-0.16643471260101225,"Node(id=28_9044_55, type=lorsa, layer=14, feature=9044, pos=55)",1
3,54,5828,lorsa,14,55,9044,lorsa,3.8024330139160156,3.3465380668640137,-0.45589494705200195,0.0,-0.11989558931966271,"Node(id=28_9044_55, type=lorsa, layer=14, feature=9044, pos=55)",1
3,56,5881,transcoder,14,55,9044,lorsa,3.8024330139160156,2.6305792331695557,-1.17185378074646,0.0,-0.3081852530886801,"Node(id=28_9044_55, type=lorsa, layer=14, feature=9044, pos=55)",1
13,55,14142,transcoder,14,55,9044,lorsa,3.8024330139160156,3.1677958965301514,-0.6346371173858643,0.0,-0.16690290534067026,"Node(id=28_9044_55, type=lorsa, layer=14, feature=9044, pos=55)",1
12,23,15674,transcoder,14,55,9044,lorsa,3.8024330139160156,3.175527572631836,-0.6269054412841797,0.0,-0.16486955562132255,"Node(id=28_9044_55, type=lorsa, layer=14, feature=9044, pos=55)",1
13,56,13473,transcoder,14,55,9044,lorsa,3.8024330139160156,0.63503497838974,-3.1673980355262756,0.0,-0.8329924613883636,"Node(id=28_9044_55, type=lorsa, layer=14, feature=9044, pos=55)",1
0,15,12663,transcoder,14,55,9044,lorsa,3.8024330139160156,3.05367112159729,-0.7487618923187256,0.0,-0.19691652412506208,"Node(id=28_9044_55, type=lorsa, layer=14, feature=9044, pos=55)",1
0,24,7465,lorsa,14,55,9044,lorsa,3.8024330139160156,2.655644416809082,-1.1467885971069336,0.0,-0.3015933726932087,"Node(id=28_9044_55, type=lorsa, layer=14, feature=9044, pos=55)",1
13,56,2268,transcoder,14,55,9044,lorsa,3.8024330139160156,3.0204665660858154,-0.7819664478302002,0.0,-0.20564897395125328,"Node(id=28_9044_55, type=lorsa, layer=14, feature=9044, pos=55)",1
0,24,12663,transcoder,14,55,9044,lorsa,3.8024330139160156,2.5374982357025146,-1.264934778213501,0.0,-0.33266457912187686,"Node(id=28_9044_55, type=lorsa, layer=14, feature=9044, pos=55)",1
3,56,2286,transcoder,14,55,9044,lorsa,3.8024330139160156,3.2517478466033936,-0.5506851673126221,0.0,-0.14482442302000934,"Node(id=28_9044_55, type=lorsa, layer=14, feature=9044, pos=55)",1
5,56,1007,transcoder,14,55,9044,lorsa,3.8024330139160156,2.1979217529296875,-1.6045112609863281,0.0,-0.42196963236806334,"Node(id=28_9044_55, type=lorsa, layer=14, feature=9044, pos=55)",1
0,54,11059,lorsa,14,55,9044,lorsa,3.8024330139160156,2.623978614807129,-1.1784543991088867,0.0,-0.3099211464859523,"Node(id=28_9044_55, type=lorsa, layer=14, feature=9044, pos=55)",1
0,56,329,transcoder,14,55,9044,lorsa,3.8024330139160156,3.0042481422424316,-0.798184871673584,0.0,-0.2099142493115366,"Node(id=28_9044_55, type=lorsa, layer=14, feature=9044, pos=55)",1
4,6,2640,transcoder,14,55,9044,lorsa,3.8024330139160156,3.3437867164611816,-0.458646297454834,0.0,-0.12061916561746014,"Node(id=28_9044_55, type=lorsa, layer=14, feature=9044, pos=55)",1
2,6,13953,transcoder,14,55,9044,lorsa,3.8024330139160156,2.97482967376709,-0.8276033401489258,0.0,-0.21765099795843637,"Node(id=28_9044_55, type=lorsa, layer=14, feature=9044, pos=55)",1
0,56,4757,lorsa,14,55,9044,lorsa,3.8024330139160156,3.377864360809326,-0.42456865310668945,0.0,-0.11165710258481017,"Node(id=28_9044_55, type=lorsa, layer=14, feature=9044, pos=55)",1
11,56,7586,transcoder,14,55,9044,lorsa,3.8024330139160156,0.7746363282203674,-3.027796685695648,0.0,-0.7962787706225515,"Node(id=28_9044_55, type=lorsa, layer=14, feature=9044, pos=55)",1
13,56,16285,transcoder,14,55,9044,lorsa,3.8024330139160156,3.1594364643096924,-0.6429965496063232,0.0,-0.1691013483348967,"Node(id=28_9044_55, type=lorsa, layer=14, feature=9044, pos=55)",1
13,56,12356,transcoder,14,55,9044,lorsa,3.8024330139160156,2.806980609893799,-0.9954524040222168,0.0,-0.26179354123507076,"Node(id=28_9044_55, type=lorsa, layer=14, feature=9044, pos=55)",1
1,6,13953,transcoder,14,55,9044,lorsa,3.8024330139160156,3.253948926925659,-0.5484840869903564,0.0,-0.1442455619817714,"Node(id=28_9044_55, type=lorsa, layer=14, feature=9044, pos=55)",1
10,56,11708,transcoder,14,55,9044,lorsa,3.8024330139160156,1.6820390224456787,-2.120393991470337,0.0,-0.5576413795352057,"Node(id=28_9044_55, type=lorsa, layer=14, feature=9044, pos=55)",1
0,51,8256,lorsa,1,51,8276,lorsa,2.0241923332214355,1.2238332033157349,-0.8003591299057007,0.0,-0.3953967796291153,"Node(id=2_8276_51, type=lorsa, layer=1, feature=8276, pos=51)",1
0,51,1026,transcoder,1,51,8276,lorsa,2.0241923332214355,0.0,-2.0241923332214355,0.0,-1.0,"Node(id=2_8276_51, type=lorsa, layer=1, feature=8276, pos=51)",1
0,55,1338,lorsa,3,55,15371,transcoder,0.6983613967895508,0.6128002405166626,-0.08556115627288818,0.0,-0.12251701864711144,"Node(id=7_15371_55, type=transcoder, layer=3, feature=15371, pos=55)",1
0,55,1338,lorsa,14,51,11169,transcoder,0.6642193794250488,0.4533262848854065,-0.21089309453964233,0.0,-0.3175051813787672,"Node(id=29_11169_51, type=transcoder, layer=14, feature=11169, pos=51)",1
0,55,1338,lorsa,1,55,4200,lorsa,1.2039995193481445,1.0103720426559448,-0.1936274766921997,0.0,-0.16082022756706021,"Node(id=2_4200_55, type=lorsa, layer=1, feature=4200, pos=55)",1
0,55,1338,lorsa,8,54,1436,lorsa,2.9068973064422607,2.4819815158843994,-0.42491579055786133,0.0,-0.14617502641602223,"Node(id=16_1436_54, type=lorsa, layer=8, feature=1436, pos=54)",1
0,55,1338,lorsa,13,51,3932,transcoder,0.40207821130752563,0.34752535820007324,-0.05455285310745239,0.0,-0.13567721794735146,"Node(id=27_3932_51, type=transcoder, layer=13, feature=3932, pos=51)",1
0,55,1338,lorsa,1,55,16329,lorsa,1.2881624698638916,1.1276705265045166,-0.160491943359375,0.0,-0.12458983017595034,"Node(id=2_16329_55, type=lorsa, layer=1, feature=16329, pos=55)",1
0,55,1338,lorsa,0,55,8903,transcoder,0.28014376759529114,0.21202491223812103,-0.0681188553571701,0.0,-0.24315677604356992,"Node(id=1_8903_55, type=transcoder, layer=0, feature=8903, pos=55)",1
0,55,1338,lorsa,14,51,13673,lorsa,0.8683499097824097,0.7349823713302612,-0.13336753845214844,0.0,-0.15358732343919695,"Node(id=28_13673_51, type=lorsa, layer=14, feature=13673, pos=51)",1
0,56,14339,transcoder,3,56,2403,transcoder,1.9280507564544678,1.551832914352417,-0.3762178421020508,0.0,-0.19512859858206508,"Node(id=7_2403_56, type=transcoder, layer=3, feature=2403, pos=56)",1
3,56,2403,transcoder,13,56,2268,transcoder,0.6461610198020935,0.4714455008506775,-0.17471551895141602,0.0,-0.27039006315318737,"Node(id=27_2268_56, type=transcoder, layer=13, feature=2268, pos=56)",1
3,56,2403,transcoder,13,51,3932,transcoder,0.40207821130752563,0.3317989408969879,-0.07027927041053772,0.0,-0.17479004938366408,"Node(id=27_3932_51, type=transcoder, layer=13, feature=3932, pos=51)",1
0,56,329,transcoder,3,56,2403,transcoder,1.9280507564544678,1.1270956993103027,-0.800955057144165,0.0,-0.4154221845368105,"Node(id=7_2403_56, type=transcoder, layer=3, feature=2403, pos=56)",1
3,56,2403,transcoder,14,55,8748,lorsa,1.8016709089279175,1.4597262144088745,-0.34194469451904297,0.0,-0.18979309308075404,"Node(id=28_8748_55, type=lorsa, layer=14, feature=8748, pos=55)",1
3,56,2403,transcoder,13,56,16285,transcoder,0.37943366169929504,0.16213203966617584,-0.2173016220331192,0.0,-0.5726999050635969,"Node(id=27_16285_56, type=transcoder, layer=13, feature=16285, pos=56)",1
3,56,2403,transcoder,14,54,9044,lorsa,3.588165521621704,2.4960906505584717,-1.0920748710632324,0.0,-0.3043546526721151,"Node(id=28_9044_54, type=lorsa, layer=14, feature=9044, pos=54)",1
10,54,9629,transcoder,11,54,10708,transcoder,0.9755883812904358,0.7099184393882751,-0.26566994190216064,0.0,-0.27231765670553826,"Node(id=23_10708_54, type=transcoder, layer=11, feature=10708, pos=54)",1
11,54,10708,transcoder,13,51,5681,lorsa,1.9713155031204224,1.3930591344833374,-0.578256368637085,0.0,-0.29333527166085543,"Node(id=26_5681_51, type=lorsa, layer=13, feature=5681, pos=51)",1
11,54,10708,transcoder,12,54,9524,transcoder,0.9488894939422607,0.7352524995803833,-0.21363699436187744,0.0,-0.22514422988740257,"Node(id=25_9524_54, type=transcoder, layer=12, feature=9524, pos=54)",1
9,54,6254,transcoder,11,54,10708,transcoder,0.9755883812904358,0.8717613816261292,-0.10382699966430664,0.0,-0.10642500634024772,"Node(id=23_10708_54, type=transcoder, layer=11, feature=10708, pos=54)",1
11,54,10708,transcoder,14,51,4640,lorsa,1.3973380327224731,1.2161898612976074,-0.18114817142486572,0.0,-0.1296380454713092,"Node(id=28_4640_51, type=lorsa, layer=14, feature=4640, pos=51)",1
11,54,10708,transcoder,13,51,6109,transcoder,0.38438713550567627,0.33752551674842834,-0.046861618757247925,0.0,-0.12191255749389125,"Node(id=27_6109_51, type=transcoder, layer=13, feature=6109, pos=51)",1
11,54,10708,transcoder,14,54,9044,lorsa,3.588165521621704,3.139064311981201,-0.44910120964050293,0.0,-0.12516178725153335,"Node(id=28_9044_54, type=lorsa, layer=14, feature=9044, pos=54)",1
10,54,16018,transcoder,11,54,10708,transcoder,0.9755883812904358,0.8057083487510681,-0.16988003253936768,0.0,-0.1741308484164838,"Node(id=23_10708_54, type=transcoder, layer=11, feature=10708, pos=54)",1
11,54,10708,transcoder,12,37,15649,lorsa,3.205152750015259,2.2846970558166504,-0.9204556941986084,0.0,-0.287179977364332,"Node(id=24_15649_37, type=lorsa, layer=12, feature=15649, pos=37)",1
0,54,15890,transcoder,14,51,11169,transcoder,0.6642193794250488,0.5232781171798706,-0.14094126224517822,0.0,-0.21219083123888616,"Node(id=29_11169_51, type=transcoder, layer=14, feature=11169, pos=51)",1
0,54,15890,transcoder,3,54,5828,lorsa,2.9929561614990234,2.5850841999053955,-0.40787196159362793,0.0,-0.13627729227725977,"Node(id=6_5828_54, type=lorsa, layer=3, feature=5828, pos=54)",1
0,54,2952,lorsa,0,54,15890,transcoder,0.6419439911842346,0.3165910840034485,-0.32535290718078613,0.0,-0.5068244451990073,"Node(id=1_15890_54, type=transcoder, layer=0, feature=15890, pos=54)",1
0,54,11059,lorsa,0,54,15890,transcoder,0.6419439911842346,0.3399609327316284,-0.3019830584526062,0.0,-0.47041963566871153,"Node(id=1_15890_54, type=transcoder, layer=0, feature=15890, pos=54)",1
0,54,15890,transcoder,1,55,11995,lorsa,0.9528807401657104,0.7874556183815002,-0.1654251217842102,0.0,-0.17360527378845123,"Node(id=2_11995_55, type=lorsa, layer=1, feature=11995, pos=55)",1
0,54,15890,transcoder,2,54,715,transcoder,0.9930531978607178,0.8722331523895264,-0.1208200454711914,0.0,-0.12166522974949144,"Node(id=5_715_54, type=transcoder, layer=2, feature=715, pos=54)",1
0,54,15890,transcoder,5,54,14178,lorsa,2.141420841217041,1.677054524421692,-0.4643663167953491,0.0,-0.21684962986137477,"Node(id=10_14178_54, type=lorsa, layer=5, feature=14178, pos=54)",1
1,54,11614,lorsa,14,51,11169,transcoder,0.6642193794250488,0.5867070555686951,-0.07751232385635376,0.0,-0.1166968719332591,"Node(id=29_11169_51, type=transcoder, layer=14, feature=11169, pos=51)",1
1,54,11614,lorsa,2,54,715,transcoder,0.9930531978607178,0.8506752848625183,-0.14237791299819946,0.0,-0.14337390313521642,"Node(id=5_715_54, type=transcoder, layer=2, feature=715, pos=54)",1
1,54,11614,lorsa,1,54,11175,transcoder,1.3649195432662964,0.9867170453071594,-0.37820249795913696,0.0,-0.2770877593664504,"Node(id=3_11175_54, type=transcoder, layer=1, feature=11175, pos=54)",1
1,54,11614,lorsa,5,54,14178,lorsa,2.141420841217041,1.3132247924804688,-0.8281960487365723,0.0,-0.38675071839960273,"Node(id=10_14178_54, type=lorsa, layer=5, feature=14178, pos=54)",1
7,0,6104,transcoder,12,32,13896,transcoder,8.983194351196289,7.755113124847412,-1.228081226348877,0.0,-0.1367087450562988,"Node(id=25_13896_32, type=transcoder, layer=12, feature=13896, pos=32)",1
3,55,15371,transcoder,14,51,11169,transcoder,0.6642193794250488,0.5453018546104431,-0.11891752481460571,0.0,-0.17903350684760394,"Node(id=29_11169_51, type=transcoder, layer=14, feature=11169, pos=51)",1
0,55,9428,lorsa,3,55,15371,transcoder,0.6983613967895508,0.5353993773460388,-0.16296201944351196,0.0,-0.2333491229507637,"Node(id=7_15371_55, type=transcoder, layer=3, feature=15371, pos=55)",1
1,55,10736,transcoder,14,51,11169,transcoder,0.6642193794250488,0.5427630543708801,-0.1214563250541687,0.0,-0.1828557383545506,"Node(id=29_11169_51, type=transcoder, layer=14, feature=11169, pos=51)",1
1,55,10736,transcoder,8,54,1436,lorsa,2.9068973064422607,2.5680761337280273,-0.3388211727142334,0.0,-0.11655766853660035,"Node(id=16_1436_54, type=lorsa, layer=8, feature=1436, pos=54)",1
0,55,9428,lorsa,1,55,10736,transcoder,0.5947915315628052,0.5252515077590942,-0.06954002380371094,0.0,-0.11691495274150196,"Node(id=3_10736_55, type=transcoder, layer=1, feature=10736, pos=55)",1
1,55,11995,lorsa,1,55,10736,transcoder,0.5947915315628052,0.4573996067047119,-0.13739192485809326,0.0,-0.2309917299883174,"Node(id=3_10736_55, type=transcoder, layer=1, feature=10736, pos=55)",1
1,55,10736,transcoder,5,54,14178,lorsa,2.141420841217041,1.7498347759246826,-0.3915860652923584,0.0,-0.18286273195595076,"Node(id=10_14178_54, type=lorsa, layer=5, feature=14178, pos=54)",1
11,54,11974,transcoder,13,51,5681,lorsa,1.9713155031204224,1.59083890914917,-0.38047659397125244,0.0,-0.19300644334658293,"Node(id=26_5681_51, type=lorsa, layer=13, feature=5681, pos=51)",1
11,54,11974,transcoder,12,54,9524,transcoder,0.9488894939422607,0.6154856085777283,-0.33340388536453247,0.0,-0.3513621844197801,"Node(id=25_9524_54, type=transcoder, layer=12, feature=9524, pos=54)",1
11,54,11974,transcoder,13,56,16285,transcoder,0.37943366169929504,0.3294215798377991,-0.05001208186149597,0.0,-0.131807182413697,"Node(id=27_16285_56, type=transcoder, layer=13, feature=16285, pos=56)",1
11,54,11974,transcoder,13,51,6109,transcoder,0.38438713550567627,0.3278796076774597,-0.05650752782821655,0.0,-0.14700681320637513,"Node(id=27_6109_51, type=transcoder, layer=13, feature=6109, pos=51)",1
11,54,11974,transcoder,12,37,6377,transcoder,0.3010123670101166,0.0,-0.3010123670101166,0.0,-1.0,"Node(id=25_6377_37, type=transcoder, layer=12, feature=6377, pos=37)",1
11,54,11974,transcoder,12,37,15649,lorsa,3.205152750015259,1.6617536544799805,-1.5433990955352783,0.0,-0.48153683019566873,"Node(id=24_15649_37, type=lorsa, layer=12, feature=15649, pos=37)",1
13,55,9300,transcoder,14,51,11169,transcoder,0.6642193794250488,0.5201797485351562,-0.14403963088989258,0.0,-0.2168555079115185,"Node(id=29_11169_51, type=transcoder, layer=14, feature=11169, pos=51)",1
0,15,12663,transcoder,13,55,9300,transcoder,0.6302089691162109,0.5571815967559814,-0.07302737236022949,0.0,-0.11587802766857036,"Node(id=27_9300_55, type=transcoder, layer=13, feature=9300, pos=55)",1
0,54,11059,lorsa,13,55,9300,transcoder,0.6302089691162109,0.5119832158088684,-0.11822575330734253,0.0,-0.18759770028842865,"Node(id=27_9300_55, type=transcoder, layer=13, feature=9300, pos=55)",1
13,55,9300,transcoder,14,55,8748,lorsa,1.8016709089279175,1.5432558059692383,-0.2584151029586792,0.0,-0.14343080175083076,"Node(id=28_8748_55, type=lorsa, layer=14, feature=8748, pos=55)",1
2,6,13953,transcoder,13,55,9300,transcoder,0.6302089691162109,0.5581133365631104,-0.07209563255310059,0.0,-0.11439956599507886,"Node(id=27_9300_55, type=transcoder, layer=13, feature=9300, pos=55)",1
0,51,8256,lorsa,0,51,1026,transcoder,0.5261556506156921,0.13348442316055298,-0.39267122745513916,0.0,-0.7463024049929838,"Node(id=1_1026_51, type=transcoder, layer=0, feature=1026, pos=51)",1
0,51,8256,lorsa,12,37,15342,lorsa,1.2413737773895264,1.1100869178771973,-0.1312868595123291,0.0,-0.10575933043181486,"Node(id=24_15342_37, type=lorsa, layer=12, feature=15342, pos=37)",1
6,6,7291,transcoder,7,6,9159,transcoder,3.483423948287964,1.977869987487793,-1.505553960800171,0.0,-0.43220520474980423,"Node(id=15_9159_6, type=transcoder, layer=7, feature=9159, pos=6)",1
4,6,2640,transcoder,7,6,9159,transcoder,3.483423948287964,1.6753021478652954,-1.8081218004226685,0.0,-0.5190645259562293,"Node(id=15_9159_6, type=transcoder, layer=7, feature=9159, pos=6)",1
2,6,13953,transcoder,7,6,9159,transcoder,3.483423948287964,0.0,-3.483423948287964,0.0,-1.0,"Node(id=15_9159_6, type=transcoder, layer=7, feature=9159, pos=6)",1
5,6,12145,transcoder,7,6,9159,transcoder,3.483423948287964,3.0623347759246826,-0.42108917236328125,0.0,-0.12088369908871945,"Node(id=15_9159_6, type=transcoder, layer=7, feature=9159, pos=6)",1
7,6,9159,transcoder,8,14,16275,lorsa,3.750656843185425,1.4101145267486572,-2.3405423164367676,0.0,-0.6240353128250864,"Node(id=16_16275_14, type=lorsa, layer=8, feature=16275, pos=14)",1
1,6,13953,transcoder,7,6,9159,transcoder,3.483423948287964,2.2071144580841064,-1.2763094902038574,0.0,-0.366395106984075,"Node(id=15_9159_6, type=transcoder, layer=7, feature=9159, pos=6)",1
5,51,8348,transcoder,12,32,13896,transcoder,8.983194351196289,5.489886283874512,-3.4933080673217773,0.0,-0.3888714783128982,"Node(id=25_13896_32, type=transcoder, layer=12, feature=13896, pos=32)",1
5,51,8348,transcoder,14,51,14073,transcoder,0.8638689517974854,0.7388685941696167,-0.12500035762786865,0.0,-0.1446982871276663,"Node(id=29_14073_51, type=transcoder, layer=14, feature=14073, pos=51)",1
3,54,5828,lorsa,14,51,11169,transcoder,0.6642193794250488,0.5890151858329773,-0.07520419359207153,0.0,-0.11322192022938056,"Node(id=29_11169_51, type=transcoder, layer=14, feature=11169, pos=51)",1
10,54,9629,transcoder,14,51,11169,transcoder,0.6642193794250488,0.5600564479827881,-0.10416293144226074,0.0,-0.1568200728085119,"Node(id=29_11169_51, type=transcoder, layer=14, feature=11169, pos=51)",1
2,56,13333,transcoder,14,51,11169,transcoder,0.6642193794250488,0.596606433391571,-0.06761294603347778,0.0,-0.1017930944622601,"Node(id=29_11169_51, type=transcoder, layer=14, feature=11169, pos=51)",1
11,51,9849,transcoder,14,51,11169,transcoder,0.6642193794250488,0.5819523334503174,-0.08226704597473145,0.0,-0.1238552329592403,"Node(id=29_11169_51, type=transcoder, layer=14, feature=11169, pos=51)",1
2,56,7272,transcoder,14,51,11169,transcoder,0.6642193794250488,0.5867608785629272,-0.07745850086212158,0.0,-0.11661583997920988,"Node(id=29_11169_51, type=transcoder, layer=14, feature=11169, pos=51)",1
8,62,8174,transcoder,14,51,11169,transcoder,0.6642193794250488,0.5501070618629456,-0.11411231756210327,0.0,-0.17179913910503392,"Node(id=29_11169_51, type=transcoder, layer=14, feature=11169, pos=51)",1
3,55,8792,lorsa,14,51,11169,transcoder,0.6642193794250488,0.556721568107605,-0.10749781131744385,0.0,-0.16184082344976808,"Node(id=29_11169_51, type=transcoder, layer=14, feature=11169, pos=51)",1
8,51,5050,transcoder,14,51,11169,transcoder,0.6642193794250488,0.5671213269233704,-0.09709805250167847,0.0,-0.14618370904162262,"Node(id=29_11169_51, type=transcoder, layer=14, feature=11169, pos=51)",1
4,3,8453,transcoder,14,51,11169,transcoder,0.6642193794250488,0.5425921678543091,-0.12162721157073975,0.0,-0.1831130125652473,"Node(id=29_11169_51, type=transcoder, layer=14, feature=11169, pos=51)",1
9,14,13080,lorsa,14,51,11169,transcoder,0.6642193794250488,0.559025228023529,-0.10519415140151978,0.0,-0.15837260197463116,"Node(id=29_11169_51, type=transcoder, layer=14, feature=11169, pos=51)",1
0,15,12663,transcoder,14,51,11169,transcoder,0.6642193794250488,0.4327373802661896,-0.23148199915885925,0.0,-0.3485023266849442,"Node(id=29_11169_51, type=transcoder, layer=14, feature=11169, pos=51)",1
10,55,16018,transcoder,14,51,11169,transcoder,0.6642193794250488,0.5171793699264526,-0.1470400094985962,0.0,-0.2213726579701343,"Node(id=29_11169_51, type=transcoder, layer=14, feature=11169, pos=51)",1
11,51,11974,transcoder,14,51,11169,transcoder,0.6642193794250488,0.5743691325187683,-0.08985024690628052,0.0,-0.1352719443146258,"Node(id=29_11169_51, type=transcoder, layer=14, feature=11169, pos=51)",1
1,55,4200,lorsa,14,51,11169,transcoder,0.6642193794250488,0.5738739371299744,-0.09034544229507446,0.0,-0.136017474186432,"Node(id=29_11169_51, type=transcoder, layer=14, feature=11169, pos=51)",1
0,45,7213,lorsa,14,51,11169,transcoder,0.6642193794250488,0.5595017075538635,-0.1047176718711853,0.0,-0.1576552493271566,"Node(id=29_11169_51, type=transcoder, layer=14, feature=11169, pos=51)",1
7,45,14452,transcoder,14,51,11169,transcoder,0.6642193794250488,0.5645183324813843,-0.09970104694366455,0.0,-0.1501025866332991,"Node(id=29_11169_51, type=transcoder, layer=14, feature=11169, pos=51)",1
4,54,15551,lorsa,14,51,11169,transcoder,0.6642193794250488,0.558836817741394,-0.10538256168365479,0.0,-0.15865625868199507,"Node(id=29_11169_51, type=transcoder, layer=14, feature=11169, pos=51)",1
8,54,1436,lorsa,14,51,11169,transcoder,0.6642193794250488,0.5942595601081848,-0.06995981931686401,0.0,-0.10532637481523278,"Node(id=29_11169_51, type=transcoder, layer=14, feature=11169, pos=51)",1
1,55,4857,transcoder,14,51,11169,transcoder,0.6642193794250488,0.582419753074646,-0.08179962635040283,0.0,-0.12315152024201544,"Node(id=29_11169_51, type=transcoder, layer=14, feature=11169, pos=51)",1
0,55,9428,lorsa,14,51,11169,transcoder,0.6642193794250488,0.46778228878974915,-0.19643709063529968,0.0,-0.2957412817514245,"Node(id=29_11169_51, type=transcoder, layer=14, feature=11169, pos=51)",1
12,54,9881,lorsa,14,51,11169,transcoder,0.6642193794250488,0.584542989730835,-0.07967638969421387,0.0,-0.11995493079889072,"Node(id=29_11169_51, type=transcoder, layer=14, feature=11169, pos=51)",1
1,55,16329,lorsa,14,51,11169,transcoder,0.6642193794250488,0.5800427794456482,-0.08417659997940063,0.0,-0.1267301174685151,"Node(id=29_11169_51, type=transcoder, layer=14, feature=11169, pos=51)",1
9,54,6254,transcoder,14,51,11169,transcoder,0.6642193794250488,0.5744801759719849,-0.08973920345306396,0.0,-0.1351047654326837,"Node(id=29_11169_51, type=transcoder, layer=14, feature=11169, pos=51)",1
7,5,11946,transcoder,14,51,11169,transcoder,0.6642193794250488,0.5942906141281128,-0.06992876529693604,0.0,-0.10527962215957426,"Node(id=29_11169_51, type=transcoder, layer=14, feature=11169, pos=51)",1
1,55,11995,lorsa,14,51,11169,transcoder,0.6642193794250488,0.588595986366272,-0.07562339305877686,0.0,-0.11385303621257903,"Node(id=29_11169_51, type=transcoder, layer=14, feature=11169, pos=51)",1
2,54,715,transcoder,14,51,11169,transcoder,0.6642193794250488,0.5540586709976196,-0.1101607084274292,0.0,-0.1658498861065824,"Node(id=29_11169_51, type=transcoder, layer=14, feature=11169, pos=51)",1
0,55,8903,transcoder,14,51,11169,transcoder,0.6642193794250488,0.5859229564666748,-0.07829642295837402,0.0,-0.11787735405454106,"Node(id=29_11169_51, type=transcoder, layer=14, feature=11169, pos=51)",1
1,54,11175,transcoder,14,51,11169,transcoder,0.6642193794250488,0.5829787254333496,-0.08124065399169922,0.0,-0.12230997244016198,"Node(id=29_11169_51, type=transcoder, layer=14, feature=11169, pos=51)",1
2,6,13953,transcoder,14,51,11169,transcoder,0.6642193794250488,0.40349656343460083,-0.260722815990448,0.0,-0.3925251566976724,"Node(id=29_11169_51, type=transcoder, layer=14, feature=11169, pos=51)",1
12,51,15847,transcoder,14,51,11169,transcoder,0.6642193794250488,0.5934794545173645,-0.07073992490768433,0.0,-0.10650084459883888,"Node(id=29_11169_51, type=transcoder, layer=14, feature=11169, pos=51)",1
14,51,13673,lorsa,14,51,11169,transcoder,0.6642193794250488,0.5840530395507812,-0.08016633987426758,0.0,-0.1206925638689734,"Node(id=29_11169_51, type=transcoder, layer=14, feature=11169, pos=51)",1
0,56,4757,lorsa,14,51,11169,transcoder,0.6642193794250488,0.5476539731025696,-0.11656540632247925,0.0,-0.17549232969290773,"Node(id=29_11169_51, type=transcoder, layer=14, feature=11169, pos=51)",1
2,56,2616,transcoder,14,51,11169,transcoder,0.6642193794250488,0.5548867583274841,-0.1093326210975647,0.0,-0.1646031785344828,"Node(id=29_11169_51, type=transcoder, layer=14, feature=11169, pos=51)",1
6,55,4801,transcoder,14,51,11169,transcoder,0.6642193794250488,0.5884098410606384,-0.0758095383644104,0.0,-0.11413328293738051,"Node(id=29_11169_51, type=transcoder, layer=14, feature=11169, pos=51)",1
0,54,14779,transcoder,14,51,11169,transcoder,0.6642193794250488,0.5841405987739563,-0.08007878065109253,0.0,-0.12056074112202066,"Node(id=29_11169_51, type=transcoder, layer=14, feature=11169, pos=51)",1
14,51,7323,lorsa,14,51,11169,transcoder,0.6642193794250488,0.5880771279335022,-0.07614225149154663,0.0,-0.11463419142852425,"Node(id=29_11169_51, type=transcoder, layer=14, feature=11169, pos=51)",1
0,56,14339,transcoder,2,56,7272,transcoder,1.4503072500228882,0.789668619632721,-0.6606386303901672,0.0,-0.45551632619897703,"Node(id=5_7272_56, type=transcoder, layer=2, feature=7272, pos=56)",1
0,56,14339,transcoder,3,55,8792,lorsa,2.6274337768554688,2.34830904006958,-0.27912473678588867,0.0,-0.10623473719666766,"Node(id=6_8792_55, type=lorsa, layer=3, feature=8792, pos=55)",1
0,56,14339,transcoder,13,56,2268,transcoder,0.6461610198020935,0.5214806199073792,-0.12468039989471436,0.0,-0.19295561953412405,"Node(id=27_2268_56, type=transcoder, layer=13, feature=2268, pos=56)",1
0,56,14339,transcoder,1,56,14865,lorsa,5.337706565856934,4.59155797958374,-0.7461485862731934,0.0,-0.1397882362147804,"Node(id=2_14865_56, type=lorsa, layer=1, feature=14865, pos=56)",1
0,56,4757,lorsa,0,56,14339,transcoder,0.9878732562065125,0.3678021728992462,-0.6200710833072662,0.0,-0.6276828321968886,"Node(id=1_14339_56, type=transcoder, layer=0, feature=14339, pos=56)",1
0,56,14339,transcoder,13,56,16285,transcoder,0.37943366169929504,0.2560447156429291,-0.12338894605636597,0.0,-0.3251924078210882,"Node(id=27_16285_56, type=transcoder, layer=13, feature=16285, pos=56)",1
0,56,14339,transcoder,14,54,9044,lorsa,3.588165521621704,2.921590566635132,-0.6665749549865723,0.0,-0.18577040300117137,"Node(id=28_9044_54, type=lorsa, layer=14, feature=9044, pos=54)",1
0,54,11059,lorsa,3,54,5828,lorsa,2.9929561614990234,1.9023276567459106,-1.0906285047531128,0.0,-0.3643984227977703,"Node(id=6_5828_54, type=lorsa, layer=3, feature=5828, pos=54)",1
3,54,5828,lorsa,14,51,7697,transcoder,1.0310401916503906,0.8737847805023193,-0.1572554111480713,0.0,-0.1525211261612914,"Node(id=29_7697_51, type=transcoder, layer=14, feature=7697, pos=51)",1
3,54,5828,lorsa,3,54,10248,transcoder,0.899041473865509,0.6326512098312378,-0.26639026403427124,0.0,-0.29630475542902657,"Node(id=7_10248_54, type=transcoder, layer=3, feature=10248, pos=54)",1
3,54,5828,lorsa,12,37,15342,lorsa,1.2413737773895264,1.0182567834854126,-0.22311699390411377,0.0,-0.17973393507095378,"Node(id=24_15342_37, type=lorsa, layer=12, feature=15342, pos=37)",1
2,56,13333,transcoder,3,56,5881,transcoder,4.1003336906433105,2.620013475418091,-1.4803202152252197,0.0,-0.36102432799633166,"Node(id=7_5881_56, type=transcoder, layer=3, feature=5881, pos=56)",1
3,56,5881,transcoder,13,56,13473,transcoder,1.8784750699996948,1.454231858253479,-0.4242432117462158,0.0,-0.22584447274367328,"Node(id=27_13473_56, type=transcoder, layer=13, feature=13473, pos=56)",1
3,56,5881,transcoder,5,56,1007,transcoder,1.8848531246185303,1.2443082332611084,-0.6405448913574219,0.0,-0.3398380929479902,"Node(id=11_1007_56, type=transcoder, layer=5, feature=1007, pos=56)",1
3,56,5881,transcoder,14,55,8748,lorsa,1.8016709089279175,1.3607078790664673,-0.4409630298614502,0.0,-0.24475226173454998,"Node(id=28_8748_55, type=lorsa, layer=14, feature=8748, pos=55)",1
0,56,4757,lorsa,3,56,5881,transcoder,4.1003336906433105,2.2460310459136963,-1.8543026447296143,0.0,-0.45223213148749575,"Node(id=7_5881_56, type=transcoder, layer=3, feature=5881, pos=56)",1
3,56,5881,transcoder,11,56,7586,transcoder,2.6750638484954834,1.4323674440383911,-1.2426964044570923,0.0,-0.46454831541909286,"Node(id=23_7586_56, type=transcoder, layer=11, feature=7586, pos=56)",1
3,56,5881,transcoder,13,56,16285,transcoder,0.37943366169929504,0.29942256212234497,-0.08001109957695007,0.0,-0.21086979794734098,"Node(id=27_16285_56, type=transcoder, layer=13, feature=16285, pos=56)",1
3,56,5881,transcoder,13,56,12356,transcoder,1.2258914709091187,0.7724658846855164,-0.4534255862236023,0.0,-0.3698741666644787,"Node(id=27_12356_56, type=transcoder, layer=13, feature=12356, pos=56)",1
3,56,5881,transcoder,14,54,9044,lorsa,3.588165521621704,2.0022759437561035,-1.5858895778656006,0.0,-0.4419778207859384,"Node(id=28_9044_54, type=lorsa, layer=14, feature=9044, pos=54)",1
3,56,5881,transcoder,10,56,11708,transcoder,2.9663991928100586,2.459354877471924,-0.5070443153381348,0.0,-0.17092922509118325,"Node(id=21_11708_56, type=transcoder, layer=10, feature=11708, pos=56)",1
10,54,9629,transcoder,12,54,9524,transcoder,0.9488894939422607,0.7670331597328186,-0.18185633420944214,0.0,-0.19165175225399636,"Node(id=25_9524_54, type=transcoder, layer=12, feature=9524, pos=54)",1
9,54,6254,transcoder,10,54,9629,transcoder,0.9417102336883545,0.7176807522773743,-0.22402948141098022,0.0,-0.23789640740499754,"Node(id=21_9629_54, type=transcoder, layer=10, feature=9629, pos=54)",1
10,54,9629,transcoder,14,51,7697,transcoder,1.0310401916503906,0.8904853463172913,-0.14055484533309937,0.0,-0.13632334265079676,"Node(id=29_7697_51, type=transcoder, layer=14, feature=7697, pos=51)",1
10,54,9629,transcoder,14,54,9044,lorsa,3.588165521621704,2.910416841506958,-0.6777486801147461,0.0,-0.1888844525233695,"Node(id=28_9044_54, type=lorsa, layer=14, feature=9044, pos=54)",1
10,54,9629,transcoder,12,37,15649,lorsa,3.205152750015259,2.453935146331787,-0.7512176036834717,0.0,-0.23437809748065686,"Node(id=24_15649_37, type=lorsa, layer=12, feature=15649, pos=37)",1
2,56,13333,transcoder,3,55,8792,lorsa,2.6274337768554688,1.4932974576950073,-1.1341363191604614,0.0,-0.4316517238800986,"Node(id=6_8792_55, type=lorsa, layer=3, feature=8792, pos=55)",1
2,56,13333,transcoder,13,56,13473,transcoder,1.8784750699996948,1.6367838382720947,-0.2416912317276001,0.0,-0.12866352904414077,"Node(id=27_13473_56, type=transcoder, layer=13, feature=13473, pos=56)",1
2,56,13333,transcoder,14,55,8748,lorsa,1.8016709089279175,1.518180012702942,-0.2834908962249756,0.0,-0.15734887809986706,"Node(id=28_8748_55, type=lorsa, layer=14, feature=8748, pos=55)",1
0,56,4757,lorsa,2,56,13333,transcoder,1.885103464126587,1.020699381828308,-0.8644040822982788,0.0,-0.45854463627479336,"Node(id=5_13333_56, type=transcoder, layer=2, feature=13333, pos=56)",1
2,56,13333,transcoder,11,56,7586,transcoder,2.6750638484954834,2.075594425201416,-0.5994694232940674,0.0,-0.22409537014648176,"Node(id=23_7586_56, type=transcoder, layer=11, feature=7586, pos=56)",1
2,56,13333,transcoder,13,56,12356,transcoder,1.2258914709091187,1.0307618379592896,-0.1951296329498291,0.0,-0.15917366062194832,"Node(id=27_12356_56, type=transcoder, layer=13, feature=12356, pos=56)",1
4,62,1264,transcoder,9,54,12266,lorsa,1.494158148765564,1.1058157682418823,-0.38834238052368164,0.0,-0.2599071462713103,"Node(id=18_12266_54, type=lorsa, layer=9, feature=12266, pos=54)",1
2,6,13953,transcoder,8,14,912,transcoder,0.7022373080253601,0.42664939165115356,-0.27558791637420654,0.0,-0.3924427159091555,"Node(id=17_912_14, type=transcoder, layer=8, feature=912, pos=14)",1
1,6,13953,transcoder,8,14,912,transcoder,0.7022373080253601,0.6172356009483337,-0.08500170707702637,0.0,-0.12104413437680339,"Node(id=17_912_14, type=transcoder, layer=8, feature=912, pos=14)",1
0,15,12663,transcoder,11,51,9849,transcoder,0.687792956829071,0.6168632507324219,-0.07092970609664917,0.0,-0.10312653741564336,"Node(id=23_9849_51, type=transcoder, layer=11, feature=9849, pos=51)",1
11,51,9849,transcoder,13,51,3932,transcoder,0.40207821130752563,0.35954999923706055,-0.04252821207046509,0.0,-0.1057709939868833,"Node(id=27_3932_51, type=transcoder, layer=13, feature=3932, pos=51)",1
2,56,7272,transcoder,3,55,8792,lorsa,2.6274337768554688,1.8701192140579224,-0.7573145627975464,0.0,-0.2882335492024868,"Node(id=6_8792_55, type=lorsa, layer=3, feature=8792, pos=55)",1
2,56,7272,transcoder,13,51,3932,transcoder,0.40207821130752563,0.3437209129333496,-0.058357298374176025,0.0,-0.14513917126820386,"Node(id=27_3932_51, type=transcoder, layer=13, feature=3932, pos=51)",1
2,56,7272,transcoder,3,56,2286,transcoder,0.6956806182861328,0.374897301197052,-0.3207833170890808,0.0,-0.4611071642032478,"Node(id=7_2286_56, type=transcoder, layer=3, feature=2286, pos=56)",1
1,56,14865,lorsa,2,56,7272,transcoder,1.4503072500228882,1.3019813299179077,-0.14832592010498047,0.0,-0.10227206690350589,"Node(id=5_7272_56, type=transcoder, layer=2, feature=7272, pos=56)",1
0,56,329,transcoder,2,56,7272,transcoder,1.4503072500228882,1.062493920326233,-0.3878133296966553,0.0,-0.26740080744306766,"Node(id=5_7272_56, type=transcoder, layer=2, feature=7272, pos=56)",1
2,56,7272,transcoder,14,55,8748,lorsa,1.8016709089279175,1.5262513160705566,-0.27541959285736084,0.0,-0.15286897928614998,"Node(id=28_8748_55, type=lorsa, layer=14, feature=8748, pos=55)",1
0,56,4757,lorsa,2,56,7272,transcoder,1.4503072500228882,0.8005809187889099,-0.6497263312339783,0.0,-0.4479921969801396,"Node(id=5_7272_56, type=transcoder, layer=2, feature=7272, pos=56)",1
2,56,7272,transcoder,13,56,16285,transcoder,0.37943366169929504,0.27594056725502014,-0.1034930944442749,0.0,-0.2727567553726802,"Node(id=27_16285_56, type=transcoder, layer=13, feature=16285, pos=56)",1
0,15,12663,transcoder,13,55,14142,transcoder,0.6139975786209106,0.5423550605773926,-0.07164251804351807,0.0,-0.11668208562716663,"Node(id=27_14142_55, type=transcoder, layer=13, feature=14142, pos=55)",1
0,24,7465,lorsa,13,55,14142,transcoder,0.6139975786209106,0.5414174199104309,-0.07258015871047974,0.0,-0.11820919371294716,"Node(id=27_14142_55, type=transcoder, layer=13, feature=14142, pos=55)",1
0,24,12663,transcoder,13,55,14142,transcoder,0.6139975786209106,0.5335965752601624,-0.08040100336074829,0.0,-0.13094677594875145,"Node(id=27_14142_55, type=transcoder, layer=13, feature=14142, pos=55)",1
8,62,8174,transcoder,9,14,13080,lorsa,4.417771816253662,0.0,-4.417771816253662,0.0,-1.0,"Node(id=18_13080_14, type=lorsa, layer=9, feature=13080, pos=14)",1
8,62,8174,transcoder,9,54,12266,lorsa,1.494158148765564,0.0,-1.494158148765564,0.0,-1.0,"Node(id=18_12266_54, type=lorsa, layer=9, feature=12266, pos=54)",1
8,62,8174,transcoder,14,55,8748,lorsa,1.8016709089279175,1.5776798725128174,-0.2239910364151001,0.0,-0.12432405679924406,"Node(id=28_8748_55, type=lorsa, layer=14, feature=8748, pos=55)",1
8,62,8174,transcoder,12,37,6377,transcoder,0.3010123670101166,0.2510465979576111,-0.04996576905250549,0.0,-0.16599241269986165,"Node(id=25_6377_37, type=transcoder, layer=12, feature=6377, pos=37)",1
8,62,8174,transcoder,12,37,15342,lorsa,1.2413737773895264,0.0,-1.2413737773895264,0.0,-1.0,"Node(id=24_15342_37, type=lorsa, layer=12, feature=15342, pos=37)",1
7,62,8659,transcoder,8,62,8174,transcoder,1.1858330965042114,0.9676381945610046,-0.2181949019432068,0.0,-0.18400135953907565,"Node(id=17_8174_62, type=transcoder, layer=8, feature=8174, pos=62)",1
12,23,15674,transcoder,14,23,10814,transcoder,1.869791030883789,1.5379999876022339,-0.3317910432815552,0.0,-0.17744819490589192,"Node(id=29_10814_23, type=transcoder, layer=14, feature=10814, pos=23)",1
3,55,8792,lorsa,8,54,1436,lorsa,2.9068973064422607,2.5914783477783203,-0.31541895866394043,0.0,-0.10850708690840556,"Node(id=16_1436_54, type=lorsa, layer=8, feature=1436, pos=54)",1
0,54,11059,lorsa,3,55,8792,lorsa,2.6274337768554688,1.9545847177505493,-0.6728490591049194,0.0,-0.2560860201432707,"Node(id=6_8792_55, type=lorsa, layer=3, feature=8792, pos=55)",1
1,56,14708,transcoder,3,55,8792,lorsa,2.6274337768554688,2.323251962661743,-0.3041818141937256,0.0,-0.11577144850355564,"Node(id=6_8792_55, type=lorsa, layer=3, feature=8792, pos=55)",1
0,56,4757,lorsa,3,55,8792,lorsa,2.6274337768554688,2.2999517917633057,-0.3274819850921631,0.0,-0.12463948205921895,"Node(id=6_8792_55, type=lorsa, layer=3, feature=8792, pos=55)",1
2,56,2616,transcoder,3,55,8792,lorsa,2.6274337768554688,1.8142544031143188,-0.8131793737411499,0.0,-0.309495668703159,"Node(id=6_8792_55, type=lorsa, layer=3, feature=8792, pos=55)",1
5,56,1007,transcoder,13,56,13473,transcoder,1.8784750699996948,1.6807013750076294,-0.19777369499206543,0.0,-0.10528417339714685,"Node(id=27_13473_56, type=transcoder, layer=13, feature=13473, pos=56)",1
13,56,13473,transcoder,14,55,8748,lorsa,1.8016709089279175,1.3460067510604858,-0.45566415786743164,0.0,-0.25291198054508973,"Node(id=28_8748_55, type=lorsa, layer=14, feature=8748, pos=55)",1
0,56,4757,lorsa,13,56,13473,transcoder,1.8784750699996948,1.210038185119629,-0.6684368848800659,0.0,-0.35584016820631775,"Node(id=27_13473_56, type=transcoder, layer=13, feature=13473, pos=56)",1
11,56,7586,transcoder,13,56,13473,transcoder,1.8784750699996948,1.319473147392273,-0.5590019226074219,0.0,-0.2975828274407244,"Node(id=27_13473_56, type=transcoder, layer=13, feature=13473, pos=56)",1
13,56,13473,transcoder,14,54,9044,lorsa,3.588165521621704,0.0,-3.588165521621704,0.0,-1.0,"Node(id=28_9044_54, type=lorsa, layer=14, feature=9044, pos=54)",1
7,51,14452,transcoder,8,51,5050,transcoder,0.8566882014274597,0.6406625509262085,-0.21602565050125122,0.0,-0.2521636811868049,"Node(id=17_5050_51, type=transcoder, layer=8, feature=5050, pos=51)",1
8,51,5050,transcoder,13,51,3932,transcoder,0.40207821130752563,0.35350582003593445,-0.048572391271591187,0.0,-0.12080334100581507,"Node(id=27_3932_51, type=transcoder, layer=13, feature=3932, pos=51)",1
8,51,5050,transcoder,12,37,6377,transcoder,0.3010123670101166,0.2653205990791321,-0.0356917679309845,0.0,-0.11857243038052635,"Node(id=25_6377_37, type=transcoder, layer=12, feature=6377, pos=37)",1
8,51,5050,transcoder,12,51,5918,transcoder,0.6882085204124451,0.6146302223205566,-0.07357829809188843,0.0,-0.10691279737105372,"Node(id=25_5918_51, type=transcoder, layer=12, feature=5918, pos=51)",1
3,3,5514,transcoder,4,3,8453,transcoder,1.0748623609542847,0.8903822302818298,-0.18448013067245483,0.0,-0.1716313989343432,"Node(id=9_8453_3, type=transcoder, layer=4, feature=8453, pos=3)",1
4,3,8453,transcoder,13,51,3932,transcoder,0.40207821130752563,0.3275492191314697,-0.07452899217605591,0.0,-0.18535944022854084,"Node(id=27_3932_51, type=transcoder, layer=13, feature=3932, pos=51)",1
4,3,8453,transcoder,14,51,13673,lorsa,0.8683499097824097,0.7345663905143738,-0.1337835192680359,0.0,-0.15406637089598965,"Node(id=28_13673_51, type=lorsa, layer=14, feature=13673, pos=51)",1
4,3,8453,transcoder,7,3,11946,transcoder,3.5578043460845947,1.366747260093689,-2.1910570859909058,0.0,-0.6158453003190548,"Node(id=15_11946_3, type=transcoder, layer=7, feature=11946, pos=3)",1
4,3,8453,transcoder,14,54,9044,lorsa,3.588165521621704,3.0786356925964355,-0.5095298290252686,0.0,-0.1420028775024241,"Node(id=28_9044_54, type=lorsa, layer=14, feature=9044, pos=54)",1
4,3,8453,transcoder,6,3,16038,transcoder,1.6520214080810547,0.0,-1.6520214080810547,0.0,-1.0,"Node(id=13_16038_3, type=transcoder, layer=6, feature=16038, pos=3)",1
4,3,8453,transcoder,12,37,15342,lorsa,1.2413737773895264,0.9808766841888428,-0.2604970932006836,0.0,-0.2098458159382749,"Node(id=24_15342_37, type=lorsa, layer=12, feature=15342, pos=37)",1
7,51,14452,transcoder,12,32,13896,transcoder,8.983194351196289,8.05765151977539,-0.9255428314208984,0.0,-0.10303048061045726,"Node(id=25_13896_32, type=transcoder, layer=12, feature=13896, pos=32)",1
7,51,14452,transcoder,11,14,12258,transcoder,0.23024021089076996,0.1989571452140808,-0.03128306567668915,0.0,-0.13587142556749301,"Node(id=23_12258_14, type=transcoder, layer=11, feature=12258, pos=14)",1
9,14,13080,lorsa,10,14,14175,transcoder,0.5143704414367676,0.44560161232948303,-0.06876882910728455,0.0,-0.13369514180324146,"Node(id=21_14175_14, type=transcoder, layer=10, feature=14175, pos=14)",1
9,14,13080,lorsa,12,37,15342,lorsa,1.2413737773895264,0.0,-1.2413737773895264,0.0,-1.0,"Node(id=24_15342_37, type=lorsa, layer=12, feature=15342, pos=37)",1
7,62,8659,transcoder,9,14,13080,lorsa,4.417771816253662,3.337503671646118,-1.080268144607544,0.0,-0.24452782749735313,"Node(id=18_13080_14, type=lorsa, layer=9, feature=13080, pos=14)",1
11,51,11974,transcoder,13,51,5681,lorsa,1.9713155031204224,1.764143466949463,-0.20717203617095947,0.0,-0.10509329219144475,"Node(id=26_5681_51, type=lorsa, layer=13, feature=5681, pos=51)",1
12,54,9881,lorsa,13,51,5681,lorsa,1.9713155031204224,1.6100809574127197,-0.36123454570770264,0.0,-0.18324542425395607,"Node(id=26_5681_51, type=lorsa, layer=13, feature=5681, pos=51)",1
12,51,15847,transcoder,13,51,5681,lorsa,1.9713155031204224,1.2941803932189941,-0.6771351099014282,0.0,-0.3434940316908084,"Node(id=26_5681_51, type=lorsa, layer=13, feature=5681, pos=51)",1
4,5,8453,transcoder,13,51,3932,transcoder,0.40207821130752563,0.3422626852989197,-0.05981552600860596,0.0,-0.14876589759512393,"Node(id=27_3932_51, type=transcoder, layer=13, feature=3932, pos=51)",1
4,5,8453,transcoder,7,5,11946,transcoder,2.906679153442383,1.5665589570999146,-1.3401201963424683,0.0,-0.4610485456419786,"Node(id=15_11946_5, type=transcoder, layer=7, feature=11946, pos=5)",1
4,5,8453,transcoder,14,51,13673,lorsa,0.8683499097824097,0.7708781957626343,-0.09747171401977539,0.0,-0.11224935123699127,"Node(id=28_13673_51, type=lorsa, layer=14, feature=13673, pos=51)",1
4,5,8453,transcoder,12,37,6377,transcoder,0.3010123670101166,0.2657775580883026,-0.035234808921813965,0.0,-0.11705435650964392,"Node(id=25_6377_37, type=transcoder, layer=12, feature=6377, pos=37)",1
4,5,8453,transcoder,12,37,15342,lorsa,1.2413737773895264,0.0,-1.2413737773895264,0.0,-1.0,"Node(id=24_15342_37, type=lorsa, layer=12, feature=15342, pos=37)",1
4,5,8453,transcoder,6,5,16038,transcoder,2.0866637229919434,0.5616210103034973,-1.525042712688446,0.0,-0.7308521712841098,"Node(id=13_16038_5, type=transcoder, layer=6, feature=16038, pos=5)",1
0,15,12663,transcoder,9,54,12266,lorsa,1.494158148765564,1.2243131399154663,-0.26984500885009766,0.0,-0.18060003157834184,"Node(id=18_12266_54, type=lorsa, layer=9, feature=12266, pos=54)",1
0,15,7465,lorsa,0,15,12663,transcoder,1.3492733240127563,0.3962906002998352,-0.9529827237129211,0.0,-0.7062933111867492,"Node(id=1_12663_15, type=transcoder, layer=0, feature=12663, pos=15)",1
0,15,12663,transcoder,8,54,11682,transcoder,0.4600358009338379,0.3856215476989746,-0.07441425323486328,0.0,-0.16175752644426364,"Node(id=17_11682_54, type=transcoder, layer=8, feature=11682, pos=54)",1
0,15,12663,transcoder,13,56,2268,transcoder,0.6461610198020935,0.5791020393371582,-0.0670589804649353,0.0,-0.1037806033014405,"Node(id=27_2268_56, type=transcoder, layer=13, feature=2268, pos=56)",1
0,15,12663,transcoder,13,51,3932,transcoder,0.40207821130752563,0.25763964653015137,-0.14443856477737427,0.0,-0.35923002220804706,"Node(id=27_3932_51, type=transcoder, layer=13, feature=3932, pos=51)",1
0,15,12663,transcoder,14,51,4640,lorsa,1.3973380327224731,1.224871277809143,-0.17246675491333008,0.0,-0.12342522057981076,"Node(id=28_4640_51, type=lorsa, layer=14, feature=4640, pos=51)",1
0,15,12663,transcoder,11,14,12258,transcoder,0.23024021089076996,0.20101386308670044,-0.02922634780406952,0.0,-0.12693850344818794,"Node(id=23_12258_14, type=transcoder, layer=11, feature=12258, pos=14)",1
0,15,12663,transcoder,14,51,13673,lorsa,0.8683499097824097,0.6651128530502319,-0.20323705673217773,0.0,-0.23404972401402643,"Node(id=28_13673_51, type=lorsa, layer=14, feature=13673, pos=51)",1
0,15,12663,transcoder,14,51,790,transcoder,0.5391555428504944,0.36163392663002014,-0.17752161622047424,0.0,-0.32925863152945506,"Node(id=29_790_51, type=transcoder, layer=14, feature=790, pos=51)",1
0,15,12663,transcoder,13,56,16285,transcoder,0.37943366169929504,0.3232991397380829,-0.05613452196121216,0.0,-0.14794291500077641,"Node(id=27_16285_56, type=transcoder, layer=13, feature=16285, pos=56)",1
0,15,12663,transcoder,14,51,2652,transcoder,1.2029510736465454,1.027343511581421,-0.1756075620651245,0.0,-0.14598063538261744,"Node(id=29_2652_51, type=transcoder, layer=14, feature=2652, pos=51)",1
0,15,12663,transcoder,12,37,6377,transcoder,0.3010123670101166,0.22897973656654358,-0.072032630443573,0.0,-0.23930123256747152,"Node(id=25_6377_37, type=transcoder, layer=12, feature=6377, pos=37)",1
0,15,12663,transcoder,14,54,9044,lorsa,3.588165521621704,3.061175584793091,-0.5269899368286133,0.0,-0.14686890380420226,"Node(id=28_9044_54, type=lorsa, layer=14, feature=9044, pos=54)",1
0,15,12663,transcoder,11,37,7513,transcoder,0.49810850620269775,0.42603784799575806,-0.0720706582069397,0.0,-0.14468867186462306,"Node(id=23_7513_37, type=transcoder, layer=11, feature=7513, pos=37)",1
0,15,12663,transcoder,12,37,15342,lorsa,1.2413737773895264,0.0,-1.2413737773895264,0.0,-1.0,"Node(id=24_15342_37, type=lorsa, layer=12, feature=15342, pos=37)",1
0,15,12663,transcoder,10,14,6896,transcoder,0.4185520112514496,0.3748186230659485,-0.0437333881855011,0.0,-0.1044873444873445,"Node(id=21_6896_14, type=transcoder, layer=10, feature=6896, pos=14)",1
0,54,2952,lorsa,3,54,10248,transcoder,0.899041473865509,0.7849035263061523,-0.11413794755935669,0.0,-0.12695515265676277,"Node(id=7_10248_54, type=transcoder, layer=3, feature=10248, pos=54)",1
0,54,2952,lorsa,0,54,14779,transcoder,0.32305270433425903,0.0,-0.32305270433425903,0.0,-1.0,"Node(id=1_14779_54, type=transcoder, layer=0, feature=14779, pos=54)",1
7,23,7600,transcoder,14,54,9044,lorsa,3.588165521621704,3.152986764907837,-0.4351787567138672,0.0,-0.1212816839389238,"Node(id=28_9044_54, type=lorsa, layer=14, feature=9044, pos=54)",1
7,23,7600,transcoder,11,37,7513,transcoder,0.49810850620269775,0.3916971683502197,-0.10641133785247803,0.0,-0.2136308385168904,"Node(id=23_7513_37, type=transcoder, layer=11, feature=7513, pos=37)",1
11,51,11974,transcoder,13,51,3932,transcoder,0.40207821130752563,0.31812378764152527,-0.08395442366600037,0.0,-0.208801226490208,"Node(id=27_3932_51, type=transcoder, layer=13, feature=3932, pos=51)",1
11,51,11974,transcoder,12,51,15847,transcoder,3.3805553913116455,3.0192105770111084,-0.3613448143005371,0.0,-0.10688918608735956,"Node(id=25_15847_51, type=transcoder, layer=12, feature=15847, pos=51)",1
11,51,11974,transcoder,12,51,5918,transcoder,0.6882085204124451,0.5728428363800049,-0.11536568403244019,0.0,-0.16763187407691676,"Node(id=25_5918_51, type=transcoder, layer=12, feature=5918, pos=51)",1
8,54,11682,transcoder,9,54,12266,lorsa,1.494158148765564,0.9953583478927612,-0.49879980087280273,0.0,-0.3338333370432699,"Node(id=18_12266_54, type=lorsa, layer=9, feature=12266, pos=54)",1
8,62,3162,transcoder,9,54,12266,lorsa,1.494158148765564,0.0,-1.494158148765564,0.0,-1.0,"Node(id=18_12266_54, type=lorsa, layer=9, feature=12266, pos=54)",1
5,62,13262,transcoder,9,54,12266,lorsa,1.494158148765564,1.0360219478607178,-0.4581362009048462,0.0,-0.30661827951970605,"Node(id=18_12266_54, type=lorsa, layer=9, feature=12266, pos=54)",1
7,45,14452,transcoder,9,54,12266,lorsa,1.494158148765564,1.3125211000442505,-0.18163704872131348,0.0,-0.12156480816396675,"Node(id=18_12266_54, type=lorsa, layer=9, feature=12266, pos=54)",1
0,55,9428,lorsa,9,54,12266,lorsa,1.494158148765564,1.1026256084442139,-0.3915325403213501,0.0,-0.2620422347157993,"Node(id=18_12266_54, type=lorsa, layer=9, feature=12266, pos=54)",1
2,54,15503,lorsa,9,54,12266,lorsa,1.494158148765564,1.2214230298995972,-0.2727351188659668,0.0,-0.18253430474631732,"Node(id=18_12266_54, type=lorsa, layer=9, feature=12266, pos=54)",1
0,55,12875,transcoder,9,54,12266,lorsa,1.494158148765564,1.048580527305603,-0.44557762145996094,0.0,-0.2982131589136572,"Node(id=18_12266_54, type=lorsa, layer=9, feature=12266, pos=54)",1
7,62,8659,transcoder,9,54,12266,lorsa,1.494158148765564,1.1566840410232544,-0.33747410774230957,0.0,-0.22586237475672988,"Node(id=18_12266_54, type=lorsa, layer=9, feature=12266, pos=54)",1
0,55,9428,lorsa,1,55,4200,lorsa,1.2039995193481445,1.0405938625335693,-0.1634056568145752,0.0,-0.13571903824599896,"Node(id=2_4200_55, type=lorsa, layer=1, feature=4200, pos=55)",1
0,55,6737,lorsa,1,55,4200,lorsa,1.2039995193481445,1.042250156402588,-0.16174936294555664,0.0,-0.13434337833716836,"Node(id=2_4200_55, type=lorsa, layer=1, feature=4200, pos=55)",1
0,24,7465,lorsa,12,32,13896,transcoder,8.983194351196289,0.9939653277397156,-7.9892290234565735,0.0,-0.8893527971364273,"Node(id=25_13896_32, type=transcoder, layer=12, feature=13896, pos=32)",1
0,24,12663,transcoder,12,32,13896,transcoder,8.983194351196289,0.8850341439247131,-8.098160207271576,0.0,-0.9014789050170273,"Node(id=25_13896_32, type=transcoder, layer=12, feature=13896, pos=32)",1
5,56,1007,transcoder,12,32,13896,transcoder,8.983194351196289,7.400095462799072,-1.5830988883972168,0.0,-0.17622894780033296,"Node(id=25_13896_32, type=transcoder, layer=12, feature=13896, pos=32)",1
2,54,15503,lorsa,12,32,13896,transcoder,8.983194351196289,0.9008282423019409,-8.082366108894348,0.0,-0.8997207221524738,"Node(id=25_13896_32, type=transcoder, layer=12, feature=13896, pos=32)",1
0,55,12875,transcoder,12,32,13896,transcoder,8.983194351196289,7.47109842300415,-1.5120959281921387,0.0,-0.16832497094875537,"Node(id=25_13896_32, type=transcoder, layer=12, feature=13896, pos=32)",1
1,56,14865,lorsa,12,32,13896,transcoder,8.983194351196289,7.385653018951416,-1.597541332244873,0.0,-0.1778366658662048,"Node(id=25_13896_32, type=transcoder, layer=12, feature=13896, pos=32)",1
7,3,11946,transcoder,12,32,13896,transcoder,8.983194351196289,7.418349266052246,-1.564845085144043,0.0,-0.1741969531067368,"Node(id=25_13896_32, type=transcoder, layer=12, feature=13896, pos=32)",1
4,6,2640,transcoder,6,6,7291,transcoder,2.9459125995635986,0.9647181034088135,-1.9811944961547852,0.0,-0.6725231754833036,"Node(id=13_7291_6, type=transcoder, layer=6, feature=7291, pos=6)",1
2,6,13953,transcoder,6,6,7291,transcoder,2.9459125995635986,0.0,-2.9459125995635986,0.0,-1.0,"Node(id=13_7291_6, type=transcoder, layer=6, feature=7291, pos=6)",1
5,6,12145,transcoder,6,6,7291,transcoder,2.9459125995635986,1.7670738697052002,-1.1788387298583984,0.0,-0.40016079568451185,"Node(id=13_7291_6, type=transcoder, layer=6, feature=7291, pos=6)",1
6,6,7291,transcoder,8,14,16275,lorsa,3.750656843185425,2.588433265686035,-1.1622235774993896,0.0,-0.3098720107148794,"Node(id=16_16275_14, type=lorsa, layer=8, feature=16275, pos=14)",1
1,6,13953,transcoder,6,6,7291,transcoder,2.9459125995635986,1.5558927059173584,-1.3900198936462402,0.0,-0.47184695630554513,"Node(id=13_7291_6, type=transcoder, layer=6, feature=7291, pos=6)",1
0,15,7465,lorsa,12,37,15342,lorsa,1.2413737773895264,1.0767406225204468,-0.1646331548690796,0.0,-0.13262174364218096,"Node(id=24_15342_37, type=lorsa, layer=12, feature=15342, pos=37)",1
8,62,3162,transcoder,10,14,14175,transcoder,0.5143704414367676,0.45710840821266174,-0.057262033224105835,0.0,-0.1113245019759658,"Node(id=21_14175_14, type=transcoder, layer=10, feature=14175, pos=14)",1
8,62,3162,transcoder,12,37,15342,lorsa,1.2413737773895264,0.0,-1.2413737773895264,0.0,-1.0,"Node(id=24_15342_37, type=lorsa, layer=12, feature=15342, pos=37)",1
9,54,6254,transcoder,12,54,9524,transcoder,0.9488894939422607,0.8269556760787964,-0.12193381786346436,0.0,-0.12850159965084823,"Node(id=25_9524_54, type=transcoder, layer=12, feature=9524, pos=54)",1
7,45,14452,transcoder,8,54,1436,lorsa,2.9068973064422607,2.1559462547302246,-0.7509510517120361,0.0,-0.25833422118070004,"Node(id=16_1436_54, type=lorsa, layer=8, feature=1436, pos=54)",1
7,45,14452,transcoder,13,51,3932,transcoder,0.40207821130752563,0.35955289006233215,-0.04252532124519348,0.0,-0.10576380427803983,"Node(id=27_3932_51, type=transcoder, layer=13, feature=3932, pos=51)",1
7,45,14452,transcoder,12,37,15342,lorsa,1.2413737773895264,1.0876202583312988,-0.15375351905822754,0.0,-0.12385755350943083,"Node(id=24_15342_37, type=lorsa, layer=12, feature=15342, pos=37)",1
0,24,7465,lorsa,13,51,3932,transcoder,0.40207821130752563,0.24719978868961334,-0.1548784226179123,0.0,-0.38519476624774135,"Node(id=27_3932_51, type=transcoder, layer=13, feature=3932, pos=51)",1
0,24,7465,lorsa,0,24,12663,transcoder,1.1877341270446777,0.29125717282295227,-0.8964769542217255,0.0,-0.7547791494821666,"Node(id=1_12663_24, type=transcoder, layer=0, feature=12663, pos=24)",1
0,24,7465,lorsa,14,51,13673,lorsa,0.8683499097824097,0.7425288558006287,-0.125821053981781,0.0,-0.14489672027870554,"Node(id=28_13673_51, type=lorsa, layer=14, feature=13673, pos=51)",1
0,24,7465,lorsa,14,51,790,transcoder,0.5391555428504944,0.0,-0.5391555428504944,0.0,-1.0,"Node(id=29_790_51, type=transcoder, layer=14, feature=790, pos=51)",1
0,24,7465,lorsa,13,56,16285,transcoder,0.37943366169929504,0.29247215390205383,-0.08696150779724121,0.0,-0.22918764615607318,"Node(id=27_16285_56, type=transcoder, layer=13, feature=16285, pos=56)",1
0,24,7465,lorsa,14,51,2652,transcoder,1.2029510736465454,1.00265634059906,-0.20029473304748535,0.0,-0.16650280916274118,"Node(id=29_2652_51, type=transcoder, layer=14, feature=2652, pos=51)",1
0,24,7465,lorsa,14,54,9044,lorsa,3.588165521621704,2.2872018814086914,-1.3009636402130127,0.0,-0.36257068754872557,"Node(id=28_9044_54, type=lorsa, layer=14, feature=9044, pos=54)",1
0,24,7465,lorsa,12,37,15342,lorsa,1.2413737773895264,1.0133068561553955,-0.22806692123413086,0.0,-0.18372139430376136,"Node(id=24_15342_37, type=lorsa, layer=12, feature=15342, pos=37)",1
0,24,7465,lorsa,12,51,5918,transcoder,0.6882085204124451,0.5879689455032349,-0.1002395749092102,0.0,-0.1456529117790294,"Node(id=25_5918_51, type=transcoder, layer=12, feature=5918, pos=51)",1
2,54,715,transcoder,4,54,15551,lorsa,4.019529342651367,3.1606695652008057,-0.8588597774505615,0.0,-0.2136717272684566,"Node(id=8_15551_54, type=lorsa, layer=4, feature=15551, pos=54)",1
4,54,15551,lorsa,11,14,12258,transcoder,0.23024021089076996,0.19645804166793823,-0.033782169222831726,0.0,-0.14672575694807102,"Node(id=23_12258_14, type=transcoder, layer=11, feature=12258, pos=14)",1
4,54,15551,lorsa,5,54,14178,lorsa,2.141420841217041,1.6507971286773682,-0.49062371253967285,0.0,-0.22911129988855203,"Node(id=10_14178_54, type=lorsa, layer=5, feature=14178, pos=54)",1
4,54,15551,lorsa,12,37,15342,lorsa,1.2413737773895264,0.0,-1.2413737773895264,0.0,-1.0,"Node(id=24_15342_37, type=lorsa, layer=12, feature=15342, pos=37)",1
4,54,15551,lorsa,7,14,1092,transcoder,0.7006182074546814,0.6222323775291443,-0.07838582992553711,0.0,-0.11188094898405476,"Node(id=15_1092_14, type=transcoder, layer=7, feature=1092, pos=14)",1
0,55,9428,lorsa,8,54,1436,lorsa,2.9068973064422607,2.511111259460449,-0.3957860469818115,0.0,-0.1361541207887431,"Node(id=16_1436_54, type=lorsa, layer=8, feature=1436, pos=54)",1
2,54,715,transcoder,8,54,1436,lorsa,2.9068973064422607,2.5854601860046387,-0.32143712043762207,0.0,-0.11057739113289405,"Node(id=16_1436_54, type=lorsa, layer=8, feature=1436, pos=54)",1
0,56,4757,lorsa,8,54,1436,lorsa,2.9068973064422607,2.61519718170166,-0.2917001247406006,0.0,-0.10034758506746533,"Node(id=16_1436_54, type=lorsa, layer=8, feature=1436, pos=54)",1
2,56,2616,transcoder,8,54,1436,lorsa,2.9068973064422607,2.6092240810394287,-0.29767322540283203,0.0,-0.1024023878460134,"Node(id=16_1436_54, type=lorsa, layer=8, feature=1436, pos=54)",1
6,45,4984,transcoder,8,54,1436,lorsa,2.9068973064422607,1.6620737314224243,-1.2448235750198364,0.0,-0.4282310118974828,"Node(id=16_1436_54, type=lorsa, layer=8, feature=1436, pos=54)",1
9,54,6254,transcoder,11,54,14428,lorsa,3.4473183155059814,2.940251588821411,-0.5070667266845703,0.0,-0.14709019599489623,"Node(id=22_14428_54, type=lorsa, layer=11, feature=14428, pos=54)",1
11,54,14428,lorsa,14,51,790,transcoder,0.5391555428504944,0.42482203245162964,-0.11433351039886475,0.0,-0.2120603449505275,"Node(id=29_790_51, type=transcoder, layer=14, feature=790, pos=51)",1
11,54,14428,lorsa,12,37,6377,transcoder,0.3010123670101166,0.25296667218208313,-0.04804569482803345,0.0,-0.15961369064420766,"Node(id=25_6377_37, type=transcoder, layer=12, feature=6377, pos=37)",1
10,54,16018,transcoder,11,54,14428,lorsa,3.4473183155059814,2.756906032562256,-0.6904122829437256,0.0,-0.2002751761675916,"Node(id=22_14428_54, type=lorsa, layer=11, feature=14428, pos=54)",1
5,56,1007,transcoder,13,56,2268,transcoder,0.6461610198020935,0.35762688517570496,-0.28853413462638855,0.0,-0.44653596516045013,"Node(id=27_2268_56, type=transcoder, layer=13, feature=2268, pos=56)",1
0,54,11059,lorsa,13,56,2268,transcoder,0.6461610198020935,0.4896855056285858,-0.1564755141735077,0.0,-0.2421617977225446,"Node(id=27_2268_56, type=transcoder, layer=13, feature=2268, pos=56)",1
13,56,2268,transcoder,14,55,8748,lorsa,1.8016709089279175,1.6032588481903076,-0.19841206073760986,0.0,-0.1101266939230732,"Node(id=28_8748_55, type=lorsa, layer=14, feature=8748, pos=55)",1
2,6,13953,transcoder,13,56,2268,transcoder,0.6461610198020935,0.5800960063934326,-0.06606501340866089,0.0,-0.10224233803038028,"Node(id=27_2268_56, type=transcoder, layer=13, feature=2268, pos=56)",1
0,56,4757,lorsa,13,56,2268,transcoder,0.6461610198020935,0.4701438844203949,-0.1760171353816986,0.0,-0.27240444716954487,"Node(id=27_2268_56, type=transcoder, layer=13, feature=2268, pos=56)",1
13,56,2268,transcoder,14,54,9044,lorsa,3.588165521621704,3.086594581604004,-0.5015709400177002,0.0,-0.139784783337144,"Node(id=28_9044_54, type=lorsa, layer=14, feature=9044, pos=54)",1
10,56,11708,transcoder,13,56,2268,transcoder,0.6461610198020935,0.15429987013339996,-0.49186114966869354,0.0,-0.7612052330537379,"Node(id=27_2268_56, type=transcoder, layer=13, feature=2268, pos=56)",1
10,14,14175,transcoder,11,14,12258,transcoder,0.23024021089076996,0.0,-0.23024021089076996,0.0,-1.0,"Node(id=23_12258_14, type=transcoder, layer=11, feature=12258, pos=14)",1
2,6,13953,transcoder,10,14,14175,transcoder,0.5143704414367676,0.14157859981060028,-0.3727918416261673,0.0,-0.7247536242262771,"Node(id=21_14175_14, type=transcoder, layer=10, feature=14175, pos=14)",1
10,14,14175,transcoder,12,37,15342,lorsa,1.2413737773895264,0.0,-1.2413737773895264,0.0,-1.0,"Node(id=24_15342_37, type=lorsa, layer=12, feature=15342, pos=37)",1
6,14,8940,transcoder,10,14,14175,transcoder,0.5143704414367676,0.45577409863471985,-0.05859634280204773,0.0,-0.11391856545716979,"Node(id=21_14175_14, type=transcoder, layer=10, feature=14175, pos=14)",1
0,55,9428,lorsa,13,51,3932,transcoder,0.40207821130752563,0.34034937620162964,-0.061728835105895996,0.0,-0.1535244471595684,"Node(id=27_3932_51, type=transcoder, layer=13, feature=3932, pos=51)",1
0,24,12663,transcoder,13,51,3932,transcoder,0.40207821130752563,0.23520343005657196,-0.16687478125095367,0.0,-0.415030649654679,"Node(id=27_3932_51, type=transcoder, layer=13, feature=3932, pos=51)",1
7,5,11946,transcoder,13,51,3932,transcoder,0.40207821130752563,0.3571411669254303,-0.04493704438209534,0.0,-0.11176194859195111,"Node(id=27_3932_51, type=transcoder, layer=13, feature=3932, pos=51)",1
0,55,12875,transcoder,13,51,3932,transcoder,0.40207821130752563,0.3538433909416199,-0.04823482036590576,0.0,-0.11996377572674244,"Node(id=27_3932_51, type=transcoder, layer=13, feature=3932, pos=51)",1
2,6,13953,transcoder,13,51,3932,transcoder,0.40207821130752563,0.299373596906662,-0.10270461440086365,0.0,-0.255434419256086,"Node(id=27_3932_51, type=transcoder, layer=13, feature=3932, pos=51)",1
12,51,15847,transcoder,13,51,3932,transcoder,0.40207821130752563,0.11479416489601135,-0.2872840464115143,0.0,-0.7144979218776614,"Node(id=27_3932_51, type=transcoder, layer=13, feature=3932, pos=51)",1
13,51,3932,transcoder,14,51,13673,lorsa,0.8683499097824097,0.7258369326591492,-0.1425129771232605,0.0,-0.16411929743733292,"Node(id=28_13673_51, type=lorsa, layer=14, feature=13673, pos=51)",1
12,51,5918,transcoder,13,51,3932,transcoder,0.40207821130752563,0.26993557810783386,-0.13214263319969177,0.0,-0.3286490774269381,"Node(id=27_3932_51, type=transcoder, layer=13, feature=3932, pos=51)",1
2,6,13953,transcoder,10,8,54,transcoder,18.665470123291016,16.276765823364258,-2.388704299926758,0.0,-0.12797450501641003,"Node(id=21_54_8, type=transcoder, layer=10, feature=54, pos=8)",1
10,8,54,transcoder,12,37,6377,transcoder,0.3010123670101166,0.2701026201248169,-0.030909746885299683,0.0,-0.10268596998960129,"Node(id=25_6377_37, type=transcoder, layer=12, feature=6377, pos=37)",1
10,8,54,transcoder,12,37,15342,lorsa,1.2413737773895264,1.0266914367675781,-0.21468234062194824,0.0,-0.1729393229760353,"Node(id=24_15342_37, type=lorsa, layer=12, feature=15342, pos=37)",1
0,55,9428,lorsa,1,55,11995,lorsa,0.9528807401657104,0.4639508128166199,-0.4889299273490906,0.0,-0.5131071567928462,"Node(id=2_11995_55, type=lorsa, layer=1, feature=11995, pos=55)",1
0,55,9428,lorsa,0,55,12875,transcoder,0.8819401860237122,0.09033248573541641,-0.7916077002882957,0.0,-0.8975752696532782,"Node(id=1_12875_55, type=transcoder, layer=0, feature=12875, pos=55)",1
0,55,9428,lorsa,0,55,8903,transcoder,0.28014376759529114,0.0,-0.28014376759529114,0.0,-1.0,"Node(id=1_8903_55, type=transcoder, layer=0, feature=8903, pos=55)",1
0,55,9428,lorsa,14,55,8748,lorsa,1.8016709089279175,1.5674519538879395,-0.23421895503997803,0.0,-0.13000096403807163,"Node(id=28_8748_55, type=lorsa, layer=14, feature=8748, pos=55)",1
0,55,9428,lorsa,14,51,13673,lorsa,0.8683499097824097,0.7538268566131592,-0.11452305316925049,0.0,-0.13188583528263115,"Node(id=28_13673_51, type=lorsa, layer=14, feature=13673, pos=51)",1
0,55,9428,lorsa,14,51,790,transcoder,0.5391555428504944,0.4307172894477844,-0.10843825340270996,0.0,-0.20112610329368244,"Node(id=29_790_51, type=transcoder, layer=14, feature=790, pos=51)",1
0,55,9428,lorsa,5,54,14178,lorsa,2.141420841217041,1.7560765743255615,-0.3853442668914795,0.0,-0.17994793899198042,"Node(id=10_14178_54, type=lorsa, layer=5, feature=14178, pos=54)",1
0,24,12663,transcoder,14,51,13673,lorsa,0.8683499097824097,0.7095252275466919,-0.15882468223571777,0.0,-0.18290401190404443,"Node(id=28_13673_51, type=lorsa, layer=14, feature=13673, pos=51)",1
0,24,12663,transcoder,14,51,790,transcoder,0.5391555428504944,0.0,-0.5391555428504944,0.0,-1.0,"Node(id=29_790_51, type=transcoder, layer=14, feature=790, pos=51)",1
0,24,12663,transcoder,13,56,16285,transcoder,0.37943366169929504,0.2984687089920044,-0.08096495270729065,0.0,-0.21338368436972305,"Node(id=27_16285_56, type=transcoder, layer=13, feature=16285, pos=56)",1
0,24,12663,transcoder,14,51,2652,transcoder,1.2029510736465454,0.9902396202087402,-0.21271145343780518,0.0,-0.17682469229027403,"Node(id=29_2652_51, type=transcoder, layer=14, feature=2652, pos=51)",1
0,24,12663,transcoder,14,54,9044,lorsa,3.588165521621704,2.194350481033325,-1.393815040588379,0.0,-0.3884478105007908,"Node(id=28_9044_54, type=lorsa, layer=14, feature=9044, pos=54)",1
0,24,12663,transcoder,12,37,15342,lorsa,1.2413737773895264,1.0032188892364502,-0.23815488815307617,0.0,-0.19184784832002003,"Node(id=24_15342_37, type=lorsa, layer=12, feature=15342, pos=37)",1
0,24,12663,transcoder,12,51,5918,transcoder,0.6882085204124451,0.5858132839202881,-0.10239523649215698,0.0,-0.14878519148642808,"Node(id=25_5918_51, type=transcoder, layer=12, feature=5918, pos=51)",1
6,45,4984,transcoder,12,54,9881,lorsa,2.963268280029297,2.504955530166626,-0.4583127498626709,0.0,-0.15466461573912563,"Node(id=24_9881_54, type=lorsa, layer=12, feature=9881, pos=54)",1
0,55,8903,transcoder,1,55,16329,lorsa,1.2881624698638916,1.1421351432800293,-0.1460273265838623,0.0,-0.11336095407226984,"Node(id=2_16329_55, type=lorsa, layer=1, feature=16329, pos=55)",1
9,54,6254,transcoder,12,37,6377,transcoder,0.3010123670101166,0.2564544081687927,-0.04455795884132385,0.0,-0.1480270039530513,"Node(id=25_6377_37, type=transcoder, layer=12, feature=6377, pos=37)",1
9,54,6254,transcoder,12,37,15342,lorsa,1.2413737773895264,0.0,-1.2413737773895264,0.0,-1.0,"Node(id=24_15342_37, type=lorsa, layer=12, feature=15342, pos=37)",1
9,54,6254,transcoder,10,14,11541,transcoder,0.4443958103656769,0.3871568739414215,-0.05723893642425537,0.0,-0.12880170129676868,"Node(id=21_11541_14, type=transcoder, layer=10, feature=11541, pos=14)",1
9,54,6254,transcoder,12,37,15649,lorsa,3.205152750015259,2.7486934661865234,-0.45645928382873535,0.0,-0.1424142059458983,"Node(id=24_15649_37, type=lorsa, layer=12, feature=15649, pos=37)",1
3,56,2286,transcoder,13,56,16285,transcoder,0.37943366169929504,0.30114805698394775,-0.07828560471534729,0.0,-0.20632224448601877,"Node(id=27_16285_56, type=transcoder, layer=13, feature=16285, pos=56)",1
3,56,2286,transcoder,14,54,9044,lorsa,3.588165521621704,3.142521858215332,-0.44564366340637207,0.0,-0.12419819005589222,"Node(id=28_9044_54, type=lorsa, layer=14, feature=9044, pos=54)",1
5,56,1007,transcoder,14,55,8748,lorsa,1.8016709089279175,1.5000956058502197,-0.30157530307769775,0.0,-0.16738645308823344,"Node(id=28_8748_55, type=lorsa, layer=14, feature=8748, pos=55)",1
0,56,4757,lorsa,5,56,1007,transcoder,1.8848531246185303,1.1442348957061768,-0.7406182289123535,0.0,-0.3929315336240032,"Node(id=11_1007_56, type=transcoder, layer=5, feature=1007, pos=56)",1
5,56,1007,transcoder,11,56,7586,transcoder,2.6750638484954834,2.058694839477539,-0.6163690090179443,0.0,-0.23041282149755202,"Node(id=23_7586_56, type=transcoder, layer=11, feature=7586, pos=56)",1
5,56,1007,transcoder,13,56,16285,transcoder,0.37943366169929504,0.2788243293762207,-0.10060933232307434,0.0,-0.26515658065890907,"Node(id=27_16285_56, type=transcoder, layer=13, feature=16285, pos=56)",1
5,56,1007,transcoder,13,56,12356,transcoder,1.2258914709091187,1.005639910697937,-0.22025156021118164,0.0,-0.17966644310514987,"Node(id=27_12356_56, type=transcoder, layer=13, feature=12356, pos=56)",1
5,56,1007,transcoder,14,54,9044,lorsa,3.588165521621704,2.020566940307617,-1.567598581314087,0.0,-0.43688023082212674,"Node(id=28_9044_54, type=lorsa, layer=14, feature=9044, pos=54)",1
5,56,1007,transcoder,10,56,11708,transcoder,2.9663991928100586,1.5607877969741821,-1.4056113958358765,0.0,-0.47384431577610636,"Node(id=21_11708_56, type=transcoder, layer=10, feature=11708, pos=56)",1
9,54,1889,transcoder,12,37,6377,transcoder,0.3010123670101166,0.26214635372161865,-0.038866013288497925,0.0,-0.12911766275434025,"Node(id=25_6377_37, type=transcoder, layer=12, feature=6377, pos=37)",1
9,54,1889,transcoder,12,37,15649,lorsa,3.205152750015259,2.7723824977874756,-0.4327702522277832,0.0,-0.1350232846861114,"Node(id=24_15649_37, type=lorsa, layer=12, feature=15649, pos=37)",1
7,5,11946,transcoder,12,37,15342,lorsa,1.2413737773895264,1.0532896518707275,-0.18808412551879883,0.0,-0.15151288753200445,"Node(id=24_15342_37, type=lorsa, layer=12, feature=15342, pos=37)",1
6,5,16038,transcoder,7,5,11946,transcoder,2.906679153442383,1.8619911670684814,-1.0446879863739014,0.0,-0.35940946049607037,"Node(id=15_11946_5, type=transcoder, layer=7, feature=11946, pos=5)",1
12,51,15847,transcoder,14,51,4640,lorsa,1.3973380327224731,1.1061064004898071,-0.291231632232666,0.0,-0.20841888319983046,"Node(id=28_4640_51, type=lorsa, layer=14, feature=4640, pos=51)",1
14,51,4640,lorsa,14,51,2652,transcoder,1.2029510736465454,1.000500202178955,-0.20245087146759033,0.0,-0.16829518332270513,"Node(id=29_2652_51, type=transcoder, layer=14, feature=2652, pos=51)",1
0,54,11059,lorsa,2,54,715,transcoder,0.9930531978607178,0.8315332531929016,-0.16151994466781616,0.0,-0.1626498409307478,"Node(id=5_715_54, type=transcoder, layer=2, feature=715, pos=54)",1
0,54,11059,lorsa,11,14,12258,transcoder,0.23024021089076996,0.18675030767917633,-0.04348990321159363,0.0,-0.18888926066970121,"Node(id=23_12258_14, type=transcoder, layer=11, feature=12258, pos=14)",1
0,54,11059,lorsa,14,51,7697,transcoder,1.0310401916503906,0.6786666512489319,-0.35237354040145874,0.0,-0.3417650866135614,"Node(id=29_7697_51, type=transcoder, layer=14, feature=7697, pos=51)",1
0,54,11059,lorsa,14,51,14073,transcoder,0.8638689517974854,0.7704616189002991,-0.09340733289718628,0.0,-0.10812673925001014,"Node(id=29_14073_51, type=transcoder, layer=14, feature=14073, pos=51)",1
0,54,11059,lorsa,13,55,6340,transcoder,0.37931957840919495,0.0,-0.37931957840919495,0.0,-1.0,"Node(id=27_6340_55, type=transcoder, layer=13, feature=6340, pos=55)",1
0,54,11059,lorsa,5,54,14178,lorsa,2.141420841217041,1.5961012840270996,-0.5453195571899414,0.0,-0.2546531474308516,"Node(id=10_14178_54, type=lorsa, layer=5, feature=14178, pos=54)",1
0,54,11059,lorsa,14,54,9044,lorsa,3.588165521621704,3.1981828212738037,-0.3899827003479004,0.0,-0.10868581674895648,"Node(id=28_9044_54, type=lorsa, layer=14, feature=9044, pos=54)",1
0,54,11059,lorsa,0,54,14779,transcoder,0.32305270433425903,0.0,-0.32305270433425903,0.0,-1.0,"Node(id=1_14779_54, type=transcoder, layer=0, feature=14779, pos=54)",1
2,54,15503,lorsa,14,51,790,transcoder,0.5391555428504944,0.45335954427719116,-0.08579599857330322,0.0,-0.15913032836443286,"Node(id=29_790_51, type=transcoder, layer=14, feature=790, pos=51)",1
2,54,15503,lorsa,3,54,10248,transcoder,0.899041473865509,0.7670594453811646,-0.13198202848434448,0.0,-0.14680304782478606,"Node(id=7_10248_54, type=transcoder, layer=3, feature=10248, pos=54)",1
0,54,14779,transcoder,1,55,11995,lorsa,0.9528807401657104,0.7832902073860168,-0.1695905327796936,0.0,-0.17797666132930864,"Node(id=2_11995_55, type=lorsa, layer=1, feature=11995, pos=55)",1
0,55,12875,transcoder,14,51,790,transcoder,0.5391555428504944,0.42164573073387146,-0.11750981211662292,0.0,-0.2179515979662439,"Node(id=29_790_51, type=transcoder, layer=14, feature=790, pos=51)",1
0,55,12875,transcoder,5,54,14178,lorsa,2.141420841217041,1.8754205703735352,-0.26600027084350586,0.0,-0.1242167189763265,"Node(id=10_14178_54, type=lorsa, layer=5, feature=14178, pos=54)",1
0,56,329,transcoder,1,56,14865,lorsa,5.337706565856934,3.8500964641571045,-1.487610101699829,0.0,-0.27869836667595144,"Node(id=2_14865_56, type=lorsa, layer=1, feature=14865, pos=56)",1
1,56,14865,lorsa,1,56,14708,transcoder,0.787199854850769,0.6117587089538574,-0.17544114589691162,0.0,-0.2228673504140449,"Node(id=3_14708_56, type=transcoder, layer=1, feature=14708, pos=56)",1
0,56,4757,lorsa,1,56,14865,lorsa,5.337706565856934,1.139896273612976,-4.1978102922439575,0.0,-0.7864445601216796,"Node(id=2_14865_56, type=lorsa, layer=1, feature=14865, pos=56)",1
0,56,329,transcoder,14,55,8748,lorsa,1.8016709089279175,1.5732653141021729,-0.22840559482574463,0.0,-0.12677431471747366,"Node(id=28_8748_55, type=lorsa, layer=14, feature=8748, pos=55)",1
0,56,329,transcoder,14,51,790,transcoder,0.5391555428504944,0.4646625518798828,-0.07449299097061157,0.0,-0.13816604866337834,"Node(id=29_790_51, type=transcoder, layer=14, feature=790, pos=51)",1
0,56,4757,lorsa,0,56,329,transcoder,2.076172113418579,0.8530849814414978,-1.2230871319770813,0.0,-0.5891068105924865,"Node(id=1_329_56, type=transcoder, layer=0, feature=329, pos=56)",1
0,56,329,transcoder,2,56,2616,transcoder,3.1142807006835938,2.6068410873413086,-0.5074396133422852,0.0,-0.16293958769705655,"Node(id=5_2616_56, type=transcoder, layer=2, feature=2616, pos=56)",1
0,56,329,transcoder,13,56,12356,transcoder,1.2258914709091187,1.0005823373794556,-0.22530913352966309,0.0,-0.18379207203601333,"Node(id=27_12356_56, type=transcoder, layer=13, feature=12356, pos=56)",1
0,56,329,transcoder,14,54,9044,lorsa,3.588165521621704,2.690105676651001,-0.8980598449707031,0.0,-0.2502838399062529,"Node(id=28_9044_54, type=lorsa, layer=14, feature=9044, pos=54)",1
0,56,329,transcoder,10,56,11708,transcoder,2.9663991928100586,2.5394163131713867,-0.4269828796386719,0.0,-0.14393979093359738,"Node(id=21_11708_56, type=transcoder, layer=10, feature=11708, pos=56)",1
2,54,715,transcoder,5,54,14178,lorsa,2.141420841217041,1.9001656770706177,-0.24125516414642334,0.0,-0.11266125719095457,"Node(id=10_14178_54, type=lorsa, layer=5, feature=14178, pos=54)",1
2,54,715,transcoder,12,37,15342,lorsa,1.2413737773895264,1.0382033586502075,-0.20317041873931885,0.0,-0.16366578901526668,"Node(id=24_15342_37, type=lorsa, layer=12, feature=15342, pos=37)",1
4,6,2640,transcoder,11,14,12258,transcoder,0.23024021089076996,0.2065822333097458,-0.02365797758102417,0.0,-0.10275345687660065,"Node(id=23_12258_14, type=transcoder, layer=11, feature=12258, pos=14)",1
2,6,13953,transcoder,4,6,2640,transcoder,1.146464228630066,0.32705798745155334,-0.8194062411785126,0.0,-0.714724647063466,"Node(id=9_2640_6, type=transcoder, layer=4, feature=2640, pos=6)",1
4,6,2640,transcoder,5,6,12145,transcoder,2.5404446125030518,0.0,-2.5404446125030518,0.0,-1.0,"Node(id=11_12145_6, type=transcoder, layer=5, feature=12145, pos=6)",1
4,6,2640,transcoder,14,51,7697,transcoder,1.0310401916503906,0.9090058207511902,-0.12203437089920044,0.0,-0.11836044015302592,"Node(id=29_7697_51, type=transcoder, layer=14, feature=7697, pos=51)",1
4,6,2640,transcoder,8,14,16275,lorsa,3.750656843185425,1.9328176975250244,-1.8178391456604004,0.0,-0.4846722112056814,"Node(id=16_16275_14, type=lorsa, layer=8, feature=16275, pos=14)",1
4,6,2640,transcoder,11,37,7513,transcoder,0.49810850620269775,0.4320898652076721,-0.06601864099502563,0.0,-0.13253867415016668,"Node(id=23_7513_37, type=transcoder, layer=11, feature=7513, pos=37)",1
1,6,13953,transcoder,4,6,2640,transcoder,1.146464228630066,0.6777800917625427,-0.4686841368675232,0.0,-0.40880833885900103,"Node(id=9_2640_6, type=transcoder, layer=4, feature=2640, pos=6)",1
4,6,2640,transcoder,10,14,11541,transcoder,0.4443958103656769,0.3990023732185364,-0.0453934371471405,0.0,-0.10214641112342604,"Node(id=21_11541_14, type=transcoder, layer=10, feature=11541, pos=14)",1
0,56,4757,lorsa,14,55,8748,lorsa,1.8016709089279175,1.54905104637146,-0.2526198625564575,0.0,-0.140214209656512,"Node(id=28_8748_55, type=lorsa, layer=14, feature=8748, pos=55)",1
11,56,7586,transcoder,14,55,8748,lorsa,1.8016709089279175,1.2104382514953613,-0.5912326574325562,0.0,-0.32815796408921794,"Node(id=28_8748_55, type=lorsa, layer=14, feature=8748, pos=55)",1
6,55,4801,transcoder,14,55,8748,lorsa,1.8016709089279175,1.6042594909667969,-0.1974114179611206,0.0,-0.1095712968349975,"Node(id=28_8748_55, type=lorsa, layer=14, feature=8748, pos=55)",1
10,56,11708,transcoder,14,55,8748,lorsa,1.8016709089279175,1.512750267982483,-0.28892064094543457,0.0,-0.16036260535358066,"Node(id=28_8748_55, type=lorsa, layer=14, feature=8748, pos=55)",1
1,54,11175,transcoder,5,54,14178,lorsa,2.141420841217041,1.6130424737930298,-0.5283783674240112,0.0,-0.2467419562068501,"Node(id=10_14178_54, type=lorsa, layer=5, feature=14178, pos=54)",1
1,54,11175,transcoder,3,54,10248,transcoder,0.899041473865509,0.6843308210372925,-0.21471065282821655,0.0,-0.23882174412382662,"Node(id=7_10248_54, type=transcoder, layer=3, feature=10248, pos=54)",1
1,54,11175,transcoder,12,37,15342,lorsa,1.2413737773895264,1.066953420639038,-0.17442035675048828,0.0,-0.1405059136316503,"Node(id=24_15342_37, type=lorsa, layer=12, feature=15342, pos=37)",1
2,6,13953,transcoder,11,14,12258,transcoder,0.23024021089076996,0.0,-0.23024021089076996,0.0,-1.0,"Node(id=23_12258_14, type=transcoder, layer=11, feature=12258, pos=14)",1
8,14,16275,lorsa,11,14,12258,transcoder,0.23024021089076996,0.18299131095409393,-0.047248899936676025,0.0,-0.2052156734650132,"Node(id=23_12258_14, type=transcoder, layer=11, feature=12258, pos=14)",1
11,14,12258,transcoder,12,37,15342,lorsa,1.2413737773895264,0.0,-1.2413737773895264,0.0,-1.0,"Node(id=24_15342_37, type=lorsa, layer=12, feature=15342, pos=37)",1
6,14,8940,transcoder,11,14,12258,transcoder,0.23024021089076996,0.1879880130290985,-0.04225219786167145,0.0,-0.18351354743032544,"Node(id=23_12258_14, type=transcoder, layer=11, feature=12258, pos=14)",1
2,6,13953,transcoder,7,14,2772,transcoder,0.7835947275161743,0.5173890590667725,-0.26620566844940186,0.0,-0.3397236595672564,"Node(id=15_2772_14, type=transcoder, layer=7, feature=2772, pos=14)",1
1,6,13953,transcoder,7,14,2772,transcoder,0.7835947275161743,0.649194598197937,-0.1344001293182373,0.0,-0.17151739872504837,"Node(id=15_2772_14, type=transcoder, layer=7, feature=2772, pos=14)",1
6,14,8940,transcoder,7,14,2772,transcoder,0.7835947275161743,0.5213320255279541,-0.2622627019882202,0.0,-0.33469176447822235,"Node(id=15_2772_14, type=transcoder, layer=7, feature=2772, pos=14)",1
2,6,13953,transcoder,10,2,54,transcoder,18.140689849853516,13.457422256469727,-4.683267593383789,0.0,-0.25816369896327873,"Node(id=21_54_2, type=transcoder, layer=10, feature=54, pos=2)",1
2,6,13953,transcoder,14,51,13673,lorsa,0.8683499097824097,0.0,-0.8683499097824097,0.0,-1.0,"Node(id=28_13673_51, type=lorsa, layer=14, feature=13673, pos=51)",1
2,6,13953,transcoder,5,6,12145,transcoder,2.5404446125030518,0.0,-2.5404446125030518,0.0,-1.0,"Node(id=11_12145_6, type=transcoder, layer=5, feature=12145, pos=6)",1
2,6,13953,transcoder,14,51,7697,transcoder,1.0310401916503906,0.8802140951156616,-0.150826096534729,0.0,-0.14628537059578733,"Node(id=29_7697_51, type=transcoder, layer=14, feature=7697, pos=51)",1
2,6,13953,transcoder,8,14,16275,lorsa,3.750656843185425,0.0,-3.750656843185425,0.0,-1.0,"Node(id=16_16275_14, type=lorsa, layer=8, feature=16275, pos=14)",1
2,6,13953,transcoder,13,56,12356,transcoder,1.2258914709091187,1.081120252609253,-0.14477121829986572,0.0,-0.11809464519114704,"Node(id=27_12356_56, type=transcoder, layer=13, feature=12356, pos=56)",1
2,6,13953,transcoder,14,54,9044,lorsa,3.588165521621704,2.5303092002868652,-1.0578563213348389,0.0,-0.2948181500993664,"Node(id=28_9044_54, type=lorsa, layer=14, feature=9044, pos=54)",1
2,6,13953,transcoder,12,2,13896,transcoder,12.517711639404297,10.759822845458984,-1.7578887939453125,0.0,-0.14043212086877632,"Node(id=25_13896_2, type=transcoder, layer=12, feature=13896, pos=2)",1
2,6,13953,transcoder,11,37,7513,transcoder,0.49810850620269775,0.3327096700668335,-0.16539883613586426,0.0,-0.33205382778297243,"Node(id=23_7513_37, type=transcoder, layer=11, feature=7513, pos=37)",1
1,6,13953,transcoder,2,6,13953,transcoder,1.7135149240493774,0.2666970491409302,-1.4468178749084473,0.0,-0.8443567398230347,"Node(id=5_13953_6, type=transcoder, layer=2, feature=13953, pos=6)",1
2,6,13953,transcoder,12,37,15342,lorsa,1.2413737773895264,0.0,-1.2413737773895264,0.0,-1.0,"Node(id=24_15342_37, type=lorsa, layer=12, feature=15342, pos=37)",1
2,6,13953,transcoder,6,14,8940,transcoder,1.2855827808380127,1.022432565689087,-0.2631502151489258,0.0,-0.2046933259151077,"Node(id=13_8940_14, type=transcoder, layer=6, feature=8940, pos=14)",1
2,6,13953,transcoder,10,14,6896,transcoder,0.4185520112514496,0.24778711795806885,-0.17076489329338074,0.0,-0.40798966126766956,"Node(id=21_6896_14, type=transcoder, layer=10, feature=6896, pos=14)",1
2,6,13953,transcoder,10,14,11541,transcoder,0.4443958103656769,0.34629857540130615,-0.09809723496437073,0.0,-0.22074293383560512,"Node(id=21_11541_14, type=transcoder, layer=10, feature=11541, pos=14)",1
2,6,13953,transcoder,7,14,1092,transcoder,0.7006182074546814,0.5753375291824341,-0.12528067827224731,0.0,-0.1788144768994616,"Node(id=15_1092_14, type=transcoder, layer=7, feature=1092, pos=14)",1
1,6,13953,transcoder,10,2,54,transcoder,18.140689849853516,16.187437057495117,-1.9532527923583984,0.0,-0.10767246496825868,"Node(id=21_54_2, type=transcoder, layer=10, feature=54, pos=2)",1
12,51,15847,transcoder,14,51,13673,lorsa,0.8683499097824097,0.7223981618881226,-0.1459517478942871,0.0,-0.16807941850406774,"Node(id=28_13673_51, type=lorsa, layer=14, feature=13673, pos=51)",1
12,51,15847,transcoder,14,51,790,transcoder,0.5391555428504944,0.35700294375419617,-0.18215259909629822,0.0,-0.337847957814297,"Node(id=29_790_51, type=transcoder, layer=14, feature=790, pos=51)",1
12,51,15847,transcoder,13,51,6109,transcoder,0.38438713550567627,0.26797622442245483,-0.11641091108322144,0.0,-0.30284809331633417,"Node(id=27_6109_51, type=transcoder, layer=13, feature=6109, pos=51)",1
12,51,15847,transcoder,14,51,2652,transcoder,1.2029510736465454,0.9643746018409729,-0.2385764718055725,0.0,-0.19832599765040132,"Node(id=29_2652_51, type=transcoder, layer=14, feature=2652, pos=51)",1
12,51,15847,transcoder,14,51,7323,lorsa,1.7485430240631104,1.4306204319000244,-0.31792259216308594,0.0,-0.18182142949180935,"Node(id=28_7323_51, type=lorsa, layer=14, feature=7323, pos=51)",1
0,56,4757,lorsa,1,56,14708,transcoder,0.787199854850769,0.35303041338920593,-0.4341694414615631,0.0,-0.5515364856664886,"Node(id=3_14708_56, type=transcoder, layer=1, feature=14708, pos=56)",1
1,56,14708,transcoder,13,56,16285,transcoder,0.37943366169929504,0.32231032848358154,-0.0571233332157135,0.0,-0.15054893379750875,"Node(id=27_16285_56, type=transcoder, layer=13, feature=16285, pos=56)",1
1,56,14708,transcoder,14,54,9044,lorsa,3.588165521621704,3.1101267337799072,-0.4780387878417969,0.0,-0.13322651504263464,"Node(id=28_9044_54, type=lorsa, layer=14, feature=9044, pos=54)",1
14,51,13673,lorsa,14,51,790,transcoder,0.5391555428504944,0.4651327431201935,-0.0740227997303009,0.0,-0.13729396036428604,"Node(id=29_790_51, type=transcoder, layer=14, feature=790, pos=51)",1
13,51,6109,transcoder,14,51,13673,lorsa,0.8683499097824097,0.7609832882881165,-0.10736662149429321,0.0,-0.12364442062439673,"Node(id=28_13673_51, type=lorsa, layer=14, feature=13673, pos=51)",1
13,51,6109,transcoder,14,51,790,transcoder,0.5391555428504944,0.4828011095523834,-0.05635443329811096,0.0,-0.10452351653507495,"Node(id=29_790_51, type=transcoder, layer=14, feature=790, pos=51)",1
6,3,16038,transcoder,7,3,11946,transcoder,3.5578043460845947,2.6908745765686035,-0.8669297695159912,0.0,-0.24366988321605082,"Node(id=15_11946_3, type=transcoder, layer=7, feature=11946, pos=3)",1
7,3,11946,transcoder,12,37,15342,lorsa,1.2413737773895264,1.0721070766448975,-0.1692667007446289,0.0,-0.13635433890071233,"Node(id=24_15342_37, type=lorsa, layer=12, feature=15342, pos=37)",1
0,56,4757,lorsa,11,56,7586,transcoder,2.6750638484954834,0.8262588977813721,-1.8488049507141113,0.0,-0.6911255414534951,"Node(id=23_7586_56, type=transcoder, layer=11, feature=7586, pos=56)",1
0,56,4757,lorsa,13,56,16285,transcoder,0.37943366169929504,0.07632380723953247,-0.3031098544597626,0.0,-0.7988480861246837,"Node(id=27_16285_56, type=transcoder, layer=13, feature=16285, pos=56)",1
0,56,4757,lorsa,2,56,2616,transcoder,3.1142807006835938,0.779891312122345,-2.334389388561249,0.0,-0.7495757810299,"Node(id=5_2616_56, type=transcoder, layer=2, feature=2616, pos=56)",1
0,56,4757,lorsa,13,56,12356,transcoder,1.2258914709091187,0.5314828753471375,-0.6944085955619812,0.0,-0.5664519348087227,"Node(id=27_12356_56, type=transcoder, layer=13, feature=12356, pos=56)",1
0,56,4757,lorsa,14,54,9044,lorsa,3.588165521621704,2.92706036567688,-0.6611051559448242,0.0,-0.18424600313478062,"Node(id=28_9044_54, type=lorsa, layer=14, feature=9044, pos=54)",1
0,56,4757,lorsa,10,56,11708,transcoder,2.9663991928100586,1.451129674911499,-1.5152695178985596,0.0,-0.510811060618969,"Node(id=21_11708_56, type=transcoder, layer=10, feature=11708, pos=56)",1
1,6,13953,transcoder,5,6,12145,transcoder,2.5404446125030518,0.5128062963485718,-2.02763831615448,0.0,-0.7981430912428696,"Node(id=11_12145_6, type=transcoder, layer=5, feature=12145, pos=6)",1
11,56,7586,transcoder,13,56,16285,transcoder,0.37943366169929504,0.0,-0.37943366169929504,0.0,-1.0,"Node(id=27_16285_56, type=transcoder, layer=13, feature=16285, pos=56)",1
2,56,2616,transcoder,11,56,7586,transcoder,2.6750638484954834,2.2936277389526367,-0.3814361095428467,0.0,-0.14258953473479707,"Node(id=23_7586_56, type=transcoder, layer=11, feature=7586, pos=56)",1
11,56,7586,transcoder,14,54,9044,lorsa,3.588165521621704,0.0,-3.588165521621704,0.0,-1.0,"Node(id=28_9044_54, type=lorsa, layer=14, feature=9044, pos=54)",1
10,56,11708,transcoder,11,56,7586,transcoder,2.6750638484954834,1.8057329654693604,-0.869330883026123,0.0,-0.32497575095826386,"Node(id=23_7586_56, type=transcoder, layer=11, feature=7586, pos=56)",1
1,6,13953,transcoder,8,14,16275,lorsa,3.750656843185425,2.2203867435455322,-1.5302700996398926,0.0,-0.40800056193363654,"Node(id=16_16275_14, type=lorsa, layer=8, feature=16275, pos=14)",1
6,14,8940,transcoder,8,14,16275,lorsa,3.750656843185425,3.360079050064087,-0.3905777931213379,0.0,-0.10413583792155749,"Node(id=16_16275_14, type=lorsa, layer=8, feature=16275, pos=14)",1
13,56,16285,transcoder,14,54,9044,lorsa,3.588165521621704,2.9849042892456055,-0.6032612323760986,0.0,-0.16812525195422123,"Node(id=28_9044_54, type=lorsa, layer=14, feature=9044, pos=54)",1
10,56,11708,transcoder,13,56,16285,transcoder,0.37943366169929504,0.0,-0.37943366169929504,0.0,-1.0,"Node(id=27_16285_56, type=transcoder, layer=13, feature=16285, pos=56)",1
12,51,5918,transcoder,13,51,6109,transcoder,0.38438713550567627,0.33647245168685913,-0.04791468381881714,0.0,-0.1246521524602625,"Node(id=27_6109_51, type=transcoder, layer=13, feature=6109, pos=51)",1
5,54,14178,lorsa,12,37,15342,lorsa,1.2413737773895264,0.0,-1.2413737773895264,0.0,-1.0,"Node(id=24_15342_37, type=lorsa, layer=12, feature=15342, pos=37)",1
5,54,14178,lorsa,7,14,1092,transcoder,0.7006182074546814,0.600339412689209,-0.10027879476547241,0.0,-0.14312901620096538,"Node(id=15_1092_14, type=transcoder, layer=7, feature=1092, pos=14)",1
2,56,2616,transcoder,13,56,12356,transcoder,1.2258914709091187,0.965222954750061,-0.2606685161590576,0.0,-0.21263588363637637,"Node(id=27_12356_56, type=transcoder, layer=13, feature=12356, pos=56)",1
2,56,2616,transcoder,14,54,9044,lorsa,3.588165521621704,3.111858367919922,-0.4763071537017822,0.0,-0.1327439190950452,"Node(id=28_9044_54, type=lorsa, layer=14, feature=9044, pos=54)",1
13,56,12356,transcoder,14,54,9044,lorsa,3.588165521621704,2.5838847160339355,-1.0042808055877686,0.0,-0.2798869783280997,"Node(id=28_9044_54, type=lorsa, layer=14, feature=9044, pos=54)",1
12,37,15342,lorsa,12,37,6377,transcoder,0.3010123670101166,0.2409067451953888,-0.06010562181472778,0.0,-0.19967824714892105,"Node(id=25_6377_37, type=transcoder, layer=12, feature=6377, pos=37)",1
12,37,15649,lorsa,12,37,6377,transcoder,0.3010123670101166,0.21031711995601654,-0.09069524705410004,0.0,-0.3013007337703567,"Node(id=25_6377_37, type=transcoder, layer=12, feature=6377, pos=37)",1
1,6,13953,transcoder,14,54,9044,lorsa,3.588165521621704,3.147249221801758,-0.4409162998199463,0.0,-0.12288070245451502,"Node(id=28_9044_54, type=lorsa, layer=14, feature=9044, pos=54)",1
10,56,11708,transcoder,14,54,9044,lorsa,3.588165521621704,1.8864176273345947,-1.7017478942871094,0.0,-0.4742668319041171,"Node(id=28_9044_54, type=lorsa, layer=14, feature=9044, pos=54)",1
10,54,16018,transcoder,12,37,15342,lorsa,1.2413737773895264,1.0748050212860107,-0.16656875610351562,0.0,-0.1341809849196199,"Node(id=24_15342_37, type=lorsa, layer=12, feature=15342, pos=37)",1
1,6,13953,transcoder,11,37,7513,transcoder,0.49810850620269775,0.4077092111110687,-0.09039929509162903,0.0,-0.1814851462400893,"Node(id=23_7513_37, type=transcoder, layer=11, feature=7513, pos=37)",1
6,14,8940,transcoder,12,37,15342,lorsa,1.2413737773895264,0.0,-1.2413737773895264,0.0,-1.0,"Node(id=24_15342_37, type=lorsa, layer=12, feature=15342, pos=37)",1
7,62,8659,transcoder,12,37,15342,lorsa,1.2413737773895264,0.9696028232574463,-0.2717709541320801,0.0,-0.21892757772246868,"Node(id=24_15342_37, type=lorsa, layer=12, feature=15342, pos=37)",1
10,14,11541,transcoder,12,37,15342,lorsa,1.2413737773895264,1.0247933864593506,-0.21658039093017578,0.0,-0.17446831476142563,"Node(id=24_15342_37, type=lorsa, layer=12, feature=15342, pos=37)",1
7,14,1092,transcoder,12,37,15342,lorsa,1.2413737773895264,1.0757092237472534,-0.16566455364227295,0.0,-0.1334525963571161,"Node(id=24_15342_37, type=lorsa, layer=12, feature=15342, pos=37)",1
6,45,4984,transcoder,12,37,15342,lorsa,1.2413737773895264,1.0723133087158203,-0.16906046867370605,0.0,-0.1361882067697787,"Node(id=24_15342_37, type=lorsa, layer=12, feature=15342, pos=37)",1
6,14,8940,transcoder,7,14,1092,transcoder,0.7006182074546814,0.5202530026435852,-0.1803652048110962,0.0,-0.25743722171645517,"Node(id=15_1092_14, type=transcoder, layer=7, feature=1092, pos=14)",1
