source_layer,source_pos,source_feature,source_type,target_layer,target_pos,target_feature,target_type,original_activation,modified_activation,activation_change,steering_scale,reduction_ratio,target_node_str,steering_nodes_count
0,23,9251,lorsa,2,55,2823,transcoder,0.23902328312397003,0.0,-0.23902328312397003,0.0,-1.0,"Node(id=5_2823_55, type=transcoder, layer=2, feature=2823, pos=55)",1
0,23,9251,lorsa,2,55,11309,transcoder,0.29157570004463196,0.0,-0.29157570004463196,0.0,-1.0,"Node(id=5_11309_55, type=transcoder, layer=2, feature=11309, pos=55)",1
0,23,9251,lorsa,3,55,11167,transcoder,0.2644384503364563,0.1922931969165802,-0.0721452534198761,0.0,-0.27282436925523734,"Node(id=7_11167_55, type=transcoder, layer=3, feature=11167, pos=55)",1
0,37,7934,lorsa,2,55,2823,transcoder,0.23902328312397003,0.0,-0.23902328312397003,0.0,-1.0,"Node(id=5_2823_55, type=transcoder, layer=2, feature=2823, pos=55)",1
0,39,7176,lorsa,2,55,2823,transcoder,0.23902328312397003,0.0,-0.23902328312397003,0.0,-1.0,"Node(id=5_2823_55, type=transcoder, layer=2, feature=2823, pos=55)",1
0,39,7176,lorsa,2,55,11309,transcoder,0.29157570004463196,0.0,-0.29157570004463196,0.0,-1.0,"Node(id=5_11309_55, type=transcoder, layer=2, feature=11309, pos=55)",1
0,39,7176,lorsa,3,55,11167,transcoder,0.2644384503364563,0.18653050065040588,-0.07790794968605042,0.0,-0.29461657178418954,"Node(id=7_11167_55, type=transcoder, layer=3, feature=11167, pos=55)",1
0,47,7176,lorsa,2,55,2823,transcoder,0.23902328312397003,0.0,-0.23902328312397003,0.0,-1.0,"Node(id=5_2823_55, type=transcoder, layer=2, feature=2823, pos=55)",1
0,47,7176,lorsa,2,55,11309,transcoder,0.29157570004463196,0.0,-0.29157570004463196,0.0,-1.0,"Node(id=5_11309_55, type=transcoder, layer=2, feature=11309, pos=55)",1
0,47,7176,lorsa,3,55,11167,transcoder,0.2644384503364563,0.16476142406463623,-0.09967702627182007,0.0,-0.3769384752671056,"Node(id=7_11167_55, type=transcoder, layer=3, feature=11167, pos=55)",1
0,54,7083,lorsa,0,54,1897,transcoder,0.5192403197288513,0.38299939036369324,-0.13624092936515808,0.0,-0.2623851118424383,"Node(id=1_1897_54, type=transcoder, layer=0, feature=1897, pos=54)",1
0,54,7083,lorsa,0,54,12254,transcoder,0.5052937865257263,0.0,-0.5052937865257263,0.0,-1.0,"Node(id=1_12254_54, type=transcoder, layer=0, feature=12254, pos=54)",1
0,54,7083,lorsa,0,54,12956,transcoder,0.2822692096233368,0.0,-0.2822692096233368,0.0,-1.0,"Node(id=1_12956_54, type=transcoder, layer=0, feature=12956, pos=54)",1
0,54,7083,lorsa,1,55,9198,lorsa,3.0222439765930176,2.2315666675567627,-0.7906773090362549,0.0,-0.26161928525955314,"Node(id=2_9198_55, type=lorsa, layer=1, feature=9198, pos=55)",1
0,54,7083,lorsa,1,54,15914,transcoder,0.506878674030304,0.0,-0.506878674030304,0.0,-1.0,"Node(id=3_15914_54, type=transcoder, layer=1, feature=15914, pos=54)",1
0,54,7083,lorsa,1,55,12154,transcoder,0.19804225862026215,0.0,-0.19804225862026215,0.0,-1.0,"Node(id=3_12154_55, type=transcoder, layer=1, feature=12154, pos=55)",1
0,54,7083,lorsa,2,55,2823,transcoder,0.23902328312397003,0.0,-0.23902328312397003,0.0,-1.0,"Node(id=5_2823_55, type=transcoder, layer=2, feature=2823, pos=55)",1
0,54,7083,lorsa,2,55,11309,transcoder,0.29157570004463196,0.0,-0.29157570004463196,0.0,-1.0,"Node(id=5_11309_55, type=transcoder, layer=2, feature=11309, pos=55)",1
0,54,7083,lorsa,3,55,11167,transcoder,0.2644384503364563,0.1467224508523941,-0.1177159994840622,0.0,-0.445154626092715,"Node(id=7_11167_55, type=transcoder, layer=3, feature=11167, pos=55)",1
0,54,7083,lorsa,8,55,9724,transcoder,0.20959925651550293,0.16218753159046173,-0.0474117249250412,0.0,-0.22620178006945557,"Node(id=17_9724_55, type=transcoder, layer=8, feature=9724, pos=55)",1
0,54,7083,lorsa,13,55,5819,transcoder,0.5956785082817078,0.4572538733482361,-0.13842463493347168,0.0,-0.23238144906851,"Node(id=27_5819_55, type=transcoder, layer=13, feature=5819, pos=55)",1
0,54,7083,lorsa,14,55,11103,transcoder,0.5930737257003784,0.4552582800388336,-0.1378154456615448,0.0,-0.23237489655909885,"Node(id=29_11103_55, type=transcoder, layer=14, feature=11103, pos=55)",1
0,54,11059,lorsa,0,54,11720,transcoder,0.5299642086029053,0.11835400760173798,-0.4116102010011673,0.0,-0.7766754703798894,"Node(id=1_11720_54, type=transcoder, layer=0, feature=11720, pos=54)",1
0,54,11059,lorsa,0,54,12254,transcoder,0.5052937865257263,0.0,-0.5052937865257263,0.0,-1.0,"Node(id=1_12254_54, type=transcoder, layer=0, feature=12254, pos=54)",1
0,54,11059,lorsa,0,54,12956,transcoder,0.2822692096233368,0.0,-0.2822692096233368,0.0,-1.0,"Node(id=1_12956_54, type=transcoder, layer=0, feature=12956, pos=54)",1
0,54,11059,lorsa,1,55,9142,lorsa,3.4574296474456787,1.930912971496582,-1.5265166759490967,0.0,-0.4415177839054151,"Node(id=2_9142_55, type=lorsa, layer=1, feature=9142, pos=55)",1
0,54,11059,lorsa,1,55,15014,lorsa,0.4733544886112213,0.0,-0.4733544886112213,0.0,-1.0,"Node(id=2_15014_55, type=lorsa, layer=1, feature=15014, pos=55)",1
0,54,11059,lorsa,1,54,15914,transcoder,0.506878674030304,0.25949224829673767,-0.24738642573356628,0.0,-0.4880584613405459,"Node(id=3_15914_54, type=transcoder, layer=1, feature=15914, pos=54)",1
0,54,11059,lorsa,1,55,12154,transcoder,0.19804225862026215,0.0,-0.19804225862026215,0.0,-1.0,"Node(id=3_12154_55, type=transcoder, layer=1, feature=12154, pos=55)",1
0,54,11059,lorsa,2,55,6076,lorsa,1.7181307077407837,0.9798600077629089,-0.7382706999778748,0.0,-0.4296941418087142,"Node(id=4_6076_55, type=lorsa, layer=2, feature=6076, pos=55)",1
0,54,11059,lorsa,2,55,2823,transcoder,0.23902328312397003,0.0,-0.23902328312397003,0.0,-1.0,"Node(id=5_2823_55, type=transcoder, layer=2, feature=2823, pos=55)",1
0,54,11059,lorsa,2,55,11309,transcoder,0.29157570004463196,0.0,-0.29157570004463196,0.0,-1.0,"Node(id=5_11309_55, type=transcoder, layer=2, feature=11309, pos=55)",1
0,54,11059,lorsa,2,55,13261,transcoder,0.6239655017852783,0.4222816228866577,-0.2016838788986206,0.0,-0.3232292143100324,"Node(id=5_13261_55, type=transcoder, layer=2, feature=13261, pos=55)",1
0,54,11059,lorsa,3,55,11167,transcoder,0.2644384503364563,0.0,-0.2644384503364563,0.0,-1.0,"Node(id=7_11167_55, type=transcoder, layer=3, feature=11167, pos=55)",1
0,54,11059,lorsa,5,55,2419,transcoder,0.6756512522697449,0.436967134475708,-0.23868411779403687,0.0,-0.3532652636877603,"Node(id=11_2419_55, type=transcoder, layer=5, feature=2419, pos=55)",1
0,54,11059,lorsa,6,55,7034,transcoder,0.6798377633094788,0.5152441263198853,-0.1645936369895935,0.0,-0.2421072289193598,"Node(id=13_7034_55, type=transcoder, layer=6, feature=7034, pos=55)",1
0,54,11059,lorsa,7,55,13128,transcoder,0.5602725148200989,0.3456782400608063,-0.2145942747592926,0.0,-0.3830176727983844,"Node(id=15_13128_55, type=transcoder, layer=7, feature=13128, pos=55)",1
0,54,11059,lorsa,8,55,9724,transcoder,0.20959925651550293,0.0,-0.20959925651550293,0.0,-1.0,"Node(id=17_9724_55, type=transcoder, layer=8, feature=9724, pos=55)",1
0,54,11059,lorsa,11,55,2278,transcoder,0.4227127730846405,0.2803054451942444,-0.14240732789039612,0.0,-0.336889105222003,"Node(id=23_2278_55, type=transcoder, layer=11, feature=2278, pos=55)",1
0,54,11059,lorsa,13,55,5819,transcoder,0.5956785082817078,0.32310453057289124,-0.27257397770881653,0.0,-0.4575857176635137,"Node(id=27_5819_55, type=transcoder, layer=13, feature=5819, pos=55)",1
0,54,11059,lorsa,13,55,15835,transcoder,0.3478931784629822,0.24613922834396362,-0.10175395011901855,0.0,-0.2924861894923466,"Node(id=27_15835_55, type=transcoder, layer=13, feature=15835, pos=55)",1
0,54,11059,lorsa,14,55,16044,lorsa,2.606524705886841,1.742493987083435,-0.8640307188034058,0.0,-0.33148763825333816,"Node(id=28_16044_55, type=lorsa, layer=14, feature=16044, pos=55)",1
0,54,11059,lorsa,14,55,11103,transcoder,0.5930737257003784,0.2593373656272888,-0.3337363600730896,0.0,-0.5627232258164369,"Node(id=29_11103_55, type=transcoder, layer=14, feature=11103, pos=55)",1
0,54,11059,lorsa,14,55,15619,transcoder,1.2117552757263184,0.7987231016159058,-0.4130321741104126,0.0,-0.3408544467552194,"Node(id=29_15619_55, type=transcoder, layer=14, feature=15619, pos=55)",1
0,54,15755,lorsa,0,54,1897,transcoder,0.5192403197288513,0.29261669516563416,-0.22662362456321716,0.0,-0.43645228606584446,"Node(id=1_1897_54, type=transcoder, layer=0, feature=1897, pos=54)",1
0,54,15755,lorsa,0,54,11720,transcoder,0.5299642086029053,0.0,-0.5299642086029053,0.0,-1.0,"Node(id=1_11720_54, type=transcoder, layer=0, feature=11720, pos=54)",1
0,54,15755,lorsa,0,54,12956,transcoder,0.2822692096233368,0.0,-0.2822692096233368,0.0,-1.0,"Node(id=1_12956_54, type=transcoder, layer=0, feature=12956, pos=54)",1
0,54,15755,lorsa,1,55,9142,lorsa,3.4574296474456787,2.4617717266082764,-0.9956579208374023,0.0,-0.2879763357073618,"Node(id=2_9142_55, type=lorsa, layer=1, feature=9142, pos=55)",1
0,54,15755,lorsa,1,55,9198,lorsa,3.0222439765930176,2.2981479167938232,-0.7240960597991943,0.0,-0.2395888834280909,"Node(id=2_9198_55, type=lorsa, layer=1, feature=9198, pos=55)",1
0,54,15755,lorsa,1,54,15914,transcoder,0.506878674030304,0.37441620230674744,-0.13246247172355652,0.0,-0.26132973926545033,"Node(id=3_15914_54, type=transcoder, layer=1, feature=15914, pos=54)",1
0,54,15755,lorsa,1,55,12154,transcoder,0.19804225862026215,0.0,-0.19804225862026215,0.0,-1.0,"Node(id=3_12154_55, type=transcoder, layer=1, feature=12154, pos=55)",1
0,54,15755,lorsa,2,55,2823,transcoder,0.23902328312397003,0.0,-0.23902328312397003,0.0,-1.0,"Node(id=5_2823_55, type=transcoder, layer=2, feature=2823, pos=55)",1
0,54,15755,lorsa,2,55,11309,transcoder,0.29157570004463196,0.0,-0.29157570004463196,0.0,-1.0,"Node(id=5_11309_55, type=transcoder, layer=2, feature=11309, pos=55)",1
0,54,15755,lorsa,3,55,11167,transcoder,0.2644384503364563,0.1905791461467743,-0.073859304189682,0.0,-0.2793062207697393,"Node(id=7_11167_55, type=transcoder, layer=3, feature=11167, pos=55)",1
0,55,4151,lorsa,0,55,12836,transcoder,0.3047124743461609,0.2014816552400589,-0.10323081910610199,0.0,-0.3387810732974103,"Node(id=1_12836_55, type=transcoder, layer=0, feature=12836, pos=55)",1
0,55,4151,lorsa,1,55,12154,transcoder,0.19804225862026215,0.0,-0.19804225862026215,0.0,-1.0,"Node(id=3_12154_55, type=transcoder, layer=1, feature=12154, pos=55)",1
0,55,4151,lorsa,2,55,6076,lorsa,1.7181307077407837,1.1822093725204468,-0.5359213352203369,0.0,-0.31192116688551264,"Node(id=4_6076_55, type=lorsa, layer=2, feature=6076, pos=55)",1
0,55,4151,lorsa,2,55,2823,transcoder,0.23902328312397003,0.0,-0.23902328312397003,0.0,-1.0,"Node(id=5_2823_55, type=transcoder, layer=2, feature=2823, pos=55)",1
0,55,4151,lorsa,2,55,11309,transcoder,0.29157570004463196,0.0,-0.29157570004463196,0.0,-1.0,"Node(id=5_11309_55, type=transcoder, layer=2, feature=11309, pos=55)",1
0,55,4151,lorsa,3,55,11167,transcoder,0.2644384503364563,0.16082771122455597,-0.10361073911190033,0.0,-0.3918141971414217,"Node(id=7_11167_55, type=transcoder, layer=3, feature=11167, pos=55)",1
0,55,5178,lorsa,0,55,4945,transcoder,0.1812516152858734,0.0,-0.1812516152858734,0.0,-1.0,"Node(id=1_4945_55, type=transcoder, layer=0, feature=4945, pos=55)",1
0,55,5178,lorsa,1,55,12154,transcoder,0.19804225862026215,0.14172163605690002,-0.05632062256336212,0.0,-0.28438689275582635,"Node(id=3_12154_55, type=transcoder, layer=1, feature=12154, pos=55)",1
0,55,5178,lorsa,2,55,2823,transcoder,0.23902328312397003,0.0,-0.23902328312397003,0.0,-1.0,"Node(id=5_2823_55, type=transcoder, layer=2, feature=2823, pos=55)",1
0,55,5178,lorsa,2,55,11309,transcoder,0.29157570004463196,0.0,-0.29157570004463196,0.0,-1.0,"Node(id=5_11309_55, type=transcoder, layer=2, feature=11309, pos=55)",1
0,55,5178,lorsa,3,55,11167,transcoder,0.2644384503364563,0.20595529675483704,-0.05848315358161926,0.0,-0.22115979543522757,"Node(id=7_11167_55, type=transcoder, layer=3, feature=11167, pos=55)",1
0,55,5493,lorsa,0,55,2549,transcoder,0.5423716306686401,0.4316161274909973,-0.11075550317764282,0.0,-0.20420592987340164,"Node(id=1_2549_55, type=transcoder, layer=0, feature=2549, pos=55)",1
0,55,5493,lorsa,0,55,2905,transcoder,0.5370144248008728,0.381392240524292,-0.1556221842765808,0.0,-0.2897914415134867,"Node(id=1_2905_55, type=transcoder, layer=0, feature=2905, pos=55)",1
0,55,5493,lorsa,1,55,15014,lorsa,0.4733544886112213,0.0,-0.4733544886112213,0.0,-1.0,"Node(id=2_15014_55, type=lorsa, layer=1, feature=15014, pos=55)",1
0,55,5493,lorsa,1,55,1377,transcoder,0.5498209595680237,0.4143936038017273,-0.1354273557662964,0.0,-0.24631173732026734,"Node(id=3_1377_55, type=transcoder, layer=1, feature=1377, pos=55)",1
0,55,5493,lorsa,1,55,12154,transcoder,0.19804225862026215,0.1502450406551361,-0.04779721796512604,0.0,-0.24134858033898327,"Node(id=3_12154_55, type=transcoder, layer=1, feature=12154, pos=55)",1
0,55,5493,lorsa,2,55,2823,transcoder,0.23902328312397003,0.0,-0.23902328312397003,0.0,-1.0,"Node(id=5_2823_55, type=transcoder, layer=2, feature=2823, pos=55)",1
0,55,5493,lorsa,2,55,11309,transcoder,0.29157570004463196,0.0,-0.29157570004463196,0.0,-1.0,"Node(id=5_11309_55, type=transcoder, layer=2, feature=11309, pos=55)",1
0,55,5493,lorsa,3,55,12206,lorsa,1.9337397813796997,1.2499037981033325,-0.6838359832763672,0.0,-0.35363392213426903,"Node(id=6_12206_55, type=lorsa, layer=3, feature=12206, pos=55)",1
0,55,5493,lorsa,3,55,12235,lorsa,2.4719231128692627,1.495060920715332,-0.9768621921539307,0.0,-0.395183081167944,"Node(id=6_12235_55, type=lorsa, layer=3, feature=12235, pos=55)",1
0,55,5493,lorsa,3,55,11167,transcoder,0.2644384503364563,0.0,-0.2644384503364563,0.0,-1.0,"Node(id=7_11167_55, type=transcoder, layer=3, feature=11167, pos=55)",1
0,55,5493,lorsa,5,55,2419,transcoder,0.6756512522697449,0.516984760761261,-0.1586664915084839,0.0,-0.2348348959251812,"Node(id=11_2419_55, type=transcoder, layer=5, feature=2419, pos=55)",1
0,55,5493,lorsa,6,55,7034,transcoder,0.6798377633094788,0.40762171149253845,-0.2722160518169403,0.0,-0.4004132552033902,"Node(id=13_7034_55, type=transcoder, layer=6, feature=7034, pos=55)",1
0,55,5493,lorsa,7,55,13128,transcoder,0.5602725148200989,0.4475236237049103,-0.1127488911151886,0.0,-0.20123937571949568,"Node(id=15_13128_55, type=transcoder, layer=7, feature=13128, pos=55)",1
0,55,5493,lorsa,8,55,9724,transcoder,0.20959925651550293,0.0,-0.20959925651550293,0.0,-1.0,"Node(id=17_9724_55, type=transcoder, layer=8, feature=9724, pos=55)",1
0,55,5493,lorsa,11,55,2278,transcoder,0.4227127730846405,0.31540003418922424,-0.10731273889541626,0.0,-0.25386679970025144,"Node(id=23_2278_55, type=transcoder, layer=11, feature=2278, pos=55)",1
0,55,5493,lorsa,13,55,5819,transcoder,0.5956785082817078,0.3268463611602783,-0.26883214712142944,0.0,-0.4513040900147661,"Node(id=27_5819_55, type=transcoder, layer=13, feature=5819, pos=55)",1
0,55,5493,lorsa,13,55,15835,transcoder,0.3478931784629822,0.23457106947898865,-0.11332210898399353,0.0,-0.32573823230641946,"Node(id=27_15835_55, type=transcoder, layer=13, feature=15835, pos=55)",1
0,55,5493,lorsa,14,55,16044,lorsa,2.606524705886841,1.719093918800354,-0.8874307870864868,0.0,-0.3404651354664787,"Node(id=28_16044_55, type=lorsa, layer=14, feature=16044, pos=55)",1
0,55,5493,lorsa,14,55,11103,transcoder,0.5930737257003784,0.21349366009235382,-0.3795800656080246,0.0,-0.6400217193229513,"Node(id=29_11103_55, type=transcoder, layer=14, feature=11103, pos=55)",1
0,55,5493,lorsa,14,55,15619,transcoder,1.2117552757263184,0.661856472492218,-0.5498988032341003,0.0,-0.4538035148264525,"Node(id=29_15619_55, type=transcoder, layer=14, feature=15619, pos=55)",1
0,55,6817,lorsa,0,55,4945,transcoder,0.1812516152858734,0.0,-0.1812516152858734,0.0,-1.0,"Node(id=1_4945_55, type=transcoder, layer=0, feature=4945, pos=55)",1
0,55,6817,lorsa,1,55,12154,transcoder,0.19804225862026215,0.0,-0.19804225862026215,0.0,-1.0,"Node(id=3_12154_55, type=transcoder, layer=1, feature=12154, pos=55)",1
0,55,6817,lorsa,2,55,6076,lorsa,1.7181307077407837,1.2869911193847656,-0.43113958835601807,0.0,-0.25093526727249704,"Node(id=4_6076_55, type=lorsa, layer=2, feature=6076, pos=55)",1
0,55,6817,lorsa,2,55,2823,transcoder,0.23902328312397003,0.0,-0.23902328312397003,0.0,-1.0,"Node(id=5_2823_55, type=transcoder, layer=2, feature=2823, pos=55)",1
0,55,6817,lorsa,3,55,11167,transcoder,0.2644384503364563,0.17775796353816986,-0.08668048679828644,0.0,-0.32779078340536016,"Node(id=7_11167_55, type=transcoder, layer=3, feature=11167, pos=55)",1
0,55,7176,lorsa,0,55,2549,transcoder,0.5423716306686401,0.0,-0.5423716306686401,0.0,-1.0,"Node(id=1_2549_55, type=transcoder, layer=0, feature=2549, pos=55)",1
0,55,7176,lorsa,0,55,2905,transcoder,0.5370144248008728,0.25787851214408875,-0.27913591265678406,0.0,-0.5197922062527256,"Node(id=1_2905_55, type=transcoder, layer=0, feature=2905, pos=55)",1
0,55,7176,lorsa,0,55,2956,transcoder,0.49862179160118103,0.37091705203056335,-0.12770473957061768,0.0,-0.2561154400423024,"Node(id=1_2956_55, type=transcoder, layer=0, feature=2956, pos=55)",1
0,55,7176,lorsa,1,55,780,lorsa,1.3893356323242188,0.0,-1.3893356323242188,0.0,-1.0,"Node(id=2_780_55, type=lorsa, layer=1, feature=780, pos=55)",1
0,55,7176,lorsa,1,55,15014,lorsa,0.4733544886112213,0.0,-0.4733544886112213,0.0,-1.0,"Node(id=2_15014_55, type=lorsa, layer=1, feature=15014, pos=55)",1
0,55,7176,lorsa,1,55,1377,transcoder,0.5498209595680237,0.0,-0.5498209595680237,0.0,-1.0,"Node(id=3_1377_55, type=transcoder, layer=1, feature=1377, pos=55)",1
0,55,7176,lorsa,1,55,1824,transcoder,0.6892250180244446,0.44596436619758606,-0.24326065182685852,0.0,-0.3529480872939392,"Node(id=3_1824_55, type=transcoder, layer=1, feature=1824, pos=55)",1
0,55,7176,lorsa,1,55,7963,transcoder,0.6885604858398438,0.5008917450904846,-0.18766874074935913,0.0,-0.2725522951269238,"Node(id=3_7963_55, type=transcoder, layer=1, feature=7963, pos=55)",1
0,55,7176,lorsa,1,55,8874,transcoder,0.5501189231872559,0.3024331331253052,-0.24768579006195068,0.0,-0.45024044733258617,"Node(id=3_8874_55, type=transcoder, layer=1, feature=8874, pos=55)",1
0,55,7176,lorsa,1,55,12154,transcoder,0.19804225862026215,0.0,-0.19804225862026215,0.0,-1.0,"Node(id=3_12154_55, type=transcoder, layer=1, feature=12154, pos=55)",1
0,55,7176,lorsa,2,55,6076,lorsa,1.7181307077407837,0.6474186182022095,-1.0707120895385742,0.0,-0.623184304147897,"Node(id=4_6076_55, type=lorsa, layer=2, feature=6076, pos=55)",1
0,55,7176,lorsa,2,55,11401,lorsa,1.9274051189422607,0.8455482125282288,-1.081856906414032,0.0,-0.5613022896855974,"Node(id=4_11401_55, type=lorsa, layer=2, feature=11401, pos=55)",1
0,55,7176,lorsa,2,55,2823,transcoder,0.23902328312397003,0.0,-0.23902328312397003,0.0,-1.0,"Node(id=5_2823_55, type=transcoder, layer=2, feature=2823, pos=55)",1
0,55,7176,lorsa,2,55,4901,transcoder,1.173736810684204,0.9356849193572998,-0.2380518913269043,0.0,-0.20281539196861106,"Node(id=5_4901_55, type=transcoder, layer=2, feature=4901, pos=55)",1
0,55,7176,lorsa,2,55,5819,transcoder,0.7991868257522583,0.3611434996128082,-0.4380433261394501,0.0,-0.5481112951619652,"Node(id=5_5819_55, type=transcoder, layer=2, feature=5819, pos=55)",1
0,55,7176,lorsa,2,55,11309,transcoder,0.29157570004463196,0.0,-0.29157570004463196,0.0,-1.0,"Node(id=5_11309_55, type=transcoder, layer=2, feature=11309, pos=55)",1
0,55,7176,lorsa,2,55,13261,transcoder,0.6239655017852783,0.2748942971229553,-0.349071204662323,0.0,-0.5594399108020669,"Node(id=5_13261_55, type=transcoder, layer=2, feature=13261, pos=55)",1
0,55,7176,lorsa,3,55,12206,lorsa,1.9337397813796997,0.0,-1.9337397813796997,0.0,-1.0,"Node(id=6_12206_55, type=lorsa, layer=3, feature=12206, pos=55)",1
0,55,7176,lorsa,3,55,12235,lorsa,2.4719231128692627,0.0,-2.4719231128692627,0.0,-1.0,"Node(id=6_12235_55, type=lorsa, layer=3, feature=12235, pos=55)",1
0,55,7176,lorsa,3,55,11167,transcoder,0.2644384503364563,0.0,-0.2644384503364563,0.0,-1.0,"Node(id=7_11167_55, type=transcoder, layer=3, feature=11167, pos=55)",1
0,55,7176,lorsa,4,55,16282,lorsa,1.991599440574646,1.576475977897644,-0.41512346267700195,0.0,-0.20843722599019426,"Node(id=8_16282_55, type=lorsa, layer=4, feature=16282, pos=55)",1
0,55,7176,lorsa,4,55,9531,transcoder,0.5060067176818848,0.3250015377998352,-0.18100517988204956,0.0,-0.3577129977864118,"Node(id=9_9531_55, type=transcoder, layer=4, feature=9531, pos=55)",1
0,55,7176,lorsa,4,55,9914,transcoder,0.5230033993721008,0.3752967119216919,-0.14770668745040894,0.0,-0.28242012887055856,"Node(id=9_9914_55, type=transcoder, layer=4, feature=9914, pos=55)",1
0,55,7176,lorsa,5,55,2419,transcoder,0.6756512522697449,0.19003993272781372,-0.48561131954193115,0.0,-0.718730732623666,"Node(id=11_2419_55, type=transcoder, layer=5, feature=2419, pos=55)",1
0,55,7176,lorsa,6,55,7034,transcoder,0.6798377633094788,0.0,-0.6798377633094788,0.0,-1.0,"Node(id=13_7034_55, type=transcoder, layer=6, feature=7034, pos=55)",1
0,55,7176,lorsa,7,55,13128,transcoder,0.5602725148200989,0.0,-0.5602725148200989,0.0,-1.0,"Node(id=15_13128_55, type=transcoder, layer=7, feature=13128, pos=55)",1
0,55,7176,lorsa,8,55,12466,lorsa,5.128899097442627,3.6534204483032227,-1.4754786491394043,0.0,-0.28767940665378033,"Node(id=16_12466_55, type=lorsa, layer=8, feature=12466, pos=55)",1
0,55,7176,lorsa,8,55,9724,transcoder,0.20959925651550293,0.0,-0.20959925651550293,0.0,-1.0,"Node(id=17_9724_55, type=transcoder, layer=8, feature=9724, pos=55)",1
0,55,7176,lorsa,9,55,12225,transcoder,0.47227632999420166,0.30937209725379944,-0.16290423274040222,0.0,-0.3449341463765552,"Node(id=19_12225_55, type=transcoder, layer=9, feature=12225, pos=55)",1
0,55,7176,lorsa,11,55,2278,transcoder,0.4227127730846405,0.0,-0.4227127730846405,0.0,-1.0,"Node(id=23_2278_55, type=transcoder, layer=11, feature=2278, pos=55)",1
0,55,7176,lorsa,13,55,5819,transcoder,0.5956785082817078,0.0,-0.5956785082817078,0.0,-1.0,"Node(id=27_5819_55, type=transcoder, layer=13, feature=5819, pos=55)",1
0,55,7176,lorsa,13,55,15835,transcoder,0.3478931784629822,0.0,-0.3478931784629822,0.0,-1.0,"Node(id=27_15835_55, type=transcoder, layer=13, feature=15835, pos=55)",1
0,55,7176,lorsa,14,55,16044,lorsa,2.606524705886841,0.7762417197227478,-1.830282986164093,0.0,-0.7021928401562416,"Node(id=28_16044_55, type=lorsa, layer=14, feature=16044, pos=55)",1
0,55,7176,lorsa,14,55,138,transcoder,5.991324424743652,4.078469753265381,-1.9128546714782715,0.0,-0.31927075482314843,"Node(id=29_138_55, type=transcoder, layer=14, feature=138, pos=55)",1
0,55,7176,lorsa,14,55,3391,transcoder,0.7034270167350769,0.0,-0.7034270167350769,0.0,-1.0,"Node(id=29_3391_55, type=transcoder, layer=14, feature=3391, pos=55)",1
0,55,7176,lorsa,14,55,11103,transcoder,0.5930737257003784,0.0,-0.5930737257003784,0.0,-1.0,"Node(id=29_11103_55, type=transcoder, layer=14, feature=11103, pos=55)",1
0,55,7176,lorsa,14,55,15619,transcoder,1.2117552757263184,0.0,-1.2117552757263184,0.0,-1.0,"Node(id=29_15619_55, type=transcoder, layer=14, feature=15619, pos=55)",1
0,55,7273,lorsa,1,55,15014,lorsa,0.4733544886112213,0.0,-0.4733544886112213,0.0,-1.0,"Node(id=2_15014_55, type=lorsa, layer=1, feature=15014, pos=55)",1
0,55,7273,lorsa,2,55,2823,transcoder,0.23902328312397003,0.0,-0.23902328312397003,0.0,-1.0,"Node(id=5_2823_55, type=transcoder, layer=2, feature=2823, pos=55)",1
0,55,7273,lorsa,2,55,11309,transcoder,0.29157570004463196,0.0,-0.29157570004463196,0.0,-1.0,"Node(id=5_11309_55, type=transcoder, layer=2, feature=11309, pos=55)",1
0,55,14602,lorsa,1,55,12154,transcoder,0.19804225862026215,0.13859017193317413,-0.05945208668708801,0.0,-0.3001989933930462,"Node(id=3_12154_55, type=transcoder, layer=1, feature=12154, pos=55)",1
0,55,14602,lorsa,2,55,2823,transcoder,0.23902328312397003,0.0,-0.23902328312397003,0.0,-1.0,"Node(id=5_2823_55, type=transcoder, layer=2, feature=2823, pos=55)",1
0,55,14602,lorsa,2,55,11309,transcoder,0.29157570004463196,0.0,-0.29157570004463196,0.0,-1.0,"Node(id=5_11309_55, type=transcoder, layer=2, feature=11309, pos=55)",1
0,55,14602,lorsa,3,55,11167,transcoder,0.2644384503364563,0.2027158886194229,-0.061722561717033386,0.0,-0.23340993580359112,"Node(id=7_11167_55, type=transcoder, layer=3, feature=11167, pos=55)",1
0,62,6922,lorsa,0,62,488,transcoder,1.388912558555603,0.8218414783477783,-0.5670710802078247,0.0,-0.40828421970462214,"Node(id=1_488_62, type=transcoder, layer=0, feature=488, pos=62)",1
0,6,8484,transcoder,2,6,13953,transcoder,1.7135149240493774,0.0,-1.7135149240493774,0.0,-1.0,"Node(id=5_13953_6, type=transcoder, layer=2, feature=13953, pos=6)",1
0,6,8484,transcoder,2,55,11309,transcoder,0.29157570004463196,0.0,-0.29157570004463196,0.0,-1.0,"Node(id=5_11309_55, type=transcoder, layer=2, feature=11309, pos=55)",1
0,6,8484,transcoder,11,55,2278,transcoder,0.4227127730846405,0.33554303646087646,-0.08716973662376404,0.0,-0.20621505233367976,"Node(id=23_2278_55, type=transcoder, layer=11, feature=2278, pos=55)",1
0,6,8484,transcoder,13,55,5819,transcoder,0.5956785082817078,0.4167175889015198,-0.178960919380188,0.0,-0.30043205670860623,"Node(id=27_5819_55, type=transcoder, layer=13, feature=5819, pos=55)",1
0,6,8484,transcoder,13,55,15835,transcoder,0.3478931784629822,0.24725617468357086,-0.10063700377941132,0.0,-0.2892755880527266,"Node(id=27_15835_55, type=transcoder, layer=13, feature=15835, pos=55)",1
0,6,8484,transcoder,14,55,16044,lorsa,2.606524705886841,2.0850918292999268,-0.5214328765869141,0.0,-0.20004908275346747,"Node(id=28_16044_55, type=lorsa, layer=14, feature=16044, pos=55)",1
0,6,8484,transcoder,14,55,15619,transcoder,1.2117552757263184,0.9553214311599731,-0.2564338445663452,0.0,-0.2116218098680366,"Node(id=29_15619_55, type=transcoder, layer=14, feature=15619, pos=55)",1
0,19,4675,transcoder,1,55,8260,lorsa,1.92356276512146,0.0,-1.92356276512146,0.0,-1.0,"Node(id=2_8260_55, type=lorsa, layer=1, feature=8260, pos=55)",1
0,19,4675,transcoder,1,55,8308,lorsa,1.5582549571990967,1.1210817098617554,-0.4371732473373413,0.0,-0.28055309262300915,"Node(id=2_8308_55, type=lorsa, layer=1, feature=8308, pos=55)",1
0,19,4675,transcoder,1,19,9035,transcoder,1.3196029663085938,0.46531441807746887,-0.8542885482311249,0.0,-0.6473830159846325,"Node(id=3_9035_19, type=transcoder, layer=1, feature=9035, pos=19)",1
0,19,4675,transcoder,1,55,12154,transcoder,0.19804225862026215,0.13776449859142303,-0.06027776002883911,0.0,-0.30436817095900337,"Node(id=3_12154_55, type=transcoder, layer=1, feature=12154, pos=55)",1
0,19,4675,transcoder,2,55,6076,lorsa,1.7181307077407837,1.2191143035888672,-0.4990164041519165,0.0,-0.29044146752262323,"Node(id=4_6076_55, type=lorsa, layer=2, feature=6076, pos=55)",1
0,19,4675,transcoder,2,55,7624,lorsa,3.8822731971740723,2.2401201725006104,-1.642153024673462,0.0,-0.4229874976003219,"Node(id=4_7624_55, type=lorsa, layer=2, feature=7624, pos=55)",1
0,19,4675,transcoder,2,55,5819,transcoder,0.7991868257522583,0.6095057129859924,-0.18968111276626587,0.0,-0.23734264211340433,"Node(id=5_5819_55, type=transcoder, layer=2, feature=5819, pos=55)",1
0,19,4675,transcoder,2,55,13261,transcoder,0.6239655017852783,0.0,-0.6239655017852783,0.0,-1.0,"Node(id=5_13261_55, type=transcoder, layer=2, feature=13261, pos=55)",1
0,19,4675,transcoder,3,54,9407,transcoder,0.9804326891899109,0.7281112670898438,-0.25232142210006714,0.0,-0.2573572106296756,"Node(id=7_9407_54, type=transcoder, layer=3, feature=9407, pos=54)",1
0,19,4675,transcoder,4,55,16282,lorsa,1.991599440574646,1.4978857040405273,-0.49371373653411865,0.0,-0.24789810966790843,"Node(id=8_16282_55, type=lorsa, layer=4, feature=16282, pos=55)",1
0,19,4675,transcoder,4,55,2320,transcoder,2.978559732437134,1.8352140188217163,-1.1433457136154175,0.0,-0.38385858143590185,"Node(id=9_2320_55, type=transcoder, layer=4, feature=2320, pos=55)",1
0,19,4675,transcoder,4,55,9531,transcoder,0.5060067176818848,0.24126653373241425,-0.2647401839494705,0.0,-0.5231949986006051,"Node(id=9_9531_55, type=transcoder, layer=4, feature=9531, pos=55)",1
0,19,4675,transcoder,5,54,13299,transcoder,0.4998253881931305,0.37738457322120667,-0.12244081497192383,0.0,-0.24496717826708952,"Node(id=11_13299_54, type=transcoder, layer=5, feature=13299, pos=54)",1
0,19,4675,transcoder,6,55,7034,transcoder,0.6798377633094788,0.5008381605148315,-0.17899960279464722,0.0,-0.2632975284033497,"Node(id=13_7034_55, type=transcoder, layer=6, feature=7034, pos=55)",1
0,19,4675,transcoder,7,55,13128,transcoder,0.5602725148200989,0.0,-0.5602725148200989,0.0,-1.0,"Node(id=15_13128_55, type=transcoder, layer=7, feature=13128, pos=55)",1
0,19,4675,transcoder,8,55,12466,lorsa,5.128899097442627,2.4930078983306885,-2.6358911991119385,0.0,-0.5139292368661039,"Node(id=16_12466_55, type=lorsa, layer=8, feature=12466, pos=55)",1
0,19,4675,transcoder,8,55,9724,transcoder,0.20959925651550293,0.0,-0.20959925651550293,0.0,-1.0,"Node(id=17_9724_55, type=transcoder, layer=8, feature=9724, pos=55)",1
0,19,4675,transcoder,9,55,12225,transcoder,0.47227632999420166,0.26690611243247986,-0.2053702175617218,0.0,-0.4348518113627317,"Node(id=19_12225_55, type=transcoder, layer=9, feature=12225, pos=55)",1
0,19,4675,transcoder,9,55,12666,transcoder,0.6803210973739624,0.3417043089866638,-0.3386167883872986,0.0,-0.49773083576910737,"Node(id=19_12666_55, type=transcoder, layer=9, feature=12666, pos=55)",1
0,19,4675,transcoder,10,55,11535,transcoder,0.6737499833106995,0.0,-0.6737499833106995,0.0,-1.0,"Node(id=21_11535_55, type=transcoder, layer=10, feature=11535, pos=55)",1
0,19,4675,transcoder,11,55,2278,transcoder,0.4227127730846405,0.30929404497146606,-0.11341872811317444,0.0,-0.2683115707281086,"Node(id=23_2278_55, type=transcoder, layer=11, feature=2278, pos=55)",1
0,19,4675,transcoder,13,55,5819,transcoder,0.5956785082817078,0.0,-0.5956785082817078,0.0,-1.0,"Node(id=27_5819_55, type=transcoder, layer=13, feature=5819, pos=55)",1
0,19,4675,transcoder,13,55,12356,transcoder,3.18350887298584,1.8589470386505127,-1.3245618343353271,0.0,-0.41606977934790845,"Node(id=27_12356_55, type=transcoder, layer=13, feature=12356, pos=55)",1
0,19,4675,transcoder,13,55,15835,transcoder,0.3478931784629822,0.0,-0.3478931784629822,0.0,-1.0,"Node(id=27_15835_55, type=transcoder, layer=13, feature=15835, pos=55)",1
0,19,4675,transcoder,14,55,16044,lorsa,2.606524705886841,0.6864177584648132,-1.9201069474220276,0.0,-0.7366540371113547,"Node(id=28_16044_55, type=lorsa, layer=14, feature=16044, pos=55)",1
0,19,4675,transcoder,14,55,138,transcoder,5.991324424743652,2.3567562103271484,-3.634568214416504,0.0,-0.6066385254328828,"Node(id=29_138_55, type=transcoder, layer=14, feature=138, pos=55)",1
0,19,4675,transcoder,14,55,3391,transcoder,0.7034270167350769,0.0,-0.7034270167350769,0.0,-1.0,"Node(id=29_3391_55, type=transcoder, layer=14, feature=3391, pos=55)",1
0,19,4675,transcoder,14,55,11103,transcoder,0.5930737257003784,0.0,-0.5930737257003784,0.0,-1.0,"Node(id=29_11103_55, type=transcoder, layer=14, feature=11103, pos=55)",1
0,19,4675,transcoder,14,55,15619,transcoder,1.2117552757263184,0.0,-1.2117552757263184,0.0,-1.0,"Node(id=29_15619_55, type=transcoder, layer=14, feature=15619, pos=55)",1
0,19,12801,transcoder,1,55,8260,lorsa,1.92356276512146,0.7164178490638733,-1.2071449160575867,0.0,-0.6275568117380166,"Node(id=2_8260_55, type=lorsa, layer=1, feature=8260, pos=55)",1
0,19,12801,transcoder,1,19,9035,transcoder,1.3196029663085938,0.7944102883338928,-0.5251926779747009,0.0,-0.39799295044315836,"Node(id=3_9035_19, type=transcoder, layer=1, feature=9035, pos=19)",1
0,19,12801,transcoder,2,55,2823,transcoder,0.23902328312397003,0.0,-0.23902328312397003,0.0,-1.0,"Node(id=5_2823_55, type=transcoder, layer=2, feature=2823, pos=55)",1
0,23,8135,transcoder,1,55,780,lorsa,1.3893356323242188,1.1007328033447266,-0.2886028289794922,0.0,-0.20772722030938534,"Node(id=2_780_55, type=lorsa, layer=1, feature=780, pos=55)",1
0,23,8135,transcoder,1,23,1321,transcoder,0.8943891525268555,0.2142552137374878,-0.6801339387893677,0.0,-0.7604452009148731,"Node(id=3_1321_23, type=transcoder, layer=1, feature=1321, pos=23)",1
0,23,8135,transcoder,1,23,1816,transcoder,0.8825504183769226,0.1182267963886261,-0.7643236219882965,0.0,-0.866039612098248,"Node(id=3_1816_23, type=transcoder, layer=1, feature=1816, pos=23)",1
0,23,8135,transcoder,1,23,6844,transcoder,0.542878270149231,0.13951265811920166,-0.4033656120300293,0.0,-0.7430129998003949,"Node(id=3_6844_23, type=transcoder, layer=1, feature=6844, pos=23)",1
0,23,8135,transcoder,1,51,11218,transcoder,0.6390401721000671,0.44674965739250183,-0.1922905147075653,0.0,-0.3009052061244353,"Node(id=3_11218_51, type=transcoder, layer=1, feature=11218, pos=51)",1
0,23,8135,transcoder,1,55,1377,transcoder,0.5498209595680237,0.32663336396217346,-0.22318759560585022,0.0,-0.4059277692527426,"Node(id=3_1377_55, type=transcoder, layer=1, feature=1377, pos=55)",1
0,23,8135,transcoder,1,55,12154,transcoder,0.19804225862026215,0.0,-0.19804225862026215,0.0,-1.0,"Node(id=3_12154_55, type=transcoder, layer=1, feature=12154, pos=55)",1
0,23,8135,transcoder,2,23,12879,lorsa,2.5271050930023193,0.8312184810638428,-1.6958866119384766,0.0,-0.6710787836384294,"Node(id=4_12879_23, type=lorsa, layer=2, feature=12879, pos=23)",1
0,23,8135,transcoder,2,55,6076,lorsa,1.7181307077407837,0.6955304741859436,-1.02260023355484,0.0,-0.5951818618616534,"Node(id=4_6076_55, type=lorsa, layer=2, feature=6076, pos=55)",1
0,23,8135,transcoder,2,55,11401,lorsa,1.9274051189422607,0.0,-1.9274051189422607,0.0,-1.0,"Node(id=4_11401_55, type=lorsa, layer=2, feature=11401, pos=55)",1
0,23,8135,transcoder,2,23,13354,transcoder,0.9106659889221191,0.25972849130630493,-0.6509374976158142,0.0,-0.714792806071824,"Node(id=5_13354_23, type=transcoder, layer=2, feature=13354, pos=23)",1
0,23,8135,transcoder,2,55,11309,transcoder,0.29157570004463196,0.0,-0.29157570004463196,0.0,-1.0,"Node(id=5_11309_55, type=transcoder, layer=2, feature=11309, pos=55)",1
0,23,8135,transcoder,2,55,13261,transcoder,0.6239655017852783,0.21595783531665802,-0.4080076664686203,0.0,-0.6538945908086848,"Node(id=5_13261_55, type=transcoder, layer=2, feature=13261, pos=55)",1
0,23,8135,transcoder,3,55,12206,lorsa,1.9337397813796997,0.0,-1.9337397813796997,0.0,-1.0,"Node(id=6_12206_55, type=lorsa, layer=3, feature=12206, pos=55)",1
0,23,8135,transcoder,3,55,12235,lorsa,2.4719231128692627,0.0,-2.4719231128692627,0.0,-1.0,"Node(id=6_12235_55, type=lorsa, layer=3, feature=12235, pos=55)",1
0,23,8135,transcoder,3,54,9407,transcoder,0.9804326891899109,0.6005051136016846,-0.3799275755882263,0.0,-0.3875101062798549,"Node(id=7_9407_54, type=transcoder, layer=3, feature=9407, pos=54)",1
0,23,8135,transcoder,3,55,11167,transcoder,0.2644384503364563,0.0,-0.2644384503364563,0.0,-1.0,"Node(id=7_11167_55, type=transcoder, layer=3, feature=11167, pos=55)",1
0,23,8135,transcoder,4,55,16377,lorsa,2.713291645050049,2.1489834785461426,-0.5643081665039062,0.0,-0.20797917818137723,"Node(id=8_16377_55, type=lorsa, layer=4, feature=16377, pos=55)",1
0,23,8135,transcoder,4,55,2320,transcoder,2.978559732437134,2.3444273471832275,-0.6341323852539062,0.0,-0.2128989989181929,"Node(id=9_2320_55, type=transcoder, layer=4, feature=2320, pos=55)",1
0,23,8135,transcoder,4,55,9531,transcoder,0.5060067176818848,0.0,-0.5060067176818848,0.0,-1.0,"Node(id=9_9531_55, type=transcoder, layer=4, feature=9531, pos=55)",1
0,23,8135,transcoder,5,55,2419,transcoder,0.6756512522697449,0.20658887922763824,-0.46906237304210663,0.0,-0.6942374064524632,"Node(id=11_2419_55, type=transcoder, layer=5, feature=2419, pos=55)",1
0,23,8135,transcoder,6,54,6679,transcoder,1.2186368703842163,0.949929416179657,-0.2687074542045593,0.0,-0.22049837874988984,"Node(id=13_6679_54, type=transcoder, layer=6, feature=6679, pos=54)",1
0,23,8135,transcoder,6,55,7034,transcoder,0.6798377633094788,0.0,-0.6798377633094788,0.0,-1.0,"Node(id=13_7034_55, type=transcoder, layer=6, feature=7034, pos=55)",1
0,23,8135,transcoder,7,55,13128,transcoder,0.5602725148200989,0.2884450852870941,-0.27182742953300476,0.0,-0.4851700241270757,"Node(id=15_13128_55, type=transcoder, layer=7, feature=13128, pos=55)",1
0,23,8135,transcoder,8,55,9724,transcoder,0.20959925651550293,0.0,-0.20959925651550293,0.0,-1.0,"Node(id=17_9724_55, type=transcoder, layer=8, feature=9724, pos=55)",1
0,23,8135,transcoder,8,62,3162,transcoder,3.005798101425171,2.3610000610351562,-0.6447980403900146,0.0,-0.21451808093307723,"Node(id=17_3162_62, type=transcoder, layer=8, feature=3162, pos=62)",1
0,23,8135,transcoder,9,55,12225,transcoder,0.47227632999420166,0.161469966173172,-0.31080636382102966,0.0,-0.6581027760270043,"Node(id=19_12225_55, type=transcoder, layer=9, feature=12225, pos=55)",1
0,23,8135,transcoder,9,55,12666,transcoder,0.6803210973739624,0.0,-0.6803210973739624,0.0,-1.0,"Node(id=19_12666_55, type=transcoder, layer=9, feature=12666, pos=55)",1
0,23,8135,transcoder,10,55,11535,transcoder,0.6737499833106995,0.0,-0.6737499833106995,0.0,-1.0,"Node(id=21_11535_55, type=transcoder, layer=10, feature=11535, pos=55)",1
0,23,8135,transcoder,11,55,2278,transcoder,0.4227127730846405,0.0,-0.4227127730846405,0.0,-1.0,"Node(id=23_2278_55, type=transcoder, layer=11, feature=2278, pos=55)",1
0,23,8135,transcoder,13,55,5819,transcoder,0.5956785082817078,0.0,-0.5956785082817078,0.0,-1.0,"Node(id=27_5819_55, type=transcoder, layer=13, feature=5819, pos=55)",1
0,23,8135,transcoder,13,55,15835,transcoder,0.3478931784629822,0.0,-0.3478931784629822,0.0,-1.0,"Node(id=27_15835_55, type=transcoder, layer=13, feature=15835, pos=55)",1
0,23,8135,transcoder,14,55,16044,lorsa,2.606524705886841,0.0,-2.606524705886841,0.0,-1.0,"Node(id=28_16044_55, type=lorsa, layer=14, feature=16044, pos=55)",1
0,23,8135,transcoder,14,23,5634,transcoder,3.0851762294769287,0.0,-3.0851762294769287,0.0,-1.0,"Node(id=29_5634_23, type=transcoder, layer=14, feature=5634, pos=23)",1
0,23,8135,transcoder,14,55,138,transcoder,5.991324424743652,3.4262988567352295,-2.565025568008423,0.0,-0.4281232973155466,"Node(id=29_138_55, type=transcoder, layer=14, feature=138, pos=55)",1
0,23,8135,transcoder,14,55,3391,transcoder,0.7034270167350769,0.0,-0.7034270167350769,0.0,-1.0,"Node(id=29_3391_55, type=transcoder, layer=14, feature=3391, pos=55)",1
0,23,8135,transcoder,14,55,11103,transcoder,0.5930737257003784,0.0,-0.5930737257003784,0.0,-1.0,"Node(id=29_11103_55, type=transcoder, layer=14, feature=11103, pos=55)",1
0,23,8135,transcoder,14,55,15619,transcoder,1.2117552757263184,0.0,-1.2117552757263184,0.0,-1.0,"Node(id=29_15619_55, type=transcoder, layer=14, feature=15619, pos=55)",1
0,51,2952,transcoder,1,51,11215,lorsa,6.104880332946777,0.0,-6.104880332946777,0.0,-1.0,"Node(id=2_11215_51, type=lorsa, layer=1, feature=11215, pos=51)",1
0,51,2952,transcoder,1,55,15014,lorsa,0.4733544886112213,0.0,-0.4733544886112213,0.0,-1.0,"Node(id=2_15014_55, type=lorsa, layer=1, feature=15014, pos=55)",1
0,51,2952,transcoder,1,23,1321,transcoder,0.8943891525268555,0.514775276184082,-0.37961387634277344,0.0,-0.4244392670352461,"Node(id=3_1321_23, type=transcoder, layer=1, feature=1321, pos=23)",1
0,51,2952,transcoder,1,23,1816,transcoder,0.8825504183769226,0.4116586744785309,-0.4708917438983917,0.0,-0.5335578954960981,"Node(id=3_1816_23, type=transcoder, layer=1, feature=1816, pos=23)",1
0,51,2952,transcoder,1,51,11218,transcoder,0.6390401721000671,0.0,-0.6390401721000671,0.0,-1.0,"Node(id=3_11218_51, type=transcoder, layer=1, feature=11218, pos=51)",1
0,51,2952,transcoder,1,51,11331,transcoder,0.7390512824058533,0.0,-0.7390512824058533,0.0,-1.0,"Node(id=3_11331_51, type=transcoder, layer=1, feature=11331, pos=51)",1
0,51,2952,transcoder,2,55,11401,lorsa,1.9274051189422607,0.9851040244102478,-0.9423010945320129,0.0,-0.48889622906529256,"Node(id=4_11401_55, type=lorsa, layer=2, feature=11401, pos=55)",1
0,51,2952,transcoder,2,55,2823,transcoder,0.23902328312397003,0.0,-0.23902328312397003,0.0,-1.0,"Node(id=5_2823_55, type=transcoder, layer=2, feature=2823, pos=55)",1
0,51,2952,transcoder,2,55,4901,transcoder,1.173736810684204,0.8846012949943542,-0.28913551568984985,0.0,-0.24633760572040392,"Node(id=5_4901_55, type=transcoder, layer=2, feature=4901, pos=55)",1
0,51,2952,transcoder,2,55,11309,transcoder,0.29157570004463196,0.0,-0.29157570004463196,0.0,-1.0,"Node(id=5_11309_55, type=transcoder, layer=2, feature=11309, pos=55)",1
0,51,2952,transcoder,3,55,12206,lorsa,1.9337397813796997,0.0,-1.9337397813796997,0.0,-1.0,"Node(id=6_12206_55, type=lorsa, layer=3, feature=12206, pos=55)",1
0,51,2952,transcoder,3,55,12235,lorsa,2.4719231128692627,0.0,-2.4719231128692627,0.0,-1.0,"Node(id=6_12235_55, type=lorsa, layer=3, feature=12235, pos=55)",1
0,51,2952,transcoder,3,55,11167,transcoder,0.2644384503364563,0.0,-0.2644384503364563,0.0,-1.0,"Node(id=7_11167_55, type=transcoder, layer=3, feature=11167, pos=55)",1
0,51,2952,transcoder,4,55,9531,transcoder,0.5060067176818848,0.0,-0.5060067176818848,0.0,-1.0,"Node(id=9_9531_55, type=transcoder, layer=4, feature=9531, pos=55)",1
0,51,2952,transcoder,4,55,9914,transcoder,0.5230033993721008,0.0,-0.5230033993721008,0.0,-1.0,"Node(id=9_9914_55, type=transcoder, layer=4, feature=9914, pos=55)",1
0,51,2952,transcoder,6,54,6679,transcoder,1.2186368703842163,0.9170279502868652,-0.3016089200973511,0.0,-0.24749695945294903,"Node(id=13_6679_54, type=transcoder, layer=6, feature=6679, pos=54)",1
0,51,2952,transcoder,6,55,7034,transcoder,0.6798377633094788,0.40000641345977783,-0.2798313498497009,0.0,-0.4116148954236819,"Node(id=13_7034_55, type=transcoder, layer=6, feature=7034, pos=55)",1
0,51,2952,transcoder,7,55,13128,transcoder,0.5602725148200989,0.4472714066505432,-0.11300110816955566,0.0,-0.2016895442494441,"Node(id=15_13128_55, type=transcoder, layer=7, feature=13128, pos=55)",1
0,51,2952,transcoder,8,55,9724,transcoder,0.20959925651550293,0.0,-0.20959925651550293,0.0,-1.0,"Node(id=17_9724_55, type=transcoder, layer=8, feature=9724, pos=55)",1
0,51,2952,transcoder,9,55,12666,transcoder,0.6803210973739624,0.5327193737030029,-0.14760172367095947,0.0,-0.21695890990401698,"Node(id=19_12666_55, type=transcoder, layer=9, feature=12666, pos=55)",1
0,51,2952,transcoder,11,55,2278,transcoder,0.4227127730846405,0.0,-0.4227127730846405,0.0,-1.0,"Node(id=23_2278_55, type=transcoder, layer=11, feature=2278, pos=55)",1
0,51,2952,transcoder,13,55,5819,transcoder,0.5956785082817078,0.2815099358558655,-0.3141685724258423,0.0,-0.5274129720276327,"Node(id=27_5819_55, type=transcoder, layer=13, feature=5819, pos=55)",1
0,51,2952,transcoder,13,55,15835,transcoder,0.3478931784629822,0.0,-0.3478931784629822,0.0,-1.0,"Node(id=27_15835_55, type=transcoder, layer=13, feature=15835, pos=55)",1
0,51,2952,transcoder,14,55,16044,lorsa,2.606524705886841,1.2358393669128418,-1.370685338973999,0.0,-0.5258670043979647,"Node(id=28_16044_55, type=lorsa, layer=14, feature=16044, pos=55)",1
0,51,2952,transcoder,14,55,3391,transcoder,0.7034270167350769,0.0,-0.7034270167350769,0.0,-1.0,"Node(id=29_3391_55, type=transcoder, layer=14, feature=3391, pos=55)",1
0,51,2952,transcoder,14,55,11103,transcoder,0.5930737257003784,0.0,-0.5930737257003784,0.0,-1.0,"Node(id=29_11103_55, type=transcoder, layer=14, feature=11103, pos=55)",1
0,51,2952,transcoder,14,55,15619,transcoder,1.2117552757263184,0.0,-1.2117552757263184,0.0,-1.0,"Node(id=29_15619_55, type=transcoder, layer=14, feature=15619, pos=55)",1
0,54,1897,transcoder,2,55,11309,transcoder,0.29157570004463196,0.0,-0.29157570004463196,0.0,-1.0,"Node(id=5_11309_55, type=transcoder, layer=2, feature=11309, pos=55)",1
0,54,1897,transcoder,3,55,11167,transcoder,0.2644384503364563,0.2112656533718109,-0.053172796964645386,0.0,-0.20107815976455531,"Node(id=7_11167_55, type=transcoder, layer=3, feature=11167, pos=55)",1
0,54,5593,transcoder,1,55,9142,lorsa,3.4574296474456787,1.0169209241867065,-2.440508723258972,0.0,-0.7058737189524595,"Node(id=2_9142_55, type=lorsa, layer=1, feature=9142, pos=55)",1
0,54,5593,transcoder,1,55,15014,lorsa,0.4733544886112213,0.0,-0.4733544886112213,0.0,-1.0,"Node(id=2_15014_55, type=lorsa, layer=1, feature=15014, pos=55)",1
0,54,5593,transcoder,1,54,15914,transcoder,0.506878674030304,0.0,-0.506878674030304,0.0,-1.0,"Node(id=3_15914_54, type=transcoder, layer=1, feature=15914, pos=54)",1
0,54,5593,transcoder,1,55,7963,transcoder,0.6885604858398438,0.5253853797912598,-0.16317510604858398,0.0,-0.2369800611627572,"Node(id=3_7963_55, type=transcoder, layer=1, feature=7963, pos=55)",1
0,54,5593,transcoder,1,55,12154,transcoder,0.19804225862026215,0.0,-0.19804225862026215,0.0,-1.0,"Node(id=3_12154_55, type=transcoder, layer=1, feature=12154, pos=55)",1
0,54,5593,transcoder,2,55,6076,lorsa,1.7181307077407837,0.0,-1.7181307077407837,0.0,-1.0,"Node(id=4_6076_55, type=lorsa, layer=2, feature=6076, pos=55)",1
0,54,5593,transcoder,2,54,12759,transcoder,0.6271476745605469,0.1696503609418869,-0.45749731361866,0.0,-0.7294889739314367,"Node(id=5_12759_54, type=transcoder, layer=2, feature=12759, pos=54)",1
0,54,5593,transcoder,2,55,2823,transcoder,0.23902328312397003,0.0,-0.23902328312397003,0.0,-1.0,"Node(id=5_2823_55, type=transcoder, layer=2, feature=2823, pos=55)",1
0,54,5593,transcoder,2,55,4901,transcoder,1.173736810684204,0.9273883104324341,-0.24634850025177002,0.0,-0.20988393480491302,"Node(id=5_4901_55, type=transcoder, layer=2, feature=4901, pos=55)",1
0,54,5593,transcoder,2,55,5819,transcoder,0.7991868257522583,0.5066258311271667,-0.29256099462509155,0.0,-0.3660733450525912,"Node(id=5_5819_55, type=transcoder, layer=2, feature=5819, pos=55)",1
0,54,5593,transcoder,2,55,11309,transcoder,0.29157570004463196,0.0,-0.29157570004463196,0.0,-1.0,"Node(id=5_11309_55, type=transcoder, layer=2, feature=11309, pos=55)",1
0,54,5593,transcoder,2,55,13261,transcoder,0.6239655017852783,0.28239721059799194,-0.3415682911872864,0.0,-0.5474153462170547,"Node(id=5_13261_55, type=transcoder, layer=2, feature=13261, pos=55)",1
0,54,5593,transcoder,3,55,12206,lorsa,1.9337397813796997,1.0431382656097412,-0.8906015157699585,0.0,-0.4605591322812448,"Node(id=6_12206_55, type=lorsa, layer=3, feature=12206, pos=55)",1
0,54,5593,transcoder,3,55,12235,lorsa,2.4719231128692627,1.2101917266845703,-1.2617313861846924,0.0,-0.5104250126615585,"Node(id=6_12235_55, type=lorsa, layer=3, feature=12235, pos=55)",1
0,54,5593,transcoder,3,54,9407,transcoder,0.9804326891899109,0.0,-0.9804326891899109,0.0,-1.0,"Node(id=7_9407_54, type=transcoder, layer=3, feature=9407, pos=54)",1
0,54,5593,transcoder,3,55,11167,transcoder,0.2644384503364563,0.0,-0.2644384503364563,0.0,-1.0,"Node(id=7_11167_55, type=transcoder, layer=3, feature=11167, pos=55)",1
0,54,5593,transcoder,4,55,16282,lorsa,1.991599440574646,0.0,-1.991599440574646,0.0,-1.0,"Node(id=8_16282_55, type=lorsa, layer=4, feature=16282, pos=55)",1
0,54,5593,transcoder,4,55,16377,lorsa,2.713291645050049,0.0,-2.713291645050049,0.0,-1.0,"Node(id=8_16377_55, type=lorsa, layer=4, feature=16377, pos=55)",1
0,54,5593,transcoder,4,55,9531,transcoder,0.5060067176818848,0.3064885139465332,-0.19951820373535156,0.0,-0.3942995157245803,"Node(id=9_9531_55, type=transcoder, layer=4, feature=9531, pos=55)",1
0,54,5593,transcoder,4,55,9914,transcoder,0.5230033993721008,0.0,-0.5230033993721008,0.0,-1.0,"Node(id=9_9914_55, type=transcoder, layer=4, feature=9914, pos=55)",1
0,54,5593,transcoder,5,54,13299,transcoder,0.4998253881931305,0.0,-0.4998253881931305,0.0,-1.0,"Node(id=11_13299_54, type=transcoder, layer=5, feature=13299, pos=54)",1
0,54,5593,transcoder,5,55,2419,transcoder,0.6756512522697449,0.0,-0.6756512522697449,0.0,-1.0,"Node(id=11_2419_55, type=transcoder, layer=5, feature=2419, pos=55)",1
0,54,5593,transcoder,6,54,6679,transcoder,1.2186368703842163,0.0,-1.2186368703842163,0.0,-1.0,"Node(id=13_6679_54, type=transcoder, layer=6, feature=6679, pos=54)",1
0,54,5593,transcoder,6,55,7034,transcoder,0.6798377633094788,0.280502051115036,-0.39933571219444275,0.0,-0.5873985438091285,"Node(id=13_7034_55, type=transcoder, layer=6, feature=7034, pos=55)",1
0,54,5593,transcoder,7,54,14452,transcoder,4.643435478210449,2.860191583633423,-1.7832438945770264,0.0,-0.3840354631705311,"Node(id=15_14452_54, type=transcoder, layer=7, feature=14452, pos=54)",1
0,54,5593,transcoder,7,55,13128,transcoder,0.5602725148200989,0.0,-0.5602725148200989,0.0,-1.0,"Node(id=15_13128_55, type=transcoder, layer=7, feature=13128, pos=55)",1
0,54,5593,transcoder,8,55,12466,lorsa,5.128899097442627,0.0,-5.128899097442627,0.0,-1.0,"Node(id=16_12466_55, type=lorsa, layer=8, feature=12466, pos=55)",1
0,54,5593,transcoder,8,55,9724,transcoder,0.20959925651550293,0.0,-0.20959925651550293,0.0,-1.0,"Node(id=17_9724_55, type=transcoder, layer=8, feature=9724, pos=55)",1
0,54,5593,transcoder,9,55,12225,transcoder,0.47227632999420166,0.0,-0.47227632999420166,0.0,-1.0,"Node(id=19_12225_55, type=transcoder, layer=9, feature=12225, pos=55)",1
0,54,5593,transcoder,10,55,11535,transcoder,0.6737499833106995,0.0,-0.6737499833106995,0.0,-1.0,"Node(id=21_11535_55, type=transcoder, layer=10, feature=11535, pos=55)",1
0,54,5593,transcoder,11,55,2278,transcoder,0.4227127730846405,0.0,-0.4227127730846405,0.0,-1.0,"Node(id=23_2278_55, type=transcoder, layer=11, feature=2278, pos=55)",1
0,54,5593,transcoder,13,55,5819,transcoder,0.5956785082817078,0.0,-0.5956785082817078,0.0,-1.0,"Node(id=27_5819_55, type=transcoder, layer=13, feature=5819, pos=55)",1
0,54,5593,transcoder,13,55,15835,transcoder,0.3478931784629822,0.0,-0.3478931784629822,0.0,-1.0,"Node(id=27_15835_55, type=transcoder, layer=13, feature=15835, pos=55)",1
0,54,5593,transcoder,14,55,16044,lorsa,2.606524705886841,1.1648273468017578,-1.441697359085083,0.0,-0.5531109510794227,"Node(id=28_16044_55, type=lorsa, layer=14, feature=16044, pos=55)",1
0,54,5593,transcoder,14,55,138,transcoder,5.991324424743652,3.180305004119873,-2.8110194206237793,0.0,-0.4691816402087178,"Node(id=29_138_55, type=transcoder, layer=14, feature=138, pos=55)",1
0,54,5593,transcoder,14,55,3391,transcoder,0.7034270167350769,0.0,-0.7034270167350769,0.0,-1.0,"Node(id=29_3391_55, type=transcoder, layer=14, feature=3391, pos=55)",1
0,54,5593,transcoder,14,55,11103,transcoder,0.5930737257003784,0.0,-0.5930737257003784,0.0,-1.0,"Node(id=29_11103_55, type=transcoder, layer=14, feature=11103, pos=55)",1
0,54,5593,transcoder,14,55,15619,transcoder,1.2117552757263184,0.4312800168991089,-0.7804752588272095,0.0,-0.6440865366642597,"Node(id=29_15619_55, type=transcoder, layer=14, feature=15619, pos=55)",1
0,54,11720,transcoder,1,55,12154,transcoder,0.19804225862026215,0.13796405494213104,-0.060078203678131104,0.0,-0.3033605256609832,"Node(id=3_12154_55, type=transcoder, layer=1, feature=12154, pos=55)",1
0,54,11720,transcoder,2,55,2823,transcoder,0.23902328312397003,0.0,-0.23902328312397003,0.0,-1.0,"Node(id=5_2823_55, type=transcoder, layer=2, feature=2823, pos=55)",1
0,54,11720,transcoder,2,55,11309,transcoder,0.29157570004463196,0.0,-0.29157570004463196,0.0,-1.0,"Node(id=5_11309_55, type=transcoder, layer=2, feature=11309, pos=55)",1
0,54,11720,transcoder,3,55,11167,transcoder,0.2644384503364563,0.19776785373687744,-0.06667059659957886,0.0,-0.2521214162114134,"Node(id=7_11167_55, type=transcoder, layer=3, feature=11167, pos=55)",1
0,54,12254,transcoder,1,55,9142,lorsa,3.4574296474456787,2.705559730529785,-0.7518699169158936,0.0,-0.21746499382029913,"Node(id=2_9142_55, type=lorsa, layer=1, feature=9142, pos=55)",1
0,54,12254,transcoder,1,55,9198,lorsa,3.0222439765930176,2.407130479812622,-0.6151134967803955,0.0,-0.20352873611276556,"Node(id=2_9198_55, type=lorsa, layer=1, feature=9198, pos=55)",1
0,54,12254,transcoder,1,55,12154,transcoder,0.19804225862026215,0.0,-0.19804225862026215,0.0,-1.0,"Node(id=3_12154_55, type=transcoder, layer=1, feature=12154, pos=55)",1
0,54,12254,transcoder,2,55,6076,lorsa,1.7181307077407837,1.3064690828323364,-0.41166162490844727,0.0,-0.23959854919871157,"Node(id=4_6076_55, type=lorsa, layer=2, feature=6076, pos=55)",1
0,54,12254,transcoder,2,55,2823,transcoder,0.23902328312397003,0.0,-0.23902328312397003,0.0,-1.0,"Node(id=5_2823_55, type=transcoder, layer=2, feature=2823, pos=55)",1
0,54,12254,transcoder,2,55,11309,transcoder,0.29157570004463196,0.0,-0.29157570004463196,0.0,-1.0,"Node(id=5_11309_55, type=transcoder, layer=2, feature=11309, pos=55)",1
0,54,12254,transcoder,3,55,11167,transcoder,0.2644384503364563,0.0,-0.2644384503364563,0.0,-1.0,"Node(id=7_11167_55, type=transcoder, layer=3, feature=11167, pos=55)",1
0,54,12254,transcoder,8,55,9724,transcoder,0.20959925651550293,0.15983183681964874,-0.04976741969585419,0.0,-0.23744082170526765,"Node(id=17_9724_55, type=transcoder, layer=8, feature=9724, pos=55)",1
0,54,12254,transcoder,13,55,5819,transcoder,0.5956785082817078,0.448011189699173,-0.1476673185825348,0.0,-0.24789767723615788,"Node(id=27_5819_55, type=transcoder, layer=13, feature=5819, pos=55)",1
0,54,12254,transcoder,14,55,11103,transcoder,0.5930737257003784,0.44698548316955566,-0.14608824253082275,0.0,-0.24632391589815045,"Node(id=29_11103_55, type=transcoder, layer=14, feature=11103, pos=55)",1
0,54,12956,transcoder,1,55,12154,transcoder,0.19804225862026215,0.1433279812335968,-0.054714277386665344,0.0,-0.2762757694638179,"Node(id=3_12154_55, type=transcoder, layer=1, feature=12154, pos=55)",1
0,54,12956,transcoder,2,55,2823,transcoder,0.23902328312397003,0.0,-0.23902328312397003,0.0,-1.0,"Node(id=5_2823_55, type=transcoder, layer=2, feature=2823, pos=55)",1
0,54,12956,transcoder,2,55,11309,transcoder,0.29157570004463196,0.0,-0.29157570004463196,0.0,-1.0,"Node(id=5_11309_55, type=transcoder, layer=2, feature=11309, pos=55)",1
0,55,2549,transcoder,1,55,780,lorsa,1.3893356323242188,0.0,-1.3893356323242188,0.0,-1.0,"Node(id=2_780_55, type=lorsa, layer=1, feature=780, pos=55)",1
0,55,2549,transcoder,1,55,15014,lorsa,0.4733544886112213,0.0,-0.4733544886112213,0.0,-1.0,"Node(id=2_15014_55, type=lorsa, layer=1, feature=15014, pos=55)",1
0,55,2549,transcoder,1,55,1377,transcoder,0.5498209595680237,0.0,-0.5498209595680237,0.0,-1.0,"Node(id=3_1377_55, type=transcoder, layer=1, feature=1377, pos=55)",1
0,55,2549,transcoder,1,55,1824,transcoder,0.6892250180244446,0.5050203204154968,-0.18420469760894775,0.0,-0.26726351016238736,"Node(id=3_1824_55, type=transcoder, layer=1, feature=1824, pos=55)",1
0,55,2549,transcoder,1,55,8874,transcoder,0.5501189231872559,0.41274237632751465,-0.1373765468597412,0.0,-0.24972154395964924,"Node(id=3_8874_55, type=transcoder, layer=1, feature=8874, pos=55)",1
0,55,2549,transcoder,1,55,12154,transcoder,0.19804225862026215,0.0,-0.19804225862026215,0.0,-1.0,"Node(id=3_12154_55, type=transcoder, layer=1, feature=12154, pos=55)",1
0,55,2549,transcoder,2,55,6076,lorsa,1.7181307077407837,1.0029512643814087,-0.715179443359375,0.0,-0.41625438631487105,"Node(id=4_6076_55, type=lorsa, layer=2, feature=6076, pos=55)",1
0,55,2549,transcoder,2,55,11401,lorsa,1.9274051189422607,0.9630813598632812,-0.9643237590789795,0.0,-0.5003222984113428,"Node(id=4_11401_55, type=lorsa, layer=2, feature=11401, pos=55)",1
0,55,2549,transcoder,2,55,2823,transcoder,0.23902328312397003,0.0,-0.23902328312397003,0.0,-1.0,"Node(id=5_2823_55, type=transcoder, layer=2, feature=2823, pos=55)",1
0,55,2549,transcoder,2,55,5819,transcoder,0.7991868257522583,0.4980815351009369,-0.3011052906513214,0.0,-0.37676458238397154,"Node(id=5_5819_55, type=transcoder, layer=2, feature=5819, pos=55)",1
0,55,2549,transcoder,2,55,11309,transcoder,0.29157570004463196,0.0,-0.29157570004463196,0.0,-1.0,"Node(id=5_11309_55, type=transcoder, layer=2, feature=11309, pos=55)",1
0,55,2549,transcoder,2,55,13261,transcoder,0.6239655017852783,0.3503952920436859,-0.2735702097415924,0.0,-0.43843803697297123,"Node(id=5_13261_55, type=transcoder, layer=2, feature=13261, pos=55)",1
0,55,2549,transcoder,3,55,12206,lorsa,1.9337397813796997,0.0,-1.9337397813796997,0.0,-1.0,"Node(id=6_12206_55, type=lorsa, layer=3, feature=12206, pos=55)",1
0,55,2549,transcoder,3,55,12235,lorsa,2.4719231128692627,0.0,-2.4719231128692627,0.0,-1.0,"Node(id=6_12235_55, type=lorsa, layer=3, feature=12235, pos=55)",1
0,55,2549,transcoder,3,55,11167,transcoder,0.2644384503364563,0.0,-0.2644384503364563,0.0,-1.0,"Node(id=7_11167_55, type=transcoder, layer=3, feature=11167, pos=55)",1
0,55,2549,transcoder,4,55,9531,transcoder,0.5060067176818848,0.3599090874195099,-0.14609763026237488,0.0,-0.2887266614397464,"Node(id=9_9531_55, type=transcoder, layer=4, feature=9531, pos=55)",1
0,55,2549,transcoder,5,55,2419,transcoder,0.6756512522697449,0.27257758378982544,-0.40307366847991943,0.0,-0.5965705933732179,"Node(id=11_2419_55, type=transcoder, layer=5, feature=2419, pos=55)",1
0,55,2549,transcoder,6,55,7034,transcoder,0.6798377633094788,0.0,-0.6798377633094788,0.0,-1.0,"Node(id=13_7034_55, type=transcoder, layer=6, feature=7034, pos=55)",1
0,55,2549,transcoder,7,55,13128,transcoder,0.5602725148200989,0.2540520131587982,-0.30622050166130066,0.0,-0.5465563517061457,"Node(id=15_13128_55, type=transcoder, layer=7, feature=13128, pos=55)",1
0,55,2549,transcoder,8,55,12466,lorsa,5.128899097442627,4.07897424697876,-1.0499248504638672,0.0,-0.20470764398297112,"Node(id=16_12466_55, type=lorsa, layer=8, feature=12466, pos=55)",1
0,55,2549,transcoder,8,55,9724,transcoder,0.20959925651550293,0.0,-0.20959925651550293,0.0,-1.0,"Node(id=17_9724_55, type=transcoder, layer=8, feature=9724, pos=55)",1
0,55,2549,transcoder,9,55,12225,transcoder,0.47227632999420166,0.33502277731895447,-0.1372535526752472,0.0,-0.29062128241094004,"Node(id=19_12225_55, type=transcoder, layer=9, feature=12225, pos=55)",1
0,55,2549,transcoder,11,55,2278,transcoder,0.4227127730846405,0.18844833970069885,-0.23426443338394165,0.0,-0.5541929373802823,"Node(id=23_2278_55, type=transcoder, layer=11, feature=2278, pos=55)",1
0,55,2549,transcoder,13,55,5819,transcoder,0.5956785082817078,0.0,-0.5956785082817078,0.0,-1.0,"Node(id=27_5819_55, type=transcoder, layer=13, feature=5819, pos=55)",1
0,55,2549,transcoder,13,55,15835,transcoder,0.3478931784629822,0.0,-0.3478931784629822,0.0,-1.0,"Node(id=27_15835_55, type=transcoder, layer=13, feature=15835, pos=55)",1
0,55,2549,transcoder,14,55,16044,lorsa,2.606524705886841,0.8916867971420288,-1.714837908744812,0.0,-0.6579020351780467,"Node(id=28_16044_55, type=lorsa, layer=14, feature=16044, pos=55)",1
0,55,2549,transcoder,14,55,138,transcoder,5.991324424743652,4.322717666625977,-1.6686067581176758,0.0,-0.27850382316578853,"Node(id=29_138_55, type=transcoder, layer=14, feature=138, pos=55)",1
0,55,2549,transcoder,14,55,3391,transcoder,0.7034270167350769,0.0,-0.7034270167350769,0.0,-1.0,"Node(id=29_3391_55, type=transcoder, layer=14, feature=3391, pos=55)",1
0,55,2549,transcoder,14,55,11103,transcoder,0.5930737257003784,0.0,-0.5930737257003784,0.0,-1.0,"Node(id=29_11103_55, type=transcoder, layer=14, feature=11103, pos=55)",1
0,55,2549,transcoder,14,55,15619,transcoder,1.2117552757263184,0.0,-1.2117552757263184,0.0,-1.0,"Node(id=29_15619_55, type=transcoder, layer=14, feature=15619, pos=55)",1
0,55,2905,transcoder,1,55,12154,transcoder,0.19804225862026215,0.0,-0.19804225862026215,0.0,-1.0,"Node(id=3_12154_55, type=transcoder, layer=1, feature=12154, pos=55)",1
0,55,2905,transcoder,2,55,2823,transcoder,0.23902328312397003,0.0,-0.23902328312397003,0.0,-1.0,"Node(id=5_2823_55, type=transcoder, layer=2, feature=2823, pos=55)",1
0,55,2905,transcoder,2,55,11309,transcoder,0.29157570004463196,0.0,-0.29157570004463196,0.0,-1.0,"Node(id=5_11309_55, type=transcoder, layer=2, feature=11309, pos=55)",1
0,55,2905,transcoder,3,55,11167,transcoder,0.2644384503364563,0.0,-0.2644384503364563,0.0,-1.0,"Node(id=7_11167_55, type=transcoder, layer=3, feature=11167, pos=55)",1
0,55,2905,transcoder,8,55,9724,transcoder,0.20959925651550293,0.15686362981796265,-0.05273562669754028,0.0,-0.2516021648847772,"Node(id=17_9724_55, type=transcoder, layer=8, feature=9724, pos=55)",1
0,55,2905,transcoder,13,55,5819,transcoder,0.5956785082817078,0.4415970742702484,-0.15408143401145935,0.0,-0.25866542416633787,"Node(id=27_5819_55, type=transcoder, layer=13, feature=5819, pos=55)",1
0,55,2905,transcoder,14,55,11103,transcoder,0.5930737257003784,0.42854517698287964,-0.16452854871749878,0.0,-0.2774166879896797,"Node(id=29_11103_55, type=transcoder, layer=14, feature=11103, pos=55)",1
0,55,2956,transcoder,2,55,2823,transcoder,0.23902328312397003,0.0,-0.23902328312397003,0.0,-1.0,"Node(id=5_2823_55, type=transcoder, layer=2, feature=2823, pos=55)",1
0,55,2956,transcoder,2,55,11309,transcoder,0.29157570004463196,0.0,-0.29157570004463196,0.0,-1.0,"Node(id=5_11309_55, type=transcoder, layer=2, feature=11309, pos=55)",1
0,55,2956,transcoder,3,55,11167,transcoder,0.2644384503364563,0.19126664102077484,-0.07317180931568146,0.0,-0.27670639130800323,"Node(id=7_11167_55, type=transcoder, layer=3, feature=11167, pos=55)",1
0,55,4945,transcoder,1,55,12154,transcoder,0.19804225862026215,0.0,-0.19804225862026215,0.0,-1.0,"Node(id=3_12154_55, type=transcoder, layer=1, feature=12154, pos=55)",1
0,55,4945,transcoder,2,55,2823,transcoder,0.23902328312397003,0.0,-0.23902328312397003,0.0,-1.0,"Node(id=5_2823_55, type=transcoder, layer=2, feature=2823, pos=55)",1
0,55,4945,transcoder,2,55,11309,transcoder,0.29157570004463196,0.0,-0.29157570004463196,0.0,-1.0,"Node(id=5_11309_55, type=transcoder, layer=2, feature=11309, pos=55)",1
0,55,4945,transcoder,3,55,11167,transcoder,0.2644384503364563,0.17433759570121765,-0.09010085463523865,0.0,-0.34072524067736554,"Node(id=7_11167_55, type=transcoder, layer=3, feature=11167, pos=55)",1
0,55,12836,transcoder,1,55,8260,lorsa,1.92356276512146,0.9904658198356628,-0.9330969452857971,0.0,-0.4850878599882226,"Node(id=2_8260_55, type=lorsa, layer=1, feature=8260, pos=55)",1
0,55,12836,transcoder,1,55,8308,lorsa,1.5582549571990967,0.6682705879211426,-0.8899843692779541,0.0,-0.5711416897255804,"Node(id=2_8308_55, type=lorsa, layer=1, feature=8308, pos=55)",1
0,55,12836,transcoder,1,55,12154,transcoder,0.19804225862026215,0.0,-0.19804225862026215,0.0,-1.0,"Node(id=3_12154_55, type=transcoder, layer=1, feature=12154, pos=55)",1
0,55,12836,transcoder,2,55,6076,lorsa,1.7181307077407837,0.8298895359039307,-0.888241171836853,0.0,-0.5169811399301659,"Node(id=4_6076_55, type=lorsa, layer=2, feature=6076, pos=55)",1
0,55,12836,transcoder,2,55,2823,transcoder,0.23902328312397003,0.0,-0.23902328312397003,0.0,-1.0,"Node(id=5_2823_55, type=transcoder, layer=2, feature=2823, pos=55)",1
0,55,12836,transcoder,2,55,5819,transcoder,0.7991868257522583,0.638439953327179,-0.16074687242507935,0.0,-0.20113804087520035,"Node(id=5_5819_55, type=transcoder, layer=2, feature=5819, pos=55)",1
0,55,12836,transcoder,2,55,11309,transcoder,0.29157570004463196,0.0,-0.29157570004463196,0.0,-1.0,"Node(id=5_11309_55, type=transcoder, layer=2, feature=11309, pos=55)",1
0,55,12836,transcoder,2,55,13261,transcoder,0.6239655017852783,0.4986300468444824,-0.1253354549407959,0.0,-0.20086920604134118,"Node(id=5_13261_55, type=transcoder, layer=2, feature=13261, pos=55)",1
0,55,12836,transcoder,3,55,11167,transcoder,0.2644384503364563,0.0,-0.2644384503364563,0.0,-1.0,"Node(id=7_11167_55, type=transcoder, layer=3, feature=11167, pos=55)",1
0,55,12836,transcoder,8,55,9724,transcoder,0.20959925651550293,0.16130009293556213,-0.048299163579940796,0.0,-0.2304357581362335,"Node(id=17_9724_55, type=transcoder, layer=8, feature=9724, pos=55)",1
0,55,12836,transcoder,13,55,5819,transcoder,0.5956785082817078,0.426517516374588,-0.16916099190711975,0.0,-0.28398035107071595,"Node(id=27_5819_55, type=transcoder, layer=13, feature=5819, pos=55)",1
0,55,12836,transcoder,14,55,11103,transcoder,0.5930737257003784,0.45463138818740845,-0.13844233751296997,0.0,-0.2334319183495767,"Node(id=29_11103_55, type=transcoder, layer=14, feature=11103, pos=55)",1
0,62,488,transcoder,4,55,9531,transcoder,0.5060067176818848,0.4036344885826111,-0.10237222909927368,0.0,-0.20231397236831317,"Node(id=9_9531_55, type=transcoder, layer=4, feature=9531, pos=55)",1
0,62,488,transcoder,7,55,13128,transcoder,0.5602725148200989,0.402486115694046,-0.15778639912605286,0.0,-0.2816243791232868,"Node(id=15_13128_55, type=transcoder, layer=7, feature=13128, pos=55)",1
0,62,488,transcoder,8,55,12466,lorsa,5.128899097442627,3.9044361114501953,-1.2244629859924316,0.0,-0.2387379752904427,"Node(id=16_12466_55, type=lorsa, layer=8, feature=12466, pos=55)",1
0,62,488,transcoder,8,55,9724,transcoder,0.20959925651550293,0.14164532721042633,-0.0679539293050766,0.0,-0.32420882800245243,"Node(id=17_9724_55, type=transcoder, layer=8, feature=9724, pos=55)",1
0,62,488,transcoder,8,62,3162,transcoder,3.005798101425171,0.0,-3.005798101425171,0.0,-1.0,"Node(id=17_3162_62, type=transcoder, layer=8, feature=3162, pos=62)",1
0,62,488,transcoder,13,55,5819,transcoder,0.5956785082817078,0.29414913058280945,-0.3015293776988983,0.0,-0.5061948240648952,"Node(id=27_5819_55, type=transcoder, layer=13, feature=5819, pos=55)",1
0,62,488,transcoder,13,55,15835,transcoder,0.3478931784629822,0.0,-0.3478931784629822,0.0,-1.0,"Node(id=27_15835_55, type=transcoder, layer=13, feature=15835, pos=55)",1
0,62,488,transcoder,14,55,3391,transcoder,0.7034270167350769,0.4653076231479645,-0.23811939358711243,0.0,-0.33851328982547796,"Node(id=29_3391_55, type=transcoder, layer=14, feature=3391, pos=55)",1
0,63,4905,transcoder,1,51,11215,lorsa,6.104880332946777,1.0704885721206665,-5.034391760826111,0.0,-0.8246503594274468,"Node(id=2_11215_51, type=lorsa, layer=1, feature=11215, pos=51)",1
0,63,4905,transcoder,1,51,11218,transcoder,0.6390401721000671,0.37057656049728394,-0.2684636116027832,0.0,-0.4201044368158197,"Node(id=3_11218_51, type=transcoder, layer=1, feature=11218, pos=51)",1
0,63,4905,transcoder,1,51,11331,transcoder,0.7390512824058533,0.11190459132194519,-0.6271466910839081,0.0,-0.8485834555923383,"Node(id=3_11331_51, type=transcoder, layer=1, feature=11331, pos=51)",1
0,63,4905,transcoder,1,55,1377,transcoder,0.5498209595680237,0.43902587890625,-0.11079508066177368,0.0,-0.20151119875244797,"Node(id=3_1377_55, type=transcoder, layer=1, feature=1377, pos=55)",1
0,63,4905,transcoder,1,55,12154,transcoder,0.19804225862026215,0.14411714673042297,-0.05392511188983917,0.0,-0.27229093560904266,"Node(id=3_12154_55, type=transcoder, layer=1, feature=12154, pos=55)",1
0,63,4905,transcoder,2,55,2823,transcoder,0.23902328312397003,0.0,-0.23902328312397003,0.0,-1.0,"Node(id=5_2823_55, type=transcoder, layer=2, feature=2823, pos=55)",1
0,63,4905,transcoder,2,55,5819,transcoder,0.7991868257522583,0.5941558480262756,-0.20503097772598267,0.0,-0.2565494964622211,"Node(id=5_5819_55, type=transcoder, layer=2, feature=5819, pos=55)",1
0,63,4905,transcoder,3,55,11167,transcoder,0.2644384503364563,0.0,-0.2644384503364563,0.0,-1.0,"Node(id=7_11167_55, type=transcoder, layer=3, feature=11167, pos=55)",1
0,63,4905,transcoder,4,55,9531,transcoder,0.5060067176818848,0.0,-0.5060067176818848,0.0,-1.0,"Node(id=9_9531_55, type=transcoder, layer=4, feature=9531, pos=55)",1
0,63,4905,transcoder,5,55,2419,transcoder,0.6756512522697449,0.4457131028175354,-0.22993814945220947,0.0,-0.34032076264162636,"Node(id=11_2419_55, type=transcoder, layer=5, feature=2419, pos=55)",1
0,63,4905,transcoder,6,54,6679,transcoder,1.2186368703842163,0.7879095077514648,-0.43072736263275146,0.0,-0.3534501319469763,"Node(id=13_6679_54, type=transcoder, layer=6, feature=6679, pos=54)",1
0,63,4905,transcoder,6,55,7034,transcoder,0.6798377633094788,0.41987144947052,-0.25996631383895874,0.0,-0.3823946357046008,"Node(id=13_7034_55, type=transcoder, layer=6, feature=7034, pos=55)",1
0,63,4905,transcoder,7,55,13128,transcoder,0.5602725148200989,0.3837948739528656,-0.17647764086723328,0.0,-0.31498536194283866,"Node(id=15_13128_55, type=transcoder, layer=7, feature=13128, pos=55)",1
0,63,4905,transcoder,8,62,3162,transcoder,3.005798101425171,2.0891127586364746,-0.9166853427886963,0.0,-0.3049723607031552,"Node(id=17_3162_62, type=transcoder, layer=8, feature=3162, pos=62)",1
0,63,4905,transcoder,9,55,12666,transcoder,0.6803210973739624,0.0,-0.6803210973739624,0.0,-1.0,"Node(id=19_12666_55, type=transcoder, layer=9, feature=12666, pos=55)",1
0,63,4905,transcoder,10,55,11535,transcoder,0.6737499833106995,0.0,-0.6737499833106995,0.0,-1.0,"Node(id=21_11535_55, type=transcoder, layer=10, feature=11535, pos=55)",1
0,63,4905,transcoder,11,55,2278,transcoder,0.4227127730846405,0.0,-0.4227127730846405,0.0,-1.0,"Node(id=23_2278_55, type=transcoder, layer=11, feature=2278, pos=55)",1
0,63,4905,transcoder,13,55,5819,transcoder,0.5956785082817078,0.0,-0.5956785082817078,0.0,-1.0,"Node(id=27_5819_55, type=transcoder, layer=13, feature=5819, pos=55)",1
0,63,4905,transcoder,13,55,15835,transcoder,0.3478931784629822,0.0,-0.3478931784629822,0.0,-1.0,"Node(id=27_15835_55, type=transcoder, layer=13, feature=15835, pos=55)",1
0,63,4905,transcoder,14,55,16044,lorsa,2.606524705886841,0.0,-2.606524705886841,0.0,-1.0,"Node(id=28_16044_55, type=lorsa, layer=14, feature=16044, pos=55)",1
0,63,4905,transcoder,14,55,3391,transcoder,0.7034270167350769,0.26712021231651306,-0.43630680441856384,0.0,-0.620258810137349,"Node(id=29_3391_55, type=transcoder, layer=14, feature=3391, pos=55)",1
0,63,4905,transcoder,14,55,11103,transcoder,0.5930737257003784,0.0,-0.5930737257003784,0.0,-1.0,"Node(id=29_11103_55, type=transcoder, layer=14, feature=11103, pos=55)",1
0,63,4905,transcoder,14,55,15619,transcoder,1.2117552757263184,0.0,-1.2117552757263184,0.0,-1.0,"Node(id=29_15619_55, type=transcoder, layer=14, feature=15619, pos=55)",1
1,51,11215,lorsa,1,51,11218,transcoder,0.6390401721000671,0.4379347562789917,-0.20110541582107544,0.0,-0.3146991763603625,"Node(id=3_11218_51, type=transcoder, layer=1, feature=11218, pos=51)",1
1,51,11215,lorsa,1,51,11331,transcoder,0.7390512824058533,0.0,-0.7390512824058533,0.0,-1.0,"Node(id=3_11331_51, type=transcoder, layer=1, feature=11331, pos=51)",1
1,51,11215,lorsa,3,55,12235,lorsa,2.4719231128692627,1.967993140220642,-0.5039299726486206,0.0,-0.20386150767597638,"Node(id=6_12235_55, type=lorsa, layer=3, feature=12235, pos=55)",1
1,51,11215,lorsa,14,55,11103,transcoder,0.5930737257003784,0.46735328435897827,-0.12572044134140015,0.0,-0.21198113471125893,"Node(id=29_11103_55, type=transcoder, layer=14, feature=11103, pos=55)",1
1,55,780,lorsa,1,55,1377,transcoder,0.5498209595680237,0.34070611000061035,-0.20911484956741333,0.0,-0.38033262633659515,"Node(id=3_1377_55, type=transcoder, layer=1, feature=1377, pos=55)",1
1,55,780,lorsa,1,55,12154,transcoder,0.19804225862026215,0.0,-0.19804225862026215,0.0,-1.0,"Node(id=3_12154_55, type=transcoder, layer=1, feature=12154, pos=55)",1
1,55,780,lorsa,2,55,6076,lorsa,1.7181307077407837,1.0427435636520386,-0.6753871440887451,0.0,-0.3930941581137502,"Node(id=4_6076_55, type=lorsa, layer=2, feature=6076, pos=55)",1
1,55,780,lorsa,2,55,11401,lorsa,1.9274051189422607,1.253176212310791,-0.6742289066314697,0.0,-0.3498117235475017,"Node(id=4_11401_55, type=lorsa, layer=2, feature=11401, pos=55)",1
1,55,780,lorsa,2,55,2823,transcoder,0.23902328312397003,0.0,-0.23902328312397003,0.0,-1.0,"Node(id=5_2823_55, type=transcoder, layer=2, feature=2823, pos=55)",1
1,55,780,lorsa,2,55,5819,transcoder,0.7991868257522583,0.6031814813613892,-0.19600534439086914,0.0,-0.24525597529260232,"Node(id=5_5819_55, type=transcoder, layer=2, feature=5819, pos=55)",1
1,55,780,lorsa,2,55,11309,transcoder,0.29157570004463196,0.0,-0.29157570004463196,0.0,-1.0,"Node(id=5_11309_55, type=transcoder, layer=2, feature=11309, pos=55)",1
1,55,780,lorsa,3,55,12206,lorsa,1.9337397813796997,0.0,-1.9337397813796997,0.0,-1.0,"Node(id=6_12206_55, type=lorsa, layer=3, feature=12206, pos=55)",1
1,55,780,lorsa,3,55,12235,lorsa,2.4719231128692627,0.0,-2.4719231128692627,0.0,-1.0,"Node(id=6_12235_55, type=lorsa, layer=3, feature=12235, pos=55)",1
1,55,780,lorsa,3,55,11167,transcoder,0.2644384503364563,0.0,-0.2644384503364563,0.0,-1.0,"Node(id=7_11167_55, type=transcoder, layer=3, feature=11167, pos=55)",1
1,55,780,lorsa,4,55,9914,transcoder,0.5230033993721008,0.41325002908706665,-0.10975337028503418,0.0,-0.2098521164810786,"Node(id=9_9914_55, type=transcoder, layer=4, feature=9914, pos=55)",1
1,55,780,lorsa,5,55,2419,transcoder,0.6756512522697449,0.38232311606407166,-0.2933281362056732,0.0,-0.43414133433525526,"Node(id=11_2419_55, type=transcoder, layer=5, feature=2419, pos=55)",1
1,55,780,lorsa,6,55,7034,transcoder,0.6798377633094788,0.2417054921388626,-0.43813227117061615,0.0,-0.6444659223367791,"Node(id=13_7034_55, type=transcoder, layer=6, feature=7034, pos=55)",1
1,55,780,lorsa,7,55,13128,transcoder,0.5602725148200989,0.3188999593257904,-0.24137255549430847,0.0,-0.4308127725519646,"Node(id=15_13128_55, type=transcoder, layer=7, feature=13128, pos=55)",1
1,55,780,lorsa,8,55,9724,transcoder,0.20959925651550293,0.0,-0.20959925651550293,0.0,-1.0,"Node(id=17_9724_55, type=transcoder, layer=8, feature=9724, pos=55)",1
1,55,780,lorsa,9,55,12225,transcoder,0.47227632999420166,0.36426010727882385,-0.10801622271537781,0.0,-0.2287140300186206,"Node(id=19_12225_55, type=transcoder, layer=9, feature=12225, pos=55)",1
1,55,780,lorsa,11,55,2278,transcoder,0.4227127730846405,0.2419421374797821,-0.1807706356048584,0.0,-0.42764412886256076,"Node(id=23_2278_55, type=transcoder, layer=11, feature=2278, pos=55)",1
1,55,780,lorsa,13,55,5819,transcoder,0.5956785082817078,0.0,-0.5956785082817078,0.0,-1.0,"Node(id=27_5819_55, type=transcoder, layer=13, feature=5819, pos=55)",1
1,55,780,lorsa,13,55,15835,transcoder,0.3478931784629822,0.0,-0.3478931784629822,0.0,-1.0,"Node(id=27_15835_55, type=transcoder, layer=13, feature=15835, pos=55)",1
1,55,780,lorsa,14,55,16044,lorsa,2.606524705886841,1.2236037254333496,-1.3829209804534912,0.0,-0.5305612401563513,"Node(id=28_16044_55, type=lorsa, layer=14, feature=16044, pos=55)",1
1,55,780,lorsa,14,55,138,transcoder,5.991324424743652,4.730618476867676,-1.2607059478759766,0.0,-0.21042191316987774,"Node(id=29_138_55, type=transcoder, layer=14, feature=138, pos=55)",1
1,55,780,lorsa,14,55,3391,transcoder,0.7034270167350769,0.3871937692165375,-0.31623324751853943,0.0,-0.4495608499461977,"Node(id=29_3391_55, type=transcoder, layer=14, feature=3391, pos=55)",1
1,55,780,lorsa,14,55,11103,transcoder,0.5930737257003784,0.0,-0.5930737257003784,0.0,-1.0,"Node(id=29_11103_55, type=transcoder, layer=14, feature=11103, pos=55)",1
1,55,780,lorsa,14,55,15619,transcoder,1.2117552757263184,0.33675000071525574,-0.8750052750110626,0.0,-0.722097351287858,"Node(id=29_15619_55, type=transcoder, layer=14, feature=15619, pos=55)",1
1,55,8260,lorsa,2,55,2823,transcoder,0.23902328312397003,0.0,-0.23902328312397003,0.0,-1.0,"Node(id=5_2823_55, type=transcoder, layer=2, feature=2823, pos=55)",1
1,55,8260,lorsa,2,55,11309,transcoder,0.29157570004463196,0.0,-0.29157570004463196,0.0,-1.0,"Node(id=5_11309_55, type=transcoder, layer=2, feature=11309, pos=55)",1
1,55,8308,lorsa,1,55,12154,transcoder,0.19804225862026215,0.1420072615146637,-0.05603499710559845,0.0,-0.28294464775340317,"Node(id=3_12154_55, type=transcoder, layer=1, feature=12154, pos=55)",1
1,55,8308,lorsa,2,55,6076,lorsa,1.7181307077407837,1.3692526817321777,-0.34887802600860596,0.0,-0.20305674325986237,"Node(id=4_6076_55, type=lorsa, layer=2, feature=6076, pos=55)",1
1,55,8308,lorsa,2,55,11309,transcoder,0.29157570004463196,0.0,-0.29157570004463196,0.0,-1.0,"Node(id=5_11309_55, type=transcoder, layer=2, feature=11309, pos=55)",1
1,55,9142,lorsa,1,55,7963,transcoder,0.6885604858398438,0.4319742023944855,-0.2565862834453583,0.0,-0.3726416033478853,"Node(id=3_7963_55, type=transcoder, layer=1, feature=7963, pos=55)",1
1,55,9142,lorsa,1,55,8874,transcoder,0.5501189231872559,0.3585461378097534,-0.19157278537750244,0.0,-0.3482388576411371,"Node(id=3_8874_55, type=transcoder, layer=1, feature=8874, pos=55)",1
1,55,9142,lorsa,1,55,12154,transcoder,0.19804225862026215,0.0,-0.19804225862026215,0.0,-1.0,"Node(id=3_12154_55, type=transcoder, layer=1, feature=12154, pos=55)",1
1,55,9142,lorsa,2,55,6076,lorsa,1.7181307077407837,0.6613601446151733,-1.0567705631256104,0.0,-0.6150699468698667,"Node(id=4_6076_55, type=lorsa, layer=2, feature=6076, pos=55)",1
1,55,9142,lorsa,2,55,2823,transcoder,0.23902328312397003,0.0,-0.23902328312397003,0.0,-1.0,"Node(id=5_2823_55, type=transcoder, layer=2, feature=2823, pos=55)",1
1,55,9142,lorsa,2,55,4901,transcoder,1.173736810684204,0.9255297780036926,-0.24820703268051147,0.0,-0.2114673668075764,"Node(id=5_4901_55, type=transcoder, layer=2, feature=4901, pos=55)",1
1,55,9142,lorsa,2,55,5819,transcoder,0.7991868257522583,0.5362738966941833,-0.26291292905807495,0.0,-0.3289755543837955,"Node(id=5_5819_55, type=transcoder, layer=2, feature=5819, pos=55)",1
1,55,9142,lorsa,2,55,11309,transcoder,0.29157570004463196,0.0,-0.29157570004463196,0.0,-1.0,"Node(id=5_11309_55, type=transcoder, layer=2, feature=11309, pos=55)",1
1,55,9142,lorsa,2,55,13261,transcoder,0.6239655017852783,0.42517372965812683,-0.1987917721271515,0.0,-0.31859417156617187,"Node(id=5_13261_55, type=transcoder, layer=2, feature=13261, pos=55)",1
1,55,9142,lorsa,3,55,11167,transcoder,0.2644384503364563,0.0,-0.2644384503364563,0.0,-1.0,"Node(id=7_11167_55, type=transcoder, layer=3, feature=11167, pos=55)",1
1,55,9142,lorsa,5,55,2419,transcoder,0.6756512522697449,0.538354218006134,-0.13729703426361084,0.0,-0.2032069559589846,"Node(id=11_2419_55, type=transcoder, layer=5, feature=2419, pos=55)",1
1,55,9142,lorsa,6,55,7034,transcoder,0.6798377633094788,0.4890765845775604,-0.19076117873191833,0.0,-0.28059809123177404,"Node(id=13_7034_55, type=transcoder, layer=6, feature=7034, pos=55)",1
1,55,9142,lorsa,7,55,13128,transcoder,0.5602725148200989,0.39004623889923096,-0.17022627592086792,0.0,-0.303827639975391,"Node(id=15_13128_55, type=transcoder, layer=7, feature=13128, pos=55)",1
1,55,9142,lorsa,8,55,9724,transcoder,0.20959925651550293,0.0,-0.20959925651550293,0.0,-1.0,"Node(id=17_9724_55, type=transcoder, layer=8, feature=9724, pos=55)",1
1,55,9142,lorsa,11,55,2278,transcoder,0.4227127730846405,0.31927260756492615,-0.10344016551971436,0.0,-0.24470555920249507,"Node(id=23_2278_55, type=transcoder, layer=11, feature=2278, pos=55)",1
1,55,9142,lorsa,13,55,5819,transcoder,0.5956785082817078,0.3041028678417206,-0.2915756404399872,0.0,-0.4894849090343469,"Node(id=27_5819_55, type=transcoder, layer=13, feature=5819, pos=55)",1
1,55,9142,lorsa,13,55,15835,transcoder,0.3478931784629822,0.0,-0.3478931784629822,0.0,-1.0,"Node(id=27_15835_55, type=transcoder, layer=13, feature=15835, pos=55)",1
1,55,9142,lorsa,14,55,16044,lorsa,2.606524705886841,1.6649962663650513,-0.9415284395217896,0.0,-0.36121984088443354,"Node(id=28_16044_55, type=lorsa, layer=14, feature=16044, pos=55)",1
1,55,9142,lorsa,14,55,11103,transcoder,0.5930737257003784,0.26591405272483826,-0.32715967297554016,0.0,-0.5516340697595187,"Node(id=29_11103_55, type=transcoder, layer=14, feature=11103, pos=55)",1
1,55,9142,lorsa,14,55,15619,transcoder,1.2117552757263184,0.7470860481262207,-0.46466922760009766,0.0,-0.38346788077450533,"Node(id=29_15619_55, type=transcoder, layer=14, feature=15619, pos=55)",1
1,55,9198,lorsa,1,55,12154,transcoder,0.19804225862026215,0.12354118376970291,-0.07450107485055923,0.0,-0.3761877660333695,"Node(id=3_12154_55, type=transcoder, layer=1, feature=12154, pos=55)",1
1,55,9198,lorsa,2,55,2823,transcoder,0.23902328312397003,0.0,-0.23902328312397003,0.0,-1.0,"Node(id=5_2823_55, type=transcoder, layer=2, feature=2823, pos=55)",1
1,55,9198,lorsa,2,55,11309,transcoder,0.29157570004463196,0.0,-0.29157570004463196,0.0,-1.0,"Node(id=5_11309_55, type=transcoder, layer=2, feature=11309, pos=55)",1
1,55,9198,lorsa,3,55,11167,transcoder,0.2644384503364563,0.18667462468147278,-0.07776382565498352,0.0,-0.2940715525901823,"Node(id=7_11167_55, type=transcoder, layer=3, feature=11167, pos=55)",1
1,55,15014,lorsa,1,55,12154,transcoder,0.19804225862026215,0.1583390086889267,-0.03970324993133545,0.0,-0.20047867666195826,"Node(id=3_12154_55, type=transcoder, layer=1, feature=12154, pos=55)",1
1,55,15014,lorsa,2,55,2823,transcoder,0.23902328312397003,0.0,-0.23902328312397003,0.0,-1.0,"Node(id=5_2823_55, type=transcoder, layer=2, feature=2823, pos=55)",1
1,55,15014,lorsa,2,55,11309,transcoder,0.29157570004463196,0.0,-0.29157570004463196,0.0,-1.0,"Node(id=5_11309_55, type=transcoder, layer=2, feature=11309, pos=55)",1
1,55,15014,lorsa,3,55,11167,transcoder,0.2644384503364563,0.18302389979362488,-0.08141455054283142,0.0,-0.3078771276992594,"Node(id=7_11167_55, type=transcoder, layer=3, feature=11167, pos=55)",1
1,19,9035,transcoder,2,55,4901,transcoder,1.173736810684204,0.9163885712623596,-0.2573482394218445,0.0,-0.219255489884337,"Node(id=5_4901_55, type=transcoder, layer=2, feature=4901, pos=55)",1
1,19,9035,transcoder,2,55,5819,transcoder,0.7991868257522583,0.5910046696662903,-0.20818215608596802,0.0,-0.26049247732532427,"Node(id=5_5819_55, type=transcoder, layer=2, feature=5819, pos=55)",1
1,19,9035,transcoder,2,55,13261,transcoder,0.6239655017852783,0.0,-0.6239655017852783,0.0,-1.0,"Node(id=5_13261_55, type=transcoder, layer=2, feature=13261, pos=55)",1
1,19,9035,transcoder,4,55,2320,transcoder,2.978559732437134,2.382066249847412,-0.5964934825897217,0.0,-0.20026238725172568,"Node(id=9_2320_55, type=transcoder, layer=4, feature=2320, pos=55)",1
1,19,9035,transcoder,4,55,9531,transcoder,0.5060067176818848,0.36256617307662964,-0.14344054460525513,0.0,-0.2834755737283176,"Node(id=9_9531_55, type=transcoder, layer=4, feature=9531, pos=55)",1
1,19,9035,transcoder,7,55,13128,transcoder,0.5602725148200989,0.2878987491130829,-0.272373765707016,0.0,-0.4861451499088333,"Node(id=15_13128_55, type=transcoder, layer=7, feature=13128, pos=55)",1
1,19,9035,transcoder,8,55,12466,lorsa,5.128899097442627,3.294506072998047,-1.83439302444458,0.0,-0.357658240022551,"Node(id=16_12466_55, type=lorsa, layer=8, feature=12466, pos=55)",1
1,19,9035,transcoder,8,55,9724,transcoder,0.20959925651550293,0.0,-0.20959925651550293,0.0,-1.0,"Node(id=17_9724_55, type=transcoder, layer=8, feature=9724, pos=55)",1
1,19,9035,transcoder,9,55,12225,transcoder,0.47227632999420166,0.34911030530929565,-0.123166024684906,0.0,-0.26079228803700194,"Node(id=19_12225_55, type=transcoder, layer=9, feature=12225, pos=55)",1
1,19,9035,transcoder,13,55,5819,transcoder,0.5956785082817078,0.35221362113952637,-0.2434648871421814,0.0,-0.4087186019930103,"Node(id=27_5819_55, type=transcoder, layer=13, feature=5819, pos=55)",1
1,19,9035,transcoder,13,55,15835,transcoder,0.3478931784629822,0.0,-0.3478931784629822,0.0,-1.0,"Node(id=27_15835_55, type=transcoder, layer=13, feature=15835, pos=55)",1
1,19,9035,transcoder,14,55,16044,lorsa,2.606524705886841,1.701215386390686,-0.9053093194961548,0.0,-0.34732428104422414,"Node(id=28_16044_55, type=lorsa, layer=14, feature=16044, pos=55)",1
1,19,9035,transcoder,14,55,3391,transcoder,0.7034270167350769,0.2549022436141968,-0.4485247731208801,0.0,-0.6376280160558612,"Node(id=29_3391_55, type=transcoder, layer=14, feature=3391, pos=55)",1
1,23,1321,transcoder,2,55,11401,lorsa,1.9274051189422607,1.2251704931259155,-0.7022346258163452,0.0,-0.3643419947964671,"Node(id=4_11401_55, type=lorsa, layer=2, feature=11401, pos=55)",1
1,23,1321,transcoder,2,23,13354,transcoder,0.9106659889221191,0.5719633102416992,-0.3387026786804199,0.0,-0.3719285476789515,"Node(id=5_13354_23, type=transcoder, layer=2, feature=13354, pos=23)",1
1,23,1321,transcoder,2,55,11309,transcoder,0.29157570004463196,0.0,-0.29157570004463196,0.0,-1.0,"Node(id=5_11309_55, type=transcoder, layer=2, feature=11309, pos=55)",1
1,23,1321,transcoder,3,55,12206,lorsa,1.9337397813796997,0.0,-1.9337397813796997,0.0,-1.0,"Node(id=6_12206_55, type=lorsa, layer=3, feature=12206, pos=55)",1
1,23,1321,transcoder,3,55,12235,lorsa,2.4719231128692627,1.056212067604065,-1.4157110452651978,0.0,-0.5727164562258265,"Node(id=6_12235_55, type=lorsa, layer=3, feature=12235, pos=55)",1
1,23,1321,transcoder,3,55,11167,transcoder,0.2644384503364563,0.0,-0.2644384503364563,0.0,-1.0,"Node(id=7_11167_55, type=transcoder, layer=3, feature=11167, pos=55)",1
1,23,1321,transcoder,4,55,9531,transcoder,0.5060067176818848,0.401013046503067,-0.10499367117881775,0.0,-0.2074946191620028,"Node(id=9_9531_55, type=transcoder, layer=4, feature=9531, pos=55)",1
1,23,1321,transcoder,6,55,7034,transcoder,0.6798377633094788,0.34063899517059326,-0.3391987681388855,0.0,-0.4989407568177026,"Node(id=13_7034_55, type=transcoder, layer=6, feature=7034, pos=55)",1
1,23,1321,transcoder,8,55,9724,transcoder,0.20959925651550293,0.0,-0.20959925651550293,0.0,-1.0,"Node(id=17_9724_55, type=transcoder, layer=8, feature=9724, pos=55)",1
1,23,1321,transcoder,11,55,2278,transcoder,0.4227127730846405,0.3156154751777649,-0.10709729790687561,0.0,-0.2533571368694632,"Node(id=23_2278_55, type=transcoder, layer=11, feature=2278, pos=55)",1
1,23,1321,transcoder,13,55,5819,transcoder,0.5956785082817078,0.344527006149292,-0.25115150213241577,0.0,-0.42162256761098627,"Node(id=27_5819_55, type=transcoder, layer=13, feature=5819, pos=55)",1
1,23,1321,transcoder,13,55,15835,transcoder,0.3478931784629822,0.0,-0.3478931784629822,0.0,-1.0,"Node(id=27_15835_55, type=transcoder, layer=13, feature=15835, pos=55)",1
1,23,1321,transcoder,14,55,16044,lorsa,2.606524705886841,1.6752963066101074,-0.9312283992767334,0.0,-0.35726820358677297,"Node(id=28_16044_55, type=lorsa, layer=14, feature=16044, pos=55)",1
1,23,1321,transcoder,14,55,11103,transcoder,0.5930737257003784,0.0,-0.5930737257003784,0.0,-1.0,"Node(id=29_11103_55, type=transcoder, layer=14, feature=11103, pos=55)",1
1,23,1321,transcoder,14,55,15619,transcoder,1.2117552757263184,0.5007217526435852,-0.7110335230827332,0.0,-0.5867798039142386,"Node(id=29_15619_55, type=transcoder, layer=14, feature=15619, pos=55)",1
1,23,1816,transcoder,2,55,11401,lorsa,1.9274051189422607,0.8991715312004089,-1.0282335877418518,0.0,-0.5334807807847555,"Node(id=4_11401_55, type=lorsa, layer=2, feature=11401, pos=55)",1
1,23,1816,transcoder,2,55,11309,transcoder,0.29157570004463196,0.0,-0.29157570004463196,0.0,-1.0,"Node(id=5_11309_55, type=transcoder, layer=2, feature=11309, pos=55)",1
1,23,1816,transcoder,3,55,12206,lorsa,1.9337397813796997,1.4514901638031006,-0.4822496175765991,0.0,-0.24938702829628911,"Node(id=6_12206_55, type=lorsa, layer=3, feature=12206, pos=55)",1
1,23,1816,transcoder,3,55,12235,lorsa,2.4719231128692627,0.9143580794334412,-1.5575650334358215,0.0,-0.6301025405389296,"Node(id=6_12235_55, type=lorsa, layer=3, feature=12235, pos=55)",1
1,23,1816,transcoder,3,55,11167,transcoder,0.2644384503364563,0.0,-0.2644384503364563,0.0,-1.0,"Node(id=7_11167_55, type=transcoder, layer=3, feature=11167, pos=55)",1
1,23,1816,transcoder,6,55,7034,transcoder,0.6798377633094788,0.430363267660141,-0.24947449564933777,0.0,-0.3669618092923898,"Node(id=13_7034_55, type=transcoder, layer=6, feature=7034, pos=55)",1
1,23,1816,transcoder,8,55,9724,transcoder,0.20959925651550293,0.0,-0.20959925651550293,0.0,-1.0,"Node(id=17_9724_55, type=transcoder, layer=8, feature=9724, pos=55)",1
1,23,1816,transcoder,11,55,2278,transcoder,0.4227127730846405,0.3188316226005554,-0.10388115048408508,0.0,-0.24574878522368374,"Node(id=23_2278_55, type=transcoder, layer=11, feature=2278, pos=55)",1
1,23,1816,transcoder,13,55,5819,transcoder,0.5956785082817078,0.4195418059825897,-0.17613670229911804,0.0,-0.29569087998021176,"Node(id=27_5819_55, type=transcoder, layer=13, feature=5819, pos=55)",1
1,23,1816,transcoder,13,55,15835,transcoder,0.3478931784629822,0.0,-0.3478931784629822,0.0,-1.0,"Node(id=27_15835_55, type=transcoder, layer=13, feature=15835, pos=55)",1
1,23,1816,transcoder,14,55,16044,lorsa,2.606524705886841,1.8540669679641724,-0.7524577379226685,0.0,-0.28868237320875617,"Node(id=28_16044_55, type=lorsa, layer=14, feature=16044, pos=55)",1
1,23,1816,transcoder,14,55,11103,transcoder,0.5930737257003784,0.22422820329666138,-0.36884552240371704,0.0,-0.621921873150149,"Node(id=29_11103_55, type=transcoder, layer=14, feature=11103, pos=55)",1
1,23,1816,transcoder,14,55,15619,transcoder,1.2117552757263184,0.6762472987174988,-0.5355079770088196,0.0,-0.4419274978504546,"Node(id=29_15619_55, type=transcoder, layer=14, feature=15619, pos=55)",1
1,23,6844,transcoder,2,55,11309,transcoder,0.29157570004463196,0.0,-0.29157570004463196,0.0,-1.0,"Node(id=5_11309_55, type=transcoder, layer=2, feature=11309, pos=55)",1
1,23,6844,transcoder,3,55,11167,transcoder,0.2644384503364563,0.19777479767799377,-0.06666365265846252,0.0,-0.25209515701534146,"Node(id=7_11167_55, type=transcoder, layer=3, feature=11167, pos=55)",1
1,51,11218,transcoder,3,55,12235,lorsa,2.4719231128692627,1.8873271942138672,-0.5845959186553955,0.0,-0.23649437784366642,"Node(id=6_12235_55, type=lorsa, layer=3, feature=12235, pos=55)",1
1,51,11331,transcoder,14,55,11103,transcoder,0.5930737257003784,0.461979478597641,-0.13109424710273743,0.0,-0.2210420752460823,"Node(id=29_11103_55, type=transcoder, layer=14, feature=11103, pos=55)",1
1,54,15914,transcoder,2,55,2823,transcoder,0.23902328312397003,0.0,-0.23902328312397003,0.0,-1.0,"Node(id=5_2823_55, type=transcoder, layer=2, feature=2823, pos=55)",1
1,54,15914,transcoder,2,55,11309,transcoder,0.29157570004463196,0.0,-0.29157570004463196,0.0,-1.0,"Node(id=5_11309_55, type=transcoder, layer=2, feature=11309, pos=55)",1
1,55,1377,transcoder,2,55,2823,transcoder,0.23902328312397003,0.0,-0.23902328312397003,0.0,-1.0,"Node(id=5_2823_55, type=transcoder, layer=2, feature=2823, pos=55)",1
1,55,1377,transcoder,2,55,11309,transcoder,0.29157570004463196,0.0,-0.29157570004463196,0.0,-1.0,"Node(id=5_11309_55, type=transcoder, layer=2, feature=11309, pos=55)",1
1,55,1377,transcoder,3,55,12206,lorsa,1.9337397813796997,1.3698352575302124,-0.5639045238494873,0.0,-0.2916134473104485,"Node(id=6_12206_55, type=lorsa, layer=3, feature=12206, pos=55)",1
1,55,1377,transcoder,3,55,12235,lorsa,2.4719231128692627,1.5974431037902832,-0.8744800090789795,0.0,-0.353765052208252,"Node(id=6_12235_55, type=lorsa, layer=3, feature=12235, pos=55)",1
1,55,1377,transcoder,3,55,11167,transcoder,0.2644384503364563,0.0,-0.2644384503364563,0.0,-1.0,"Node(id=7_11167_55, type=transcoder, layer=3, feature=11167, pos=55)",1
1,55,1377,transcoder,6,55,7034,transcoder,0.6798377633094788,0.4698631465435028,-0.20997461676597595,0.0,-0.3088598899593496,"Node(id=13_7034_55, type=transcoder, layer=6, feature=7034, pos=55)",1
1,55,1377,transcoder,8,55,9724,transcoder,0.20959925651550293,0.0,-0.20959925651550293,0.0,-1.0,"Node(id=17_9724_55, type=transcoder, layer=8, feature=9724, pos=55)",1
1,55,1377,transcoder,11,55,2278,transcoder,0.4227127730846405,0.3362920880317688,-0.0864206850528717,0.0,-0.20444304160065574,"Node(id=23_2278_55, type=transcoder, layer=11, feature=2278, pos=55)",1
1,55,1377,transcoder,13,55,5819,transcoder,0.5956785082817078,0.4079606831073761,-0.18771782517433167,0.0,-0.31513278146599893,"Node(id=27_5819_55, type=transcoder, layer=13, feature=5819, pos=55)",1
1,55,1377,transcoder,13,55,15835,transcoder,0.3478931784629822,0.25465667247772217,-0.09323650598526001,0.0,-0.2680032600730655,"Node(id=27_15835_55, type=transcoder, layer=13, feature=15835, pos=55)",1
1,55,1377,transcoder,14,55,16044,lorsa,2.606524705886841,1.9674324989318848,-0.639092206954956,0.0,-0.24518939164918144,"Node(id=28_16044_55, type=lorsa, layer=14, feature=16044, pos=55)",1
1,55,1377,transcoder,14,55,11103,transcoder,0.5930737257003784,0.27740928530693054,-0.3156644403934479,0.0,-0.5322516016380094,"Node(id=29_11103_55, type=transcoder, layer=14, feature=11103, pos=55)",1
1,55,1377,transcoder,14,55,15619,transcoder,1.2117552757263184,0.7966628074645996,-0.41509246826171875,0.0,-0.34255470273311994,"Node(id=29_15619_55, type=transcoder, layer=14, feature=15619, pos=55)",1
1,55,1824,transcoder,2,55,11309,transcoder,0.29157570004463196,0.0,-0.29157570004463196,0.0,-1.0,"Node(id=5_11309_55, type=transcoder, layer=2, feature=11309, pos=55)",1
1,55,7963,transcoder,2,55,11309,transcoder,0.29157570004463196,0.0,-0.29157570004463196,0.0,-1.0,"Node(id=5_11309_55, type=transcoder, layer=2, feature=11309, pos=55)",1
1,55,7963,transcoder,3,55,11167,transcoder,0.2644384503364563,0.18314844369888306,-0.08129000663757324,0.0,-0.3074061526761502,"Node(id=7_11167_55, type=transcoder, layer=3, feature=11167, pos=55)",1
1,55,8874,transcoder,2,55,2823,transcoder,0.23902328312397003,0.0,-0.23902328312397003,0.0,-1.0,"Node(id=5_2823_55, type=transcoder, layer=2, feature=2823, pos=55)",1
1,55,8874,transcoder,2,55,11309,transcoder,0.29157570004463196,0.0,-0.29157570004463196,0.0,-1.0,"Node(id=5_11309_55, type=transcoder, layer=2, feature=11309, pos=55)",1
1,55,8874,transcoder,3,55,11167,transcoder,0.2644384503364563,0.21124835312366486,-0.05319009721279144,0.0,-0.2011435823539104,"Node(id=7_11167_55, type=transcoder, layer=3, feature=11167, pos=55)",1
1,55,12154,transcoder,2,55,2823,transcoder,0.23902328312397003,0.0,-0.23902328312397003,0.0,-1.0,"Node(id=5_2823_55, type=transcoder, layer=2, feature=2823, pos=55)",1
1,55,12154,transcoder,2,55,11309,transcoder,0.29157570004463196,0.0,-0.29157570004463196,0.0,-1.0,"Node(id=5_11309_55, type=transcoder, layer=2, feature=11309, pos=55)",1
1,55,12154,transcoder,3,55,11167,transcoder,0.2644384503364563,0.1748334765434265,-0.08960497379302979,0.0,-0.33885001851667773,"Node(id=7_11167_55, type=transcoder, layer=3, feature=11167, pos=55)",1
2,23,12879,lorsa,3,55,12235,lorsa,2.4719231128692627,1.9552329778671265,-0.5166901350021362,0.0,-0.2090235462066588,"Node(id=6_12235_55, type=lorsa, layer=3, feature=12235, pos=55)",1
2,23,12879,lorsa,3,55,11167,transcoder,0.2644384503364563,0.2013489007949829,-0.06308954954147339,0.0,-0.2385793346663538,"Node(id=7_11167_55, type=transcoder, layer=3, feature=11167, pos=55)",1
2,55,6076,lorsa,2,55,2823,transcoder,0.23902328312397003,0.0,-0.23902328312397003,0.0,-1.0,"Node(id=5_2823_55, type=transcoder, layer=2, feature=2823, pos=55)",1
2,55,6076,lorsa,2,55,5819,transcoder,0.7991868257522583,0.6059442758560181,-0.19324254989624023,0.0,-0.2417989682379273,"Node(id=5_5819_55, type=transcoder, layer=2, feature=5819, pos=55)",1
2,55,6076,lorsa,2,55,11309,transcoder,0.29157570004463196,0.0,-0.29157570004463196,0.0,-1.0,"Node(id=5_11309_55, type=transcoder, layer=2, feature=11309, pos=55)",1
2,55,6076,lorsa,3,55,11167,transcoder,0.2644384503364563,0.18393994867801666,-0.08049850165843964,0.0,-0.3044129987753973,"Node(id=7_11167_55, type=transcoder, layer=3, feature=11167, pos=55)",1
2,55,7624,lorsa,2,55,13261,transcoder,0.6239655017852783,0.3156900107860565,-0.3082754909992218,0.0,-0.494058549899297,"Node(id=5_13261_55, type=transcoder, layer=2, feature=13261, pos=55)",1
2,55,7624,lorsa,7,55,13128,transcoder,0.5602725148200989,0.35447344183921814,-0.20579907298088074,0.0,-0.36731959454938096,"Node(id=15_13128_55, type=transcoder, layer=7, feature=13128, pos=55)",1
2,55,7624,lorsa,8,55,9724,transcoder,0.20959925651550293,0.0,-0.20959925651550293,0.0,-1.0,"Node(id=17_9724_55, type=transcoder, layer=8, feature=9724, pos=55)",1
2,55,7624,lorsa,13,55,5819,transcoder,0.5956785082817078,0.46192291378974915,-0.13375559449195862,0.0,-0.22454326055474044,"Node(id=27_5819_55, type=transcoder, layer=13, feature=5819, pos=55)",1
2,55,11401,lorsa,2,55,2823,transcoder,0.23902328312397003,0.0,-0.23902328312397003,0.0,-1.0,"Node(id=5_2823_55, type=transcoder, layer=2, feature=2823, pos=55)",1
2,55,11401,lorsa,2,55,11309,transcoder,0.29157570004463196,0.0,-0.29157570004463196,0.0,-1.0,"Node(id=5_11309_55, type=transcoder, layer=2, feature=11309, pos=55)",1
2,55,11401,lorsa,3,55,12206,lorsa,1.9337397813796997,0.0,-1.9337397813796997,0.0,-1.0,"Node(id=6_12206_55, type=lorsa, layer=3, feature=12206, pos=55)",1
2,55,11401,lorsa,3,55,12235,lorsa,2.4719231128692627,0.9037637710571289,-1.5681593418121338,0.0,-0.6343883972960255,"Node(id=6_12235_55, type=lorsa, layer=3, feature=12235, pos=55)",1
2,55,11401,lorsa,3,55,11167,transcoder,0.2644384503364563,0.0,-0.2644384503364563,0.0,-1.0,"Node(id=7_11167_55, type=transcoder, layer=3, feature=11167, pos=55)",1
2,55,11401,lorsa,5,55,2419,transcoder,0.6756512522697449,0.4990195631980896,-0.17663168907165527,0.0,-0.26142434943809945,"Node(id=11_2419_55, type=transcoder, layer=5, feature=2419, pos=55)",1
2,55,11401,lorsa,6,55,7034,transcoder,0.6798377633094788,0.332265168428421,-0.34757259488105774,0.0,-0.5112581466334847,"Node(id=13_7034_55, type=transcoder, layer=6, feature=7034, pos=55)",1
2,55,11401,lorsa,8,55,9724,transcoder,0.20959925651550293,0.0,-0.20959925651550293,0.0,-1.0,"Node(id=17_9724_55, type=transcoder, layer=8, feature=9724, pos=55)",1
2,55,11401,lorsa,11,55,2278,transcoder,0.4227127730846405,0.2995334565639496,-0.12317931652069092,0.0,-0.2914019267073969,"Node(id=23_2278_55, type=transcoder, layer=11, feature=2278, pos=55)",1
2,55,11401,lorsa,13,55,5819,transcoder,0.5956785082817078,0.2894750237464905,-0.3062034845352173,0.0,-0.5140415178289558,"Node(id=27_5819_55, type=transcoder, layer=13, feature=5819, pos=55)",1
2,55,11401,lorsa,13,55,15835,transcoder,0.3478931784629822,0.0,-0.3478931784629822,0.0,-1.0,"Node(id=27_15835_55, type=transcoder, layer=13, feature=15835, pos=55)",1
2,55,11401,lorsa,14,55,16044,lorsa,2.606524705886841,1.6060553789138794,-1.0004693269729614,0.0,-0.38383266604509814,"Node(id=28_16044_55, type=lorsa, layer=14, feature=16044, pos=55)",1
2,55,11401,lorsa,14,55,11103,transcoder,0.5930737257003784,0.0,-0.5930737257003784,0.0,-1.0,"Node(id=29_11103_55, type=transcoder, layer=14, feature=11103, pos=55)",1
2,55,11401,lorsa,14,55,15619,transcoder,1.2117552757263184,0.532111644744873,-0.6796436309814453,0.0,-0.5608753224318097,"Node(id=29_15619_55, type=transcoder, layer=14, feature=15619, pos=55)",1
2,6,13953,transcoder,13,55,5819,transcoder,0.5956785082817078,0.4553889036178589,-0.14028960466384888,0.0,-0.23551228173151287,"Node(id=27_5819_55, type=transcoder, layer=13, feature=5819, pos=55)",1
2,6,13953,transcoder,13,55,15835,transcoder,0.3478931784629822,0.27435338497161865,-0.07353979349136353,0.0,-0.2113861324222216,"Node(id=27_15835_55, type=transcoder, layer=13, feature=15835, pos=55)",1
2,23,13354,transcoder,3,55,12206,lorsa,1.9337397813796997,0.0,-1.9337397813796997,0.0,-1.0,"Node(id=6_12206_55, type=lorsa, layer=3, feature=12206, pos=55)",1
2,23,13354,transcoder,3,55,12235,lorsa,2.4719231128692627,1.0440012216567993,-1.4279218912124634,0.0,-0.5776562724699863,"Node(id=6_12235_55, type=lorsa, layer=3, feature=12235, pos=55)",1
2,23,13354,transcoder,3,55,11167,transcoder,0.2644384503364563,0.0,-0.2644384503364563,0.0,-1.0,"Node(id=7_11167_55, type=transcoder, layer=3, feature=11167, pos=55)",1
2,23,13354,transcoder,4,55,9531,transcoder,0.5060067176818848,0.2650338113307953,-0.24097290635108948,0.0,-0.4762247178358288,"Node(id=9_9531_55, type=transcoder, layer=4, feature=9531, pos=55)",1
2,23,13354,transcoder,6,55,7034,transcoder,0.6798377633094788,0.4448360502719879,-0.23500171303749084,0.0,-0.3456732263496112,"Node(id=13_7034_55, type=transcoder, layer=6, feature=7034, pos=55)",1
2,23,13354,transcoder,8,55,9724,transcoder,0.20959925651550293,0.0,-0.20959925651550293,0.0,-1.0,"Node(id=17_9724_55, type=transcoder, layer=8, feature=9724, pos=55)",1
2,23,13354,transcoder,13,55,5819,transcoder,0.5956785082817078,0.3883691132068634,-0.20730939507484436,0.0,-0.3480222841560095,"Node(id=27_5819_55, type=transcoder, layer=13, feature=5819, pos=55)",1
2,23,13354,transcoder,13,55,15835,transcoder,0.3478931784629822,0.23981089890003204,-0.10808227956295013,0.0,-0.31067662792488676,"Node(id=27_15835_55, type=transcoder, layer=13, feature=15835, pos=55)",1
2,23,13354,transcoder,14,55,16044,lorsa,2.606524705886841,1.9328669309616089,-0.6736577749252319,0.0,-0.2584505619316689,"Node(id=28_16044_55, type=lorsa, layer=14, feature=16044, pos=55)",1
2,23,13354,transcoder,14,55,11103,transcoder,0.5930737257003784,0.20946194231510162,-0.3836117833852768,0.0,-0.6468197236899311,"Node(id=29_11103_55, type=transcoder, layer=14, feature=11103, pos=55)",1
2,23,13354,transcoder,14,55,15619,transcoder,1.2117552757263184,0.6331378221511841,-0.5786174535751343,0.0,-0.4775035563417,"Node(id=29_15619_55, type=transcoder, layer=14, feature=15619, pos=55)",1
2,54,12759,transcoder,3,54,9407,transcoder,0.9804326891899109,0.3624020516872406,-0.6180306375026703,0.0,-0.6303651890812844,"Node(id=7_9407_54, type=transcoder, layer=3, feature=9407, pos=54)",1
2,54,12759,transcoder,4,55,16282,lorsa,1.991599440574646,0.0,-1.991599440574646,0.0,-1.0,"Node(id=8_16282_55, type=lorsa, layer=4, feature=16282, pos=55)",1
2,54,12759,transcoder,4,55,16377,lorsa,2.713291645050049,2.1073994636535645,-0.6058921813964844,0.0,-0.22330521766866981,"Node(id=8_16377_55, type=lorsa, layer=4, feature=16377, pos=55)",1
2,54,12759,transcoder,4,55,9914,transcoder,0.5230033993721008,0.40186405181884766,-0.12113934755325317,0.0,-0.23162248600810004,"Node(id=9_9914_55, type=transcoder, layer=4, feature=9914, pos=55)",1
2,54,12759,transcoder,5,54,13299,transcoder,0.4998253881931305,0.0,-0.4998253881931305,0.0,-1.0,"Node(id=11_13299_54, type=transcoder, layer=5, feature=13299, pos=54)",1
2,54,12759,transcoder,6,54,6679,transcoder,1.2186368703842163,0.7778177261352539,-0.4408191442489624,0.0,-0.36173133684194153,"Node(id=13_6679_54, type=transcoder, layer=6, feature=6679, pos=54)",1
2,54,12759,transcoder,8,55,12466,lorsa,5.128899097442627,3.9367480278015137,-1.1921510696411133,0.0,-0.23243800413923993,"Node(id=16_12466_55, type=lorsa, layer=8, feature=12466, pos=55)",1
2,54,12759,transcoder,11,55,2278,transcoder,0.4227127730846405,0.3331013321876526,-0.08961144089698792,0.0,-0.2119913250859937,"Node(id=23_2278_55, type=transcoder, layer=11, feature=2278, pos=55)",1
2,54,12759,transcoder,13,55,5819,transcoder,0.5956785082817078,0.45149654150009155,-0.1441819667816162,0.0,-0.2420466153756714,"Node(id=27_5819_55, type=transcoder, layer=13, feature=5819, pos=55)",1
2,55,2823,transcoder,3,55,11167,transcoder,0.2644384503364563,0.0,-0.2644384503364563,0.0,-1.0,"Node(id=7_11167_55, type=transcoder, layer=3, feature=11167, pos=55)",1
2,55,4901,transcoder,3,55,12206,lorsa,1.9337397813796997,1.334378957748413,-0.5993608236312866,0.0,-0.309949057987342,"Node(id=6_12206_55, type=lorsa, layer=3, feature=12206, pos=55)",1
2,55,4901,transcoder,3,55,12235,lorsa,2.4719231128692627,1.6210989952087402,-0.8508241176605225,0.0,-0.3441952191922895,"Node(id=6_12235_55, type=lorsa, layer=3, feature=12235, pos=55)",1
2,55,4901,transcoder,3,55,11167,transcoder,0.2644384503364563,0.11344454437494278,-0.15099390596151352,0.0,-0.5709983013793855,"Node(id=7_11167_55, type=transcoder, layer=3, feature=11167, pos=55)",1
2,55,4901,transcoder,8,55,9724,transcoder,0.20959925651550293,0.15327619016170502,-0.05632306635379791,0.0,-0.26871787281188186,"Node(id=17_9724_55, type=transcoder, layer=8, feature=9724, pos=55)",1
2,55,4901,transcoder,14,55,11103,transcoder,0.5930737257003784,0.45287489891052246,-0.14019882678985596,0.0,-0.23639358938771227,"Node(id=29_11103_55, type=transcoder, layer=14, feature=11103, pos=55)",1
2,55,4901,transcoder,14,55,15619,transcoder,1.2117552757263184,0.9618382453918457,-0.24991703033447266,0.0,-0.20624381452325347,"Node(id=29_15619_55, type=transcoder, layer=14, feature=15619, pos=55)",1
2,55,11309,transcoder,8,55,9724,transcoder,0.20959925651550293,0.1560124009847641,-0.05358685553073883,0.0,-0.25566338555583235,"Node(id=17_9724_55, type=transcoder, layer=8, feature=9724, pos=55)",1
2,55,11309,transcoder,13,55,5819,transcoder,0.5956785082817078,0.476441890001297,-0.11923661828041077,0.0,-0.20016941457962,"Node(id=27_5819_55, type=transcoder, layer=13, feature=5819, pos=55)",1
2,55,11309,transcoder,14,55,11103,transcoder,0.5930737257003784,0.4395436942577362,-0.1535300314426422,0.0,-0.2588717469507421,"Node(id=29_11103_55, type=transcoder, layer=14, feature=11103, pos=55)",1
3,55,12206,lorsa,3,55,11167,transcoder,0.2644384503364563,0.20227165520191193,-0.06216679513454437,0.0,-0.23508984814971845,"Node(id=7_11167_55, type=transcoder, layer=3, feature=11167, pos=55)",1
3,55,12235,lorsa,3,55,11167,transcoder,0.2644384503364563,0.18295417726039886,-0.08148427307605743,0.0,-0.30814079031389546,"Node(id=7_11167_55, type=transcoder, layer=3, feature=11167, pos=55)",1
3,55,12235,lorsa,8,55,9724,transcoder,0.20959925651550293,0.0,-0.20959925651550293,0.0,-1.0,"Node(id=17_9724_55, type=transcoder, layer=8, feature=9724, pos=55)",1
3,55,12235,lorsa,13,55,5819,transcoder,0.5956785082817078,0.45926159620285034,-0.13641691207885742,0.0,-0.22901096847083705,"Node(id=27_5819_55, type=transcoder, layer=13, feature=5819, pos=55)",1
3,55,12235,lorsa,14,55,11103,transcoder,0.5930737257003784,0.40497326850891113,-0.18810045719146729,0.0,-0.3171620138277646,"Node(id=29_11103_55, type=transcoder, layer=14, feature=11103, pos=55)",1
3,55,12235,lorsa,14,55,15619,transcoder,1.2117552757263184,0.955989420413971,-0.2557658553123474,0.0,-0.21107055231019564,"Node(id=29_15619_55, type=transcoder, layer=14, feature=15619, pos=55)",1
3,54,9407,transcoder,4,55,16282,lorsa,1.991599440574646,1.5443987846374512,-0.4472006559371948,0.0,-0.22454347336438385,"Node(id=8_16282_55, type=lorsa, layer=4, feature=16282, pos=55)",1
3,54,9407,transcoder,5,54,13299,transcoder,0.4998253881931305,0.28080809116363525,-0.21901729702949524,0.0,-0.43818761952297597,"Node(id=11_13299_54, type=transcoder, layer=5, feature=13299, pos=54)",1
3,54,9407,transcoder,6,54,6679,transcoder,1.2186368703842163,0.9228872060775757,-0.2957496643066406,0.0,-0.24268891865498504,"Node(id=13_6679_54, type=transcoder, layer=6, feature=6679, pos=54)",1
4,55,16282,lorsa,4,55,9914,transcoder,0.5230033993721008,0.3999519348144531,-0.1230514645576477,0.0,-0.23527851770252142,"Node(id=9_9914_55, type=transcoder, layer=4, feature=9914, pos=55)",1
4,55,16377,lorsa,4,55,9914,transcoder,0.5230033993721008,0.39305025339126587,-0.12995314598083496,0.0,-0.248474763523243,"Node(id=9_9914_55, type=transcoder, layer=4, feature=9914, pos=55)",1
4,55,2320,transcoder,5,55,2419,transcoder,0.6756512522697449,0.46485015749931335,-0.21080109477043152,0.0,-0.31199689790003077,"Node(id=11_2419_55, type=transcoder, layer=5, feature=2419, pos=55)",1
4,55,2320,transcoder,6,55,7034,transcoder,0.6798377633094788,0.4085272550582886,-0.2713105082511902,0.0,-0.3990812556961226,"Node(id=13_7034_55, type=transcoder, layer=6, feature=7034, pos=55)",1
4,55,2320,transcoder,8,55,9724,transcoder,0.20959925651550293,0.15742643177509308,-0.05217282474040985,0.0,-0.24891703151891145,"Node(id=17_9724_55, type=transcoder, layer=8, feature=9724, pos=55)",1
5,54,13299,transcoder,6,54,6679,transcoder,1.2186368703842163,0.9552234411239624,-0.2634134292602539,0.0,-0.21615416016192252,"Node(id=13_6679_54, type=transcoder, layer=6, feature=6679, pos=54)",1
5,55,2419,transcoder,6,55,7034,transcoder,0.6798377633094788,0.5387969017028809,-0.1410408616065979,0.0,-0.20746252888336927,"Node(id=13_7034_55, type=transcoder, layer=6, feature=7034, pos=55)",1
5,55,2419,transcoder,7,55,13128,transcoder,0.5602725148200989,0.41964828968048096,-0.14062422513961792,0.0,-0.2509925463410815,"Node(id=15_13128_55, type=transcoder, layer=7, feature=13128, pos=55)",1
6,54,6679,transcoder,8,55,12466,lorsa,5.128899097442627,3.863126277923584,-1.265772819519043,0.0,-0.24679230288429402,"Node(id=16_12466_55, type=lorsa, layer=8, feature=12466, pos=55)",1
6,55,7034,transcoder,8,55,9724,transcoder,0.20959925651550293,0.0,-0.20959925651550293,0.0,-1.0,"Node(id=17_9724_55, type=transcoder, layer=8, feature=9724, pos=55)",1
6,55,7034,transcoder,13,55,15835,transcoder,0.3478931784629822,0.2519418001174927,-0.0959513783454895,0.0,-0.2758070128578255,"Node(id=27_15835_55, type=transcoder, layer=13, feature=15835, pos=55)",1
6,55,7034,transcoder,14,55,16044,lorsa,2.606524705886841,1.9827338457107544,-0.6237908601760864,0.0,-0.23931899005877583,"Node(id=28_16044_55, type=lorsa, layer=14, feature=16044, pos=55)",1
6,55,7034,transcoder,14,55,11103,transcoder,0.5930737257003784,0.33409181237220764,-0.2589819133281708,0.0,-0.43667743503951606,"Node(id=29_11103_55, type=transcoder, layer=14, feature=11103, pos=55)",1
6,55,7034,transcoder,14,55,15619,transcoder,1.2117552757263184,0.9145970344543457,-0.29715824127197266,0.0,-0.24522958325381164,"Node(id=29_15619_55, type=transcoder, layer=14, feature=15619, pos=55)",1
6,55,15671,transcoder,7,55,13128,transcoder,0.5602725148200989,0.31162068247795105,-0.24865183234214783,0.0,-0.44380515867709286,"Node(id=15_13128_55, type=transcoder, layer=7, feature=13128, pos=55)",1
6,55,15671,transcoder,8,55,9724,transcoder,0.20959925651550293,0.0,-0.20959925651550293,0.0,-1.0,"Node(id=17_9724_55, type=transcoder, layer=8, feature=9724, pos=55)",1
7,54,14452,transcoder,8,55,12466,lorsa,5.128899097442627,3.244635820388794,-1.884263277053833,0.0,-0.36738162347420034,"Node(id=16_12466_55, type=lorsa, layer=8, feature=12466, pos=55)",1
7,54,14452,transcoder,14,55,11103,transcoder,0.5930737257003784,0.42675891518592834,-0.16631481051445007,0.0,-0.2804285593971373,"Node(id=29_11103_55, type=transcoder, layer=14, feature=11103, pos=55)",1
11,55,2278,transcoder,14,55,16044,lorsa,2.606524705886841,2.0305075645446777,-0.5760171413421631,0.0,-0.220990478256825,"Node(id=28_16044_55, type=lorsa, layer=14, feature=16044, pos=55)",1
11,55,2278,transcoder,14,55,15619,transcoder,1.2117552757263184,0.9549972414970398,-0.25675803422927856,0.0,-0.21188934710878765,"Node(id=29_15619_55, type=transcoder, layer=14, feature=15619, pos=55)",1
11,55,11974,transcoder,13,55,15835,transcoder,0.3478931784629822,0.25248196721076965,-0.09541121125221252,0.0,-0.2742543319582934,"Node(id=27_15835_55, type=transcoder, layer=13, feature=15835, pos=55)",1
11,55,11974,transcoder,14,55,11103,transcoder,0.5930737257003784,0.4449947476387024,-0.14807897806167603,0.0,-0.24968055680902934,"Node(id=29_11103_55, type=transcoder, layer=14, feature=11103, pos=55)",1
13,55,12356,transcoder,14,55,16044,lorsa,2.606524705886841,1.6727588176727295,-0.9337658882141113,0.0,-0.3582417178341718,"Node(id=28_16044_55, type=lorsa, layer=14, feature=16044, pos=55)",1
13,55,12356,transcoder,14,55,3391,transcoder,0.7034270167350769,0.0,-0.7034270167350769,0.0,-1.0,"Node(id=29_3391_55, type=transcoder, layer=14, feature=3391, pos=55)",1
13,55,12356,transcoder,14,55,11103,transcoder,0.5930737257003784,0.0,-0.5930737257003784,0.0,-1.0,"Node(id=29_11103_55, type=transcoder, layer=14, feature=11103, pos=55)",1
13,55,12356,transcoder,14,55,15619,transcoder,1.2117552757263184,0.7707089781761169,-0.4410462975502014,0.0,-0.36397307805063284,"Node(id=29_15619_55, type=transcoder, layer=14, feature=15619, pos=55)",1
13,55,15835,transcoder,14,55,11103,transcoder,0.5930737257003784,0.35260671377182007,-0.24046701192855835,0.0,-0.4054588856462722,"Node(id=29_11103_55, type=transcoder, layer=14, feature=11103, pos=55)",1
