source_layer,source_pos,source_feature,source_type,target_layer,target_pos,target_feature,target_type,original_activation,modified_activation,activation_change,steering_scale,reduction_ratio,target_node_str,steering_nodes_count
0,19,10079,lorsa,0,19,4675,transcoder,1.1847854852676392,0.8241841197013855,-0.36060136556625366,0.0,-0.3043600466499596,"Node(id=1_4675_19, type=transcoder, layer=0, feature=4675, pos=19)",1
0,19,4675,transcoder,1,19,9035,transcoder,1.3196029663085938,0.46531441807746887,-0.8542885482311249,0.0,-0.6473830159846325,"Node(id=3_9035_19, type=transcoder, layer=1, feature=9035, pos=19)",1
0,19,4675,transcoder,2,19,15512,transcoder,0.6515789031982422,0.3224133253097534,-0.32916557788848877,0.0,-0.5051814542686943,"Node(id=5_15512_19, type=transcoder, layer=2, feature=15512, pos=19)",1
0,19,4675,transcoder,4,19,8194,transcoder,1.4070217609405518,0.9176051616668701,-0.48941659927368164,0.0,-0.34783868512916344,"Node(id=9_8194_19, type=transcoder, layer=4, feature=8194, pos=19)",1
0,19,4675,transcoder,6,19,2562,transcoder,1.826368808746338,0.0,-1.826368808746338,0.0,-1.0,"Node(id=13_2562_19, type=transcoder, layer=6, feature=2562, pos=19)",1
0,19,4675,transcoder,14,55,138,transcoder,5.991324424743652,2.3567562103271484,-3.634568214416504,0.0,-0.6066385254328828,"Node(id=29_138_55, type=transcoder, layer=14, feature=138, pos=55)",1
0,19,4675,transcoder,2,55,7624,lorsa,3.8822731971740723,2.2401201725006104,-1.642153024673462,0.0,-0.4229874976003219,"Node(id=4_7624_55, type=lorsa, layer=2, feature=7624, pos=55)",1
0,19,4675,transcoder,3,19,2651,lorsa,3.13403058052063,1.006697416305542,-2.127333164215088,0.0,-0.6787850691175107,"Node(id=6_2651_19, type=lorsa, layer=3, feature=2651, pos=19)",1
0,19,4675,transcoder,3,19,3024,transcoder,1.101823091506958,0.41383832693099976,-0.6879847645759583,0.0,-0.6244058323691555,"Node(id=7_3024_19, type=transcoder, layer=3, feature=3024, pos=19)",1
0,19,4675,transcoder,14,55,11103,transcoder,0.5930737257003784,0.0,-0.5930737257003784,0.0,-1.0,"Node(id=29_11103_55, type=transcoder, layer=14, feature=11103, pos=55)",1
0,19,4675,transcoder,6,55,7034,transcoder,0.6798377633094788,0.5008381605148315,-0.17899960279464722,0.0,-0.2632975284033497,"Node(id=13_7034_55, type=transcoder, layer=6, feature=7034, pos=55)",1
0,19,4675,transcoder,13,55,12356,transcoder,3.18350887298584,1.8589470386505127,-1.3245618343353271,0.0,-0.41606977934790845,"Node(id=27_12356_55, type=transcoder, layer=13, feature=12356, pos=55)",1
0,19,4675,transcoder,7,19,10549,transcoder,2.072998046875,0.0,-2.072998046875,0.0,-1.0,"Node(id=15_10549_19, type=transcoder, layer=7, feature=10549, pos=19)",1
0,19,4675,transcoder,4,55,2320,transcoder,2.978559732437134,1.8352140188217163,-1.1433457136154175,0.0,-0.38385858143590185,"Node(id=9_2320_55, type=transcoder, layer=4, feature=2320, pos=55)",1
0,19,4675,transcoder,8,55,12466,lorsa,5.128899097442627,2.4930078983306885,-2.6358911991119385,0.0,-0.5139292368661039,"Node(id=16_12466_55, type=lorsa, layer=8, feature=12466, pos=55)",1
0,19,4675,transcoder,7,63,3804,transcoder,1.3894561529159546,1.1703380346298218,-0.2191181182861328,0.0,-0.15770063547977742,"Node(id=15_3804_63, type=transcoder, layer=7, feature=3804, pos=63)",1
0,19,4675,transcoder,2,55,4901,transcoder,1.173736810684204,1.0010980367660522,-0.17263877391815186,0.0,-0.1470847402472756,"Node(id=5_4901_55, type=transcoder, layer=2, feature=4901, pos=55)",1
0,19,4675,transcoder,2,55,6076,lorsa,1.7181307077407837,1.2191143035888672,-0.4990164041519165,0.0,-0.29044146752262323,"Node(id=4_6076_55, type=lorsa, layer=2, feature=6076, pos=55)",1
0,19,4675,transcoder,7,50,10753,transcoder,1.0690118074417114,0.6408401727676392,-0.42817163467407227,0.0,-0.40053031378460113,"Node(id=15_10753_50, type=transcoder, layer=7, feature=10753, pos=50)",1
0,19,4675,transcoder,14,55,16044,lorsa,2.606524705886841,0.6864177584648132,-1.9201069474220276,0.0,-0.7366540371113547,"Node(id=28_16044_55, type=lorsa, layer=14, feature=16044, pos=55)",1
0,19,4675,transcoder,1,55,8308,lorsa,1.5582549571990967,1.1210817098617554,-0.4371732473373413,0.0,-0.28055309262300915,"Node(id=2_8308_55, type=lorsa, layer=1, feature=8308, pos=55)",1
0,19,4675,transcoder,1,55,1824,transcoder,0.6892250180244446,0.5735320448875427,-0.11569297313690186,0.0,-0.16785950903018237,"Node(id=3_1824_55, type=transcoder, layer=1, feature=1824, pos=55)",1
0,19,4675,transcoder,14,55,3391,transcoder,0.7034270167350769,0.0,-0.7034270167350769,0.0,-1.0,"Node(id=29_3391_55, type=transcoder, layer=14, feature=3391, pos=55)",1
0,19,4675,transcoder,11,55,2278,transcoder,0.4227127730846405,0.30929404497146606,-0.11341872811317444,0.0,-0.2683115707281086,"Node(id=23_2278_55, type=transcoder, layer=11, feature=2278, pos=55)",1
0,19,4675,transcoder,14,55,15619,transcoder,1.2117552757263184,0.0,-1.2117552757263184,0.0,-1.0,"Node(id=29_15619_55, type=transcoder, layer=14, feature=15619, pos=55)",1
0,19,4675,transcoder,2,55,13261,transcoder,0.6239655017852783,0.0,-0.6239655017852783,0.0,-1.0,"Node(id=5_13261_55, type=transcoder, layer=2, feature=13261, pos=55)",1
0,19,4675,transcoder,13,55,3932,transcoder,0.7734141945838928,0.0,-0.7734141945838928,0.0,-1.0,"Node(id=27_3932_55, type=transcoder, layer=13, feature=3932, pos=55)",1
0,19,4675,transcoder,9,55,12666,transcoder,0.6803210973739624,0.3417043089866638,-0.3386167883872986,0.0,-0.49773083576910737,"Node(id=19_12666_55, type=transcoder, layer=9, feature=12666, pos=55)",1
0,19,4675,transcoder,7,55,14502,lorsa,2.268876075744629,0.0,-2.268876075744629,0.0,-1.0,"Node(id=14_14502_55, type=lorsa, layer=7, feature=14502, pos=55)",1
0,19,4675,transcoder,8,55,9586,lorsa,2.2772367000579834,0.0,-2.2772367000579834,0.0,-1.0,"Node(id=16_9586_55, type=lorsa, layer=8, feature=9586, pos=55)",1
0,19,4675,transcoder,3,54,9407,transcoder,0.9804326891899109,0.7281112670898438,-0.25232142210006714,0.0,-0.2573572106296756,"Node(id=7_9407_54, type=transcoder, layer=3, feature=9407, pos=54)",1
0,19,4675,transcoder,5,54,13299,transcoder,0.4998253881931305,0.37738457322120667,-0.12244081497192383,0.0,-0.24496717826708952,"Node(id=11_13299_54, type=transcoder, layer=5, feature=13299, pos=54)",1
0,19,4675,transcoder,4,55,16282,lorsa,1.991599440574646,1.4978857040405273,-0.49371373653411865,0.0,-0.24789810966790843,"Node(id=8_16282_55, type=lorsa, layer=4, feature=16282, pos=55)",1
0,19,4675,transcoder,8,55,2551,lorsa,2.676435947418213,2.322899341583252,-0.35353660583496094,0.0,-0.13209230961644913,"Node(id=16_2551_55, type=lorsa, layer=8, feature=2551, pos=55)",1
0,19,4675,transcoder,6,55,15671,transcoder,5.856712341308594,4.898561000823975,-0.9581513404846191,0.0,-0.16359883918603638,"Node(id=13_15671_55, type=transcoder, layer=6, feature=15671, pos=55)",1
0,19,4675,transcoder,7,55,13128,transcoder,0.5602725148200989,0.0,-0.5602725148200989,0.0,-1.0,"Node(id=15_13128_55, type=transcoder, layer=7, feature=13128, pos=55)",1
0,19,4675,transcoder,8,55,9724,transcoder,0.20959925651550293,0.0,-0.20959925651550293,0.0,-1.0,"Node(id=17_9724_55, type=transcoder, layer=8, feature=9724, pos=55)",1
0,19,4675,transcoder,1,55,12154,transcoder,0.19804225862026215,0.13776449859142303,-0.06027776002883911,0.0,-0.30436817095900337,"Node(id=3_12154_55, type=transcoder, layer=1, feature=12154, pos=55)",1
0,19,4675,transcoder,6,63,3789,transcoder,2.006242275238037,1.699562668800354,-0.3066796064376831,0.0,-0.15286269770249764,"Node(id=13_3789_63, type=transcoder, layer=6, feature=3789, pos=63)",1
0,19,4675,transcoder,13,55,15835,transcoder,0.3478931784629822,0.0,-0.3478931784629822,0.0,-1.0,"Node(id=27_15835_55, type=transcoder, layer=13, feature=15835, pos=55)",1
0,19,4675,transcoder,4,55,9531,transcoder,0.5060067176818848,0.24126653373241425,-0.2647401839494705,0.0,-0.5231949986006051,"Node(id=9_9531_55, type=transcoder, layer=4, feature=9531, pos=55)",1
0,19,4675,transcoder,2,55,2440,lorsa,1.7886356115341187,1.2328296899795532,-0.5558059215545654,0.0,-0.3107429584709257,"Node(id=4_2440_55, type=lorsa, layer=2, feature=2440, pos=55)",1
0,19,4675,transcoder,2,55,5819,transcoder,0.7991868257522583,0.6095057129859924,-0.18968111276626587,0.0,-0.23734264211340433,"Node(id=5_5819_55, type=transcoder, layer=2, feature=5819, pos=55)",1
0,19,4675,transcoder,12,55,6669,transcoder,0.8420363068580627,0.0,-0.8420363068580627,0.0,-1.0,"Node(id=25_6669_55, type=transcoder, layer=12, feature=6669, pos=55)",1
0,19,4675,transcoder,6,50,7455,transcoder,0.7886064052581787,0.5054578185081482,-0.2831485867500305,0.0,-0.35904931137013985,"Node(id=13_7455_50, type=transcoder, layer=6, feature=7455, pos=50)",1
0,19,4675,transcoder,10,55,11535,transcoder,0.6737499833106995,0.0,-0.6737499833106995,0.0,-1.0,"Node(id=21_11535_55, type=transcoder, layer=10, feature=11535, pos=55)",1
0,19,4675,transcoder,9,55,12225,transcoder,0.47227632999420166,0.26690611243247986,-0.2053702175617218,0.0,-0.4348518113627317,"Node(id=19_12225_55, type=transcoder, layer=9, feature=12225, pos=55)",1
0,19,4675,transcoder,5,55,12487,transcoder,2.9206624031066895,2.390643358230591,-0.5300190448760986,0.0,-0.18147220449454235,"Node(id=11_12487_55, type=transcoder, layer=5, feature=12487, pos=55)",1
0,19,4675,transcoder,13,55,5819,transcoder,0.5956785082817078,0.0,-0.5956785082817078,0.0,-1.0,"Node(id=27_5819_55, type=transcoder, layer=13, feature=5819, pos=55)",1
0,19,4675,transcoder,1,55,8260,lorsa,1.92356276512146,0.0,-1.92356276512146,0.0,-1.0,"Node(id=2_8260_55, type=lorsa, layer=1, feature=8260, pos=55)",1
0,19,4675,transcoder,2,55,14393,transcoder,0.4859774708747864,0.4063582420349121,-0.07961922883987427,0.0,-0.16383316843176957,"Node(id=5_14393_55, type=transcoder, layer=2, feature=14393, pos=55)",1
0,19,4675,transcoder,10,55,9278,transcoder,5.912051200866699,5.2280988693237305,-0.6839523315429688,0.0,-0.1156878227716807,"Node(id=21_9278_55, type=transcoder, layer=10, feature=9278, pos=55)",1
0,19,4675,transcoder,7,54,3543,transcoder,0.46587416529655457,0.0,-0.46587416529655457,0.0,-1.0,"Node(id=15_3543_54, type=transcoder, layer=7, feature=3543, pos=54)",1
0,19,4675,transcoder,8,54,9517,transcoder,0.4715726673603058,0.24207013845443726,-0.22950252890586853,0.0,-0.48667479010295733,"Node(id=17_9517_54, type=transcoder, layer=8, feature=9517, pos=54)",1
0,19,4675,transcoder,14,55,5916,transcoder,0.3695855438709259,0.0,-0.3695855438709259,0.0,-1.0,"Node(id=29_5916_55, type=transcoder, layer=14, feature=5916, pos=55)",1
0,19,4675,transcoder,2,55,2823,transcoder,0.23902328312397003,0.20910941064357758,-0.029913872480392456,0.0,-0.12515045433828115,"Node(id=5_2823_55, type=transcoder, layer=2, feature=2823, pos=55)",1
0,19,4675,transcoder,1,55,9786,transcoder,0.7136760354042053,0.6178215146064758,-0.09585452079772949,0.0,-0.1343109703038302,"Node(id=3_9786_55, type=transcoder, layer=1, feature=9786, pos=55)",1
0,19,4675,transcoder,10,55,10622,transcoder,0.2998685836791992,0.21448710560798645,-0.08538147807121277,0.0,-0.28472965398254013,"Node(id=21_10622_55, type=transcoder, layer=10, feature=10622, pos=55)",1
0,19,4675,transcoder,8,55,8745,transcoder,4.492262840270996,3.8735947608947754,-0.6186680793762207,0.0,-0.13771858445818355,"Node(id=17_8745_55, type=transcoder, layer=8, feature=8745, pos=55)",1
0,19,4675,transcoder,13,55,7425,transcoder,0.6321931481361389,0.0,-0.6321931481361389,0.0,-1.0,"Node(id=27_7425_55, type=transcoder, layer=13, feature=7425, pos=55)",1
0,19,4675,transcoder,4,54,3019,transcoder,0.2689710259437561,0.0,-0.2689710259437561,0.0,-1.0,"Node(id=9_3019_54, type=transcoder, layer=4, feature=3019, pos=54)",1
0,19,4675,transcoder,14,55,1214,transcoder,0.7802796959877014,0.0,-0.7802796959877014,0.0,-1.0,"Node(id=29_1214_55, type=transcoder, layer=14, feature=1214, pos=55)",1
0,19,4675,transcoder,3,54,6230,transcoder,0.7401818633079529,0.4671100676059723,-0.2730717957019806,0.0,-0.3689252726101572,"Node(id=7_6230_54, type=transcoder, layer=3, feature=6230, pos=54)",1
0,19,4675,transcoder,13,55,10331,transcoder,0.5097225308418274,0.0,-0.5097225308418274,0.0,-1.0,"Node(id=27_10331_55, type=transcoder, layer=13, feature=10331, pos=55)",1
0,19,4675,transcoder,10,55,15174,transcoder,0.40954360365867615,0.0,-0.40954360365867615,0.0,-1.0,"Node(id=21_15174_55, type=transcoder, layer=10, feature=15174, pos=55)",1
0,19,4675,transcoder,11,55,8862,transcoder,0.643543541431427,0.0,-0.643543541431427,0.0,-1.0,"Node(id=23_8862_55, type=transcoder, layer=11, feature=8862, pos=55)",1
0,19,4675,transcoder,8,55,3569,transcoder,0.576390266418457,0.0,-0.576390266418457,0.0,-1.0,"Node(id=17_3569_55, type=transcoder, layer=8, feature=3569, pos=55)",1
0,19,4675,transcoder,4,55,15932,lorsa,2.069827079772949,1.2466198205947876,-0.8232072591781616,0.0,-0.39771789016716497,"Node(id=8_15932_55, type=lorsa, layer=4, feature=15932, pos=55)",1
0,19,4675,transcoder,1,54,14103,transcoder,0.2923813760280609,0.0,-0.2923813760280609,0.0,-1.0,"Node(id=3_14103_54, type=transcoder, layer=1, feature=14103, pos=54)",1
0,19,4675,transcoder,8,55,7940,transcoder,0.6999607682228088,0.3107375204563141,-0.38922324776649475,0.0,-0.5560643759431367,"Node(id=17_7940_55, type=transcoder, layer=8, feature=7940, pos=55)",1
0,19,4675,transcoder,8,8,11854,transcoder,22.290363311767578,19.589187622070312,-2.7011756896972656,0.0,-0.12118132180785295,"Node(id=17_11854_8, type=transcoder, layer=8, feature=11854, pos=8)",1
0,19,4675,transcoder,12,55,11739,transcoder,0.2567141354084015,0.0,-0.2567141354084015,0.0,-1.0,"Node(id=25_11739_55, type=transcoder, layer=12, feature=11739, pos=55)",1
0,19,4675,transcoder,10,55,3280,transcoder,0.24856069684028625,0.0,-0.24856069684028625,0.0,-1.0,"Node(id=21_3280_55, type=transcoder, layer=10, feature=3280, pos=55)",1
0,19,4675,transcoder,14,55,11920,transcoder,0.7073771357536316,0.0,-0.7073771357536316,0.0,-1.0,"Node(id=29_11920_55, type=transcoder, layer=14, feature=11920, pos=55)",1
0,19,4675,transcoder,10,55,546,transcoder,0.65244460105896,0.5801883935928345,-0.07225620746612549,0.0,-0.11074688540429176,"Node(id=21_546_55, type=transcoder, layer=10, feature=546, pos=55)",1
0,19,4675,transcoder,11,55,1321,lorsa,4.358194351196289,3.7855875492095947,-0.5726068019866943,0.0,-0.1313862475705147,"Node(id=22_1321_55, type=lorsa, layer=11, feature=1321, pos=55)",1
0,19,4675,transcoder,5,55,16275,lorsa,1.9964919090270996,1.3781510591506958,-0.6183408498764038,0.0,-0.30971367681511136,"Node(id=10_16275_55, type=lorsa, layer=5, feature=16275, pos=55)",1
0,19,10079,lorsa,1,19,9035,transcoder,1.3196029663085938,1.1638256311416626,-0.15577733516693115,0.0,-0.11804863973797865,"Node(id=3_9035_19, type=transcoder, layer=1, feature=9035, pos=19)",1
0,19,10079,lorsa,1,55,8308,lorsa,1.5582549571990967,1.2415534257888794,-0.3167015314102173,0.0,-0.20324115122949848,"Node(id=2_8308_55, type=lorsa, layer=1, feature=8308, pos=55)",1
0,19,10079,lorsa,0,19,12801,transcoder,1.322563648223877,0.9391006231307983,-0.3834630250930786,0.0,-0.28993918410508734,"Node(id=1_12801_19, type=transcoder, layer=0, feature=12801, pos=19)",1
0,19,10079,lorsa,2,55,2440,lorsa,1.7886356115341187,1.559792160987854,-0.22884345054626465,0.0,-0.12794302487916187,"Node(id=4_2440_55, type=lorsa, layer=2, feature=2440, pos=55)",1
0,19,10079,lorsa,1,55,8260,lorsa,1.92356276512146,0.9657025337219238,-0.9578602313995361,0.0,-0.4979615163943214,"Node(id=2_8260_55, type=lorsa, layer=1, feature=8260, pos=55)",1
0,19,10079,lorsa,2,55,2823,transcoder,0.23902328312397003,0.0,-0.23902328312397003,0.0,-1.0,"Node(id=5_2823_55, type=transcoder, layer=2, feature=2823, pos=55)",1
0,54,2952,lorsa,0,54,5593,transcoder,1.5712335109710693,1.154268503189087,-0.4169650077819824,0.0,-0.26537430933756345,"Node(id=1_5593_54, type=transcoder, layer=0, feature=5593, pos=54)",1
0,54,11059,lorsa,0,54,5593,transcoder,1.5712335109710693,1.2659595012664795,-0.30527400970458984,0.0,-0.1942893959255753,"Node(id=1_5593_54, type=transcoder, layer=0, feature=5593, pos=54)",1
0,54,5593,transcoder,2,54,12759,transcoder,0.6271476745605469,0.1696503609418869,-0.45749731361866,0.0,-0.7294889739314367,"Node(id=5_12759_54, type=transcoder, layer=2, feature=12759, pos=54)",1
0,54,5593,transcoder,1,54,9082,transcoder,0.7630938291549683,0.39040589332580566,-0.3726879358291626,0.0,-0.4883907084425886,"Node(id=3_9082_54, type=transcoder, layer=1, feature=9082, pos=54)",1
0,54,5593,transcoder,4,19,8194,transcoder,1.4070217609405518,1.2424899339675903,-0.16453182697296143,0.0,-0.11693623477648053,"Node(id=9_8194_19, type=transcoder, layer=4, feature=8194, pos=19)",1
0,54,5593,transcoder,14,55,138,transcoder,5.991324424743652,3.180305004119873,-2.8110194206237793,0.0,-0.4691816402087178,"Node(id=29_138_55, type=transcoder, layer=14, feature=138, pos=55)",1
0,54,5593,transcoder,6,54,6679,transcoder,1.2186368703842163,0.0,-1.2186368703842163,0.0,-1.0,"Node(id=13_6679_54, type=transcoder, layer=6, feature=6679, pos=54)",1
0,54,5593,transcoder,4,54,2320,transcoder,4.304287433624268,2.1780929565429688,-2.126194477081299,0.0,-0.4939713041633501,"Node(id=9_2320_54, type=transcoder, layer=4, feature=2320, pos=54)",1
0,54,5593,transcoder,1,55,9142,lorsa,3.4574296474456787,1.0169209241867065,-2.440508723258972,0.0,-0.7058737189524595,"Node(id=2_9142_55, type=lorsa, layer=1, feature=9142, pos=55)",1
0,54,5593,transcoder,14,55,11103,transcoder,0.5930737257003784,0.0,-0.5930737257003784,0.0,-1.0,"Node(id=29_11103_55, type=transcoder, layer=14, feature=11103, pos=55)",1
0,54,5593,transcoder,6,55,7034,transcoder,0.6798377633094788,0.280502051115036,-0.39933571219444275,0.0,-0.5873985438091285,"Node(id=13_7034_55, type=transcoder, layer=6, feature=7034, pos=55)",1
0,54,5593,transcoder,7,54,14452,transcoder,4.643435478210449,2.860191583633423,-1.7832438945770264,0.0,-0.3840354631705311,"Node(id=15_14452_54, type=transcoder, layer=7, feature=14452, pos=54)",1
0,54,5593,transcoder,2,55,11401,lorsa,1.9274051189422607,1.623672604560852,-0.3037325143814087,0.0,-0.15758623415304296,"Node(id=4_11401_55, type=lorsa, layer=2, feature=11401, pos=55)",1
0,54,5593,transcoder,13,55,12356,transcoder,3.18350887298584,2.6985421180725098,-0.4849667549133301,0.0,-0.1523371770779692,"Node(id=27_12356_55, type=transcoder, layer=13, feature=12356, pos=55)",1
0,54,5593,transcoder,4,55,2320,transcoder,2.978559732437134,2.5969457626342773,-0.38161396980285645,0.0,-0.1281203011129846,"Node(id=9_2320_55, type=transcoder, layer=4, feature=2320, pos=55)",1
0,54,5593,transcoder,3,55,12235,lorsa,2.4719231128692627,1.2101917266845703,-1.2617313861846924,0.0,-0.5104250126615585,"Node(id=6_12235_55, type=lorsa, layer=3, feature=12235, pos=55)",1
0,54,5593,transcoder,5,55,2419,transcoder,0.6756512522697449,0.0,-0.6756512522697449,0.0,-1.0,"Node(id=11_2419_55, type=transcoder, layer=5, feature=2419, pos=55)",1
0,54,5593,transcoder,8,55,12466,lorsa,5.128899097442627,0.0,-5.128899097442627,0.0,-1.0,"Node(id=16_12466_55, type=lorsa, layer=8, feature=12466, pos=55)",1
0,54,5593,transcoder,10,1,10273,transcoder,28.066740036010742,24.87622833251953,-3.190511703491211,0.0,-0.11367589179924914,"Node(id=21_10273_1, type=transcoder, layer=10, feature=10273, pos=1)",1
0,54,5593,transcoder,2,55,4901,transcoder,1.173736810684204,0.9273883104324341,-0.24634850025177002,0.0,-0.20988393480491302,"Node(id=5_4901_55, type=transcoder, layer=2, feature=4901, pos=55)",1
0,54,5593,transcoder,2,55,11309,transcoder,0.29157570004463196,0.0,-0.29157570004463196,0.0,-1.0,"Node(id=5_11309_55, type=transcoder, layer=2, feature=11309, pos=55)",1
0,54,5593,transcoder,2,55,6076,lorsa,1.7181307077407837,0.0,-1.7181307077407837,0.0,-1.0,"Node(id=4_6076_55, type=lorsa, layer=2, feature=6076, pos=55)",1
0,54,5593,transcoder,7,50,10753,transcoder,1.0690118074417114,0.12540748715400696,-0.9436043202877045,0.0,-0.8826883984994293,"Node(id=15_10753_50, type=transcoder, layer=7, feature=10753, pos=50)",1
0,54,5593,transcoder,14,55,16044,lorsa,2.606524705886841,1.1648273468017578,-1.441697359085083,0.0,-0.5531109510794227,"Node(id=28_16044_55, type=lorsa, layer=14, feature=16044, pos=55)",1
0,54,5593,transcoder,1,55,1824,transcoder,0.6892250180244446,0.6042742133140564,-0.08495080471038818,0.0,-0.12325554425445313,"Node(id=3_1824_55, type=transcoder, layer=1, feature=1824, pos=55)",1
0,54,5593,transcoder,14,55,3391,transcoder,0.7034270167350769,0.0,-0.7034270167350769,0.0,-1.0,"Node(id=29_3391_55, type=transcoder, layer=14, feature=3391, pos=55)",1
0,54,5593,transcoder,11,55,2278,transcoder,0.4227127730846405,0.0,-0.4227127730846405,0.0,-1.0,"Node(id=23_2278_55, type=transcoder, layer=11, feature=2278, pos=55)",1
0,54,5593,transcoder,1,55,7963,transcoder,0.6885604858398438,0.5253853797912598,-0.16317510604858398,0.0,-0.2369800611627572,"Node(id=3_7963_55, type=transcoder, layer=1, feature=7963, pos=55)",1
0,54,5593,transcoder,14,55,15619,transcoder,1.2117552757263184,0.4312800168991089,-0.7804752588272095,0.0,-0.6440865366642597,"Node(id=29_15619_55, type=transcoder, layer=14, feature=15619, pos=55)",1
0,54,5593,transcoder,3,55,12206,lorsa,1.9337397813796997,1.0431382656097412,-0.8906015157699585,0.0,-0.4605591322812448,"Node(id=6_12206_55, type=lorsa, layer=3, feature=12206, pos=55)",1
0,54,5593,transcoder,2,55,13261,transcoder,0.6239655017852783,0.28239721059799194,-0.3415682911872864,0.0,-0.5474153462170547,"Node(id=5_13261_55, type=transcoder, layer=2, feature=13261, pos=55)",1
0,54,5593,transcoder,13,55,3932,transcoder,0.7734141945838928,0.0,-0.7734141945838928,0.0,-1.0,"Node(id=27_3932_55, type=transcoder, layer=13, feature=3932, pos=55)",1
0,54,5593,transcoder,9,55,12666,transcoder,0.6803210973739624,0.5687496066093445,-0.11157149076461792,0.0,-0.1639982813928358,"Node(id=19_12666_55, type=transcoder, layer=9, feature=12666, pos=55)",1
0,54,5593,transcoder,8,55,9586,lorsa,2.2772367000579834,1.6224335432052612,-0.6548031568527222,0.0,-0.28754286141447194,"Node(id=16_9586_55, type=lorsa, layer=8, feature=9586, pos=55)",1
0,54,5593,transcoder,4,55,9914,transcoder,0.5230033993721008,0.0,-0.5230033993721008,0.0,-1.0,"Node(id=9_9914_55, type=transcoder, layer=4, feature=9914, pos=55)",1
0,54,5593,transcoder,1,55,15014,lorsa,0.4733544886112213,0.0,-0.4733544886112213,0.0,-1.0,"Node(id=2_15014_55, type=lorsa, layer=1, feature=15014, pos=55)",1
0,54,5593,transcoder,3,54,9407,transcoder,0.9804326891899109,0.0,-0.9804326891899109,0.0,-1.0,"Node(id=7_9407_54, type=transcoder, layer=3, feature=9407, pos=54)",1
0,54,5593,transcoder,5,54,13299,transcoder,0.4998253881931305,0.0,-0.4998253881931305,0.0,-1.0,"Node(id=11_13299_54, type=transcoder, layer=5, feature=13299, pos=54)",1
0,54,5593,transcoder,4,55,16282,lorsa,1.991599440574646,0.0,-1.991599440574646,0.0,-1.0,"Node(id=8_16282_55, type=lorsa, layer=4, feature=16282, pos=55)",1
0,54,5593,transcoder,1,55,9198,lorsa,3.0222439765930176,2.6691691875457764,-0.3530747890472412,0.0,-0.11682537603905269,"Node(id=2_9198_55, type=lorsa, layer=1, feature=9198, pos=55)",1
0,54,5593,transcoder,8,55,2551,lorsa,2.676435947418213,1.4716476202011108,-1.204788327217102,0.0,-0.4501465198071654,"Node(id=16_2551_55, type=lorsa, layer=8, feature=2551, pos=55)",1
0,54,5593,transcoder,7,55,13128,transcoder,0.5602725148200989,0.0,-0.5602725148200989,0.0,-1.0,"Node(id=15_13128_55, type=transcoder, layer=7, feature=13128, pos=55)",1
0,54,5593,transcoder,1,54,15914,transcoder,0.506878674030304,0.0,-0.506878674030304,0.0,-1.0,"Node(id=3_15914_54, type=transcoder, layer=1, feature=15914, pos=54)",1
0,54,5593,transcoder,8,55,9724,transcoder,0.20959925651550293,0.0,-0.20959925651550293,0.0,-1.0,"Node(id=17_9724_55, type=transcoder, layer=8, feature=9724, pos=55)",1
0,54,5593,transcoder,3,55,11167,transcoder,0.2644384503364563,0.0,-0.2644384503364563,0.0,-1.0,"Node(id=7_11167_55, type=transcoder, layer=3, feature=11167, pos=55)",1
0,54,5593,transcoder,1,55,12154,transcoder,0.19804225862026215,0.0,-0.19804225862026215,0.0,-1.0,"Node(id=3_12154_55, type=transcoder, layer=1, feature=12154, pos=55)",1
0,54,5593,transcoder,13,55,15835,transcoder,0.3478931784629822,0.0,-0.3478931784629822,0.0,-1.0,"Node(id=27_15835_55, type=transcoder, layer=13, feature=15835, pos=55)",1
0,54,5593,transcoder,4,55,16377,lorsa,2.713291645050049,0.0,-2.713291645050049,0.0,-1.0,"Node(id=8_16377_55, type=lorsa, layer=4, feature=16377, pos=55)",1
0,54,5593,transcoder,4,55,9531,transcoder,0.5060067176818848,0.3064885139465332,-0.19951820373535156,0.0,-0.3942995157245803,"Node(id=9_9531_55, type=transcoder, layer=4, feature=9531, pos=55)",1
0,54,5593,transcoder,2,55,2440,lorsa,1.7886356115341187,1.4717323780059814,-0.3169032335281372,0.0,-0.1771759610982632,"Node(id=4_2440_55, type=lorsa, layer=2, feature=2440, pos=55)",1
0,54,5593,transcoder,2,55,5819,transcoder,0.7991868257522583,0.5066258311271667,-0.29256099462509155,0.0,-0.3660733450525912,"Node(id=5_5819_55, type=transcoder, layer=2, feature=5819, pos=55)",1
0,54,5593,transcoder,12,55,6669,transcoder,0.8420363068580627,0.0,-0.8420363068580627,0.0,-1.0,"Node(id=25_6669_55, type=transcoder, layer=12, feature=6669, pos=55)",1
0,54,5593,transcoder,6,50,7455,transcoder,0.7886064052581787,0.5547541379928589,-0.23385226726531982,0.0,-0.2965386353776316,"Node(id=13_7455_50, type=transcoder, layer=6, feature=7455, pos=50)",1
0,54,5593,transcoder,10,55,11535,transcoder,0.6737499833106995,0.0,-0.6737499833106995,0.0,-1.0,"Node(id=21_11535_55, type=transcoder, layer=10, feature=11535, pos=55)",1
0,54,5593,transcoder,9,55,12225,transcoder,0.47227632999420166,0.0,-0.47227632999420166,0.0,-1.0,"Node(id=19_12225_55, type=transcoder, layer=9, feature=12225, pos=55)",1
0,54,5593,transcoder,13,55,5819,transcoder,0.5956785082817078,0.0,-0.5956785082817078,0.0,-1.0,"Node(id=27_5819_55, type=transcoder, layer=13, feature=5819, pos=55)",1
0,54,5593,transcoder,2,54,12504,transcoder,0.6575953364372253,0.0,-0.6575953364372253,0.0,-1.0,"Node(id=5_12504_54, type=transcoder, layer=2, feature=12504, pos=54)",1
0,54,5593,transcoder,6,55,23,transcoder,0.9902805685997009,0.0,-0.9902805685997009,0.0,-1.0,"Node(id=13_23_55, type=transcoder, layer=6, feature=23, pos=55)",1
0,54,5593,transcoder,7,54,3543,transcoder,0.46587416529655457,0.0,-0.46587416529655457,0.0,-1.0,"Node(id=15_3543_54, type=transcoder, layer=7, feature=3543, pos=54)",1
0,54,5593,transcoder,8,54,9517,transcoder,0.4715726673603058,0.0,-0.4715726673603058,0.0,-1.0,"Node(id=17_9517_54, type=transcoder, layer=8, feature=9517, pos=54)",1
0,54,5593,transcoder,3,55,4439,transcoder,0.30011671781539917,0.0,-0.30011671781539917,0.0,-1.0,"Node(id=7_4439_55, type=transcoder, layer=3, feature=4439, pos=55)",1
0,54,5593,transcoder,14,55,5916,transcoder,0.3695855438709259,0.0,-0.3695855438709259,0.0,-1.0,"Node(id=29_5916_55, type=transcoder, layer=14, feature=5916, pos=55)",1
0,54,5593,transcoder,2,55,2823,transcoder,0.23902328312397003,0.0,-0.23902328312397003,0.0,-1.0,"Node(id=5_2823_55, type=transcoder, layer=2, feature=2823, pos=55)",1
0,54,5593,transcoder,1,55,9786,transcoder,0.7136760354042053,0.6078031063079834,-0.10587292909622192,0.0,-0.14834872385235492,"Node(id=3_9786_55, type=transcoder, layer=1, feature=9786, pos=55)",1
0,54,5593,transcoder,10,55,10622,transcoder,0.2998685836791992,0.20678094029426575,-0.09308764338493347,0.0,-0.3104281290250767,"Node(id=21_10622_55, type=transcoder, layer=10, feature=10622, pos=55)",1
0,54,5593,transcoder,8,55,8745,transcoder,4.492262840270996,3.9573633670806885,-0.5348994731903076,0.0,-0.11907127703997832,"Node(id=17_8745_55, type=transcoder, layer=8, feature=8745, pos=55)",1
0,54,5593,transcoder,4,55,16341,lorsa,0.9263823628425598,0.0,-0.9263823628425598,0.0,-1.0,"Node(id=8_16341_55, type=lorsa, layer=4, feature=16341, pos=55)",1
0,54,5593,transcoder,9,55,13128,transcoder,0.3520200252532959,0.29283779859542847,-0.05918222665786743,0.0,-0.16812176129833203,"Node(id=19_13128_55, type=transcoder, layer=9, feature=13128, pos=55)",1
0,54,5593,transcoder,13,55,7425,transcoder,0.6321931481361389,0.0,-0.6321931481361389,0.0,-1.0,"Node(id=27_7425_55, type=transcoder, layer=13, feature=7425, pos=55)",1
0,54,5593,transcoder,1,54,2519,transcoder,0.6752148270606995,0.0,-0.6752148270606995,0.0,-1.0,"Node(id=3_2519_54, type=transcoder, layer=1, feature=2519, pos=54)",1
0,54,5593,transcoder,13,63,7466,transcoder,0.8295653462409973,0.6358581185340881,-0.19370722770690918,0.0,-0.2335044835041063,"Node(id=27_7466_63, type=transcoder, layer=13, feature=7466, pos=63)",1
0,54,5593,transcoder,4,54,3019,transcoder,0.2689710259437561,0.0,-0.2689710259437561,0.0,-1.0,"Node(id=9_3019_54, type=transcoder, layer=4, feature=3019, pos=54)",1
0,54,5593,transcoder,14,55,1214,transcoder,0.7802796959877014,0.0,-0.7802796959877014,0.0,-1.0,"Node(id=29_1214_55, type=transcoder, layer=14, feature=1214, pos=55)",1
0,54,5593,transcoder,3,54,6230,transcoder,0.7401818633079529,0.0,-0.7401818633079529,0.0,-1.0,"Node(id=7_6230_54, type=transcoder, layer=3, feature=6230, pos=54)",1
0,54,5593,transcoder,1,55,2396,lorsa,0.5269799828529358,0.0,-0.5269799828529358,0.0,-1.0,"Node(id=2_2396_55, type=lorsa, layer=1, feature=2396, pos=55)",1
0,54,5593,transcoder,13,55,10331,transcoder,0.5097225308418274,0.0,-0.5097225308418274,0.0,-1.0,"Node(id=27_10331_55, type=transcoder, layer=13, feature=10331, pos=55)",1
0,54,5593,transcoder,9,55,7448,transcoder,0.2919863760471344,0.0,-0.2919863760471344,0.0,-1.0,"Node(id=19_7448_55, type=transcoder, layer=9, feature=7448, pos=55)",1
0,54,5593,transcoder,10,55,15174,transcoder,0.40954360365867615,0.0,-0.40954360365867615,0.0,-1.0,"Node(id=21_15174_55, type=transcoder, layer=10, feature=15174, pos=55)",1
0,54,5593,transcoder,11,55,8862,transcoder,0.643543541431427,0.0,-0.643543541431427,0.0,-1.0,"Node(id=23_8862_55, type=transcoder, layer=11, feature=8862, pos=55)",1
0,54,5593,transcoder,8,55,3569,transcoder,0.576390266418457,0.0,-0.576390266418457,0.0,-1.0,"Node(id=17_3569_55, type=transcoder, layer=8, feature=3569, pos=55)",1
0,54,5593,transcoder,4,55,15932,lorsa,2.069827079772949,1.3460313081741333,-0.7237957715988159,0.0,-0.3496890047830532,"Node(id=8_15932_55, type=lorsa, layer=4, feature=15932, pos=55)",1
0,54,5593,transcoder,7,54,13289,transcoder,0.9898383617401123,0.0,-0.9898383617401123,0.0,-1.0,"Node(id=15_13289_54, type=transcoder, layer=7, feature=13289, pos=54)",1
0,54,5593,transcoder,1,54,14103,transcoder,0.2923813760280609,0.0,-0.2923813760280609,0.0,-1.0,"Node(id=3_14103_54, type=transcoder, layer=1, feature=14103, pos=54)",1
0,54,5593,transcoder,10,1,5090,transcoder,17.671863555908203,15.655383110046387,-2.0164804458618164,0.0,-0.11410683652475632,"Node(id=21_5090_1, type=transcoder, layer=10, feature=5090, pos=1)",1
0,54,5593,transcoder,5,55,13666,transcoder,0.33196818828582764,0.0,-0.33196818828582764,0.0,-1.0,"Node(id=11_13666_55, type=transcoder, layer=5, feature=13666, pos=55)",1
0,54,5593,transcoder,8,55,7940,transcoder,0.6999607682228088,0.24671921133995056,-0.4532415568828583,0.0,-0.6475242291559177,"Node(id=17_7940_55, type=transcoder, layer=8, feature=7940, pos=55)",1
0,54,5593,transcoder,12,55,11739,transcoder,0.2567141354084015,0.0,-0.2567141354084015,0.0,-1.0,"Node(id=25_11739_55, type=transcoder, layer=12, feature=11739, pos=55)",1
0,54,5593,transcoder,10,55,3280,transcoder,0.24856069684028625,0.0,-0.24856069684028625,0.0,-1.0,"Node(id=21_3280_55, type=transcoder, layer=10, feature=3280, pos=55)",1
0,54,5593,transcoder,14,55,11920,transcoder,0.7073771357536316,0.4462018311023712,-0.2611753046512604,0.0,-0.3692164920951356,"Node(id=29_11920_55, type=transcoder, layer=14, feature=11920, pos=55)",1
0,54,5593,transcoder,2,54,14622,lorsa,2.7454328536987305,0.0,-2.7454328536987305,0.0,-1.0,"Node(id=4_14622_54, type=lorsa, layer=2, feature=14622, pos=54)",1
0,54,5593,transcoder,10,55,546,transcoder,0.65244460105896,0.3302266001701355,-0.32221800088882446,0.0,-0.49386262123380853,"Node(id=21_546_55, type=transcoder, layer=10, feature=546, pos=55)",1
0,54,5593,transcoder,11,55,1321,lorsa,4.358194351196289,3.8967490196228027,-0.46144533157348633,0.0,-0.10587993430050299,"Node(id=22_1321_55, type=lorsa, layer=11, feature=1321, pos=55)",1
0,54,5593,transcoder,5,55,16275,lorsa,1.9964919090270996,0.0,-1.9964919090270996,0.0,-1.0,"Node(id=10_16275_55, type=lorsa, layer=5, feature=16275, pos=55)",1
0,54,5593,transcoder,10,2,10273,transcoder,24.12562370300293,21.210599899291992,-2.9150238037109375,0.0,-0.120826878492186,"Node(id=21_10273_2, type=transcoder, layer=10, feature=10273, pos=2)",1
1,19,9035,transcoder,2,19,15512,transcoder,0.6515789031982422,0.14933937788009644,-0.5022395253181458,0.0,-0.7708038471671326,"Node(id=5_15512_19, type=transcoder, layer=2, feature=15512, pos=19)",1
1,19,9035,transcoder,4,19,8194,transcoder,1.4070217609405518,0.982438325881958,-0.42458343505859375,0.0,-0.3017603898142787,"Node(id=9_8194_19, type=transcoder, layer=4, feature=8194, pos=19)",1
1,19,9035,transcoder,6,19,2562,transcoder,1.826368808746338,0.804019570350647,-1.022349238395691,0.0,-0.5597715168479335,"Node(id=13_2562_19, type=transcoder, layer=6, feature=2562, pos=19)",1
1,19,9035,transcoder,14,55,138,transcoder,5.991324424743652,5.257632732391357,-0.7336916923522949,0.0,-0.12245901579327129,"Node(id=29_138_55, type=transcoder, layer=14, feature=138, pos=55)",1
1,19,9035,transcoder,2,55,7624,lorsa,3.8822731971740723,3.397045850753784,-0.4852273464202881,0.0,-0.12498536856537755,"Node(id=4_7624_55, type=lorsa, layer=2, feature=7624, pos=55)",1
1,19,9035,transcoder,3,19,2651,lorsa,3.13403058052063,0.49402475357055664,-2.6400058269500732,0.0,-0.8423676027154501,"Node(id=6_2651_19, type=lorsa, layer=3, feature=2651, pos=19)",1
1,19,9035,transcoder,3,19,3024,transcoder,1.101823091506958,0.14847081899642944,-0.9533522725105286,0.0,-0.8652498571314505,"Node(id=7_3024_19, type=transcoder, layer=3, feature=3024, pos=19)",1
1,19,9035,transcoder,14,55,11103,transcoder,0.5930737257003784,0.49668213725090027,-0.09639158844947815,0.0,-0.16252884636837764,"Node(id=29_11103_55, type=transcoder, layer=14, feature=11103, pos=55)",1
1,19,9035,transcoder,6,55,7034,transcoder,0.6798377633094788,0.5959767699241638,-0.08386099338531494,0.0,-0.12335442058569401,"Node(id=13_7034_55, type=transcoder, layer=6, feature=7034, pos=55)",1
1,19,9035,transcoder,7,19,10549,transcoder,2.072998046875,1.2331223487854004,-0.8398756980895996,0.0,-0.4051502602019786,"Node(id=15_10549_19, type=transcoder, layer=7, feature=10549, pos=19)",1
1,19,9035,transcoder,4,55,2320,transcoder,2.978559732437134,2.382066249847412,-0.5964934825897217,0.0,-0.20026238725172568,"Node(id=9_2320_55, type=transcoder, layer=4, feature=2320, pos=55)",1
1,19,9035,transcoder,8,55,12466,lorsa,5.128899097442627,3.294506072998047,-1.83439302444458,0.0,-0.357658240022551,"Node(id=16_12466_55, type=lorsa, layer=8, feature=12466, pos=55)",1
1,19,9035,transcoder,7,63,3804,transcoder,1.3894561529159546,1.2377525568008423,-0.1517035961151123,0.0,-0.1091819959893967,"Node(id=15_3804_63, type=transcoder, layer=7, feature=3804, pos=63)",1
1,19,9035,transcoder,2,55,4901,transcoder,1.173736810684204,0.9163885712623596,-0.2573482394218445,0.0,-0.219255489884337,"Node(id=5_4901_55, type=transcoder, layer=2, feature=4901, pos=55)",1
1,19,9035,transcoder,7,50,10753,transcoder,1.0690118074417114,0.8032620549201965,-0.2657497525215149,0.0,-0.24859384215548533,"Node(id=15_10753_50, type=transcoder, layer=7, feature=10753, pos=50)",1
1,19,9035,transcoder,14,55,16044,lorsa,2.606524705886841,1.701215386390686,-0.9053093194961548,0.0,-0.34732428104422414,"Node(id=28_16044_55, type=lorsa, layer=14, feature=16044, pos=55)",1
0,19,12801,transcoder,1,19,9035,transcoder,1.3196029663085938,0.7944102883338928,-0.5251926779747009,0.0,-0.39799295044315836,"Node(id=3_9035_19, type=transcoder, layer=1, feature=9035, pos=19)",1
1,19,9035,transcoder,14,55,3391,transcoder,0.7034270167350769,0.2549022436141968,-0.4485247731208801,0.0,-0.6376280160558612,"Node(id=29_3391_55, type=transcoder, layer=14, feature=3391, pos=55)",1
1,19,9035,transcoder,14,55,15619,transcoder,1.2117552757263184,1.0701980590820312,-0.1415572166442871,0.0,-0.11681997139186262,"Node(id=29_15619_55, type=transcoder, layer=14, feature=15619, pos=55)",1
1,19,9035,transcoder,2,55,13261,transcoder,0.6239655017852783,0.0,-0.6239655017852783,0.0,-1.0,"Node(id=5_13261_55, type=transcoder, layer=2, feature=13261, pos=55)",1
1,19,9035,transcoder,13,55,3932,transcoder,0.7734141945838928,0.40166768431663513,-0.3717465102672577,0.0,-0.48065643593115365,"Node(id=27_3932_55, type=transcoder, layer=13, feature=3932, pos=55)",1
1,19,9035,transcoder,9,55,12666,transcoder,0.6803210973739624,0.5899566411972046,-0.09036445617675781,0.0,-0.13282618534918933,"Node(id=19_12666_55, type=transcoder, layer=9, feature=12666, pos=55)",1
1,19,9035,transcoder,7,55,14502,lorsa,2.268876075744629,0.8907361030578613,-1.3781399726867676,0.0,-0.6074108618887314,"Node(id=14_14502_55, type=lorsa, layer=7, feature=14502, pos=55)",1
1,19,9035,transcoder,3,54,9407,transcoder,0.9804326891899109,0.8287284970283508,-0.15170419216156006,0.0,-0.15473187892878876,"Node(id=7_9407_54, type=transcoder, layer=3, feature=9407, pos=54)",1
1,19,9035,transcoder,5,54,13299,transcoder,0.4998253881931305,0.418962299823761,-0.0808630883693695,0.0,-0.16178267506916702,"Node(id=11_13299_54, type=transcoder, layer=5, feature=13299, pos=54)",1
1,19,9035,transcoder,4,55,16282,lorsa,1.991599440574646,1.675553321838379,-0.3160461187362671,0.0,-0.15868960007594538,"Node(id=8_16282_55, type=lorsa, layer=4, feature=16282, pos=55)",1
1,19,9035,transcoder,8,55,2551,lorsa,2.676435947418213,2.3694980144500732,-0.30693793296813965,0.0,-0.11468159111531255,"Node(id=16_2551_55, type=lorsa, layer=8, feature=2551, pos=55)",1
1,19,9035,transcoder,6,55,15671,transcoder,5.856712341308594,5.252843379974365,-0.6038689613342285,0.0,-0.1031071574191918,"Node(id=13_15671_55, type=transcoder, layer=6, feature=15671, pos=55)",1
1,19,9035,transcoder,7,55,13128,transcoder,0.5602725148200989,0.2878987491130829,-0.272373765707016,0.0,-0.4861451499088333,"Node(id=15_13128_55, type=transcoder, layer=7, feature=13128, pos=55)",1
1,19,9035,transcoder,8,55,9724,transcoder,0.20959925651550293,0.0,-0.20959925651550293,0.0,-1.0,"Node(id=17_9724_55, type=transcoder, layer=8, feature=9724, pos=55)",1
1,19,9035,transcoder,6,63,3789,transcoder,2.006242275238037,1.7768516540527344,-0.22939062118530273,0.0,-0.11433844457199764,"Node(id=13_3789_63, type=transcoder, layer=6, feature=3789, pos=63)",1
1,19,9035,transcoder,13,55,15835,transcoder,0.3478931784629822,0.0,-0.3478931784629822,0.0,-1.0,"Node(id=27_15835_55, type=transcoder, layer=13, feature=15835, pos=55)",1
1,19,9035,transcoder,4,55,9531,transcoder,0.5060067176818848,0.36256617307662964,-0.14344054460525513,0.0,-0.2834755737283176,"Node(id=9_9531_55, type=transcoder, layer=4, feature=9531, pos=55)",1
1,19,9035,transcoder,2,55,5819,transcoder,0.7991868257522583,0.5910046696662903,-0.20818215608596802,0.0,-0.26049247732532427,"Node(id=5_5819_55, type=transcoder, layer=2, feature=5819, pos=55)",1
1,19,9035,transcoder,12,55,6669,transcoder,0.8420363068580627,0.7348047494888306,-0.10723155736923218,0.0,-0.12734790233612525,"Node(id=25_6669_55, type=transcoder, layer=12, feature=6669, pos=55)",1
1,19,9035,transcoder,6,50,7455,transcoder,0.7886064052581787,0.608436644077301,-0.18016976118087769,0.0,-0.22846601293061097,"Node(id=13_7455_50, type=transcoder, layer=6, feature=7455, pos=50)",1
1,19,9035,transcoder,9,55,12225,transcoder,0.47227632999420166,0.34911030530929565,-0.123166024684906,0.0,-0.26079228803700194,"Node(id=19_12225_55, type=transcoder, layer=9, feature=12225, pos=55)",1
1,19,9035,transcoder,5,55,12487,transcoder,2.9206624031066895,2.622291326522827,-0.2983710765838623,0.0,-0.10215870080242309,"Node(id=11_12487_55, type=transcoder, layer=5, feature=12487, pos=55)",1
1,19,9035,transcoder,13,55,5819,transcoder,0.5956785082817078,0.35221362113952637,-0.2434648871421814,0.0,-0.4087186019930103,"Node(id=27_5819_55, type=transcoder, layer=13, feature=5819, pos=55)",1
1,19,9035,transcoder,2,55,14393,transcoder,0.4859774708747864,0.35319796204566956,-0.13277950882911682,0.0,-0.2732215314222413,"Node(id=5_14393_55, type=transcoder, layer=2, feature=14393, pos=55)",1
1,19,9035,transcoder,7,54,3543,transcoder,0.46587416529655457,0.0,-0.46587416529655457,0.0,-1.0,"Node(id=15_3543_54, type=transcoder, layer=7, feature=3543, pos=54)",1
1,19,9035,transcoder,8,54,9517,transcoder,0.4715726673603058,0.3131793439388275,-0.15839332342147827,0.0,-0.33588317216964064,"Node(id=17_9517_54, type=transcoder, layer=8, feature=9517, pos=54)",1
1,19,9035,transcoder,14,55,5916,transcoder,0.3695855438709259,0.30228331685066223,-0.06730222702026367,0.0,-0.1821018926101945,"Node(id=29_5916_55, type=transcoder, layer=14, feature=5916, pos=55)",1
1,19,9035,transcoder,10,55,10622,transcoder,0.2998685836791992,0.26454421877861023,-0.03532436490058899,0.0,-0.11779948558525609,"Node(id=21_10622_55, type=transcoder, layer=10, feature=10622, pos=55)",1
1,19,9035,transcoder,13,55,7425,transcoder,0.6321931481361389,0.48550495505332947,-0.14668819308280945,0.0,-0.23203065948323287,"Node(id=27_7425_55, type=transcoder, layer=13, feature=7425, pos=55)",1
1,19,9035,transcoder,4,54,3019,transcoder,0.2689710259437561,0.0,-0.2689710259437561,0.0,-1.0,"Node(id=9_3019_54, type=transcoder, layer=4, feature=3019, pos=54)",1
1,19,9035,transcoder,14,55,1214,transcoder,0.7802796959877014,0.0,-0.7802796959877014,0.0,-1.0,"Node(id=29_1214_55, type=transcoder, layer=14, feature=1214, pos=55)",1
1,19,9035,transcoder,3,54,6230,transcoder,0.7401818633079529,0.6291521787643433,-0.11102968454360962,0.0,-0.15000324926553313,"Node(id=7_6230_54, type=transcoder, layer=3, feature=6230, pos=54)",1
1,19,9035,transcoder,13,55,10331,transcoder,0.5097225308418274,0.4071846604347229,-0.10253787040710449,0.0,-0.20116409262458743,"Node(id=27_10331_55, type=transcoder, layer=13, feature=10331, pos=55)",1
1,19,9035,transcoder,10,55,15174,transcoder,0.40954360365867615,0.36528781056404114,-0.04425579309463501,0.0,-0.10806124842208228,"Node(id=21_15174_55, type=transcoder, layer=10, feature=15174, pos=55)",1
1,19,9035,transcoder,11,55,8862,transcoder,0.643543541431427,0.34622922539711,-0.297314316034317,0.0,-0.461995648923776,"Node(id=23_8862_55, type=transcoder, layer=11, feature=8862, pos=55)",1
1,19,9035,transcoder,8,55,3569,transcoder,0.576390266418457,0.28758111596107483,-0.2888091504573822,0.0,-0.5010652803906094,"Node(id=17_3569_55, type=transcoder, layer=8, feature=3569, pos=55)",1
1,19,9035,transcoder,4,55,15932,lorsa,2.069827079772949,1.7612345218658447,-0.3085925579071045,0.0,-0.14909098490534567,"Node(id=8_15932_55, type=lorsa, layer=4, feature=15932, pos=55)",1
1,19,9035,transcoder,8,55,7940,transcoder,0.6999607682228088,0.4096824526786804,-0.2902783155441284,0.0,-0.4147065503130143,"Node(id=17_7940_55, type=transcoder, layer=8, feature=7940, pos=55)",1
1,19,9035,transcoder,12,55,11739,transcoder,0.2567141354084015,0.0,-0.2567141354084015,0.0,-1.0,"Node(id=25_11739_55, type=transcoder, layer=12, feature=11739, pos=55)",1
1,19,9035,transcoder,14,55,11920,transcoder,0.7073771357536316,0.4714435935020447,-0.23593354225158691,0.0,-0.33353289260646796,"Node(id=29_11920_55, type=transcoder, layer=14, feature=11920, pos=55)",1
1,19,9035,transcoder,5,55,16275,lorsa,1.9964919090270996,1.7525482177734375,-0.2439436912536621,0.0,-0.12218616571931767,"Node(id=10_16275_55, type=lorsa, layer=5, feature=16275, pos=55)",1
2,19,15512,transcoder,4,19,8194,transcoder,1.4070217609405518,1.1387783288955688,-0.2682434320449829,0.0,-0.1906462568607825,"Node(id=9_8194_19, type=transcoder, layer=4, feature=8194, pos=19)",1
2,19,15512,transcoder,3,19,2651,lorsa,3.13403058052063,1.9310500621795654,-1.2029805183410645,0.0,-0.38384453738840785,"Node(id=6_2651_19, type=lorsa, layer=3, feature=2651, pos=19)",1
2,19,15512,transcoder,3,19,3024,transcoder,1.101823091506958,0.6775145530700684,-0.42430853843688965,0.0,-0.38509679249557655,"Node(id=7_3024_19, type=transcoder, layer=3, feature=3024, pos=19)",1
2,19,15512,transcoder,7,54,3543,transcoder,0.46587416529655457,0.4133204519748688,-0.05255371332168579,0.0,-0.11280667020510239,"Node(id=15_3543_54, type=transcoder, layer=7, feature=3543, pos=54)",1
2,19,15512,transcoder,8,55,7940,transcoder,0.6999607682228088,0.6110408306121826,-0.08891993761062622,0.0,-0.12703560206151662,"Node(id=17_7940_55, type=transcoder, layer=8, feature=7940, pos=55)",1
0,54,2952,lorsa,1,55,9142,lorsa,3.4574296474456787,2.773144245147705,-0.6842854022979736,0.0,-0.19791737564451042,"Node(id=2_9142_55, type=lorsa, layer=1, feature=9142, pos=55)",1
0,54,2952,lorsa,0,54,12254,transcoder,0.5052937865257263,0.3315916359424591,-0.1737021505832672,0.0,-0.3437646676354359,"Node(id=1_12254_54, type=transcoder, layer=0, feature=12254, pos=54)",1
0,54,2952,lorsa,0,54,11720,transcoder,0.5299642086029053,0.37243518233299255,-0.15752902626991272,0.0,-0.2972446510778372,"Node(id=1_11720_54, type=transcoder, layer=0, feature=11720, pos=54)",1
0,54,2952,lorsa,2,55,11309,transcoder,0.29157570004463196,0.0,-0.29157570004463196,0.0,-1.0,"Node(id=5_11309_55, type=transcoder, layer=2, feature=11309, pos=55)",1
0,54,2952,lorsa,2,55,6076,lorsa,1.7181307077407837,1.5137535333633423,-0.2043771743774414,0.0,-0.11895321668872472,"Node(id=4_6076_55, type=lorsa, layer=2, feature=6076, pos=55)",1
0,54,2952,lorsa,1,55,15014,lorsa,0.4733544886112213,0.0,-0.4733544886112213,0.0,-1.0,"Node(id=2_15014_55, type=lorsa, layer=1, feature=15014, pos=55)",1
0,54,2952,lorsa,0,54,12956,transcoder,0.2822692096233368,0.0,-0.2822692096233368,0.0,-1.0,"Node(id=1_12956_54, type=transcoder, layer=0, feature=12956, pos=54)",1
0,54,2952,lorsa,3,55,11167,transcoder,0.2644384503364563,0.21367953717708588,-0.05075891315937042,0.0,-0.19194982081761444,"Node(id=7_11167_55, type=transcoder, layer=3, feature=11167, pos=55)",1
0,54,2952,lorsa,1,55,12154,transcoder,0.19804225862026215,0.1778397411108017,-0.02020251750946045,0.0,-0.10201114474359708,"Node(id=3_12154_55, type=transcoder, layer=1, feature=12154, pos=55)",1
0,54,2952,lorsa,0,54,11163,transcoder,0.41022422909736633,0.3290538191795349,-0.08117040991783142,0.0,-0.19786839528331637,"Node(id=1_11163_54, type=transcoder, layer=0, feature=11163, pos=54)",1
0,54,2952,lorsa,2,55,2823,transcoder,0.23902328312397003,0.0,-0.23902328312397003,0.0,-1.0,"Node(id=5_2823_55, type=transcoder, layer=2, feature=2823, pos=55)",1
0,54,2952,lorsa,4,55,16341,lorsa,0.9263823628425598,0.8167840838432312,-0.10959827899932861,0.0,-0.11830782125755455,"Node(id=8_16341_55, type=lorsa, layer=4, feature=16341, pos=55)",1
0,54,2952,lorsa,1,54,2519,transcoder,0.6752148270606995,0.5210089087486267,-0.15420591831207275,0.0,-0.22838052739948228,"Node(id=3_2519_54, type=transcoder, layer=1, feature=2519, pos=54)",1
0,54,2952,lorsa,1,55,9145,lorsa,2.293473720550537,2.043713331222534,-0.24976038932800293,0.0,-0.10890048012760711,"Node(id=2_9145_55, type=lorsa, layer=1, feature=9145, pos=55)",1
0,54,2952,lorsa,4,54,3019,transcoder,0.2689710259437561,0.23795919120311737,-0.031011834740638733,0.0,-0.11529804978742783,"Node(id=9_3019_54, type=transcoder, layer=4, feature=3019, pos=54)",1
0,54,2952,lorsa,1,54,14103,transcoder,0.2923813760280609,0.0,-0.2923813760280609,0.0,-1.0,"Node(id=3_14103_54, type=transcoder, layer=1, feature=14103, pos=54)",1
0,54,2952,lorsa,0,54,7232,transcoder,0.6145036220550537,0.53425133228302,-0.08025228977203369,0.0,-0.13059693530145514,"Node(id=1_7232_54, type=transcoder, layer=0, feature=7232, pos=54)",1
0,54,2952,lorsa,2,54,14622,lorsa,2.7454328536987305,2.262273073196411,-0.48315978050231934,0.0,-0.17598674098016706,"Node(id=4_14622_54, type=lorsa, layer=2, feature=14622, pos=54)",1
0,54,2952,lorsa,0,54,8584,transcoder,0.5230691432952881,0.44739338755607605,-0.07567575573921204,0.0,-0.1446763907013548,"Node(id=1_8584_54, type=transcoder, layer=0, feature=8584, pos=54)",1
0,54,11059,lorsa,1,54,9082,transcoder,0.7630938291549683,0.4827131927013397,-0.28038063645362854,0.0,-0.3674261614251491,"Node(id=3_9082_54, type=transcoder, layer=1, feature=9082, pos=54)",1
0,54,11059,lorsa,14,55,138,transcoder,5.991324424743652,5.392171382904053,-0.5991530418395996,0.0,-0.10000343819893133,"Node(id=29_138_55, type=transcoder, layer=14, feature=138, pos=55)",1
0,54,11059,lorsa,1,55,9142,lorsa,3.4574296474456787,1.930912971496582,-1.5265166759490967,0.0,-0.4415177839054151,"Node(id=2_9142_55, type=lorsa, layer=1, feature=9142, pos=55)",1
0,54,11059,lorsa,14,55,11103,transcoder,0.5930737257003784,0.2593373656272888,-0.3337363600730896,0.0,-0.5627232258164369,"Node(id=29_11103_55, type=transcoder, layer=14, feature=11103, pos=55)",1
0,54,11059,lorsa,6,55,7034,transcoder,0.6798377633094788,0.5152441263198853,-0.1645936369895935,0.0,-0.2421072289193598,"Node(id=13_7034_55, type=transcoder, layer=6, feature=7034, pos=55)",1
0,54,11059,lorsa,2,55,11401,lorsa,1.9274051189422607,1.7040481567382812,-0.2233569622039795,0.0,-0.11588480284132242,"Node(id=4_11401_55, type=lorsa, layer=2, feature=11401, pos=55)",1
0,54,11059,lorsa,0,54,12254,transcoder,0.5052937865257263,0.0,-0.5052937865257263,0.0,-1.0,"Node(id=1_12254_54, type=transcoder, layer=0, feature=12254, pos=54)",1
0,54,11059,lorsa,0,54,11720,transcoder,0.5299642086029053,0.11835400760173798,-0.4116102010011673,0.0,-0.7766754703798894,"Node(id=1_11720_54, type=transcoder, layer=0, feature=11720, pos=54)",1
0,54,11059,lorsa,3,55,12235,lorsa,2.4719231128692627,2.2167937755584717,-0.255129337310791,0.0,-0.10321087091363934,"Node(id=6_12235_55, type=lorsa, layer=3, feature=12235, pos=55)",1
0,54,11059,lorsa,5,55,2419,transcoder,0.6756512522697449,0.436967134475708,-0.23868411779403687,0.0,-0.3532652636877603,"Node(id=11_2419_55, type=transcoder, layer=5, feature=2419, pos=55)",1
0,54,11059,lorsa,8,55,12466,lorsa,5.128899097442627,4.611281871795654,-0.5176172256469727,0.0,-0.10092170187264302,"Node(id=16_12466_55, type=lorsa, layer=8, feature=12466, pos=55)",1
0,54,11059,lorsa,2,55,4901,transcoder,1.173736810684204,1.0205435752868652,-0.15319323539733887,0.0,-0.1305175351091172,"Node(id=5_4901_55, type=transcoder, layer=2, feature=4901, pos=55)",1
0,54,11059,lorsa,2,55,11309,transcoder,0.29157570004463196,0.0,-0.29157570004463196,0.0,-1.0,"Node(id=5_11309_55, type=transcoder, layer=2, feature=11309, pos=55)",1
0,54,11059,lorsa,2,55,6076,lorsa,1.7181307077407837,0.9798600077629089,-0.7382706999778748,0.0,-0.4296941418087142,"Node(id=4_6076_55, type=lorsa, layer=2, feature=6076, pos=55)",1
0,54,11059,lorsa,14,55,16044,lorsa,2.606524705886841,1.742493987083435,-0.8640307188034058,0.0,-0.33148763825333816,"Node(id=28_16044_55, type=lorsa, layer=14, feature=16044, pos=55)",1
0,54,11059,lorsa,1,55,1824,transcoder,0.6892250180244446,0.5912668108940125,-0.09795820713043213,0.0,-0.14212804899510753,"Node(id=3_1824_55, type=transcoder, layer=1, feature=1824, pos=55)",1
0,54,11059,lorsa,14,55,3391,transcoder,0.7034270167350769,0.6026373505592346,-0.10078966617584229,0.0,-0.14328375762940232,"Node(id=29_3391_55, type=transcoder, layer=14, feature=3391, pos=55)",1
0,54,11059,lorsa,11,55,2278,transcoder,0.4227127730846405,0.2803054451942444,-0.14240732789039612,0.0,-0.336889105222003,"Node(id=23_2278_55, type=transcoder, layer=11, feature=2278, pos=55)",1
0,54,11059,lorsa,1,55,7963,transcoder,0.6885604858398438,0.5866782665252686,-0.1018822193145752,0.0,-0.14796408073040743,"Node(id=3_7963_55, type=transcoder, layer=1, feature=7963, pos=55)",1
0,54,11059,lorsa,14,55,15619,transcoder,1.2117552757263184,0.7987231016159058,-0.4130321741104126,0.0,-0.3408544467552194,"Node(id=29_15619_55, type=transcoder, layer=14, feature=15619, pos=55)",1
0,54,11059,lorsa,2,55,13261,transcoder,0.6239655017852783,0.4222816228866577,-0.2016838788986206,0.0,-0.3232292143100324,"Node(id=5_13261_55, type=transcoder, layer=2, feature=13261, pos=55)",1
0,54,11059,lorsa,13,55,3932,transcoder,0.7734141945838928,0.47068092226982117,-0.30273327231407166,0.0,-0.39142451022242514,"Node(id=27_3932_55, type=transcoder, layer=13, feature=3932, pos=55)",1
0,54,11059,lorsa,4,55,9914,transcoder,0.5230033993721008,0.4430508315563202,-0.07995256781578064,0.0,-0.15287198498474167,"Node(id=9_9914_55, type=transcoder, layer=4, feature=9914, pos=55)",1
0,54,11059,lorsa,1,55,15014,lorsa,0.4733544886112213,0.0,-0.4733544886112213,0.0,-1.0,"Node(id=2_15014_55, type=lorsa, layer=1, feature=15014, pos=55)",1
0,54,11059,lorsa,4,55,16282,lorsa,1.991599440574646,1.6974642276763916,-0.2941352128982544,0.0,-0.14768793709511494,"Node(id=8_16282_55, type=lorsa, layer=4, feature=16282, pos=55)",1
0,54,11059,lorsa,0,54,12956,transcoder,0.2822692096233368,0.0,-0.2822692096233368,0.0,-1.0,"Node(id=1_12956_54, type=transcoder, layer=0, feature=12956, pos=54)",1
0,54,11059,lorsa,7,55,13128,transcoder,0.5602725148200989,0.3456782400608063,-0.2145942747592926,0.0,-0.3830176727983844,"Node(id=15_13128_55, type=transcoder, layer=7, feature=13128, pos=55)",1
0,54,11059,lorsa,1,54,15914,transcoder,0.506878674030304,0.25949224829673767,-0.24738642573356628,0.0,-0.4880584613405459,"Node(id=3_15914_54, type=transcoder, layer=1, feature=15914, pos=54)",1
0,54,11059,lorsa,8,55,9724,transcoder,0.20959925651550293,0.0,-0.20959925651550293,0.0,-1.0,"Node(id=17_9724_55, type=transcoder, layer=8, feature=9724, pos=55)",1
0,54,11059,lorsa,3,55,11167,transcoder,0.2644384503364563,0.0,-0.2644384503364563,0.0,-1.0,"Node(id=7_11167_55, type=transcoder, layer=3, feature=11167, pos=55)",1
0,54,11059,lorsa,1,55,12154,transcoder,0.19804225862026215,0.0,-0.19804225862026215,0.0,-1.0,"Node(id=3_12154_55, type=transcoder, layer=1, feature=12154, pos=55)",1
0,54,11059,lorsa,13,55,15835,transcoder,0.3478931784629822,0.24613922834396362,-0.10175395011901855,0.0,-0.2924861894923466,"Node(id=27_15835_55, type=transcoder, layer=13, feature=15835, pos=55)",1
0,54,11059,lorsa,4,55,9531,transcoder,0.5060067176818848,0.42096224427223206,-0.08504447340965271,0.0,-0.1680698505333249,"Node(id=9_9531_55, type=transcoder, layer=4, feature=9531, pos=55)",1
0,54,11059,lorsa,2,55,5819,transcoder,0.7991868257522583,0.687707781791687,-0.11147904396057129,0.0,-0.13949059264789349,"Node(id=5_5819_55, type=transcoder, layer=2, feature=5819, pos=55)",1
0,54,11059,lorsa,12,55,6669,transcoder,0.8420363068580627,0.7166200876235962,-0.12541621923446655,0.0,-0.14894395670709154,"Node(id=25_6669_55, type=transcoder, layer=12, feature=6669, pos=55)",1
0,54,11059,lorsa,0,54,11163,transcoder,0.41022422909736633,0.24523749947547913,-0.1649867296218872,0.0,-0.40218670161173675,"Node(id=1_11163_54, type=transcoder, layer=0, feature=11163, pos=54)",1
0,54,11059,lorsa,13,55,5819,transcoder,0.5956785082817078,0.32310453057289124,-0.27257397770881653,0.0,-0.4575857176635137,"Node(id=27_5819_55, type=transcoder, layer=13, feature=5819, pos=55)",1
0,54,11059,lorsa,6,55,23,transcoder,0.9902805685997009,0.7274375557899475,-0.2628430128097534,0.0,-0.26542277122676927,"Node(id=13_23_55, type=transcoder, layer=6, feature=23, pos=55)",1
0,54,11059,lorsa,8,54,9517,transcoder,0.4715726673603058,0.36331531405448914,-0.10825735330581665,0.0,-0.2295666411537428,"Node(id=17_9517_54, type=transcoder, layer=8, feature=9517, pos=54)",1
0,54,11059,lorsa,3,55,4439,transcoder,0.30011671781539917,0.0,-0.30011671781539917,0.0,-1.0,"Node(id=7_4439_55, type=transcoder, layer=3, feature=4439, pos=55)",1
0,54,11059,lorsa,2,55,2823,transcoder,0.23902328312397003,0.0,-0.23902328312397003,0.0,-1.0,"Node(id=5_2823_55, type=transcoder, layer=2, feature=2823, pos=55)",1
0,54,11059,lorsa,1,55,9786,transcoder,0.7136760354042053,0.6259899735450745,-0.08768606185913086,0.0,-0.12286535838276821,"Node(id=3_9786_55, type=transcoder, layer=1, feature=9786, pos=55)",1
0,54,11059,lorsa,13,55,7425,transcoder,0.6321931481361389,0.3686763048171997,-0.2635168433189392,0.0,-0.4168296415357423,"Node(id=27_7425_55, type=transcoder, layer=13, feature=7425, pos=55)",1
0,54,11059,lorsa,1,54,2519,transcoder,0.6752148270606995,0.4798666536808014,-0.19534817337989807,0.0,-0.2893126239989054,"Node(id=3_2519_54, type=transcoder, layer=1, feature=2519, pos=54)",1
0,54,11059,lorsa,1,55,9145,lorsa,2.293473720550537,0.0,-2.293473720550537,0.0,-1.0,"Node(id=2_9145_55, type=lorsa, layer=1, feature=9145, pos=55)",1
0,54,11059,lorsa,4,54,3019,transcoder,0.2689710259437561,0.0,-0.2689710259437561,0.0,-1.0,"Node(id=9_3019_54, type=transcoder, layer=4, feature=3019, pos=54)",1
0,54,11059,lorsa,14,55,1214,transcoder,0.7802796959877014,0.0,-0.7802796959877014,0.0,-1.0,"Node(id=29_1214_55, type=transcoder, layer=14, feature=1214, pos=55)",1
0,54,11059,lorsa,13,55,10331,transcoder,0.5097225308418274,0.4136550724506378,-0.09606745839118958,0.0,-0.18847010398486855,"Node(id=27_10331_55, type=transcoder, layer=13, feature=10331, pos=55)",1
0,54,11059,lorsa,4,55,15932,lorsa,2.069827079772949,1.66165030002594,-0.4081767797470093,0.0,-0.19720332376354088,"Node(id=8_15932_55, type=lorsa, layer=4, feature=15932, pos=55)",1
0,54,11059,lorsa,1,54,14103,transcoder,0.2923813760280609,0.0,-0.2923813760280609,0.0,-1.0,"Node(id=3_14103_54, type=transcoder, layer=1, feature=14103, pos=54)",1
0,54,11059,lorsa,5,55,13666,transcoder,0.33196818828582764,0.29198071360588074,-0.0399874746799469,0.0,-0.12045574272170115,"Node(id=11_13666_55, type=transcoder, layer=5, feature=13666, pos=55)",1
0,54,11059,lorsa,0,54,7232,transcoder,0.6145036220550537,0.4466415345668793,-0.16786208748817444,0.0,-0.27316696185907197,"Node(id=1_7232_54, type=transcoder, layer=0, feature=7232, pos=54)",1
0,54,11059,lorsa,10,55,3280,transcoder,0.24856069684028625,0.0,-0.24856069684028625,0.0,-1.0,"Node(id=21_3280_55, type=transcoder, layer=10, feature=3280, pos=55)",1
0,54,11059,lorsa,2,54,14622,lorsa,2.7454328536987305,2.2732529640197754,-0.4721798896789551,0.0,-0.17198741139956128,"Node(id=4_14622_54, type=lorsa, layer=2, feature=14622, pos=54)",1
0,54,11059,lorsa,11,55,1321,lorsa,4.358194351196289,3.779008626937866,-0.5791857242584229,0.0,-0.13289579986249145,"Node(id=22_1321_55, type=lorsa, layer=11, feature=1321, pos=55)",1
0,54,11059,lorsa,0,54,8584,transcoder,0.5230691432952881,0.2790822684764862,-0.24398687481880188,0.0,-0.46645243357638483,"Node(id=1_8584_54, type=transcoder, layer=0, feature=8584, pos=54)",1
0,54,11059,lorsa,5,55,16275,lorsa,1.9964919090270996,1.5773099660873413,-0.4191819429397583,0.0,-0.20995924954388007,"Node(id=10_16275_55, type=lorsa, layer=5, feature=16275, pos=55)",1
2,54,12759,transcoder,6,54,6679,transcoder,1.2186368703842163,0.7778177261352539,-0.4408191442489624,0.0,-0.36173133684194153,"Node(id=13_6679_54, type=transcoder, layer=6, feature=6679, pos=54)",1
2,54,12759,transcoder,4,54,2320,transcoder,4.304287433624268,3.549792528152466,-0.7544949054718018,0.0,-0.1752891546177498,"Node(id=9_2320_54, type=transcoder, layer=4, feature=2320, pos=54)",1
2,54,12759,transcoder,14,55,11103,transcoder,0.5930737257003784,0.5117295384407043,-0.08134418725967407,0.0,-0.13715695660537364,"Node(id=29_11103_55, type=transcoder, layer=14, feature=11103, pos=55)",1
2,54,12759,transcoder,6,55,7034,transcoder,0.6798377633094788,0.5651467442512512,-0.11469101905822754,0.0,-0.16870351317335897,"Node(id=13_7034_55, type=transcoder, layer=6, feature=7034, pos=55)",1
2,54,12759,transcoder,5,55,2419,transcoder,0.6756512522697449,0.6000127196311951,-0.0756385326385498,0.0,-0.11194907488804907,"Node(id=11_2419_55, type=transcoder, layer=5, feature=2419, pos=55)",1
2,54,12759,transcoder,8,55,12466,lorsa,5.128899097442627,3.9367480278015137,-1.1921510696411133,0.0,-0.23243800413923993,"Node(id=16_12466_55, type=lorsa, layer=8, feature=12466, pos=55)",1
2,54,12759,transcoder,7,50,10753,transcoder,1.0690118074417114,0.8503627181053162,-0.21864908933639526,0.0,-0.20453383939664038,"Node(id=15_10753_50, type=transcoder, layer=7, feature=10753, pos=50)",1
2,54,12759,transcoder,11,55,2278,transcoder,0.4227127730846405,0.3331013321876526,-0.08961144089698792,0.0,-0.2119913250859937,"Node(id=23_2278_55, type=transcoder, layer=11, feature=2278, pos=55)",1
2,54,12759,transcoder,14,55,15619,transcoder,1.2117552757263184,1.07938814163208,-0.13236713409423828,0.0,-0.1092358636647142,"Node(id=29_15619_55, type=transcoder, layer=14, feature=15619, pos=55)",1
2,54,12759,transcoder,4,55,9914,transcoder,0.5230033993721008,0.40186405181884766,-0.12113934755325317,0.0,-0.23162248600810004,"Node(id=9_9914_55, type=transcoder, layer=4, feature=9914, pos=55)",1
2,54,12759,transcoder,3,54,9407,transcoder,0.9804326891899109,0.3624020516872406,-0.6180306375026703,0.0,-0.6303651890812844,"Node(id=7_9407_54, type=transcoder, layer=3, feature=9407, pos=54)",1
2,54,12759,transcoder,5,54,13299,transcoder,0.4998253881931305,0.0,-0.4998253881931305,0.0,-1.0,"Node(id=11_13299_54, type=transcoder, layer=5, feature=13299, pos=54)",1
2,54,12759,transcoder,4,55,16282,lorsa,1.991599440574646,0.0,-1.991599440574646,0.0,-1.0,"Node(id=8_16282_55, type=lorsa, layer=4, feature=16282, pos=55)",1
2,54,12759,transcoder,7,55,13128,transcoder,0.5602725148200989,0.48977887630462646,-0.07049363851547241,0.0,-0.12582026897769136,"Node(id=15_13128_55, type=transcoder, layer=7, feature=13128, pos=55)",1
2,54,12759,transcoder,4,55,16377,lorsa,2.713291645050049,2.1073994636535645,-0.6058921813964844,0.0,-0.22330521766866981,"Node(id=8_16377_55, type=lorsa, layer=4, feature=16377, pos=55)",1
2,54,12759,transcoder,13,55,5819,transcoder,0.5956785082817078,0.45149654150009155,-0.1441819667816162,0.0,-0.2420466153756714,"Node(id=27_5819_55, type=transcoder, layer=13, feature=5819, pos=55)",1
2,54,12759,transcoder,7,54,3543,transcoder,0.46587416529655457,0.0,-0.46587416529655457,0.0,-1.0,"Node(id=15_3543_54, type=transcoder, layer=7, feature=3543, pos=54)",1
2,54,12759,transcoder,8,54,9517,transcoder,0.4715726673603058,0.31108322739601135,-0.16048943996429443,0.0,-0.34032812135329343,"Node(id=17_9517_54, type=transcoder, layer=8, feature=9517, pos=54)",1
2,54,12759,transcoder,14,55,5916,transcoder,0.3695855438709259,0.2835550010204315,-0.08603054285049438,0.0,-0.23277572480091294,"Node(id=29_5916_55, type=transcoder, layer=14, feature=5916, pos=55)",1
2,54,12759,transcoder,4,55,16341,lorsa,0.9263823628425598,0.0,-0.9263823628425598,0.0,-1.0,"Node(id=8_16341_55, type=lorsa, layer=4, feature=16341, pos=55)",1
1,54,2519,transcoder,2,54,12759,transcoder,0.6271476745605469,0.5535525679588318,-0.07359510660171509,0.0,-0.11734892687481371,"Node(id=5_12759_54, type=transcoder, layer=2, feature=12759, pos=54)",1
2,54,12759,transcoder,4,54,3019,transcoder,0.2689710259437561,0.0,-0.2689710259437561,0.0,-1.0,"Node(id=9_3019_54, type=transcoder, layer=4, feature=3019, pos=54)",1
2,54,12759,transcoder,3,54,6230,transcoder,0.7401818633079529,0.5822302103042603,-0.15795165300369263,0.0,-0.21339573533697462,"Node(id=7_6230_54, type=transcoder, layer=3, feature=6230, pos=54)",1
2,54,12759,transcoder,13,55,10331,transcoder,0.5097225308418274,0.43896645307540894,-0.07075607776641846,0.0,-0.13881292955514823,"Node(id=27_10331_55, type=transcoder, layer=13, feature=10331, pos=55)",1
2,54,12759,transcoder,11,55,8862,transcoder,0.643543541431427,0.5746490955352783,-0.06889444589614868,0.0,-0.10705483228517453,"Node(id=23_8862_55, type=transcoder, layer=11, feature=8862, pos=55)",1
2,54,12759,transcoder,8,55,3569,transcoder,0.576390266418457,0.48334914445877075,-0.09304112195968628,0.0,-0.16142035592970752,"Node(id=17_3569_55, type=transcoder, layer=8, feature=3569, pos=55)",1
2,54,12759,transcoder,7,54,13289,transcoder,0.9898383617401123,0.8795592784881592,-0.11027908325195312,0.0,-0.11141120360104564,"Node(id=15_13289_54, type=transcoder, layer=7, feature=13289, pos=54)",1
2,54,14622,lorsa,2,54,12759,transcoder,0.6271476745605469,0.5371078848838806,-0.09003978967666626,0.0,-0.14357031577890914,"Node(id=5_12759_54, type=transcoder, layer=2, feature=12759, pos=54)",1
2,54,12759,transcoder,11,55,1321,lorsa,4.358194351196289,3.7670485973358154,-0.5911457538604736,0.0,-0.13564006242590096,"Node(id=22_1321_55, type=lorsa, layer=11, feature=1321, pos=55)",1
2,54,12759,transcoder,5,55,16275,lorsa,1.9964919090270996,1.4227886199951172,-0.5737032890319824,0.0,-0.28735567944853374,"Node(id=10_16275_55, type=lorsa, layer=5, feature=16275, pos=55)",1
1,54,9082,transcoder,2,55,11309,transcoder,0.29157570004463196,0.0,-0.29157570004463196,0.0,-1.0,"Node(id=5_11309_55, type=transcoder, layer=2, feature=11309, pos=55)",1
1,54,9082,transcoder,3,55,4439,transcoder,0.30011671781539917,0.25186029076576233,-0.04825642704963684,0.0,-0.16079219911807516,"Node(id=7_4439_55, type=transcoder, layer=3, feature=4439, pos=55)",1
1,54,9082,transcoder,2,55,2823,transcoder,0.23902328312397003,0.0,-0.23902328312397003,0.0,-1.0,"Node(id=5_2823_55, type=transcoder, layer=2, feature=2823, pos=55)",1
0,54,8584,transcoder,1,54,9082,transcoder,0.7630938291549683,0.5448672771453857,-0.21822655200958252,0.0,-0.2859760407854973,"Node(id=3_9082_54, type=transcoder, layer=1, feature=9082, pos=54)",1
4,19,8194,transcoder,6,19,2562,transcoder,1.826368808746338,0.4566039443016052,-1.3697648644447327,0.0,-0.7499935707864893,"Node(id=13_2562_19, type=transcoder, layer=6, feature=2562, pos=19)",1
3,19,2651,lorsa,4,19,8194,transcoder,1.4070217609405518,1.2527250051498413,-0.15429675579071045,0.0,-0.10966195411758785,"Node(id=9_8194_19, type=transcoder, layer=4, feature=8194, pos=19)",1
3,19,3024,transcoder,4,19,8194,transcoder,1.4070217609405518,1.0242054462432861,-0.3828163146972656,0.0,-0.27207561768011634,"Node(id=9_8194_19, type=transcoder, layer=4, feature=8194, pos=19)",1
4,19,8194,transcoder,7,19,10549,transcoder,2.072998046875,0.647688627243042,-1.425309419631958,0.0,-0.6875594609365799,"Node(id=15_10549_19, type=transcoder, layer=7, feature=10549, pos=19)",1
4,19,8194,transcoder,14,55,3391,transcoder,0.7034270167350769,0.587771475315094,-0.11565554141998291,0.0,-0.16441725817810157,"Node(id=29_3391_55, type=transcoder, layer=14, feature=3391, pos=55)",1
4,19,8194,transcoder,14,55,15619,transcoder,1.2117552757263184,1.0749850273132324,-0.13677024841308594,0.0,-0.11286952997263142,"Node(id=29_15619_55, type=transcoder, layer=14, feature=15619, pos=55)",1
4,19,8194,transcoder,7,55,14502,lorsa,2.268876075744629,0.0,-2.268876075744629,0.0,-1.0,"Node(id=14_14502_55, type=lorsa, layer=7, feature=14502, pos=55)",1
4,19,8194,transcoder,8,55,9586,lorsa,2.2772367000579834,1.642151117324829,-0.6350855827331543,0.0,-0.2788843086522291,"Node(id=16_9586_55, type=lorsa, layer=8, feature=9586, pos=55)",1
4,19,8194,transcoder,14,55,5916,transcoder,0.3695855438709259,0.32598716020584106,-0.04359838366508484,0.0,-0.11796560874229199,"Node(id=29_5916_55, type=transcoder, layer=14, feature=5916, pos=55)",1
4,19,8194,transcoder,12,55,11739,transcoder,0.2567141354084015,0.22274936735630035,-0.033964768052101135,0.0,-0.1323057960874155,"Node(id=25_11739_55, type=transcoder, layer=12, feature=11739, pos=55)",1
0,51,2952,transcoder,4,19,8194,transcoder,1.4070217609405518,1.093865156173706,-0.3131566047668457,0.0,-0.22256699466930058,"Node(id=9_8194_19, type=transcoder, layer=4, feature=8194, pos=19)",1
6,19,2562,transcoder,7,19,10549,transcoder,2.072998046875,0.2775704562664032,-1.7954275906085968,0.0,-0.8661019209907918,"Node(id=15_10549_19, type=transcoder, layer=7, feature=10549, pos=19)",1
6,19,2562,transcoder,14,55,3391,transcoder,0.7034270167350769,0.6161253452301025,-0.08730167150497437,0.0,-0.12410906807387201,"Node(id=29_3391_55, type=transcoder, layer=14, feature=3391, pos=55)",1
6,19,2562,transcoder,7,55,14502,lorsa,2.268876075744629,1.4312702417373657,-0.8376058340072632,0.0,-0.36917213899942375,"Node(id=14_14502_55, type=lorsa, layer=7, feature=14502, pos=55)",1
6,19,2562,transcoder,8,55,9586,lorsa,2.2772367000579834,0.0,-2.2772367000579834,0.0,-1.0,"Node(id=16_9586_55, type=lorsa, layer=8, feature=9586, pos=55)",1
6,19,2562,transcoder,14,55,5916,transcoder,0.3695855438709259,0.32925835251808167,-0.04032719135284424,0.0,-0.1091146340045381,"Node(id=29_5916_55, type=transcoder, layer=14, feature=5916, pos=55)",1
6,19,2562,transcoder,12,55,11739,transcoder,0.2567141354084015,0.22918322682380676,-0.027530908584594727,0.0,-0.10724344625899287,"Node(id=25_11739_55, type=transcoder, layer=12, feature=11739, pos=55)",1
0,51,2952,transcoder,6,19,2562,transcoder,1.826368808746338,1.5324013233184814,-0.29396748542785645,0.0,-0.1609573510126044,"Node(id=13_2562_19, type=transcoder, layer=6, feature=2562, pos=19)",1
1,23,1321,transcoder,14,55,138,transcoder,5.991324424743652,5.27144718170166,-0.7198772430419922,0.0,-0.12015327363495146,"Node(id=29_138_55, type=transcoder, layer=14, feature=138, pos=55)",1
1,55,9142,lorsa,14,55,138,transcoder,5.991324424743652,5.267177581787109,-0.724146842956543,0.0,-0.12086590403381914,"Node(id=29_138_55, type=transcoder, layer=14, feature=138, pos=55)",1
0,55,7176,lorsa,14,55,138,transcoder,5.991324424743652,4.078469753265381,-1.9128546714782715,0.0,-0.31927075482314843,"Node(id=29_138_55, type=transcoder, layer=14, feature=138, pos=55)",1
0,55,11076,transcoder,14,55,138,transcoder,5.991324424743652,5.200662612915039,-0.7906618118286133,0.0,-0.131967784712717,"Node(id=29_138_55, type=transcoder, layer=14, feature=138, pos=55)",1
1,55,780,lorsa,14,55,138,transcoder,5.991324424743652,4.730618476867676,-1.2607059478759766,0.0,-0.21042191316987774,"Node(id=29_138_55, type=transcoder, layer=14, feature=138, pos=55)",1
0,23,8135,transcoder,14,55,138,transcoder,5.991324424743652,3.4262988567352295,-2.565025568008423,0.0,-0.4281232973155466,"Node(id=29_138_55, type=transcoder, layer=14, feature=138, pos=55)",1
0,55,5493,lorsa,14,55,138,transcoder,5.991324424743652,5.300640106201172,-0.6906843185424805,0.0,-0.11528074088093342,"Node(id=29_138_55, type=transcoder, layer=14, feature=138, pos=55)",1
0,55,2549,transcoder,14,55,138,transcoder,5.991324424743652,4.322717666625977,-1.6686067581176758,0.0,-0.27850382316578853,"Node(id=29_138_55, type=transcoder, layer=14, feature=138, pos=55)",1
2,55,11401,lorsa,14,55,138,transcoder,5.991324424743652,5.149580001831055,-0.8417444229125977,0.0,-0.1404938813588972,"Node(id=29_138_55, type=transcoder, layer=14, feature=138, pos=55)",1
13,55,12356,transcoder,14,55,138,transcoder,5.991324424743652,5.126473426818848,-0.8648509979248047,0.0,-0.14435055366940985,"Node(id=29_138_55, type=transcoder, layer=14, feature=138, pos=55)",1
2,55,7624,lorsa,14,55,11103,transcoder,0.5930737257003784,0.5284383893013,-0.06463533639907837,0.0,-0.10898364503122875,"Node(id=29_11103_55, type=transcoder, layer=14, feature=11103, pos=55)",1
2,55,7624,lorsa,4,55,2320,transcoder,2.978559732437134,2.5976181030273438,-0.38094162940979004,0.0,-0.12789457443517302,"Node(id=9_2320_55, type=transcoder, layer=4, feature=2320, pos=55)",1
2,55,7624,lorsa,8,55,12466,lorsa,5.128899097442627,4.36389684677124,-0.7650022506713867,0.0,-0.14915525459505186,"Node(id=16_12466_55, type=lorsa, layer=8, feature=12466, pos=55)",1
2,55,7624,lorsa,14,55,16044,lorsa,2.606524705886841,2.269798517227173,-0.33672618865966797,0.0,-0.12918588030229342,"Node(id=28_16044_55, type=lorsa, layer=14, feature=16044, pos=55)",1
2,55,7624,lorsa,14,55,3391,transcoder,0.7034270167350769,0.5916450619697571,-0.11178195476531982,0.0,-0.15891052249336465,"Node(id=29_3391_55, type=transcoder, layer=14, feature=3391, pos=55)",1
2,55,7624,lorsa,2,55,13261,transcoder,0.6239655017852783,0.3156900107860565,-0.3082754909992218,0.0,-0.494058549899297,"Node(id=5_13261_55, type=transcoder, layer=2, feature=13261, pos=55)",1
2,55,7624,lorsa,13,55,3932,transcoder,0.7734141945838928,0.6626250147819519,-0.11078917980194092,0.0,-0.1432468922574494,"Node(id=27_3932_55, type=transcoder, layer=13, feature=3932, pos=55)",1
2,55,7624,lorsa,4,55,16282,lorsa,1.991599440574646,1.713417887687683,-0.2781815528869629,0.0,-0.13967746084860205,"Node(id=8_16282_55, type=lorsa, layer=4, feature=16282, pos=55)",1
2,55,7624,lorsa,7,55,13128,transcoder,0.5602725148200989,0.35447344183921814,-0.20579907298088074,0.0,-0.36731959454938096,"Node(id=15_13128_55, type=transcoder, layer=7, feature=13128, pos=55)",1
2,55,7624,lorsa,8,55,9724,transcoder,0.20959925651550293,0.0,-0.20959925651550293,0.0,-1.0,"Node(id=17_9724_55, type=transcoder, layer=8, feature=9724, pos=55)",1
2,55,7624,lorsa,13,55,15835,transcoder,0.3478931784629822,0.30177178978919983,-0.04612138867378235,0.0,-0.13257342060442248,"Node(id=27_15835_55, type=transcoder, layer=13, feature=15835, pos=55)",1
2,55,7624,lorsa,4,55,9531,transcoder,0.5060067176818848,0.41265198588371277,-0.093354731798172,0.0,-0.18449306804828242,"Node(id=9_9531_55, type=transcoder, layer=4, feature=9531, pos=55)",1
2,55,7624,lorsa,2,55,5819,transcoder,0.7991868257522583,0.693707287311554,-0.10547953844070435,0.0,-0.13198358011146968,"Node(id=5_5819_55, type=transcoder, layer=2, feature=5819, pos=55)",1
2,55,7624,lorsa,13,55,5819,transcoder,0.5956785082817078,0.46192291378974915,-0.13375559449195862,0.0,-0.22454326055474044,"Node(id=27_5819_55, type=transcoder, layer=13, feature=5819, pos=55)",1
2,55,7624,lorsa,2,55,14393,transcoder,0.4859774708747864,0.39245137572288513,-0.09352609515190125,0.0,-0.19244944623368876,"Node(id=5_14393_55, type=transcoder, layer=2, feature=14393, pos=55)",1
2,55,7624,lorsa,7,54,3543,transcoder,0.46587416529655457,0.3231404423713684,-0.14273372292518616,0.0,-0.3063782745590288,"Node(id=15_3543_54, type=transcoder, layer=7, feature=3543, pos=54)",1
2,55,7624,lorsa,8,54,9517,transcoder,0.4715726673603058,0.39018622040748596,-0.08138644695281982,0.0,-0.1725851657357325,"Node(id=17_9517_54, type=transcoder, layer=8, feature=9517, pos=54)",1
2,55,7624,lorsa,4,54,3019,transcoder,0.2689710259437561,0.218194842338562,-0.05077618360519409,0.0,-0.18877938033300204,"Node(id=9_3019_54, type=transcoder, layer=4, feature=3019, pos=54)",1
2,55,7624,lorsa,14,55,1214,transcoder,0.7802796959877014,0.5238814949989319,-0.25639820098876953,0.0,-0.3285978121783792,"Node(id=29_1214_55, type=transcoder, layer=14, feature=1214, pos=55)",1
2,55,7624,lorsa,10,55,15174,transcoder,0.40954360365867615,0.36331498622894287,-0.046228617429733276,0.0,-0.11287837733698647,"Node(id=21_15174_55, type=transcoder, layer=10, feature=15174, pos=55)",1
2,55,7624,lorsa,8,55,3569,transcoder,0.576390266418457,0.4317431151866913,-0.14464715123176575,0.0,-0.2509534939418156,"Node(id=17_3569_55, type=transcoder, layer=8, feature=3569, pos=55)",1
2,55,7624,lorsa,4,55,15932,lorsa,2.069827079772949,1.463890790939331,-0.6059362888336182,0.0,-0.2927472998855956,"Node(id=8_15932_55, type=lorsa, layer=4, feature=15932, pos=55)",1
2,55,7624,lorsa,8,55,7940,transcoder,0.6999607682228088,0.47579509019851685,-0.224165678024292,0.0,-0.32025463168949553,"Node(id=17_7940_55, type=transcoder, layer=8, feature=7940, pos=55)",1
2,55,7624,lorsa,5,55,16275,lorsa,1.9964919090270996,1.4873427152633667,-0.5091491937637329,0.0,-0.25502191692419324,"Node(id=10_16275_55, type=lorsa, layer=5, feature=16275, pos=55)",1
4,54,2320,transcoder,6,54,6679,transcoder,1.2186368703842163,0.6109273433685303,-0.607709527015686,0.0,-0.49867974766271855,"Node(id=13_6679_54, type=transcoder, layer=6, feature=6679, pos=54)",1
0,23,8135,transcoder,6,54,6679,transcoder,1.2186368703842163,0.949929416179657,-0.2687074542045593,0.0,-0.22049837874988984,"Node(id=13_6679_54, type=transcoder, layer=6, feature=6679, pos=54)",1
6,54,6679,transcoder,8,55,12466,lorsa,5.128899097442627,3.863126277923584,-1.265772819519043,0.0,-0.24679230288429402,"Node(id=16_12466_55, type=lorsa, layer=8, feature=12466, pos=55)",1
6,54,6679,transcoder,7,50,10753,transcoder,1.0690118074417114,0.7738972306251526,-0.29511457681655884,0.0,-0.2760629721413532,"Node(id=15_10753_50, type=transcoder, layer=7, feature=10753, pos=50)",1
3,54,9407,transcoder,6,54,6679,transcoder,1.2186368703842163,0.9228872060775757,-0.2957496643066406,0.0,-0.24268891865498504,"Node(id=13_6679_54, type=transcoder, layer=6, feature=6679, pos=54)",1
5,54,13299,transcoder,6,54,6679,transcoder,1.2186368703842163,0.9552234411239624,-0.2634134292602539,0.0,-0.21615416016192252,"Node(id=13_6679_54, type=transcoder, layer=6, feature=6679, pos=54)",1
6,54,6679,transcoder,7,55,13128,transcoder,0.5602725148200989,0.49411454796791077,-0.06615796685218811,0.0,-0.11808176396700658,"Node(id=15_13128_55, type=transcoder, layer=7, feature=13128, pos=55)",1
6,54,6679,transcoder,9,55,12225,transcoder,0.47227632999420166,0.3849784731864929,-0.08729785680770874,0.0,-0.184844869970046,"Node(id=19_12225_55, type=transcoder, layer=9, feature=12225, pos=55)",1
6,54,6679,transcoder,7,54,3543,transcoder,0.46587416529655457,0.0,-0.46587416529655457,0.0,-1.0,"Node(id=15_3543_54, type=transcoder, layer=7, feature=3543, pos=54)",1
6,54,6679,transcoder,14,55,1214,transcoder,0.7802796959877014,0.6916612982749939,-0.08861839771270752,0.0,-0.11357260501381072,"Node(id=29_1214_55, type=transcoder, layer=14, feature=1214, pos=55)",1
6,54,6679,transcoder,8,55,3569,transcoder,0.576390266418457,0.4541166424751282,-0.12227362394332886,0.0,-0.21213686466828482,"Node(id=17_3569_55, type=transcoder, layer=8, feature=3569, pos=55)",1
6,54,6679,transcoder,7,54,13289,transcoder,0.9898383617401123,0.39878642559051514,-0.5910519361495972,0.0,-0.5971196500310838,"Node(id=15_13289_54, type=transcoder, layer=7, feature=13289, pos=54)",1
6,54,6679,transcoder,12,55,11739,transcoder,0.2567141354084015,0.0,-0.2567141354084015,0.0,-1.0,"Node(id=25_11739_55, type=transcoder, layer=12, feature=11739, pos=55)",1
0,51,2952,transcoder,6,54,6679,transcoder,1.2186368703842163,0.9170279502868652,-0.3016089200973511,0.0,-0.24749695945294903,"Node(id=13_6679_54, type=transcoder, layer=6, feature=6679, pos=54)",1
0,55,7176,lorsa,14,23,5634,transcoder,3.0851762294769287,2.7104408740997314,-0.37473535537719727,0.0,-0.12146319286296692,"Node(id=29_5634_23, type=transcoder, layer=14, feature=5634, pos=23)",1
0,23,8135,transcoder,14,23,5634,transcoder,3.0851762294769287,0.0,-3.0851762294769287,0.0,-1.0,"Node(id=29_5634_23, type=transcoder, layer=14, feature=5634, pos=23)",1
0,55,2549,transcoder,14,23,5634,transcoder,3.0851762294769287,2.7401859760284424,-0.34499025344848633,0.0,-0.11182189534339085,"Node(id=29_5634_23, type=transcoder, layer=14, feature=5634, pos=23)",1
12,23,15674,transcoder,14,23,5634,transcoder,3.0851762294769287,2.5350558757781982,-0.5501203536987305,0.0,-0.1783108363284647,"Node(id=29_5634_23, type=transcoder, layer=14, feature=5634, pos=23)",1
0,51,2952,transcoder,14,23,5634,transcoder,3.0851762294769287,2.5983760356903076,-0.4868001937866211,0.0,-0.15778683536309848,"Node(id=29_5634_23, type=transcoder, layer=14, feature=5634, pos=23)",1
1,23,1321,transcoder,2,23,13354,transcoder,0.9106659889221191,0.5719633102416992,-0.3387026786804199,0.0,-0.3719285476789515,"Node(id=5_13354_23, type=transcoder, layer=2, feature=13354, pos=23)",1
1,23,1321,transcoder,14,55,11103,transcoder,0.5930737257003784,0.0,-0.5930737257003784,0.0,-1.0,"Node(id=29_11103_55, type=transcoder, layer=14, feature=11103, pos=55)",1
0,23,8135,transcoder,1,23,1321,transcoder,0.8943891525268555,0.2142552137374878,-0.6801339387893677,0.0,-0.7604452009148731,"Node(id=3_1321_23, type=transcoder, layer=1, feature=1321, pos=23)",1
1,23,1321,transcoder,3,23,15009,transcoder,0.8224453330039978,0.584729790687561,-0.23771554231643677,0.0,-0.28903506747150726,"Node(id=7_15009_23, type=transcoder, layer=3, feature=15009, pos=23)",1
1,23,1321,transcoder,6,55,7034,transcoder,0.6798377633094788,0.34063899517059326,-0.3391987681388855,0.0,-0.4989407568177026,"Node(id=13_7034_55, type=transcoder, layer=6, feature=7034, pos=55)",1
1,23,1321,transcoder,2,55,11401,lorsa,1.9274051189422607,1.2251704931259155,-0.7022346258163452,0.0,-0.3643419947964671,"Node(id=4_11401_55, type=lorsa, layer=2, feature=11401, pos=55)",1
1,23,1321,transcoder,4,23,3675,transcoder,0.6166015863418579,0.4941364526748657,-0.12246513366699219,0.0,-0.19861306941090925,"Node(id=9_3675_23, type=transcoder, layer=4, feature=3675, pos=23)",1
1,23,1321,transcoder,3,55,12235,lorsa,2.4719231128692627,1.056212067604065,-1.4157110452651978,0.0,-0.5727164562258265,"Node(id=6_12235_55, type=lorsa, layer=3, feature=12235, pos=55)",1
1,23,1321,transcoder,5,55,2419,transcoder,0.6756512522697449,0.5490999817848206,-0.12655127048492432,0.0,-0.18730265067931878,"Node(id=11_2419_55, type=transcoder, layer=5, feature=2419, pos=55)",1
1,23,1321,transcoder,2,55,11309,transcoder,0.29157570004463196,0.0,-0.29157570004463196,0.0,-1.0,"Node(id=5_11309_55, type=transcoder, layer=2, feature=11309, pos=55)",1
0,23,10079,lorsa,1,23,1321,transcoder,0.8943891525268555,0.7925110459327698,-0.1018781065940857,0.0,-0.11390803019720953,"Node(id=3_1321_23, type=transcoder, layer=1, feature=1321, pos=23)",1
1,23,1321,transcoder,14,55,16044,lorsa,2.606524705886841,1.6752963066101074,-0.9312283992767334,0.0,-0.35726820358677297,"Node(id=28_16044_55, type=lorsa, layer=14, feature=16044, pos=55)",1
1,23,1321,transcoder,14,55,3391,transcoder,0.7034270167350769,0.6296288371086121,-0.07379817962646484,0.0,-0.10491234750833937,"Node(id=29_3391_55, type=transcoder, layer=14, feature=3391, pos=55)",1
1,23,1321,transcoder,11,55,2278,transcoder,0.4227127730846405,0.3156154751777649,-0.10709729790687561,0.0,-0.2533571368694632,"Node(id=23_2278_55, type=transcoder, layer=11, feature=2278, pos=55)",1
1,23,1321,transcoder,2,23,12879,lorsa,2.5271050930023193,2.1043617725372314,-0.4227433204650879,0.0,-0.16728363281593842,"Node(id=4_12879_23, type=lorsa, layer=2, feature=12879, pos=23)",1
1,23,1321,transcoder,14,55,15619,transcoder,1.2117552757263184,0.5007217526435852,-0.7110335230827332,0.0,-0.5867798039142386,"Node(id=29_15619_55, type=transcoder, layer=14, feature=15619, pos=55)",1
1,23,1321,transcoder,3,55,12206,lorsa,1.9337397813796997,0.0,-1.9337397813796997,0.0,-1.0,"Node(id=6_12206_55, type=lorsa, layer=3, feature=12206, pos=55)",1
1,23,1321,transcoder,2,55,13261,transcoder,0.6239655017852783,0.5014001131057739,-0.1225653886795044,0.0,-0.1964297518513806,"Node(id=5_13261_55, type=transcoder, layer=2, feature=13261, pos=55)",1
1,23,1321,transcoder,13,55,3932,transcoder,0.7734141945838928,0.4515589475631714,-0.32185524702072144,0.0,-0.4161486164523834,"Node(id=27_3932_55, type=transcoder, layer=13, feature=3932, pos=55)",1
1,23,1321,transcoder,7,55,14502,lorsa,2.268876075744629,1.9050521850585938,-0.36382389068603516,0.0,-0.1603542364325168,"Node(id=14_14502_55, type=lorsa, layer=7, feature=14502, pos=55)",1
1,23,1321,transcoder,7,55,13128,transcoder,0.5602725148200989,0.48718342185020447,-0.07308909296989441,0.0,-0.13045275475161047,"Node(id=15_13128_55, type=transcoder, layer=7, feature=13128, pos=55)",1
1,23,1321,transcoder,8,55,9724,transcoder,0.20959925651550293,0.0,-0.20959925651550293,0.0,-1.0,"Node(id=17_9724_55, type=transcoder, layer=8, feature=9724, pos=55)",1
1,23,1321,transcoder,3,55,11167,transcoder,0.2644384503364563,0.0,-0.2644384503364563,0.0,-1.0,"Node(id=7_11167_55, type=transcoder, layer=3, feature=11167, pos=55)",1
1,23,1321,transcoder,13,55,15835,transcoder,0.3478931784629822,0.0,-0.3478931784629822,0.0,-1.0,"Node(id=27_15835_55, type=transcoder, layer=13, feature=15835, pos=55)",1
1,23,1321,transcoder,4,55,9531,transcoder,0.5060067176818848,0.401013046503067,-0.10499367117881775,0.0,-0.2074946191620028,"Node(id=9_9531_55, type=transcoder, layer=4, feature=9531, pos=55)",1
1,23,1321,transcoder,2,55,2440,lorsa,1.7886356115341187,0.676048994064331,-1.1125866174697876,0.0,-0.6220308990244907,"Node(id=4_2440_55, type=lorsa, layer=2, feature=2440, pos=55)",1
1,23,1321,transcoder,12,55,6669,transcoder,0.8420363068580627,0.5946853160858154,-0.24735099077224731,0.0,-0.29375335571360567,"Node(id=25_6669_55, type=transcoder, layer=12, feature=6669, pos=55)",1
1,23,1321,transcoder,9,55,12225,transcoder,0.47227632999420166,0.40112969279289246,-0.0711466372013092,0.0,-0.15064620579689586,"Node(id=19_12225_55, type=transcoder, layer=9, feature=12225, pos=55)",1
1,23,1321,transcoder,13,55,5819,transcoder,0.5956785082817078,0.344527006149292,-0.25115150213241577,0.0,-0.42162256761098627,"Node(id=27_5819_55, type=transcoder, layer=13, feature=5819, pos=55)",1
1,23,1321,transcoder,3,55,4439,transcoder,0.30011671781539917,0.0,-0.30011671781539917,0.0,-1.0,"Node(id=7_4439_55, type=transcoder, layer=3, feature=4439, pos=55)",1
1,23,1321,transcoder,10,55,10622,transcoder,0.2998685836791992,0.25768348574638367,-0.04218509793281555,0.0,-0.14067861799736034,"Node(id=21_10622_55, type=transcoder, layer=10, feature=10622, pos=55)",1
1,23,1321,transcoder,13,55,7425,transcoder,0.6321931481361389,0.3502935767173767,-0.2818995714187622,0.0,-0.44590735007152726,"Node(id=27_7425_55, type=transcoder, layer=13, feature=7425, pos=55)",1
1,23,1321,transcoder,14,55,1214,transcoder,0.7802796959877014,0.0,-0.7802796959877014,0.0,-1.0,"Node(id=29_1214_55, type=transcoder, layer=14, feature=1214, pos=55)",1
1,23,1321,transcoder,13,55,10331,transcoder,0.5097225308418274,0.4381663203239441,-0.0715562105178833,0.0,-0.140382671332392,"Node(id=27_10331_55, type=transcoder, layer=13, feature=10331, pos=55)",1
1,23,1321,transcoder,9,55,7448,transcoder,0.2919863760471344,0.0,-0.2919863760471344,0.0,-1.0,"Node(id=19_7448_55, type=transcoder, layer=9, feature=7448, pos=55)",1
1,23,1321,transcoder,5,55,13666,transcoder,0.33196818828582764,0.0,-0.33196818828582764,0.0,-1.0,"Node(id=11_13666_55, type=transcoder, layer=5, feature=13666, pos=55)",1
1,23,1321,transcoder,12,55,11739,transcoder,0.2567141354084015,0.0,-0.2567141354084015,0.0,-1.0,"Node(id=25_11739_55, type=transcoder, layer=12, feature=11739, pos=55)",1
1,23,1321,transcoder,10,55,3280,transcoder,0.24856069684028625,0.0,-0.24856069684028625,0.0,-1.0,"Node(id=21_3280_55, type=transcoder, layer=10, feature=3280, pos=55)",1
0,51,2952,transcoder,1,23,1321,transcoder,0.8943891525268555,0.514775276184082,-0.37961387634277344,0.0,-0.4244392670352461,"Node(id=3_1321_23, type=transcoder, layer=1, feature=1321, pos=23)",1
3,54,9407,transcoder,4,54,2320,transcoder,4.304287433624268,3.834078550338745,-0.47020888328552246,0.0,-0.1092419803594762,"Node(id=9_2320_54, type=transcoder, layer=4, feature=2320, pos=54)",1
4,54,2320,transcoder,5,54,13299,transcoder,0.4998253881931305,0.0,-0.4998253881931305,0.0,-1.0,"Node(id=11_13299_54, type=transcoder, layer=5, feature=13299, pos=54)",1
4,54,2320,transcoder,7,55,13128,transcoder,0.5602725148200989,0.48347416520118713,-0.07679834961891174,0.0,-0.13707320560526046,"Node(id=15_13128_55, type=transcoder, layer=7, feature=13128, pos=55)",1
4,54,2320,transcoder,10,55,11535,transcoder,0.6737499833106995,0.5794042348861694,-0.09434574842453003,0.0,-0.14003079890396455,"Node(id=21_11535_55, type=transcoder, layer=10, feature=11535, pos=55)",1
4,54,2320,transcoder,14,55,5916,transcoder,0.3695855438709259,0.31730446219444275,-0.052281081676483154,0.0,-0.14145867592359565,"Node(id=29_5916_55, type=transcoder, layer=14, feature=5916, pos=55)",1
4,54,2320,transcoder,10,55,10622,transcoder,0.2998685836791992,0.25795236229896545,-0.041916221380233765,0.0,-0.139781970041503,"Node(id=21_10622_55, type=transcoder, layer=10, feature=10622, pos=55)",1
4,54,2320,transcoder,9,55,7448,transcoder,0.2919863760471344,0.2476135939359665,-0.04437278211116791,0.0,-0.15196867303152856,"Node(id=19_7448_55, type=transcoder, layer=9, feature=7448, pos=55)",1
4,54,2320,transcoder,7,54,13289,transcoder,0.9898383617401123,0.732933521270752,-0.25690484046936035,0.0,-0.25954221456696,"Node(id=15_13289_54, type=transcoder, layer=7, feature=13289, pos=54)",1
2,23,13354,transcoder,14,55,11103,transcoder,0.5930737257003784,0.20946194231510162,-0.3836117833852768,0.0,-0.6468197236899311,"Node(id=29_11103_55, type=transcoder, layer=14, feature=11103, pos=55)",1
0,23,8135,transcoder,2,23,13354,transcoder,0.9106659889221191,0.25972849130630493,-0.6509374976158142,0.0,-0.714792806071824,"Node(id=5_13354_23, type=transcoder, layer=2, feature=13354, pos=23)",1
2,23,13354,transcoder,3,23,15009,transcoder,0.8224453330039978,0.28368836641311646,-0.5387569665908813,0.0,-0.6550672062580267,"Node(id=7_15009_23, type=transcoder, layer=3, feature=15009, pos=23)",1
2,23,13354,transcoder,6,55,7034,transcoder,0.6798377633094788,0.4448360502719879,-0.23500171303749084,0.0,-0.3456732263496112,"Node(id=13_7034_55, type=transcoder, layer=6, feature=7034, pos=55)",1
2,23,13354,transcoder,4,23,3675,transcoder,0.6166015863418579,0.3983249068260193,-0.21827667951583862,0.0,-0.35399954257467814,"Node(id=9_3675_23, type=transcoder, layer=4, feature=3675, pos=23)",1
1,23,1816,transcoder,2,23,13354,transcoder,0.9106659889221191,0.7779793739318848,-0.13268661499023438,0.0,-0.14570283353536095,"Node(id=5_13354_23, type=transcoder, layer=2, feature=13354, pos=23)",1
2,23,13354,transcoder,3,55,12235,lorsa,2.4719231128692627,1.0440012216567993,-1.4279218912124634,0.0,-0.5776562724699863,"Node(id=6_12235_55, type=lorsa, layer=3, feature=12235, pos=55)",1
2,23,13354,transcoder,14,55,16044,lorsa,2.606524705886841,1.9328669309616089,-0.6736577749252319,0.0,-0.2584505619316689,"Node(id=28_16044_55, type=lorsa, layer=14, feature=16044, pos=55)",1
2,23,13354,transcoder,11,55,2278,transcoder,0.4227127730846405,0.3517642617225647,-0.0709485113620758,0.0,-0.16784094515135378,"Node(id=23_2278_55, type=transcoder, layer=11, feature=2278, pos=55)",1
2,23,12879,lorsa,2,23,13354,transcoder,0.9106659889221191,0.7436063885688782,-0.16705960035324097,0.0,-0.18344772110241622,"Node(id=5_13354_23, type=transcoder, layer=2, feature=13354, pos=23)",1
2,23,13354,transcoder,14,55,15619,transcoder,1.2117552757263184,0.6331378221511841,-0.5786174535751343,0.0,-0.4775035563417,"Node(id=29_15619_55, type=transcoder, layer=14, feature=15619, pos=55)",1
2,23,13354,transcoder,3,55,12206,lorsa,1.9337397813796997,0.0,-1.9337397813796997,0.0,-1.0,"Node(id=6_12206_55, type=lorsa, layer=3, feature=12206, pos=55)",1
2,23,13354,transcoder,13,55,3932,transcoder,0.7734141945838928,0.5139629244804382,-0.2594512701034546,0.0,-0.33546225543874697,"Node(id=27_3932_55, type=transcoder, layer=13, feature=3932, pos=55)",1
2,23,13354,transcoder,7,55,14502,lorsa,2.268876075744629,1.889090657234192,-0.379785418510437,0.0,-0.16738922965891567,"Node(id=14_14502_55, type=lorsa, layer=7, feature=14502, pos=55)",1
2,23,13354,transcoder,8,55,9586,lorsa,2.2772367000579834,2.026484489440918,-0.25075221061706543,0.0,-0.11011249318557036,"Node(id=16_9586_55, type=lorsa, layer=8, feature=9586, pos=55)",1
2,23,13354,transcoder,8,55,9724,transcoder,0.20959925651550293,0.0,-0.20959925651550293,0.0,-1.0,"Node(id=17_9724_55, type=transcoder, layer=8, feature=9724, pos=55)",1
2,23,13354,transcoder,3,55,11167,transcoder,0.2644384503364563,0.0,-0.2644384503364563,0.0,-1.0,"Node(id=7_11167_55, type=transcoder, layer=3, feature=11167, pos=55)",1
2,23,13354,transcoder,13,55,15835,transcoder,0.3478931784629822,0.23981089890003204,-0.10808227956295013,0.0,-0.31067662792488676,"Node(id=27_15835_55, type=transcoder, layer=13, feature=15835, pos=55)",1
2,23,13354,transcoder,4,55,9531,transcoder,0.5060067176818848,0.2650338113307953,-0.24097290635108948,0.0,-0.4762247178358288,"Node(id=9_9531_55, type=transcoder, layer=4, feature=9531, pos=55)",1
2,23,13354,transcoder,12,55,6669,transcoder,0.8420363068580627,0.6500736474990845,-0.19196265935897827,0.0,-0.22797432580461915,"Node(id=25_6669_55, type=transcoder, layer=12, feature=6669, pos=55)",1
2,23,13354,transcoder,9,55,12225,transcoder,0.47227632999420166,0.3864559531211853,-0.08582037687301636,0.0,-0.18171644739017517,"Node(id=19_12225_55, type=transcoder, layer=9, feature=12225, pos=55)",1
2,23,13354,transcoder,13,55,5819,transcoder,0.5956785082817078,0.3883691132068634,-0.20730939507484436,0.0,-0.3480222841560095,"Node(id=27_5819_55, type=transcoder, layer=13, feature=5819, pos=55)",1
2,23,13354,transcoder,3,55,4439,transcoder,0.30011671781539917,0.22299151122570038,-0.07712520658969879,0.0,-0.25698403991322555,"Node(id=7_4439_55, type=transcoder, layer=3, feature=4439, pos=55)",1
2,23,13354,transcoder,13,55,7425,transcoder,0.6321931481361389,0.418565571308136,-0.21362757682800293,0.0,-0.3379150461497877,"Node(id=27_7425_55, type=transcoder, layer=13, feature=7425, pos=55)",1
2,23,13354,transcoder,14,55,1214,transcoder,0.7802796959877014,0.0,-0.7802796959877014,0.0,-1.0,"Node(id=29_1214_55, type=transcoder, layer=14, feature=1214, pos=55)",1
2,23,13354,transcoder,8,55,3569,transcoder,0.576390266418457,0.5056033134460449,-0.07078695297241211,0.0,-0.12281080562353054,"Node(id=17_3569_55, type=transcoder, layer=8, feature=3569, pos=55)",1
2,23,13354,transcoder,5,55,13666,transcoder,0.33196818828582764,0.0,-0.33196818828582764,0.0,-1.0,"Node(id=11_13666_55, type=transcoder, layer=5, feature=13666, pos=55)",1
2,23,13354,transcoder,10,55,3280,transcoder,0.24856069684028625,0.0,-0.24856069684028625,0.0,-1.0,"Node(id=21_3280_55, type=transcoder, layer=10, feature=3280, pos=55)",1
0,54,7083,lorsa,1,55,9142,lorsa,3.4574296474456787,3.0217342376708984,-0.4356954097747803,0.0,-0.12601714400657973,"Node(id=2_9142_55, type=lorsa, layer=1, feature=9142, pos=55)",1
1,55,9142,lorsa,14,55,11103,transcoder,0.5930737257003784,0.26591405272483826,-0.32715967297554016,0.0,-0.5516340697595187,"Node(id=29_11103_55, type=transcoder, layer=14, feature=11103, pos=55)",1
1,55,9142,lorsa,6,55,7034,transcoder,0.6798377633094788,0.4890765845775604,-0.19076117873191833,0.0,-0.28059809123177404,"Node(id=13_7034_55, type=transcoder, layer=6, feature=7034, pos=55)",1
0,54,12254,transcoder,1,55,9142,lorsa,3.4574296474456787,2.705559730529785,-0.7518699169158936,0.0,-0.21746499382029913,"Node(id=2_9142_55, type=lorsa, layer=1, feature=9142, pos=55)",1
0,54,15755,lorsa,1,55,9142,lorsa,3.4574296474456787,2.4617717266082764,-0.9956579208374023,0.0,-0.2879763357073618,"Node(id=2_9142_55, type=lorsa, layer=1, feature=9142, pos=55)",1
0,54,11720,transcoder,1,55,9142,lorsa,3.4574296474456787,2.856766939163208,-0.6006627082824707,0.0,-0.17373099947998522,"Node(id=2_9142_55, type=lorsa, layer=1, feature=9142, pos=55)",1
1,55,9142,lorsa,3,55,12235,lorsa,2.4719231128692627,2.1637990474700928,-0.3081240653991699,0.0,-0.12464953452436377,"Node(id=6_12235_55, type=lorsa, layer=3, feature=12235, pos=55)",1
1,55,9142,lorsa,5,55,2419,transcoder,0.6756512522697449,0.538354218006134,-0.13729703426361084,0.0,-0.2032069559589846,"Node(id=11_2419_55, type=transcoder, layer=5, feature=2419, pos=55)",1
1,55,9142,lorsa,8,55,12466,lorsa,5.128899097442627,4.369067668914795,-0.759831428527832,0.0,-0.14814708070718322,"Node(id=16_12466_55, type=lorsa, layer=8, feature=12466, pos=55)",1
1,55,9142,lorsa,2,55,4901,transcoder,1.173736810684204,0.9255297780036926,-0.24820703268051147,0.0,-0.2114673668075764,"Node(id=5_4901_55, type=transcoder, layer=2, feature=4901, pos=55)",1
1,55,9142,lorsa,2,55,11309,transcoder,0.29157570004463196,0.0,-0.29157570004463196,0.0,-1.0,"Node(id=5_11309_55, type=transcoder, layer=2, feature=11309, pos=55)",1
1,55,9142,lorsa,2,55,6076,lorsa,1.7181307077407837,0.6613601446151733,-1.0567705631256104,0.0,-0.6150699468698667,"Node(id=4_6076_55, type=lorsa, layer=2, feature=6076, pos=55)",1
1,55,9142,lorsa,14,55,16044,lorsa,2.606524705886841,1.6649962663650513,-0.9415284395217896,0.0,-0.36121984088443354,"Node(id=28_16044_55, type=lorsa, layer=14, feature=16044, pos=55)",1
1,55,9142,lorsa,1,55,1824,transcoder,0.6892250180244446,0.595622718334198,-0.09360229969024658,0.0,-0.13580804126719442,"Node(id=3_1824_55, type=transcoder, layer=1, feature=1824, pos=55)",1
1,55,9142,lorsa,14,55,3391,transcoder,0.7034270167350769,0.5952274203300476,-0.1081995964050293,0.0,-0.15381780032736386,"Node(id=29_3391_55, type=transcoder, layer=14, feature=3391, pos=55)",1
1,55,9142,lorsa,11,55,2278,transcoder,0.4227127730846405,0.31927260756492615,-0.10344016551971436,0.0,-0.24470555920249507,"Node(id=23_2278_55, type=transcoder, layer=11, feature=2278, pos=55)",1
1,55,9142,lorsa,1,55,7963,transcoder,0.6885604858398438,0.4319742023944855,-0.2565862834453583,0.0,-0.3726416033478853,"Node(id=3_7963_55, type=transcoder, layer=1, feature=7963, pos=55)",1
1,55,9142,lorsa,14,55,15619,transcoder,1.2117552757263184,0.7470860481262207,-0.46466922760009766,0.0,-0.38346788077450533,"Node(id=29_15619_55, type=transcoder, layer=14, feature=15619, pos=55)",1
1,55,9142,lorsa,2,55,13261,transcoder,0.6239655017852783,0.42517372965812683,-0.1987917721271515,0.0,-0.31859417156617187,"Node(id=5_13261_55, type=transcoder, layer=2, feature=13261, pos=55)",1
1,55,9142,lorsa,13,55,3932,transcoder,0.7734141945838928,0.4344232380390167,-0.3389909565448761,0.0,-0.4383045448593787,"Node(id=27_3932_55, type=transcoder, layer=13, feature=3932, pos=55)",1
1,55,9142,lorsa,7,55,14502,lorsa,2.268876075744629,2.0415077209472656,-0.22736835479736328,0.0,-0.10021188782765168,"Node(id=14_14502_55, type=lorsa, layer=7, feature=14502, pos=55)",1
1,55,9142,lorsa,4,55,9914,transcoder,0.5230033993721008,0.4617476463317871,-0.06125575304031372,0.0,-0.11712304951335915,"Node(id=9_9914_55, type=transcoder, layer=4, feature=9914, pos=55)",1
1,55,9142,lorsa,4,55,16282,lorsa,1.991599440574646,1.7601573467254639,-0.23144209384918213,0.0,-0.11620915789291596,"Node(id=8_16282_55, type=lorsa, layer=4, feature=16282, pos=55)",1
1,55,9142,lorsa,7,55,13128,transcoder,0.5602725148200989,0.39004623889923096,-0.17022627592086792,0.0,-0.303827639975391,"Node(id=15_13128_55, type=transcoder, layer=7, feature=13128, pos=55)",1
1,55,9142,lorsa,8,55,9724,transcoder,0.20959925651550293,0.0,-0.20959925651550293,0.0,-1.0,"Node(id=17_9724_55, type=transcoder, layer=8, feature=9724, pos=55)",1
1,55,9142,lorsa,3,55,11167,transcoder,0.2644384503364563,0.0,-0.2644384503364563,0.0,-1.0,"Node(id=7_11167_55, type=transcoder, layer=3, feature=11167, pos=55)",1
1,55,9142,lorsa,1,55,12154,transcoder,0.19804225862026215,0.0,-0.19804225862026215,0.0,-1.0,"Node(id=3_12154_55, type=transcoder, layer=1, feature=12154, pos=55)",1
1,55,9142,lorsa,13,55,15835,transcoder,0.3478931784629822,0.0,-0.3478931784629822,0.0,-1.0,"Node(id=27_15835_55, type=transcoder, layer=13, feature=15835, pos=55)",1
1,55,9142,lorsa,2,55,2440,lorsa,1.7886356115341187,1.3276976346969604,-0.4609379768371582,0.0,-0.257703678639055,"Node(id=4_2440_55, type=lorsa, layer=2, feature=2440, pos=55)",1
1,55,9142,lorsa,2,55,5819,transcoder,0.7991868257522583,0.5362738966941833,-0.26291292905807495,0.0,-0.3289755543837955,"Node(id=5_5819_55, type=transcoder, layer=2, feature=5819, pos=55)",1
1,55,9142,lorsa,12,55,6669,transcoder,0.8420363068580627,0.6860561370849609,-0.1559801697731018,0.0,-0.18524162022789653,"Node(id=25_6669_55, type=transcoder, layer=12, feature=6669, pos=55)",1
1,55,9142,lorsa,9,55,12225,transcoder,0.47227632999420166,0.4045144319534302,-0.06776189804077148,0.0,-0.1434793440560602,"Node(id=19_12225_55, type=transcoder, layer=9, feature=12225, pos=55)",1
1,55,9142,lorsa,1,55,8874,transcoder,0.5501189231872559,0.3585461378097534,-0.19157278537750244,0.0,-0.3482388576411371,"Node(id=3_8874_55, type=transcoder, layer=1, feature=8874, pos=55)",1
1,55,9142,lorsa,13,55,5819,transcoder,0.5956785082817078,0.3041028678417206,-0.2915756404399872,0.0,-0.4894849090343469,"Node(id=27_5819_55, type=transcoder, layer=13, feature=5819, pos=55)",1
1,55,9142,lorsa,7,54,3543,transcoder,0.46587416529655457,0.3276708126068115,-0.13820335268974304,0.0,-0.296653824111,"Node(id=15_3543_54, type=transcoder, layer=7, feature=3543, pos=54)",1
1,55,9142,lorsa,8,54,9517,transcoder,0.4715726673603058,0.40466880798339844,-0.06690385937690735,0.0,-0.14187391256454937,"Node(id=17_9517_54, type=transcoder, layer=8, feature=9517, pos=54)",1
1,55,9142,lorsa,3,55,4439,transcoder,0.30011671781539917,0.0,-0.30011671781539917,0.0,-1.0,"Node(id=7_4439_55, type=transcoder, layer=3, feature=4439, pos=55)",1
1,55,9142,lorsa,2,55,2823,transcoder,0.23902328312397003,0.0,-0.23902328312397003,0.0,-1.0,"Node(id=5_2823_55, type=transcoder, layer=2, feature=2823, pos=55)",1
1,55,9142,lorsa,13,55,7425,transcoder,0.6321931481361389,0.37381410598754883,-0.2583790421485901,0.0,-0.408702693014556,"Node(id=27_7425_55, type=transcoder, layer=13, feature=7425, pos=55)",1
1,55,9142,lorsa,4,54,3019,transcoder,0.2689710259437561,0.22044885158538818,-0.04852217435836792,0.0,-0.18039926117735178,"Node(id=9_3019_54, type=transcoder, layer=4, feature=3019, pos=54)",1
1,55,9142,lorsa,14,55,1214,transcoder,0.7802796959877014,0.0,-0.7802796959877014,0.0,-1.0,"Node(id=29_1214_55, type=transcoder, layer=14, feature=1214, pos=55)",1
1,55,9142,lorsa,3,54,6230,transcoder,0.7401818633079529,0.6523699760437012,-0.08781188726425171,0.0,-0.11863555649933231,"Node(id=7_6230_54, type=transcoder, layer=3, feature=6230, pos=54)",1
1,55,9142,lorsa,13,55,10331,transcoder,0.5097225308418274,0.43508073687553406,-0.07464179396629333,0.0,-0.1464361283834548,"Node(id=27_10331_55, type=transcoder, layer=13, feature=10331, pos=55)",1
1,55,9142,lorsa,8,55,3569,transcoder,0.576390266418457,0.49013859033584595,-0.08625167608261108,0.0,-0.14964110448734178,"Node(id=17_3569_55, type=transcoder, layer=8, feature=3569, pos=55)",1
1,55,9142,lorsa,4,55,15932,lorsa,2.069827079772949,1.6591342687606812,-0.41069281101226807,0.0,-0.19841889934946605,"Node(id=8_15932_55, type=lorsa, layer=4, feature=15932, pos=55)",1
1,55,9142,lorsa,5,55,13666,transcoder,0.33196818828582764,0.2976278066635132,-0.03434038162231445,0.0,-0.10344479632110734,"Node(id=11_13666_55, type=transcoder, layer=5, feature=13666, pos=55)",1
1,55,9142,lorsa,8,55,7940,transcoder,0.6999607682228088,0.6283703446388245,-0.07159042358398438,0.0,-0.10227776588929621,"Node(id=17_7940_55, type=transcoder, layer=8, feature=7940, pos=55)",1
1,55,9142,lorsa,12,55,11739,transcoder,0.2567141354084015,0.2224736213684082,-0.034240514039993286,0.0,-0.1333799324510149,"Node(id=25_11739_55, type=transcoder, layer=12, feature=11739, pos=55)",1
1,55,9142,lorsa,10,55,3280,transcoder,0.24856069684028625,0.0,-0.24856069684028625,0.0,-1.0,"Node(id=21_3280_55, type=transcoder, layer=10, feature=3280, pos=55)",1
1,55,9142,lorsa,5,55,16275,lorsa,1.9964919090270996,1.731009840965271,-0.2654820680618286,0.0,-0.13297427696123212,"Node(id=10_16275_55, type=lorsa, layer=5, feature=16275, pos=55)",1
0,55,7176,lorsa,1,55,780,lorsa,1.3893356323242188,0.0,-1.3893356323242188,0.0,-1.0,"Node(id=2_780_55, type=lorsa, layer=1, feature=780, pos=55)",1
0,55,7176,lorsa,14,55,11103,transcoder,0.5930737257003784,0.0,-0.5930737257003784,0.0,-1.0,"Node(id=29_11103_55, type=transcoder, layer=14, feature=11103, pos=55)",1
0,55,7176,lorsa,6,55,7034,transcoder,0.6798377633094788,0.0,-0.6798377633094788,0.0,-1.0,"Node(id=13_7034_55, type=transcoder, layer=6, feature=7034, pos=55)",1
0,55,7176,lorsa,1,55,1377,transcoder,0.5498209595680237,0.0,-0.5498209595680237,0.0,-1.0,"Node(id=3_1377_55, type=transcoder, layer=1, feature=1377, pos=55)",1
0,55,7176,lorsa,0,55,2549,transcoder,0.5423716306686401,0.0,-0.5423716306686401,0.0,-1.0,"Node(id=1_2549_55, type=transcoder, layer=0, feature=2549, pos=55)",1
0,55,7176,lorsa,2,55,11401,lorsa,1.9274051189422607,0.8455482125282288,-1.081856906414032,0.0,-0.5613022896855974,"Node(id=4_11401_55, type=lorsa, layer=2, feature=11401, pos=55)",1
0,55,7176,lorsa,0,55,2905,transcoder,0.5370144248008728,0.25787851214408875,-0.27913591265678406,0.0,-0.5197922062527256,"Node(id=1_2905_55, type=transcoder, layer=0, feature=2905, pos=55)",1
0,55,7176,lorsa,7,19,10549,transcoder,2.072998046875,1.8608899116516113,-0.21210813522338867,0.0,-0.10231950557943705,"Node(id=15_10549_19, type=transcoder, layer=7, feature=10549, pos=19)",1
0,55,7176,lorsa,4,55,2320,transcoder,2.978559732437134,2.6384153366088867,-0.34014439582824707,0.0,-0.1141976076974398,"Node(id=9_2320_55, type=transcoder, layer=4, feature=2320, pos=55)",1
0,55,7176,lorsa,3,55,12235,lorsa,2.4719231128692627,0.0,-2.4719231128692627,0.0,-1.0,"Node(id=6_12235_55, type=lorsa, layer=3, feature=12235, pos=55)",1
0,55,7176,lorsa,5,55,2419,transcoder,0.6756512522697449,0.19003993272781372,-0.48561131954193115,0.0,-0.718730732623666,"Node(id=11_2419_55, type=transcoder, layer=5, feature=2419, pos=55)",1
0,55,7176,lorsa,8,55,12466,lorsa,5.128899097442627,3.6534204483032227,-1.4754786491394043,0.0,-0.28767940665378033,"Node(id=16_12466_55, type=lorsa, layer=8, feature=12466, pos=55)",1
0,55,7176,lorsa,2,55,4901,transcoder,1.173736810684204,0.9356849193572998,-0.2380518913269043,0.0,-0.20281539196861106,"Node(id=5_4901_55, type=transcoder, layer=2, feature=4901, pos=55)",1
0,55,7176,lorsa,2,55,11309,transcoder,0.29157570004463196,0.0,-0.29157570004463196,0.0,-1.0,"Node(id=5_11309_55, type=transcoder, layer=2, feature=11309, pos=55)",1
0,55,7176,lorsa,2,55,6076,lorsa,1.7181307077407837,0.6474186182022095,-1.0707120895385742,0.0,-0.623184304147897,"Node(id=4_6076_55, type=lorsa, layer=2, feature=6076, pos=55)",1
0,55,7176,lorsa,7,50,10753,transcoder,1.0690118074417114,0.9315735697746277,-0.13743823766708374,0.0,-0.12856568721723652,"Node(id=15_10753_50, type=transcoder, layer=7, feature=10753, pos=50)",1
0,55,7176,lorsa,14,55,16044,lorsa,2.606524705886841,0.7762417197227478,-1.830282986164093,0.0,-0.7021928401562416,"Node(id=28_16044_55, type=lorsa, layer=14, feature=16044, pos=55)",1
0,55,7176,lorsa,1,55,1824,transcoder,0.6892250180244446,0.44596436619758606,-0.24326065182685852,0.0,-0.3529480872939392,"Node(id=3_1824_55, type=transcoder, layer=1, feature=1824, pos=55)",1
0,55,7176,lorsa,14,55,3391,transcoder,0.7034270167350769,0.0,-0.7034270167350769,0.0,-1.0,"Node(id=29_3391_55, type=transcoder, layer=14, feature=3391, pos=55)",1
0,55,7176,lorsa,11,55,2278,transcoder,0.4227127730846405,0.0,-0.4227127730846405,0.0,-1.0,"Node(id=23_2278_55, type=transcoder, layer=11, feature=2278, pos=55)",1
0,55,7176,lorsa,1,55,7963,transcoder,0.6885604858398438,0.5008917450904846,-0.18766874074935913,0.0,-0.2725522951269238,"Node(id=3_7963_55, type=transcoder, layer=1, feature=7963, pos=55)",1
0,55,7176,lorsa,14,55,15619,transcoder,1.2117552757263184,0.0,-1.2117552757263184,0.0,-1.0,"Node(id=29_15619_55, type=transcoder, layer=14, feature=15619, pos=55)",1
0,55,7176,lorsa,3,55,12206,lorsa,1.9337397813796997,0.0,-1.9337397813796997,0.0,-1.0,"Node(id=6_12206_55, type=lorsa, layer=3, feature=12206, pos=55)",1
0,55,7176,lorsa,2,55,13261,transcoder,0.6239655017852783,0.2748942971229553,-0.349071204662323,0.0,-0.5594399108020669,"Node(id=5_13261_55, type=transcoder, layer=2, feature=13261, pos=55)",1
0,55,7176,lorsa,13,55,3932,transcoder,0.7734141945838928,0.0,-0.7734141945838928,0.0,-1.0,"Node(id=27_3932_55, type=transcoder, layer=13, feature=3932, pos=55)",1
0,55,7176,lorsa,7,55,14502,lorsa,2.268876075744629,1.8707798719406128,-0.3980962038040161,0.0,-0.17545965073185577,"Node(id=14_14502_55, type=lorsa, layer=7, feature=14502, pos=55)",1
0,55,7176,lorsa,8,55,9586,lorsa,2.2772367000579834,1.9424982070922852,-0.33473849296569824,0.0,-0.14699328047768379,"Node(id=16_9586_55, type=lorsa, layer=8, feature=9586, pos=55)",1
0,55,7176,lorsa,4,55,9914,transcoder,0.5230033993721008,0.3752967119216919,-0.14770668745040894,0.0,-0.28242012887055856,"Node(id=9_9914_55, type=transcoder, layer=4, feature=9914, pos=55)",1
0,55,7176,lorsa,1,23,6844,transcoder,0.542878270149231,0.468462198972702,-0.07441607117652893,0.0,-0.13707690152356405,"Node(id=3_6844_23, type=transcoder, layer=1, feature=6844, pos=23)",1
0,55,7176,lorsa,1,55,15014,lorsa,0.4733544886112213,0.0,-0.4733544886112213,0.0,-1.0,"Node(id=2_15014_55, type=lorsa, layer=1, feature=15014, pos=55)",1
0,55,7176,lorsa,5,54,13299,transcoder,0.4998253881931305,0.44646915793418884,-0.05335623025894165,0.0,-0.10674974004786852,"Node(id=11_13299_54, type=transcoder, layer=5, feature=13299, pos=54)",1
0,55,7176,lorsa,4,55,16282,lorsa,1.991599440574646,1.576475977897644,-0.41512346267700195,0.0,-0.20843722599019426,"Node(id=8_16282_55, type=lorsa, layer=4, feature=16282, pos=55)",1
0,55,7176,lorsa,6,55,15671,transcoder,5.856712341308594,5.181853771209717,-0.674858570098877,0.0,-0.11522822545662026,"Node(id=13_15671_55, type=transcoder, layer=6, feature=15671, pos=55)",1
0,55,7176,lorsa,7,55,13128,transcoder,0.5602725148200989,0.0,-0.5602725148200989,0.0,-1.0,"Node(id=15_13128_55, type=transcoder, layer=7, feature=13128, pos=55)",1
0,55,7176,lorsa,1,54,15914,transcoder,0.506878674030304,0.4183233082294464,-0.08855536580085754,0.0,-0.17470722351906096,"Node(id=3_15914_54, type=transcoder, layer=1, feature=15914, pos=54)",1
0,55,7176,lorsa,8,55,9724,transcoder,0.20959925651550293,0.0,-0.20959925651550293,0.0,-1.0,"Node(id=17_9724_55, type=transcoder, layer=8, feature=9724, pos=55)",1
0,55,7176,lorsa,3,55,11167,transcoder,0.2644384503364563,0.0,-0.2644384503364563,0.0,-1.0,"Node(id=7_11167_55, type=transcoder, layer=3, feature=11167, pos=55)",1
0,55,7176,lorsa,1,55,12154,transcoder,0.19804225862026215,0.0,-0.19804225862026215,0.0,-1.0,"Node(id=3_12154_55, type=transcoder, layer=1, feature=12154, pos=55)",1
0,55,7176,lorsa,0,55,2956,transcoder,0.49862179160118103,0.37091705203056335,-0.12770473957061768,0.0,-0.2561154400423024,"Node(id=1_2956_55, type=transcoder, layer=0, feature=2956, pos=55)",1
0,55,7176,lorsa,13,55,15835,transcoder,0.3478931784629822,0.0,-0.3478931784629822,0.0,-1.0,"Node(id=27_15835_55, type=transcoder, layer=13, feature=15835, pos=55)",1
0,55,7176,lorsa,4,55,9531,transcoder,0.5060067176818848,0.3250015377998352,-0.18100517988204956,0.0,-0.3577129977864118,"Node(id=9_9531_55, type=transcoder, layer=4, feature=9531, pos=55)",1
0,55,7176,lorsa,2,55,2440,lorsa,1.7886356115341187,1.0600240230560303,-0.7286115884780884,0.0,-0.40735607844302946,"Node(id=4_2440_55, type=lorsa, layer=2, feature=2440, pos=55)",1
0,55,7176,lorsa,2,55,5819,transcoder,0.7991868257522583,0.3611434996128082,-0.4380433261394501,0.0,-0.5481112951619652,"Node(id=5_5819_55, type=transcoder, layer=2, feature=5819, pos=55)",1
0,55,7176,lorsa,12,55,6669,transcoder,0.8420363068580627,0.31402137875556946,-0.5280149281024933,0.0,-0.6270690750529571,"Node(id=25_6669_55, type=transcoder, layer=12, feature=6669, pos=55)",1
0,55,7176,lorsa,9,55,12225,transcoder,0.47227632999420166,0.30937209725379944,-0.16290423274040222,0.0,-0.3449341463765552,"Node(id=19_12225_55, type=transcoder, layer=9, feature=12225, pos=55)",1
0,55,7176,lorsa,5,55,12487,transcoder,2.9206624031066895,2.3568942546844482,-0.5637681484222412,0.0,-0.19302749534576977,"Node(id=11_12487_55, type=transcoder, layer=5, feature=12487, pos=55)",1
0,55,7176,lorsa,1,55,8874,transcoder,0.5501189231872559,0.3024331331253052,-0.24768579006195068,0.0,-0.45024044733258617,"Node(id=3_8874_55, type=transcoder, layer=1, feature=8874, pos=55)",1
0,55,7176,lorsa,13,55,5819,transcoder,0.5956785082817078,0.0,-0.5956785082817078,0.0,-1.0,"Node(id=27_5819_55, type=transcoder, layer=13, feature=5819, pos=55)",1
0,55,7176,lorsa,1,55,16036,lorsa,1.270075798034668,0.6627206206321716,-0.6073551774024963,0.0,-0.47820388227405464,"Node(id=2_16036_55, type=lorsa, layer=1, feature=16036, pos=55)",1
0,55,7176,lorsa,2,55,14393,transcoder,0.4859774708747864,0.418009489774704,-0.0679679811000824,0.0,-0.13985829626574306,"Node(id=5_14393_55, type=transcoder, layer=2, feature=14393, pos=55)",1
0,55,7176,lorsa,2,54,12504,transcoder,0.6575953364372253,0.524573028087616,-0.13302230834960938,0.0,-0.20228596673192467,"Node(id=5_12504_54, type=transcoder, layer=2, feature=12504, pos=54)",1
0,55,7176,lorsa,6,55,23,transcoder,0.9902805685997009,0.7218126654624939,-0.26846790313720703,0.0,-0.27110286887364876,"Node(id=13_23_55, type=transcoder, layer=6, feature=23, pos=55)",1
0,55,7176,lorsa,7,54,3543,transcoder,0.46587416529655457,0.0,-0.46587416529655457,0.0,-1.0,"Node(id=15_3543_54, type=transcoder, layer=7, feature=3543, pos=54)",1
0,55,7176,lorsa,8,54,9517,transcoder,0.4715726673603058,0.27703797817230225,-0.19453468918800354,0.0,-0.41252324965511417,"Node(id=17_9517_54, type=transcoder, layer=8, feature=9517, pos=54)",1
0,55,7176,lorsa,3,55,4439,transcoder,0.30011671781539917,0.0,-0.30011671781539917,0.0,-1.0,"Node(id=7_4439_55, type=transcoder, layer=3, feature=4439, pos=55)",1
0,55,7176,lorsa,14,55,5916,transcoder,0.3695855438709259,0.3136097490787506,-0.05597579479217529,0.0,-0.15145558510190074,"Node(id=29_5916_55, type=transcoder, layer=14, feature=5916, pos=55)",1
0,55,7176,lorsa,2,55,2823,transcoder,0.23902328312397003,0.0,-0.23902328312397003,0.0,-1.0,"Node(id=5_2823_55, type=transcoder, layer=2, feature=2823, pos=55)",1
0,55,7176,lorsa,1,55,9786,transcoder,0.7136760354042053,0.5198860168457031,-0.1937900185585022,0.0,-0.2715377971865696,"Node(id=3_9786_55, type=transcoder, layer=1, feature=9786, pos=55)",1
0,55,7176,lorsa,8,55,8745,transcoder,4.492262840270996,3.5485754013061523,-0.9436874389648438,0.0,-0.2100695067316933,"Node(id=17_8745_55, type=transcoder, layer=8, feature=8745, pos=55)",1
0,55,7176,lorsa,0,55,4388,transcoder,0.1894603967666626,0.0,-0.1894603967666626,0.0,-1.0,"Node(id=1_4388_55, type=transcoder, layer=0, feature=4388, pos=55)",1
0,55,7176,lorsa,13,55,7425,transcoder,0.6321931481361389,0.0,-0.6321931481361389,0.0,-1.0,"Node(id=27_7425_55, type=transcoder, layer=13, feature=7425, pos=55)",1
0,55,7176,lorsa,4,54,3019,transcoder,0.2689710259437561,0.0,-0.2689710259437561,0.0,-1.0,"Node(id=9_3019_54, type=transcoder, layer=4, feature=3019, pos=54)",1
0,55,7176,lorsa,14,55,1214,transcoder,0.7802796959877014,0.0,-0.7802796959877014,0.0,-1.0,"Node(id=29_1214_55, type=transcoder, layer=14, feature=1214, pos=55)",1
0,55,7176,lorsa,3,54,6230,transcoder,0.7401818633079529,0.5127034783363342,-0.22747838497161865,0.0,-0.3073276937035354,"Node(id=7_6230_54, type=transcoder, layer=3, feature=6230, pos=54)",1
0,55,7176,lorsa,1,55,2396,lorsa,0.5269799828529358,0.0,-0.5269799828529358,0.0,-1.0,"Node(id=2_2396_55, type=lorsa, layer=1, feature=2396, pos=55)",1
0,55,7176,lorsa,13,55,10331,transcoder,0.5097225308418274,0.0,-0.5097225308418274,0.0,-1.0,"Node(id=27_10331_55, type=transcoder, layer=13, feature=10331, pos=55)",1
0,55,7176,lorsa,9,55,7448,transcoder,0.2919863760471344,0.0,-0.2919863760471344,0.0,-1.0,"Node(id=19_7448_55, type=transcoder, layer=9, feature=7448, pos=55)",1
0,55,7176,lorsa,1,55,2413,lorsa,1.1879911422729492,0.7568104267120361,-0.4311807155609131,0.0,-0.3629494364208368,"Node(id=2_2413_55, type=lorsa, layer=1, feature=2413, pos=55)",1
0,55,7176,lorsa,10,55,15174,transcoder,0.40954360365867615,0.35400956869125366,-0.055534034967422485,0.0,-0.1355998103042184,"Node(id=21_15174_55, type=transcoder, layer=10, feature=15174, pos=55)",1
0,55,7176,lorsa,11,55,8862,transcoder,0.643543541431427,0.42790916562080383,-0.21563437581062317,0.0,-0.33507348287730454,"Node(id=23_8862_55, type=transcoder, layer=11, feature=8862, pos=55)",1
0,55,7176,lorsa,8,55,3569,transcoder,0.576390266418457,0.37137192487716675,-0.20501834154129028,0.0,-0.35569362198848753,"Node(id=17_3569_55, type=transcoder, layer=8, feature=3569, pos=55)",1
0,55,7176,lorsa,14,23,138,transcoder,4.625486850738525,4.1617431640625,-0.4637436866760254,0.0,-0.10025835152941405,"Node(id=29_138_23, type=transcoder, layer=14, feature=138, pos=23)",1
0,55,7176,lorsa,4,55,15932,lorsa,2.069827079772949,1.3284920454025269,-0.7413350343704224,0.0,-0.35816278645448174,"Node(id=8_15932_55, type=lorsa, layer=4, feature=15932, pos=55)",1
0,55,7176,lorsa,1,54,14103,transcoder,0.2923813760280609,0.0,-0.2923813760280609,0.0,-1.0,"Node(id=3_14103_54, type=transcoder, layer=1, feature=14103, pos=54)",1
0,55,7176,lorsa,5,55,13666,transcoder,0.33196818828582764,0.0,-0.33196818828582764,0.0,-1.0,"Node(id=11_13666_55, type=transcoder, layer=5, feature=13666, pos=55)",1
0,55,7176,lorsa,8,55,7940,transcoder,0.6999607682228088,0.5944008231163025,-0.10555994510650635,0.0,-0.15080837369574535,"Node(id=17_7940_55, type=transcoder, layer=8, feature=7940, pos=55)",1
0,55,7176,lorsa,12,55,11739,transcoder,0.2567141354084015,0.0,-0.2567141354084015,0.0,-1.0,"Node(id=25_11739_55, type=transcoder, layer=12, feature=11739, pos=55)",1
0,55,7176,lorsa,10,55,3280,transcoder,0.24856069684028625,0.0,-0.24856069684028625,0.0,-1.0,"Node(id=21_3280_55, type=transcoder, layer=10, feature=3280, pos=55)",1
0,55,7176,lorsa,1,55,6272,transcoder,0.3085007071495056,0.22243167459964752,-0.0860690325498581,0.0,-0.2789913622731092,"Node(id=3_6272_55, type=transcoder, layer=1, feature=6272, pos=55)",1
0,55,7176,lorsa,10,55,546,transcoder,0.65244460105896,0.544600784778595,-0.10784381628036499,0.0,-0.1652919130686766,"Node(id=21_546_55, type=transcoder, layer=10, feature=546, pos=55)",1
0,55,7176,lorsa,11,55,1321,lorsa,4.358194351196289,2.592937707901001,-1.765256643295288,0.0,-0.40504312131255443,"Node(id=22_1321_55, type=lorsa, layer=11, feature=1321, pos=55)",1
0,55,7176,lorsa,5,55,16275,lorsa,1.9964919090270996,1.608559250831604,-0.3879326581954956,0.0,-0.19430715268189447,"Node(id=10_16275_55, type=lorsa, layer=5, feature=16275, pos=55)",1
0,55,11076,transcoder,6,23,4099,transcoder,2.014463186264038,1.6494992971420288,-0.3649638891220093,0.0,-0.181171783932602,"Node(id=13_4099_23, type=transcoder, layer=6, feature=4099, pos=23)",1
0,55,11076,transcoder,1,55,1377,transcoder,0.5498209595680237,0.0,-0.5498209595680237,0.0,-1.0,"Node(id=3_1377_55, type=transcoder, layer=1, feature=1377, pos=55)",1
0,55,11076,transcoder,2,55,11401,lorsa,1.9274051189422607,1.6418983936309814,-0.2855067253112793,0.0,-0.1481301063825971,"Node(id=4_11401_55, type=lorsa, layer=2, feature=11401, pos=55)",1
0,55,11076,transcoder,4,23,3675,transcoder,0.6166015863418579,0.5344604849815369,-0.08214110136032104,0.0,-0.13321584501208233,"Node(id=9_3675_23, type=transcoder, layer=4, feature=3675, pos=23)",1
0,55,11076,transcoder,3,55,12235,lorsa,2.4719231128692627,2.009843587875366,-0.4620795249938965,0.0,-0.1869311883481448,"Node(id=6_12235_55, type=lorsa, layer=3, feature=12235, pos=55)",1
0,55,11076,transcoder,5,55,2419,transcoder,0.6756512522697449,0.46854057908058167,-0.2071106731891632,0.0,-0.3065348765260291,"Node(id=11_2419_55, type=transcoder, layer=5, feature=2419, pos=55)",1
0,55,11076,transcoder,10,1,10273,transcoder,28.066740036010742,24.839086532592773,-3.2276535034179688,0.0,-0.11499923038004276,"Node(id=21_10273_1, type=transcoder, layer=10, feature=10273, pos=1)",1
0,55,11076,transcoder,2,55,4901,transcoder,1.173736810684204,0.9886894822120667,-0.18504732847213745,0.0,-0.15765657751184287,"Node(id=5_4901_55, type=transcoder, layer=2, feature=4901, pos=55)",1
0,55,11076,transcoder,12,23,15674,transcoder,0.6342616677284241,0.47118717432022095,-0.16307449340820312,0.0,-0.2571091738717967,"Node(id=25_15674_23, type=transcoder, layer=12, feature=15674, pos=23)",1
0,55,11076,transcoder,1,55,8308,lorsa,1.5582549571990967,1.3578181266784668,-0.20043683052062988,0.0,-0.12862903441738915,"Node(id=2_8308_55, type=lorsa, layer=1, feature=8308, pos=55)",1
0,55,11076,transcoder,1,55,1824,transcoder,0.6892250180244446,0.43268463015556335,-0.2565403878688812,0.0,-0.3722157222386007,"Node(id=3_1824_55, type=transcoder, layer=1, feature=1824, pos=55)",1
0,55,11076,transcoder,14,55,3391,transcoder,0.7034270167350769,0.4406946301460266,-0.2627323865890503,0.0,-0.37350340595177906,"Node(id=29_3391_55, type=transcoder, layer=14, feature=3391, pos=55)",1
0,55,11076,transcoder,11,55,2278,transcoder,0.4227127730846405,0.2571905255317688,-0.1655222475528717,0.0,-0.39157143595405125,"Node(id=23_2278_55, type=transcoder, layer=11, feature=2278, pos=55)",1
0,55,11076,transcoder,14,55,15619,transcoder,1.2117552757263184,0.7906191945075989,-0.4211360812187195,0.0,-0.3475421891324494,"Node(id=29_15619_55, type=transcoder, layer=14, feature=15619, pos=55)",1
0,55,11076,transcoder,2,55,13261,transcoder,0.6239655017852783,0.42193368077278137,-0.20203182101249695,0.0,-0.32378684468043073,"Node(id=5_13261_55, type=transcoder, layer=2, feature=13261, pos=55)",1
0,55,11076,transcoder,13,55,3932,transcoder,0.7734141945838928,0.35812661051750183,-0.415287584066391,0.0,-0.536953662054032,"Node(id=27_3932_55, type=transcoder, layer=13, feature=3932, pos=55)",1
0,55,11076,transcoder,9,55,12666,transcoder,0.6803210973739624,0.5344992876052856,-0.14582180976867676,0.0,-0.21434262487456077,"Node(id=19_12666_55, type=transcoder, layer=9, feature=12666, pos=55)",1
0,55,11076,transcoder,1,23,6844,transcoder,0.542878270149231,0.48450106382369995,-0.058377206325531006,0.0,-0.10753277398537943,"Node(id=3_6844_23, type=transcoder, layer=1, feature=6844, pos=23)",1
0,55,11076,transcoder,8,55,2551,lorsa,2.676435947418213,0.0,-2.676435947418213,0.0,-1.0,"Node(id=16_2551_55, type=lorsa, layer=8, feature=2551, pos=55)",1
0,55,11076,transcoder,6,55,15671,transcoder,5.856712341308594,3.59291410446167,-2.263798236846924,0.0,-0.3865305490385605,"Node(id=13_15671_55, type=transcoder, layer=6, feature=15671, pos=55)",1
0,55,11076,transcoder,7,55,13128,transcoder,0.5602725148200989,0.0,-0.5602725148200989,0.0,-1.0,"Node(id=15_13128_55, type=transcoder, layer=7, feature=13128, pos=55)",1
0,55,11076,transcoder,1,55,12154,transcoder,0.19804225862026215,0.16035477817058563,-0.037687480449676514,0.0,-0.19030019508079182,"Node(id=3_12154_55, type=transcoder, layer=1, feature=12154, pos=55)",1
0,55,12046,lorsa,0,55,11076,transcoder,1.237419605255127,0.9205142855644226,-0.31690531969070435,0.0,-0.2561017445859571,"Node(id=1_11076_55, type=transcoder, layer=0, feature=11076, pos=55)",1
0,55,11076,transcoder,10,55,11535,transcoder,0.6737499833106995,0.5158595442771912,-0.1578904390335083,0.0,-0.23434574091959154,"Node(id=21_11535_55, type=transcoder, layer=10, feature=11535, pos=55)",1
0,55,11076,transcoder,9,55,6254,transcoder,4.370347499847412,3.774750232696533,-0.5955972671508789,0.0,-0.13628144379175197,"Node(id=19_6254_55, type=transcoder, layer=9, feature=6254, pos=55)",1
0,55,11076,transcoder,13,55,5819,transcoder,0.5956785082817078,0.46156153082847595,-0.1341169774532318,0.0,-0.2251499350549094,"Node(id=27_5819_55, type=transcoder, layer=13, feature=5819, pos=55)",1
0,55,11076,transcoder,1,55,8260,lorsa,1.92356276512146,1.3664079904556274,-0.5571547746658325,0.0,-0.2896473069495354,"Node(id=2_8260_55, type=lorsa, layer=1, feature=8260, pos=55)",1
0,55,11076,transcoder,1,55,16036,lorsa,1.270075798034668,1.121886134147644,-0.14818966388702393,0.0,-0.11667781097500997,"Node(id=2_16036_55, type=lorsa, layer=1, feature=16036, pos=55)",1
0,55,11076,transcoder,6,55,23,transcoder,0.9902805685997009,0.3429972231388092,-0.6472833454608917,0.0,-0.6536363188224303,"Node(id=13_23_55, type=transcoder, layer=6, feature=23, pos=55)",1
0,55,11076,transcoder,8,54,9517,transcoder,0.4715726673603058,0.2697496712207794,-0.20182299613952637,0.0,-0.427978570660719,"Node(id=17_9517_54, type=transcoder, layer=8, feature=9517, pos=54)",1
0,55,11076,transcoder,3,55,4439,transcoder,0.30011671781539917,0.0,-0.30011671781539917,0.0,-1.0,"Node(id=7_4439_55, type=transcoder, layer=3, feature=4439, pos=55)",1
0,55,11076,transcoder,14,55,5916,transcoder,0.3695855438709259,0.0,-0.3695855438709259,0.0,-1.0,"Node(id=29_5916_55, type=transcoder, layer=14, feature=5916, pos=55)",1
0,55,11076,transcoder,1,55,9786,transcoder,0.7136760354042053,0.4886281490325928,-0.22504788637161255,0.0,-0.31533619626747306,"Node(id=3_9786_55, type=transcoder, layer=1, feature=9786, pos=55)",1
0,55,11076,transcoder,10,55,10622,transcoder,0.2998685836791992,0.21521174907684326,-0.08465683460235596,0.0,-0.28231311717843116,"Node(id=21_10622_55, type=transcoder, layer=10, feature=10622, pos=55)",1
0,55,11076,transcoder,4,55,16341,lorsa,0.9263823628425598,0.8269309997558594,-0.09945136308670044,0.0,-0.10735455150672203,"Node(id=8_16341_55, type=lorsa, layer=4, feature=16341, pos=55)",1
0,55,11076,transcoder,9,55,13128,transcoder,0.3520200252532959,0.0,-0.3520200252532959,0.0,-1.0,"Node(id=19_13128_55, type=transcoder, layer=9, feature=13128, pos=55)",1
0,55,11076,transcoder,9,63,13165,transcoder,2.440319061279297,1.8647205829620361,-0.5755984783172607,0.0,-0.23587017265501042,"Node(id=19_13165_63, type=transcoder, layer=9, feature=13165, pos=63)",1
0,55,11076,transcoder,1,55,11918,lorsa,1.2722526788711548,1.03534734249115,-0.23690533638000488,0.0,-0.18620934372109668,"Node(id=2_11918_55, type=lorsa, layer=1, feature=11918, pos=55)",1
0,55,11076,transcoder,14,55,1214,transcoder,0.7802796959877014,0.0,-0.7802796959877014,0.0,-1.0,"Node(id=29_1214_55, type=transcoder, layer=14, feature=1214, pos=55)",1
0,55,11076,transcoder,3,54,6230,transcoder,0.7401818633079529,0.616284191608429,-0.12389767169952393,0.0,-0.1673881485636676,"Node(id=7_6230_54, type=transcoder, layer=3, feature=6230, pos=54)",1
0,55,11076,transcoder,13,55,10331,transcoder,0.5097225308418274,0.0,-0.5097225308418274,0.0,-1.0,"Node(id=27_10331_55, type=transcoder, layer=13, feature=10331, pos=55)",1
0,55,11076,transcoder,1,55,2413,lorsa,1.1879911422729492,1.0545400381088257,-0.13345110416412354,0.0,-0.1123334168205963,"Node(id=2_2413_55, type=lorsa, layer=1, feature=2413, pos=55)",1
0,55,11076,transcoder,10,55,15174,transcoder,0.40954360365867615,0.21361908316612244,-0.1959245204925537,0.0,-0.47839721763996124,"Node(id=21_15174_55, type=transcoder, layer=10, feature=15174, pos=55)",1
0,55,11076,transcoder,11,55,8862,transcoder,0.643543541431427,0.28240448236465454,-0.36113905906677246,0.0,-0.5611726881191205,"Node(id=23_8862_55, type=transcoder, layer=11, feature=8862, pos=55)",1
0,55,11076,transcoder,8,55,3569,transcoder,0.576390266418457,0.47552916407585144,-0.10086110234260559,0.0,-0.17498751838633728,"Node(id=17_3569_55, type=transcoder, layer=8, feature=3569, pos=55)",1
0,55,11076,transcoder,4,55,15932,lorsa,2.069827079772949,1.810054063796997,-0.25977301597595215,0.0,-0.12550469481945714,"Node(id=8_15932_55, type=lorsa, layer=4, feature=15932, pos=55)",1
0,55,11076,transcoder,7,54,13289,transcoder,0.9898383617401123,0.688774824142456,-0.30106353759765625,0.0,-0.30415424299013194,"Node(id=15_13289_54, type=transcoder, layer=7, feature=13289, pos=54)",1
0,55,11076,transcoder,1,54,14103,transcoder,0.2923813760280609,0.0,-0.2923813760280609,0.0,-1.0,"Node(id=3_14103_54, type=transcoder, layer=1, feature=14103, pos=54)",1
0,55,11076,transcoder,10,1,5090,transcoder,17.671863555908203,15.676908493041992,-1.994955062866211,0.0,-0.11288877692806999,"Node(id=21_5090_1, type=transcoder, layer=10, feature=5090, pos=1)",1
0,55,11076,transcoder,10,55,3280,transcoder,0.24856069684028625,0.0,-0.24856069684028625,0.0,-1.0,"Node(id=21_3280_55, type=transcoder, layer=10, feature=3280, pos=55)",1
0,55,11076,transcoder,14,55,11920,transcoder,0.7073771357536316,0.43205520510673523,-0.27532193064689636,0.0,-0.38921519615356454,"Node(id=29_11920_55, type=transcoder, layer=14, feature=11920, pos=55)",1
0,55,11076,transcoder,1,55,6272,transcoder,0.3085007071495056,0.19048188626766205,-0.11801882088184357,0.0,-0.38255607895462385,"Node(id=3_6272_55, type=transcoder, layer=1, feature=6272, pos=55)",1
0,55,11076,transcoder,10,55,546,transcoder,0.65244460105896,0.4316900670528412,-0.22075453400611877,0.0,-0.3383498516928791,"Node(id=21_546_55, type=transcoder, layer=10, feature=546, pos=55)",1
0,55,11076,transcoder,11,55,1321,lorsa,4.358194351196289,3.2667667865753174,-1.0914275646209717,0.0,-0.25043113653740195,"Node(id=22_1321_55, type=lorsa, layer=11, feature=1321, pos=55)",1
0,55,11076,transcoder,10,2,10273,transcoder,24.12562370300293,18.878463745117188,-5.247159957885742,0.0,-0.21749323551094868,"Node(id=21_10273_2, type=transcoder, layer=10, feature=10273, pos=2)",1
1,55,780,lorsa,14,55,11103,transcoder,0.5930737257003784,0.0,-0.5930737257003784,0.0,-1.0,"Node(id=29_11103_55, type=transcoder, layer=14, feature=11103, pos=55)",1
0,23,8135,transcoder,1,55,780,lorsa,1.3893356323242188,1.1007328033447266,-0.2886028289794922,0.0,-0.20772722030938534,"Node(id=2_780_55, type=lorsa, layer=1, feature=780, pos=55)",1
1,55,780,lorsa,6,55,7034,transcoder,0.6798377633094788,0.2417054921388626,-0.43813227117061615,0.0,-0.6444659223367791,"Node(id=13_7034_55, type=transcoder, layer=6, feature=7034, pos=55)",1
0,55,5493,lorsa,1,55,780,lorsa,1.3893356323242188,1.170220971107483,-0.21911466121673584,0.0,-0.15771182723513616,"Node(id=2_780_55, type=lorsa, layer=1, feature=780, pos=55)",1
1,55,780,lorsa,1,55,1377,transcoder,0.5498209595680237,0.34070611000061035,-0.20911484956741333,0.0,-0.38033262633659515,"Node(id=3_1377_55, type=transcoder, layer=1, feature=1377, pos=55)",1
0,55,2549,transcoder,1,55,780,lorsa,1.3893356323242188,0.0,-1.3893356323242188,0.0,-1.0,"Node(id=2_780_55, type=lorsa, layer=1, feature=780, pos=55)",1
1,55,780,lorsa,2,55,11401,lorsa,1.9274051189422607,1.253176212310791,-0.6742289066314697,0.0,-0.3498117235475017,"Node(id=4_11401_55, type=lorsa, layer=2, feature=11401, pos=55)",1
0,55,2905,transcoder,1,55,780,lorsa,1.3893356323242188,1.243190884590149,-0.14614474773406982,0.0,-0.10519038332701823,"Node(id=2_780_55, type=lorsa, layer=1, feature=780, pos=55)",1
1,55,780,lorsa,3,55,12235,lorsa,2.4719231128692627,0.0,-2.4719231128692627,0.0,-1.0,"Node(id=6_12235_55, type=lorsa, layer=3, feature=12235, pos=55)",1
1,55,780,lorsa,5,55,2419,transcoder,0.6756512522697449,0.38232311606407166,-0.2933281362056732,0.0,-0.43414133433525526,"Node(id=11_2419_55, type=transcoder, layer=5, feature=2419, pos=55)",1
1,55,780,lorsa,8,55,12466,lorsa,5.128899097442627,4.426235675811768,-0.7026634216308594,0.0,-0.1370008277178277,"Node(id=16_12466_55, type=lorsa, layer=8, feature=12466, pos=55)",1
1,55,780,lorsa,2,55,4901,transcoder,1.173736810684204,1.025404691696167,-0.1483321189880371,0.0,-0.12637596234335546,"Node(id=5_4901_55, type=transcoder, layer=2, feature=4901, pos=55)",1
1,55,780,lorsa,2,55,11309,transcoder,0.29157570004463196,0.0,-0.29157570004463196,0.0,-1.0,"Node(id=5_11309_55, type=transcoder, layer=2, feature=11309, pos=55)",1
1,55,780,lorsa,2,55,6076,lorsa,1.7181307077407837,1.0427435636520386,-0.6753871440887451,0.0,-0.3930941581137502,"Node(id=4_6076_55, type=lorsa, layer=2, feature=6076, pos=55)",1
1,55,780,lorsa,14,55,16044,lorsa,2.606524705886841,1.2236037254333496,-1.3829209804534912,0.0,-0.5305612401563513,"Node(id=28_16044_55, type=lorsa, layer=14, feature=16044, pos=55)",1
1,55,780,lorsa,1,55,1824,transcoder,0.6892250180244446,0.5689416527748108,-0.12028336524963379,0.0,-0.17451973173348698,"Node(id=3_1824_55, type=transcoder, layer=1, feature=1824, pos=55)",1
1,55,780,lorsa,14,55,3391,transcoder,0.7034270167350769,0.3871937692165375,-0.31623324751853943,0.0,-0.4495608499461977,"Node(id=29_3391_55, type=transcoder, layer=14, feature=3391, pos=55)",1
1,55,780,lorsa,11,55,2278,transcoder,0.4227127730846405,0.2419421374797821,-0.1807706356048584,0.0,-0.42764412886256076,"Node(id=23_2278_55, type=transcoder, layer=11, feature=2278, pos=55)",1
1,55,780,lorsa,14,55,15619,transcoder,1.2117552757263184,0.33675000071525574,-0.8750052750110626,0.0,-0.722097351287858,"Node(id=29_15619_55, type=transcoder, layer=14, feature=15619, pos=55)",1
1,55,780,lorsa,3,55,12206,lorsa,1.9337397813796997,0.0,-1.9337397813796997,0.0,-1.0,"Node(id=6_12206_55, type=lorsa, layer=3, feature=12206, pos=55)",1
1,55,780,lorsa,2,55,13261,transcoder,0.6239655017852783,0.5037086606025696,-0.12025684118270874,0.0,-0.1927299519582928,"Node(id=5_13261_55, type=transcoder, layer=2, feature=13261, pos=55)",1
1,55,780,lorsa,13,55,3932,transcoder,0.7734141945838928,0.22974425554275513,-0.5436699390411377,0.0,-0.702947971279011,"Node(id=27_3932_55, type=transcoder, layer=13, feature=3932, pos=55)",1
1,55,780,lorsa,7,55,14502,lorsa,2.268876075744629,1.9244375228881836,-0.3444385528564453,0.0,-0.15181020970632036,"Node(id=14_14502_55, type=lorsa, layer=7, feature=14502, pos=55)",1
1,55,780,lorsa,4,55,9914,transcoder,0.5230033993721008,0.41325002908706665,-0.10975337028503418,0.0,-0.2098521164810786,"Node(id=9_9914_55, type=transcoder, layer=4, feature=9914, pos=55)",1
1,55,780,lorsa,7,55,13128,transcoder,0.5602725148200989,0.3188999593257904,-0.24137255549430847,0.0,-0.4308127725519646,"Node(id=15_13128_55, type=transcoder, layer=7, feature=13128, pos=55)",1
1,55,780,lorsa,8,55,9724,transcoder,0.20959925651550293,0.0,-0.20959925651550293,0.0,-1.0,"Node(id=17_9724_55, type=transcoder, layer=8, feature=9724, pos=55)",1
1,55,780,lorsa,3,55,11167,transcoder,0.2644384503364563,0.0,-0.2644384503364563,0.0,-1.0,"Node(id=7_11167_55, type=transcoder, layer=3, feature=11167, pos=55)",1
1,55,780,lorsa,1,55,12154,transcoder,0.19804225862026215,0.0,-0.19804225862026215,0.0,-1.0,"Node(id=3_12154_55, type=transcoder, layer=1, feature=12154, pos=55)",1
1,55,780,lorsa,13,55,15835,transcoder,0.3478931784629822,0.0,-0.3478931784629822,0.0,-1.0,"Node(id=27_15835_55, type=transcoder, layer=13, feature=15835, pos=55)",1
1,55,780,lorsa,4,55,9531,transcoder,0.5060067176818848,0.4209803640842438,-0.08502635359764099,0.0,-0.16803404110357123,"Node(id=9_9531_55, type=transcoder, layer=4, feature=9531, pos=55)",1
1,55,780,lorsa,2,55,2440,lorsa,1.7886356115341187,1.2550570964813232,-0.5335785150527954,0.0,-0.29831594071592,"Node(id=4_2440_55, type=lorsa, layer=2, feature=2440, pos=55)",1
1,55,780,lorsa,2,55,5819,transcoder,0.7991868257522583,0.6031814813613892,-0.19600534439086914,0.0,-0.24525597529260232,"Node(id=5_5819_55, type=transcoder, layer=2, feature=5819, pos=55)",1
1,55,780,lorsa,12,55,6669,transcoder,0.8420363068580627,0.5141533613204956,-0.32788294553756714,0.0,-0.38939288349811796,"Node(id=25_6669_55, type=transcoder, layer=12, feature=6669, pos=55)",1
1,55,780,lorsa,9,55,12225,transcoder,0.47227632999420166,0.36426010727882385,-0.10801622271537781,0.0,-0.2287140300186206,"Node(id=19_12225_55, type=transcoder, layer=9, feature=12225, pos=55)",1
1,55,780,lorsa,5,55,12487,transcoder,2.9206624031066895,2.6267507076263428,-0.2939116954803467,0.0,-0.10063186185699338,"Node(id=11_12487_55, type=transcoder, layer=5, feature=12487, pos=55)",1
1,55,780,lorsa,13,55,5819,transcoder,0.5956785082817078,0.0,-0.5956785082817078,0.0,-1.0,"Node(id=27_5819_55, type=transcoder, layer=13, feature=5819, pos=55)",1
1,55,780,lorsa,6,55,23,transcoder,0.9902805685997009,0.8492411971092224,-0.14103937149047852,0.0,-0.14242364837059684,"Node(id=13_23_55, type=transcoder, layer=6, feature=23, pos=55)",1
1,55,780,lorsa,7,54,3543,transcoder,0.46587416529655457,0.37076348066329956,-0.095110684633255,0.0,-0.20415530999172665,"Node(id=15_3543_54, type=transcoder, layer=7, feature=3543, pos=54)",1
1,55,780,lorsa,8,54,9517,transcoder,0.4715726673603058,0.3697538375854492,-0.10181882977485657,0.0,-0.21591334023831737,"Node(id=17_9517_54, type=transcoder, layer=8, feature=9517, pos=54)",1
1,55,780,lorsa,3,55,4439,transcoder,0.30011671781539917,0.0,-0.30011671781539917,0.0,-1.0,"Node(id=7_4439_55, type=transcoder, layer=3, feature=4439, pos=55)",1
1,55,780,lorsa,2,55,2823,transcoder,0.23902328312397003,0.0,-0.23902328312397003,0.0,-1.0,"Node(id=5_2823_55, type=transcoder, layer=2, feature=2823, pos=55)",1
1,55,780,lorsa,8,55,8745,transcoder,4.492262840270996,3.9210433959960938,-0.5712194442749023,0.0,-0.12715628283238287,"Node(id=17_8745_55, type=transcoder, layer=8, feature=8745, pos=55)",1
1,55,780,lorsa,13,55,7425,transcoder,0.6321931481361389,0.0,-0.6321931481361389,0.0,-1.0,"Node(id=27_7425_55, type=transcoder, layer=13, feature=7425, pos=55)",1
1,55,780,lorsa,4,54,3019,transcoder,0.2689710259437561,0.22259579598903656,-0.04637522995471954,0.0,-0.1724171954655702,"Node(id=9_3019_54, type=transcoder, layer=4, feature=3019, pos=54)",1
1,55,780,lorsa,14,55,1214,transcoder,0.7802796959877014,0.0,-0.7802796959877014,0.0,-1.0,"Node(id=29_1214_55, type=transcoder, layer=14, feature=1214, pos=55)",1
1,55,780,lorsa,3,54,6230,transcoder,0.7401818633079529,0.6251089572906494,-0.11507290601730347,0.0,-0.15546571960440936,"Node(id=7_6230_54, type=transcoder, layer=3, feature=6230, pos=54)",1
1,55,780,lorsa,13,55,10331,transcoder,0.5097225308418274,0.3650623559951782,-0.14466017484664917,0.0,-0.2838018060683663,"Node(id=27_10331_55, type=transcoder, layer=13, feature=10331, pos=55)",1
1,55,780,lorsa,9,55,7448,transcoder,0.2919863760471344,0.23900553584098816,-0.05298084020614624,0.0,-0.1814496995489739,"Node(id=19_7448_55, type=transcoder, layer=9, feature=7448, pos=55)",1
1,55,780,lorsa,11,55,8862,transcoder,0.643543541431427,0.544321596622467,-0.09922194480895996,0.0,-0.15418062403091118,"Node(id=23_8862_55, type=transcoder, layer=11, feature=8862, pos=55)",1
1,55,780,lorsa,8,55,3569,transcoder,0.576390266418457,0.4793364107608795,-0.09705385565757751,0.0,-0.1683821905263001,"Node(id=17_3569_55, type=transcoder, layer=8, feature=3569, pos=55)",1
1,55,780,lorsa,4,55,15932,lorsa,2.069827079772949,1.633652687072754,-0.4361743927001953,0.0,-0.2107298706073754,"Node(id=8_15932_55, type=lorsa, layer=4, feature=15932, pos=55)",1
1,55,780,lorsa,5,55,13666,transcoder,0.33196818828582764,0.0,-0.33196818828582764,0.0,-1.0,"Node(id=11_13666_55, type=transcoder, layer=5, feature=13666, pos=55)",1
1,55,780,lorsa,12,55,11739,transcoder,0.2567141354084015,0.0,-0.2567141354084015,0.0,-1.0,"Node(id=25_11739_55, type=transcoder, layer=12, feature=11739, pos=55)",1
1,55,780,lorsa,10,55,3280,transcoder,0.24856069684028625,0.0,-0.24856069684028625,0.0,-1.0,"Node(id=21_3280_55, type=transcoder, layer=10, feature=3280, pos=55)",1
1,55,780,lorsa,1,55,6272,transcoder,0.3085007071495056,0.26897162199020386,-0.03952908515930176,0.0,-0.12813288346903262,"Node(id=3_6272_55, type=transcoder, layer=1, feature=6272, pos=55)",1
1,55,780,lorsa,10,55,546,transcoder,0.65244460105896,0.5759329199790955,-0.0765116810798645,0.0,-0.1172692378106602,"Node(id=21_546_55, type=transcoder, layer=10, feature=546, pos=55)",1
1,55,780,lorsa,11,55,1321,lorsa,4.358194351196289,3.4784791469573975,-0.8797152042388916,0.0,-0.20185313764114649,"Node(id=22_1321_55, type=lorsa, layer=11, feature=1321, pos=55)",1
1,55,780,lorsa,5,55,16275,lorsa,1.9964919090270996,1.6941626071929932,-0.30232930183410645,0.0,-0.15143026649250635,"Node(id=10_16275_55, type=lorsa, layer=5, feature=16275, pos=55)",1
0,54,7083,lorsa,14,55,11103,transcoder,0.5930737257003784,0.4552582800388336,-0.1378154456615448,0.0,-0.23237489655909885,"Node(id=29_11103_55, type=transcoder, layer=14, feature=11103, pos=55)",1
0,54,7083,lorsa,6,55,7034,transcoder,0.6798377633094788,0.6071614027023315,-0.07267636060714722,0.0,-0.1069025060528495,"Node(id=13_7034_55, type=transcoder, layer=6, feature=7034, pos=55)",1
0,54,7083,lorsa,0,54,12254,transcoder,0.5052937865257263,0.0,-0.5052937865257263,0.0,-1.0,"Node(id=1_12254_54, type=transcoder, layer=0, feature=12254, pos=54)",1
0,54,7083,lorsa,2,55,11309,transcoder,0.29157570004463196,0.0,-0.29157570004463196,0.0,-1.0,"Node(id=5_11309_55, type=transcoder, layer=2, feature=11309, pos=55)",1
0,54,7083,lorsa,2,55,6076,lorsa,1.7181307077407837,1.4313068389892578,-0.2868238687515259,0.0,-0.16693949270523098,"Node(id=4_6076_55, type=lorsa, layer=2, feature=6076, pos=55)",1
0,54,7083,lorsa,14,55,16044,lorsa,2.606524705886841,2.312671422958374,-0.2938532829284668,0.0,-0.11273757822621003,"Node(id=28_16044_55, type=lorsa, layer=14, feature=16044, pos=55)",1
0,54,7083,lorsa,1,55,1824,transcoder,0.6892250180244446,0.5880283117294312,-0.10119670629501343,0.0,-0.14682680350907445,"Node(id=3_1824_55, type=transcoder, layer=1, feature=1824, pos=55)",1
0,54,7083,lorsa,11,55,2278,transcoder,0.4227127730846405,0.3754320740699768,-0.047280699014663696,0.0,-0.11185065137645273,"Node(id=23_2278_55, type=transcoder, layer=11, feature=2278, pos=55)",1
0,54,7083,lorsa,1,55,7963,transcoder,0.6885604858398438,0.5961011052131653,-0.09245938062667847,0.0,-0.13427924275077285,"Node(id=3_7963_55, type=transcoder, layer=1, feature=7963, pos=55)",1
0,54,7083,lorsa,14,55,15619,transcoder,1.2117552757263184,1.0852737426757812,-0.1264815330505371,0.0,-0.10437877646105141,"Node(id=29_15619_55, type=transcoder, layer=14, feature=15619, pos=55)",1
0,54,7083,lorsa,2,55,13261,transcoder,0.6239655017852783,0.5114824771881104,-0.11248302459716797,0.0,-0.18027122377011814,"Node(id=5_13261_55, type=transcoder, layer=2, feature=13261, pos=55)",1
0,54,7083,lorsa,13,55,3932,transcoder,0.7734141945838928,0.6332293152809143,-0.14018487930297852,0.0,-0.18125459848639042,"Node(id=27_3932_55, type=transcoder, layer=13, feature=3932, pos=55)",1
0,54,7083,lorsa,4,55,9914,transcoder,0.5230033993721008,0.46139487624168396,-0.06160852313041687,0.0,-0.11779755772980034,"Node(id=9_9914_55, type=transcoder, layer=4, feature=9914, pos=55)",1
0,54,7083,lorsa,1,55,9198,lorsa,3.0222439765930176,2.2315666675567627,-0.7906773090362549,0.0,-0.26161928525955314,"Node(id=2_9198_55, type=lorsa, layer=1, feature=9198, pos=55)",1
0,54,7083,lorsa,0,54,12956,transcoder,0.2822692096233368,0.0,-0.2822692096233368,0.0,-1.0,"Node(id=1_12956_54, type=transcoder, layer=0, feature=12956, pos=54)",1
0,54,7083,lorsa,7,55,13128,transcoder,0.5602725148200989,0.46569812297821045,-0.09457439184188843,0.0,-0.16880069848198043,"Node(id=15_13128_55, type=transcoder, layer=7, feature=13128, pos=55)",1
0,54,7083,lorsa,1,54,15914,transcoder,0.506878674030304,0.0,-0.506878674030304,0.0,-1.0,"Node(id=3_15914_54, type=transcoder, layer=1, feature=15914, pos=54)",1
0,54,7083,lorsa,8,55,9724,transcoder,0.20959925651550293,0.16218753159046173,-0.0474117249250412,0.0,-0.22620178006945557,"Node(id=17_9724_55, type=transcoder, layer=8, feature=9724, pos=55)",1
0,54,7083,lorsa,3,55,11167,transcoder,0.2644384503364563,0.1467224508523941,-0.1177159994840622,0.0,-0.445154626092715,"Node(id=7_11167_55, type=transcoder, layer=3, feature=11167, pos=55)",1
0,54,7083,lorsa,1,55,12154,transcoder,0.19804225862026215,0.0,-0.19804225862026215,0.0,-1.0,"Node(id=3_12154_55, type=transcoder, layer=1, feature=12154, pos=55)",1
0,54,7083,lorsa,0,54,1897,transcoder,0.5192403197288513,0.38299939036369324,-0.13624092936515808,0.0,-0.2623851118424383,"Node(id=1_1897_54, type=transcoder, layer=0, feature=1897, pos=54)",1
0,54,7083,lorsa,13,55,15835,transcoder,0.3478931784629822,0.30033746361732483,-0.04755571484565735,0.0,-0.13669631309174277,"Node(id=27_15835_55, type=transcoder, layer=13, feature=15835, pos=55)",1
0,54,7083,lorsa,0,54,11163,transcoder,0.41022422909736633,0.24976719915866852,-0.16045702993869781,0.0,-0.3911446924813734,"Node(id=1_11163_54, type=transcoder, layer=0, feature=11163, pos=54)",1
0,54,7083,lorsa,13,55,5819,transcoder,0.5956785082817078,0.4572538733482361,-0.13842463493347168,0.0,-0.23238144906851,"Node(id=27_5819_55, type=transcoder, layer=13, feature=5819, pos=55)",1
0,54,7083,lorsa,7,54,3543,transcoder,0.46587416529655457,0.3950752913951874,-0.07079887390136719,0.0,-0.15196995063312815,"Node(id=15_3543_54, type=transcoder, layer=7, feature=3543, pos=54)",1
0,54,7083,lorsa,3,55,4439,transcoder,0.30011671781539917,0.22930559515953064,-0.07081112265586853,0.0,-0.2359452787945796,"Node(id=7_4439_55, type=transcoder, layer=3, feature=4439, pos=55)",1
0,54,7083,lorsa,2,55,2823,transcoder,0.23902328312397003,0.0,-0.23902328312397003,0.0,-1.0,"Node(id=5_2823_55, type=transcoder, layer=2, feature=2823, pos=55)",1
0,54,7083,lorsa,13,55,7425,transcoder,0.6321931481361389,0.5195848345756531,-0.11260831356048584,0.0,-0.17812327433867778,"Node(id=27_7425_55, type=transcoder, layer=13, feature=7425, pos=55)",1
0,54,7083,lorsa,14,55,1214,transcoder,0.7802796959877014,0.4773067235946655,-0.3029729723930359,0.0,-0.38828765371053725,"Node(id=29_1214_55, type=transcoder, layer=14, feature=1214, pos=55)",1
0,54,7083,lorsa,3,54,6230,transcoder,0.7401818633079529,0.6131412386894226,-0.12704062461853027,0.0,-0.17163433868910535,"Node(id=7_6230_54, type=transcoder, layer=3, feature=6230, pos=54)",1
0,54,7083,lorsa,4,55,15932,lorsa,2.069827079772949,1.745421051979065,-0.3244060277938843,0.0,-0.15673098055585888,"Node(id=8_15932_55, type=lorsa, layer=4, feature=15932, pos=55)",1
0,54,7083,lorsa,1,54,14103,transcoder,0.2923813760280609,0.0,-0.2923813760280609,0.0,-1.0,"Node(id=3_14103_54, type=transcoder, layer=1, feature=14103, pos=54)",1
0,54,7083,lorsa,0,54,7232,transcoder,0.6145036220550537,0.5414085984230042,-0.07309502363204956,0.0,-0.1189497034819771,"Node(id=1_7232_54, type=transcoder, layer=0, feature=7232, pos=54)",1
0,23,8135,transcoder,14,55,11103,transcoder,0.5930737257003784,0.0,-0.5930737257003784,0.0,-1.0,"Node(id=29_11103_55, type=transcoder, layer=14, feature=11103, pos=55)",1
3,23,15009,transcoder,14,55,11103,transcoder,0.5930737257003784,0.5197257399559021,-0.07334798574447632,0.0,-0.1236743132700028,"Node(id=29_11103_55, type=transcoder, layer=14, feature=11103, pos=55)",1
6,55,7034,transcoder,14,55,11103,transcoder,0.5930737257003784,0.33409181237220764,-0.2589819133281708,0.0,-0.43667743503951606,"Node(id=29_11103_55, type=transcoder, layer=14, feature=11103, pos=55)",1
6,23,4099,transcoder,14,55,11103,transcoder,0.5930737257003784,0.5113552212715149,-0.08171850442886353,0.0,-0.13778810439184389,"Node(id=29_11103_55, type=transcoder, layer=14, feature=11103, pos=55)",1
0,55,5493,lorsa,14,55,11103,transcoder,0.5930737257003784,0.21349366009235382,-0.3795800656080246,0.0,-0.6400217193229513,"Node(id=29_11103_55, type=transcoder, layer=14, feature=11103, pos=55)",1
7,54,14452,transcoder,14,55,11103,transcoder,0.5930737257003784,0.42675891518592834,-0.16631481051445007,0.0,-0.2804285593971373,"Node(id=29_11103_55, type=transcoder, layer=14, feature=11103, pos=55)",1
1,55,1377,transcoder,14,55,11103,transcoder,0.5930737257003784,0.27740928530693054,-0.3156644403934479,0.0,-0.5322516016380094,"Node(id=29_11103_55, type=transcoder, layer=14, feature=11103, pos=55)",1
0,55,2549,transcoder,14,55,11103,transcoder,0.5930737257003784,0.0,-0.5930737257003784,0.0,-1.0,"Node(id=29_11103_55, type=transcoder, layer=14, feature=11103, pos=55)",1
2,55,11401,lorsa,14,55,11103,transcoder,0.5930737257003784,0.0,-0.5930737257003784,0.0,-1.0,"Node(id=29_11103_55, type=transcoder, layer=14, feature=11103, pos=55)",1
0,54,12254,transcoder,14,55,11103,transcoder,0.5930737257003784,0.44698548316955566,-0.14608824253082275,0.0,-0.24632391589815045,"Node(id=29_11103_55, type=transcoder, layer=14, feature=11103, pos=55)",1
1,23,1816,transcoder,14,55,11103,transcoder,0.5930737257003784,0.22422820329666138,-0.36884552240371704,0.0,-0.621921873150149,"Node(id=29_11103_55, type=transcoder, layer=14, feature=11103, pos=55)",1
0,55,2905,transcoder,14,55,11103,transcoder,0.5930737257003784,0.42854517698287964,-0.16452854871749878,0.0,-0.2774166879896797,"Node(id=29_11103_55, type=transcoder, layer=14, feature=11103, pos=55)",1
0,54,15755,lorsa,14,55,11103,transcoder,0.5930737257003784,0.4855853319168091,-0.10748839378356934,0.0,-0.18123951395188362,"Node(id=29_11103_55, type=transcoder, layer=14, feature=11103, pos=55)",1
0,54,11720,transcoder,14,55,11103,transcoder,0.5930737257003784,0.5191469192504883,-0.07392680644989014,0.0,-0.12465028081051437,"Node(id=29_11103_55, type=transcoder, layer=14, feature=11103, pos=55)",1
13,55,12356,transcoder,14,55,11103,transcoder,0.5930737257003784,0.0,-0.5930737257003784,0.0,-1.0,"Node(id=29_11103_55, type=transcoder, layer=14, feature=11103, pos=55)",1
4,55,2320,transcoder,14,55,11103,transcoder,0.5930737257003784,0.4875729978084564,-0.105500727891922,0.0,-0.17788804885485873,"Node(id=29_11103_55, type=transcoder, layer=14, feature=11103, pos=55)",1
3,55,12235,lorsa,14,55,11103,transcoder,0.5930737257003784,0.40497326850891113,-0.18810045719146729,0.0,-0.3171620138277646,"Node(id=29_11103_55, type=transcoder, layer=14, feature=11103, pos=55)",1
5,55,2419,transcoder,14,55,11103,transcoder,0.5930737257003784,0.48648831248283386,-0.10658541321754456,0.0,-0.17971697041826404,"Node(id=29_11103_55, type=transcoder, layer=14, feature=11103, pos=55)",1
8,55,12466,lorsa,14,55,11103,transcoder,0.5930737257003784,0.47785699367523193,-0.11521673202514648,0.0,-0.19427050471521667,"Node(id=29_11103_55, type=transcoder, layer=14, feature=11103, pos=55)",1
11,55,11974,transcoder,14,55,11103,transcoder,0.5930737257003784,0.4449947476387024,-0.14807897806167603,0.0,-0.24968055680902934,"Node(id=29_11103_55, type=transcoder, layer=14, feature=11103, pos=55)",1
2,55,4901,transcoder,14,55,11103,transcoder,0.5930737257003784,0.45287489891052246,-0.14019882678985596,0.0,-0.23639358938771227,"Node(id=29_11103_55, type=transcoder, layer=14, feature=11103, pos=55)",1
2,55,11309,transcoder,14,55,11103,transcoder,0.5930737257003784,0.4395436942577362,-0.1535300314426422,0.0,-0.2588717469507421,"Node(id=29_11103_55, type=transcoder, layer=14, feature=11103, pos=55)",1
2,55,6076,lorsa,14,55,11103,transcoder,0.5930737257003784,0.4892341196537018,-0.10383960604667664,0.0,-0.1750871798005372,"Node(id=29_11103_55, type=transcoder, layer=14, feature=11103, pos=55)",1
0,55,12836,transcoder,14,55,11103,transcoder,0.5930737257003784,0.45463138818740845,-0.13844233751296997,0.0,-0.2334319183495767,"Node(id=29_11103_55, type=transcoder, layer=14, feature=11103, pos=55)",1
1,55,1824,transcoder,14,55,11103,transcoder,0.5930737257003784,0.5105306506156921,-0.08254307508468628,0.0,-0.13917843854439632,"Node(id=29_11103_55, type=transcoder, layer=14, feature=11103, pos=55)",1
0,55,4945,transcoder,14,55,11103,transcoder,0.5930737257003784,0.4971899092197418,-0.0958838164806366,0.0,-0.1616726763058076,"Node(id=29_11103_55, type=transcoder, layer=14, feature=11103, pos=55)",1
1,55,7963,transcoder,14,55,11103,transcoder,0.5930737257003784,0.5015366673469543,-0.09153705835342407,0.0,-0.1543434726354219,"Node(id=29_11103_55, type=transcoder, layer=14, feature=11103, pos=55)",1
2,23,12879,lorsa,14,55,11103,transcoder,0.5930737257003784,0.4961707890033722,-0.09690293669700623,0.0,-0.16339104650534073,"Node(id=29_11103_55, type=transcoder, layer=14, feature=11103, pos=55)",1
3,55,12206,lorsa,14,55,11103,transcoder,0.5930737257003784,0.48318755626678467,-0.10988616943359375,0.0,-0.185282477829929,"Node(id=29_11103_55, type=transcoder, layer=14, feature=11103, pos=55)",1
0,55,6817,lorsa,14,55,11103,transcoder,0.5930737257003784,0.5221350193023682,-0.07093870639801025,0.0,-0.11961195265265988,"Node(id=29_11103_55, type=transcoder, layer=14, feature=11103, pos=55)",1
2,55,13261,transcoder,14,55,11103,transcoder,0.5930737257003784,0.5117658376693726,-0.08130788803100586,0.0,-0.1370957513502844,"Node(id=29_11103_55, type=transcoder, layer=14, feature=11103, pos=55)",1
0,55,4151,lorsa,14,55,11103,transcoder,0.5930737257003784,0.5194509625434875,-0.07362276315689087,0.0,-0.12413762398586711,"Node(id=29_11103_55, type=transcoder, layer=14, feature=11103, pos=55)",1
4,55,9914,transcoder,14,55,11103,transcoder,0.5930737257003784,0.5195248126983643,-0.07354891300201416,0.0,-0.1240131029496511,"Node(id=29_11103_55, type=transcoder, layer=14, feature=11103, pos=55)",1
1,23,6844,transcoder,14,55,11103,transcoder,0.5930737257003784,0.49334391951560974,-0.09972980618476868,0.0,-0.16815751880930954,"Node(id=29_11103_55, type=transcoder, layer=14, feature=11103, pos=55)",1
1,55,15014,lorsa,14,55,11103,transcoder,0.5930737257003784,0.5048872232437134,-0.08818650245666504,0.0,-0.14869399643783404,"Node(id=29_11103_55, type=transcoder, layer=14, feature=11103, pos=55)",1
4,55,16282,lorsa,14,55,11103,transcoder,0.5930737257003784,0.5192680358886719,-0.07380568981170654,0.0,-0.12444606229107048,"Node(id=29_11103_55, type=transcoder, layer=14, feature=11103, pos=55)",1
1,55,9198,lorsa,14,55,11103,transcoder,0.5930737257003784,0.5255783200263977,-0.06749540567398071,0.0,-0.11380609652581283,"Node(id=29_11103_55, type=transcoder, layer=14, feature=11103, pos=55)",1
6,55,15671,transcoder,14,55,11103,transcoder,0.5930737257003784,0.49591419100761414,-0.09715953469276428,0.0,-0.16382370434304047,"Node(id=29_11103_55, type=transcoder, layer=14, feature=11103, pos=55)",1
7,55,13128,transcoder,14,55,11103,transcoder,0.5930737257003784,0.5233014225959778,-0.06977230310440063,0.0,-0.11764524388937386,"Node(id=29_11103_55, type=transcoder, layer=14, feature=11103, pos=55)",1
1,54,15914,transcoder,14,55,11103,transcoder,0.5930737257003784,0.5229410529136658,-0.07013267278671265,0.0,-0.11825287438571129,"Node(id=29_11103_55, type=transcoder, layer=14, feature=11103, pos=55)",1
0,23,9251,lorsa,14,55,11103,transcoder,0.5930737257003784,0.48394906520843506,-0.10912466049194336,0.0,-0.1839984739891736,"Node(id=29_11103_55, type=transcoder, layer=14, feature=11103, pos=55)",1
8,55,9724,transcoder,14,55,11103,transcoder,0.5930737257003784,0.5059885382652283,-0.08708518743515015,0.0,-0.14683703502850115,"Node(id=29_11103_55, type=transcoder, layer=14, feature=11103, pos=55)",1
3,55,11167,transcoder,14,55,11103,transcoder,0.5930737257003784,0.5234362483024597,-0.0696374773979187,0.0,-0.11741791008475672,"Node(id=29_11103_55, type=transcoder, layer=14, feature=11103, pos=55)",1
0,55,7273,lorsa,14,55,11103,transcoder,0.5930737257003784,0.5203632712364197,-0.07271045446395874,0.0,-0.12259935200820572,"Node(id=29_11103_55, type=transcoder, layer=14, feature=11103, pos=55)",1
1,55,12154,transcoder,14,55,11103,transcoder,0.5930737257003784,0.5252395868301392,-0.06783413887023926,0.0,-0.11437724507207245,"Node(id=29_11103_55, type=transcoder, layer=14, feature=11103, pos=55)",1
0,55,2956,transcoder,14,55,11103,transcoder,0.5930737257003784,0.5213542580604553,-0.0717194676399231,0.0,-0.12092841839389773,"Node(id=29_11103_55, type=transcoder, layer=14, feature=11103, pos=55)",1
13,55,15835,transcoder,14,55,11103,transcoder,0.5930737257003784,0.35260671377182007,-0.24046701192855835,0.0,-0.4054588856462722,"Node(id=29_11103_55, type=transcoder, layer=14, feature=11103, pos=55)",1
4,55,9531,transcoder,14,55,11103,transcoder,0.5930737257003784,0.509842574596405,-0.08323115110397339,0.0,-0.14033862485761486,"Node(id=29_11103_55, type=transcoder, layer=14, feature=11103, pos=55)",1
12,55,6669,transcoder,14,55,11103,transcoder,0.5930737257003784,0.5077263116836548,-0.08534741401672363,0.0,-0.14390692137968905,"Node(id=29_11103_55, type=transcoder, layer=14, feature=11103, pos=55)",1
1,23,7319,transcoder,14,55,11103,transcoder,0.5930737257003784,0.5326794385910034,-0.060394287109375,0.0,-0.10183268030977698,"Node(id=29_11103_55, type=transcoder, layer=14, feature=11103, pos=55)",1
2,55,14393,transcoder,14,55,11103,transcoder,0.5930737257003784,0.5285616517066956,-0.06451207399368286,0.0,-0.10877580846714906,"Node(id=29_11103_55, type=transcoder, layer=14, feature=11103, pos=55)",1
2,55,2823,transcoder,14,55,11103,transcoder,0.5930737257003784,0.5232774019241333,-0.06979632377624512,0.0,-0.11768574588904704,"Node(id=29_11103_55, type=transcoder, layer=14, feature=11103, pos=55)",1
1,51,11331,transcoder,14,55,11103,transcoder,0.5930737257003784,0.461979478597641,-0.13109424710273743,0.0,-0.2210420752460823,"Node(id=29_11103_55, type=transcoder, layer=14, feature=11103, pos=55)",1
5,55,13666,transcoder,14,55,11103,transcoder,0.5930737257003784,0.5138850212097168,-0.07918870449066162,0.0,-0.13352253026745592,"Node(id=29_11103_55, type=transcoder, layer=14, feature=11103, pos=55)",1
0,39,7176,lorsa,14,55,11103,transcoder,0.5930737257003784,0.5058689713478088,-0.08720475435256958,0.0,-0.14703864051570803,"Node(id=29_11103_55, type=transcoder, layer=14, feature=11103, pos=55)",1
0,54,8584,transcoder,14,55,11103,transcoder,0.5930737257003784,0.513981819152832,-0.07909190654754639,0.0,-0.1333593162538846,"Node(id=29_11103_55, type=transcoder, layer=14, feature=11103, pos=55)",1
1,51,11218,transcoder,14,55,11103,transcoder,0.5930737257003784,0.495525598526001,-0.09754812717437744,0.0,-0.1644789221764629,"Node(id=29_11103_55, type=transcoder, layer=14, feature=11103, pos=55)",1
0,51,2952,transcoder,14,55,11103,transcoder,0.5930737257003784,0.0,-0.5930737257003784,0.0,-1.0,"Node(id=29_11103_55, type=transcoder, layer=14, feature=11103, pos=55)",1
0,23,8135,transcoder,3,23,15009,transcoder,0.8224453330039978,0.0,-0.8224453330039978,0.0,-1.0,"Node(id=7_15009_23, type=transcoder, layer=3, feature=15009, pos=23)",1
0,23,8135,transcoder,6,55,7034,transcoder,0.6798377633094788,0.0,-0.6798377633094788,0.0,-1.0,"Node(id=13_7034_55, type=transcoder, layer=6, feature=7034, pos=55)",1
0,23,8135,transcoder,6,23,4099,transcoder,2.014463186264038,0.0,-2.014463186264038,0.0,-1.0,"Node(id=13_4099_23, type=transcoder, layer=6, feature=4099, pos=23)",1
0,23,8135,transcoder,1,55,1377,transcoder,0.5498209595680237,0.32663336396217346,-0.22318759560585022,0.0,-0.4059277692527426,"Node(id=3_1377_55, type=transcoder, layer=1, feature=1377, pos=55)",1
0,23,8135,transcoder,2,55,11401,lorsa,1.9274051189422607,0.0,-1.9274051189422607,0.0,-1.0,"Node(id=4_11401_55, type=lorsa, layer=2, feature=11401, pos=55)",1
0,23,8135,transcoder,4,23,3675,transcoder,0.6166015863418579,0.0,-0.6166015863418579,0.0,-1.0,"Node(id=9_3675_23, type=transcoder, layer=4, feature=3675, pos=23)",1
0,23,8135,transcoder,1,23,1816,transcoder,0.8825504183769226,0.1182267963886261,-0.7643236219882965,0.0,-0.866039612098248,"Node(id=3_1816_23, type=transcoder, layer=1, feature=1816, pos=23)",1
0,23,8135,transcoder,13,55,12356,transcoder,3.18350887298584,2.572484254837036,-0.6110246181488037,0.0,-0.1919343223239452,"Node(id=27_12356_55, type=transcoder, layer=13, feature=12356, pos=55)",1
0,23,8135,transcoder,4,55,2320,transcoder,2.978559732437134,2.3444273471832275,-0.6341323852539062,0.0,-0.2128989989181929,"Node(id=9_2320_55, type=transcoder, layer=4, feature=2320, pos=55)",1
0,23,8135,transcoder,3,55,12235,lorsa,2.4719231128692627,0.0,-2.4719231128692627,0.0,-1.0,"Node(id=6_12235_55, type=lorsa, layer=3, feature=12235, pos=55)",1
0,23,8135,transcoder,5,55,2419,transcoder,0.6756512522697449,0.20658887922763824,-0.46906237304210663,0.0,-0.6942374064524632,"Node(id=11_2419_55, type=transcoder, layer=5, feature=2419, pos=55)",1
0,23,8135,transcoder,8,55,12466,lorsa,5.128899097442627,4.402772426605225,-0.7261266708374023,0.0,-0.14157554224442898,"Node(id=16_12466_55, type=lorsa, layer=8, feature=12466, pos=55)",1
0,23,8135,transcoder,10,1,10273,transcoder,28.066740036010742,17.27604866027832,-10.790691375732422,0.0,-0.3844654335304897,"Node(id=21_10273_1, type=transcoder, layer=10, feature=10273, pos=1)",1
0,23,8135,transcoder,7,23,7600,transcoder,1.5129057168960571,0.0,-1.5129057168960571,0.0,-1.0,"Node(id=15_7600_23, type=transcoder, layer=7, feature=7600, pos=23)",1
0,23,8135,transcoder,2,55,4901,transcoder,1.173736810684204,0.9584325551986694,-0.21530425548553467,0.0,-0.18343486676542742,"Node(id=5_4901_55, type=transcoder, layer=2, feature=4901, pos=55)",1
0,23,8135,transcoder,2,55,11309,transcoder,0.29157570004463196,0.0,-0.29157570004463196,0.0,-1.0,"Node(id=5_11309_55, type=transcoder, layer=2, feature=11309, pos=55)",1
0,23,10079,lorsa,0,23,8135,transcoder,1.4900935888290405,1.3266922235488892,-0.16340136528015137,0.0,-0.1096584580358855,"Node(id=1_8135_23, type=transcoder, layer=0, feature=8135, pos=23)",1
0,23,8135,transcoder,2,55,6076,lorsa,1.7181307077407837,0.6955304741859436,-1.02260023355484,0.0,-0.5951818618616534,"Node(id=4_6076_55, type=lorsa, layer=2, feature=6076, pos=55)",1
0,23,8135,transcoder,14,55,16044,lorsa,2.606524705886841,0.0,-2.606524705886841,0.0,-1.0,"Node(id=28_16044_55, type=lorsa, layer=14, feature=16044, pos=55)",1
0,23,8135,transcoder,12,23,15674,transcoder,0.6342616677284241,0.0,-0.6342616677284241,0.0,-1.0,"Node(id=25_15674_23, type=transcoder, layer=12, feature=15674, pos=23)",1
0,23,8135,transcoder,14,55,3391,transcoder,0.7034270167350769,0.0,-0.7034270167350769,0.0,-1.0,"Node(id=29_3391_55, type=transcoder, layer=14, feature=3391, pos=55)",1
0,23,8135,transcoder,11,55,2278,transcoder,0.4227127730846405,0.0,-0.4227127730846405,0.0,-1.0,"Node(id=23_2278_55, type=transcoder, layer=11, feature=2278, pos=55)",1
0,23,8135,transcoder,2,23,12879,lorsa,2.5271050930023193,0.8312184810638428,-1.6958866119384766,0.0,-0.6710787836384294,"Node(id=4_12879_23, type=lorsa, layer=2, feature=12879, pos=23)",1
0,23,8135,transcoder,14,55,15619,transcoder,1.2117552757263184,0.0,-1.2117552757263184,0.0,-1.0,"Node(id=29_15619_55, type=transcoder, layer=14, feature=15619, pos=55)",1
0,23,8135,transcoder,3,55,12206,lorsa,1.9337397813796997,0.0,-1.9337397813796997,0.0,-1.0,"Node(id=6_12206_55, type=lorsa, layer=3, feature=12206, pos=55)",1
0,23,8135,transcoder,2,55,13261,transcoder,0.6239655017852783,0.21595783531665802,-0.4080076664686203,0.0,-0.6538945908086848,"Node(id=5_13261_55, type=transcoder, layer=2, feature=13261, pos=55)",1
0,23,8135,transcoder,13,55,3932,transcoder,0.7734141945838928,0.0,-0.7734141945838928,0.0,-1.0,"Node(id=27_3932_55, type=transcoder, layer=13, feature=3932, pos=55)",1
0,23,8135,transcoder,9,55,12666,transcoder,0.6803210973739624,0.0,-0.6803210973739624,0.0,-1.0,"Node(id=19_12666_55, type=transcoder, layer=9, feature=12666, pos=55)",1
0,23,8135,transcoder,7,55,14502,lorsa,2.268876075744629,1.2999812364578247,-0.9688948392868042,0.0,-0.42703735547514193,"Node(id=14_14502_55, type=lorsa, layer=7, feature=14502, pos=55)",1
0,23,8135,transcoder,8,55,9586,lorsa,2.2772367000579834,1.6003566980361938,-0.6768800020217896,0.0,-0.29723743781423984,"Node(id=16_9586_55, type=lorsa, layer=8, feature=9586, pos=55)",1
0,23,8135,transcoder,1,23,9682,lorsa,2.450392484664917,0.6831966638565063,-1.7671958208084106,0.0,-0.7211888837677646,"Node(id=2_9682_23, type=lorsa, layer=1, feature=9682, pos=23)",1
0,23,8135,transcoder,1,23,6844,transcoder,0.542878270149231,0.13951265811920166,-0.4033656120300293,0.0,-0.7430129998003949,"Node(id=3_6844_23, type=transcoder, layer=1, feature=6844, pos=23)",1
0,23,8135,transcoder,3,54,9407,transcoder,0.9804326891899109,0.6005051136016846,-0.3799275755882263,0.0,-0.3875101062798549,"Node(id=7_9407_54, type=transcoder, layer=3, feature=9407, pos=54)",1
0,23,8135,transcoder,8,55,2551,lorsa,2.676435947418213,0.0,-2.676435947418213,0.0,-1.0,"Node(id=16_2551_55, type=lorsa, layer=8, feature=2551, pos=55)",1
0,23,8135,transcoder,7,55,13128,transcoder,0.5602725148200989,0.2884450852870941,-0.27182742953300476,0.0,-0.4851700241270757,"Node(id=15_13128_55, type=transcoder, layer=7, feature=13128, pos=55)",1
0,23,8135,transcoder,8,55,9724,transcoder,0.20959925651550293,0.0,-0.20959925651550293,0.0,-1.0,"Node(id=17_9724_55, type=transcoder, layer=8, feature=9724, pos=55)",1
0,23,8135,transcoder,3,55,11167,transcoder,0.2644384503364563,0.0,-0.2644384503364563,0.0,-1.0,"Node(id=7_11167_55, type=transcoder, layer=3, feature=11167, pos=55)",1
0,23,8135,transcoder,1,55,12154,transcoder,0.19804225862026215,0.0,-0.19804225862026215,0.0,-1.0,"Node(id=3_12154_55, type=transcoder, layer=1, feature=12154, pos=55)",1
0,23,8135,transcoder,13,55,15835,transcoder,0.3478931784629822,0.0,-0.3478931784629822,0.0,-1.0,"Node(id=27_15835_55, type=transcoder, layer=13, feature=15835, pos=55)",1
0,23,8135,transcoder,4,55,16377,lorsa,2.713291645050049,2.1489834785461426,-0.5643081665039062,0.0,-0.20797917818137723,"Node(id=8_16377_55, type=lorsa, layer=4, feature=16377, pos=55)",1
0,23,8135,transcoder,4,55,9531,transcoder,0.5060067176818848,0.0,-0.5060067176818848,0.0,-1.0,"Node(id=9_9531_55, type=transcoder, layer=4, feature=9531, pos=55)",1
0,23,8135,transcoder,2,55,2440,lorsa,1.7886356115341187,0.0,-1.7886356115341187,0.0,-1.0,"Node(id=4_2440_55, type=lorsa, layer=2, feature=2440, pos=55)",1
0,23,8135,transcoder,2,55,5819,transcoder,0.7991868257522583,0.6660178899765015,-0.13316893577575684,0.0,-0.16663054430409013,"Node(id=5_5819_55, type=transcoder, layer=2, feature=5819, pos=55)",1
0,23,13594,lorsa,0,23,8135,transcoder,1.4900935888290405,1.1266913414001465,-0.36340224742889404,0.0,-0.2438788074475686,"Node(id=1_8135_23, type=transcoder, layer=0, feature=8135, pos=23)",1
0,23,8135,transcoder,12,55,6669,transcoder,0.8420363068580627,0.0,-0.8420363068580627,0.0,-1.0,"Node(id=25_6669_55, type=transcoder, layer=12, feature=6669, pos=55)",1
0,23,8135,transcoder,6,50,7455,transcoder,0.7886064052581787,0.6049299240112305,-0.18367648124694824,0.0,-0.23291274331815137,"Node(id=13_7455_50, type=transcoder, layer=6, feature=7455, pos=50)",1
0,23,8135,transcoder,10,55,11535,transcoder,0.6737499833106995,0.0,-0.6737499833106995,0.0,-1.0,"Node(id=21_11535_55, type=transcoder, layer=10, feature=11535, pos=55)",1
0,23,8135,transcoder,14,23,10814,transcoder,1.869791030883789,0.0,-1.869791030883789,0.0,-1.0,"Node(id=29_10814_23, type=transcoder, layer=14, feature=10814, pos=23)",1
0,23,8135,transcoder,9,55,12225,transcoder,0.47227632999420166,0.161469966173172,-0.31080636382102966,0.0,-0.6581027760270043,"Node(id=19_12225_55, type=transcoder, layer=9, feature=12225, pos=55)",1
0,23,8135,transcoder,13,55,5819,transcoder,0.5956785082817078,0.0,-0.5956785082817078,0.0,-1.0,"Node(id=27_5819_55, type=transcoder, layer=13, feature=5819, pos=55)",1
0,23,8135,transcoder,1,23,7319,transcoder,0.4151616096496582,0.0,-0.4151616096496582,0.0,-1.0,"Node(id=3_7319_23, type=transcoder, layer=1, feature=7319, pos=23)",1
0,23,8135,transcoder,2,55,14393,transcoder,0.4859774708747864,0.291228324174881,-0.1947491466999054,0.0,-0.4007369855012952,"Node(id=5_14393_55, type=transcoder, layer=2, feature=14393, pos=55)",1
0,23,8135,transcoder,6,55,23,transcoder,0.9902805685997009,0.6469765305519104,-0.3433040380477905,0.0,-0.3466735074214746,"Node(id=13_23_55, type=transcoder, layer=6, feature=23, pos=55)",1
0,23,8135,transcoder,8,54,9517,transcoder,0.4715726673603058,0.16793206334114075,-0.30364060401916504,0.0,-0.643889319792082,"Node(id=17_9517_54, type=transcoder, layer=8, feature=9517, pos=54)",1
0,23,8135,transcoder,3,55,4439,transcoder,0.30011671781539917,0.0,-0.30011671781539917,0.0,-1.0,"Node(id=7_4439_55, type=transcoder, layer=3, feature=4439, pos=55)",1
0,23,8135,transcoder,14,55,5916,transcoder,0.3695855438709259,0.0,-0.3695855438709259,0.0,-1.0,"Node(id=29_5916_55, type=transcoder, layer=14, feature=5916, pos=55)",1
0,23,8135,transcoder,10,55,10622,transcoder,0.2998685836791992,0.0,-0.2998685836791992,0.0,-1.0,"Node(id=21_10622_55, type=transcoder, layer=10, feature=10622, pos=55)",1
0,23,8135,transcoder,2,6,13953,transcoder,1.7135149240493774,1.5077705383300781,-0.20574438571929932,0.0,-0.12007154582178035,"Node(id=5_13953_6, type=transcoder, layer=2, feature=13953, pos=6)",1
0,23,8135,transcoder,4,55,16341,lorsa,0.9263823628425598,0.0,-0.9263823628425598,0.0,-1.0,"Node(id=8_16341_55, type=lorsa, layer=4, feature=16341, pos=55)",1
0,23,8135,transcoder,8,63,2167,transcoder,2.175069808959961,1.833009958267212,-0.342059850692749,0.0,-0.1572638493181557,"Node(id=17_2167_63, type=transcoder, layer=8, feature=2167, pos=63)",1
0,23,8135,transcoder,9,55,13128,transcoder,0.3520200252532959,0.0,-0.3520200252532959,0.0,-1.0,"Node(id=19_13128_55, type=transcoder, layer=9, feature=13128, pos=55)",1
0,23,8135,transcoder,13,55,7425,transcoder,0.6321931481361389,0.0,-0.6321931481361389,0.0,-1.0,"Node(id=27_7425_55, type=transcoder, layer=13, feature=7425, pos=55)",1
0,23,8135,transcoder,1,23,1358,transcoder,0.7991279363632202,0.0,-0.7991279363632202,0.0,-1.0,"Node(id=3_1358_23, type=transcoder, layer=1, feature=1358, pos=23)",1
0,23,8135,transcoder,1,23,2090,transcoder,0.3347303867340088,0.0,-0.3347303867340088,0.0,-1.0,"Node(id=3_2090_23, type=transcoder, layer=1, feature=2090, pos=23)",1
0,23,8135,transcoder,14,55,1214,transcoder,0.7802796959877014,0.0,-0.7802796959877014,0.0,-1.0,"Node(id=29_1214_55, type=transcoder, layer=14, feature=1214, pos=55)",1
0,23,8135,transcoder,3,54,6230,transcoder,0.7401818633079529,0.5229200720787048,-0.21726179122924805,0.0,-0.29352487814046346,"Node(id=7_6230_54, type=transcoder, layer=3, feature=6230, pos=54)",1
0,23,8135,transcoder,13,55,10331,transcoder,0.5097225308418274,0.0,-0.5097225308418274,0.0,-1.0,"Node(id=27_10331_55, type=transcoder, layer=13, feature=10331, pos=55)",1
0,23,8135,transcoder,9,55,7448,transcoder,0.2919863760471344,0.0,-0.2919863760471344,0.0,-1.0,"Node(id=19_7448_55, type=transcoder, layer=9, feature=7448, pos=55)",1
0,23,8135,transcoder,10,55,15174,transcoder,0.40954360365867615,0.0,-0.40954360365867615,0.0,-1.0,"Node(id=21_15174_55, type=transcoder, layer=10, feature=15174, pos=55)",1
0,23,8135,transcoder,11,55,8862,transcoder,0.643543541431427,0.0,-0.643543541431427,0.0,-1.0,"Node(id=23_8862_55, type=transcoder, layer=11, feature=8862, pos=55)",1
0,23,8135,transcoder,8,55,3569,transcoder,0.576390266418457,0.0,-0.576390266418457,0.0,-1.0,"Node(id=17_3569_55, type=transcoder, layer=8, feature=3569, pos=55)",1
0,23,8135,transcoder,14,23,138,transcoder,4.625486850738525,1.5958032608032227,-3.0296835899353027,0.0,-0.6549977737914379,"Node(id=29_138_23, type=transcoder, layer=14, feature=138, pos=23)",1
0,23,8135,transcoder,4,55,15932,lorsa,2.069827079772949,0.0,-2.069827079772949,0.0,-1.0,"Node(id=8_15932_55, type=lorsa, layer=4, feature=15932, pos=55)",1
0,23,8135,transcoder,7,54,13289,transcoder,0.9898383617401123,0.5016735196113586,-0.48816484212875366,0.0,-0.4931763215062422,"Node(id=15_13289_54, type=transcoder, layer=7, feature=13289, pos=54)",1
0,23,8135,transcoder,1,54,14103,transcoder,0.2923813760280609,0.0,-0.2923813760280609,0.0,-1.0,"Node(id=3_14103_54, type=transcoder, layer=1, feature=14103, pos=54)",1
0,23,8135,transcoder,10,1,5090,transcoder,17.671863555908203,11.257085800170898,-6.414777755737305,0.0,-0.3629938481271639,"Node(id=21_5090_1, type=transcoder, layer=10, feature=5090, pos=1)",1
0,23,8135,transcoder,5,55,13666,transcoder,0.33196818828582764,0.0,-0.33196818828582764,0.0,-1.0,"Node(id=11_13666_55, type=transcoder, layer=5, feature=13666, pos=55)",1
0,23,8135,transcoder,8,55,7940,transcoder,0.6999607682228088,0.0,-0.6999607682228088,0.0,-1.0,"Node(id=17_7940_55, type=transcoder, layer=8, feature=7940, pos=55)",1
0,23,8135,transcoder,14,23,11103,transcoder,1.1049634218215942,0.0,-1.1049634218215942,0.0,-1.0,"Node(id=29_11103_23, type=transcoder, layer=14, feature=11103, pos=23)",1
0,23,8135,transcoder,12,55,11739,transcoder,0.2567141354084015,0.0,-0.2567141354084015,0.0,-1.0,"Node(id=25_11739_55, type=transcoder, layer=12, feature=11739, pos=55)",1
0,23,8135,transcoder,10,55,3280,transcoder,0.24856069684028625,0.0,-0.24856069684028625,0.0,-1.0,"Node(id=21_3280_55, type=transcoder, layer=10, feature=3280, pos=55)",1
0,23,8135,transcoder,14,55,11920,transcoder,0.7073771357536316,0.0,-0.7073771357536316,0.0,-1.0,"Node(id=29_11920_55, type=transcoder, layer=14, feature=11920, pos=55)",1
0,23,8135,transcoder,1,55,6272,transcoder,0.3085007071495056,0.2421438843011856,-0.06635682284832001,0.0,-0.21509455670765176,"Node(id=3_6272_55, type=transcoder, layer=1, feature=6272, pos=55)",1
0,23,8135,transcoder,10,55,546,transcoder,0.65244460105896,0.22377699613571167,-0.4286676049232483,0.0,-0.6570176291251286,"Node(id=21_546_55, type=transcoder, layer=10, feature=546, pos=55)",1
0,23,8135,transcoder,1,51,11218,transcoder,0.6390401721000671,0.44674965739250183,-0.1922905147075653,0.0,-0.3009052061244353,"Node(id=3_11218_51, type=transcoder, layer=1, feature=11218, pos=51)",1
0,23,8135,transcoder,10,2,10273,transcoder,24.12562370300293,14.96405029296875,-9.16157341003418,0.0,-0.3797445207144565,"Node(id=21_10273_2, type=transcoder, layer=10, feature=10273, pos=2)",1
3,23,15009,transcoder,6,23,4099,transcoder,2.014463186264038,1.478452205657959,-0.5360109806060791,0.0,-0.26608129861144236,"Node(id=13_4099_23, type=transcoder, layer=6, feature=4099, pos=23)",1
3,23,15009,transcoder,4,23,3675,transcoder,0.6166015863418579,0.1433754414319992,-0.4732261449098587,0.0,-0.7674747444575847,"Node(id=9_3675_23, type=transcoder, layer=4, feature=3675, pos=23)",1
2,23,12879,lorsa,3,23,15009,transcoder,0.8224453330039978,0.7004411220550537,-0.12200421094894409,0.0,-0.14834324672172594,"Node(id=7_15009_23, type=transcoder, layer=3, feature=15009, pos=23)",1
3,23,15009,transcoder,14,55,15619,transcoder,1.2117552757263184,0.9783994555473328,-0.2333558201789856,0.0,-0.19257669007392075,"Node(id=29_15619_55, type=transcoder, layer=14, feature=15619, pos=55)",1
3,23,15009,transcoder,13,55,3932,transcoder,0.7734141945838928,0.6901208162307739,-0.0832933783531189,0.0,-0.10769569389391909,"Node(id=27_3932_55, type=transcoder, layer=13, feature=3932, pos=55)",1
3,23,15009,transcoder,8,55,9724,transcoder,0.20959925651550293,0.17206647992134094,-0.03753277659416199,0.0,-0.17906922580799273,"Node(id=17_9724_55, type=transcoder, layer=8, feature=9724, pos=55)",1
3,23,15009,transcoder,4,55,9531,transcoder,0.5060067176818848,0.4069393277168274,-0.09906738996505737,0.0,-0.19578275644027882,"Node(id=9_9531_55, type=transcoder, layer=4, feature=9531, pos=55)",1
3,23,15009,transcoder,13,55,7425,transcoder,0.6321931481361389,0.5685542821884155,-0.06363886594772339,0.0,-0.10066364391222277,"Node(id=27_7425_55, type=transcoder, layer=13, feature=7425, pos=55)",1
3,23,15009,transcoder,14,55,1214,transcoder,0.7802796959877014,0.6460884213447571,-0.13419127464294434,0.0,-0.17197842688073667,"Node(id=29_1214_55, type=transcoder, layer=14, feature=1214, pos=55)",1
3,23,15009,transcoder,5,55,13666,transcoder,0.33196818828582764,0.24136486649513245,-0.09060332179069519,0.0,-0.2729277231608858,"Node(id=11_13666_55, type=transcoder, layer=5, feature=13666, pos=55)",1
3,23,15009,transcoder,12,55,11739,transcoder,0.2567141354084015,0.0,-0.2567141354084015,0.0,-1.0,"Node(id=25_11739_55, type=transcoder, layer=12, feature=11739, pos=55)",1
3,23,15009,transcoder,10,55,3280,transcoder,0.24856069684028625,0.0,-0.24856069684028625,0.0,-1.0,"Node(id=21_3280_55, type=transcoder, layer=10, feature=3280, pos=55)",1
0,55,5493,lorsa,6,55,7034,transcoder,0.6798377633094788,0.40762171149253845,-0.2722160518169403,0.0,-0.4004132552033902,"Node(id=13_7034_55, type=transcoder, layer=6, feature=7034, pos=55)",1
1,55,1377,transcoder,6,55,7034,transcoder,0.6798377633094788,0.4698631465435028,-0.20997461676597595,0.0,-0.3088598899593496,"Node(id=13_7034_55, type=transcoder, layer=6, feature=7034, pos=55)",1
0,55,2549,transcoder,6,55,7034,transcoder,0.6798377633094788,0.0,-0.6798377633094788,0.0,-1.0,"Node(id=13_7034_55, type=transcoder, layer=6, feature=7034, pos=55)",1
2,55,11401,lorsa,6,55,7034,transcoder,0.6798377633094788,0.332265168428421,-0.34757259488105774,0.0,-0.5112581466334847,"Node(id=13_7034_55, type=transcoder, layer=6, feature=7034, pos=55)",1
0,54,12254,transcoder,6,55,7034,transcoder,0.6798377633094788,0.6034572720527649,-0.07638049125671387,0.0,-0.11235105694171861,"Node(id=13_7034_55, type=transcoder, layer=6, feature=7034, pos=55)",1
1,23,1816,transcoder,6,55,7034,transcoder,0.6798377633094788,0.430363267660141,-0.24947449564933777,0.0,-0.3669618092923898,"Node(id=13_7034_55, type=transcoder, layer=6, feature=7034, pos=55)",1
0,55,2905,transcoder,6,55,7034,transcoder,0.6798377633094788,0.5745366215705872,-0.1053011417388916,0.0,-0.15489157475789697,"Node(id=13_7034_55, type=transcoder, layer=6, feature=7034, pos=55)",1
4,55,2320,transcoder,6,55,7034,transcoder,0.6798377633094788,0.4085272550582886,-0.2713105082511902,0.0,-0.3990812556961226,"Node(id=13_7034_55, type=transcoder, layer=6, feature=7034, pos=55)",1
3,55,12235,lorsa,6,55,7034,transcoder,0.6798377633094788,0.544376790523529,-0.1354609727859497,0.0,-0.19925485181423286,"Node(id=13_7034_55, type=transcoder, layer=6, feature=7034, pos=55)",1
5,55,2419,transcoder,6,55,7034,transcoder,0.6798377633094788,0.5387969017028809,-0.1410408616065979,0.0,-0.20746252888336927,"Node(id=13_7034_55, type=transcoder, layer=6, feature=7034, pos=55)",1
2,55,4901,transcoder,6,55,7034,transcoder,0.6798377633094788,0.5667122006416321,-0.11312556266784668,0.0,-0.16640082203899162,"Node(id=13_7034_55, type=transcoder, layer=6, feature=7034, pos=55)",1
2,55,11309,transcoder,6,55,7034,transcoder,0.6798377633094788,0.5546027421951294,-0.12523502111434937,0.0,-0.18421309887920911,"Node(id=13_7034_55, type=transcoder, layer=6, feature=7034, pos=55)",1
6,55,7034,transcoder,14,55,16044,lorsa,2.606524705886841,1.9827338457107544,-0.6237908601760864,0.0,-0.23931899005877583,"Node(id=28_16044_55, type=lorsa, layer=14, feature=16044, pos=55)",1
6,55,7034,transcoder,11,55,2278,transcoder,0.4227127730846405,0.36402419209480286,-0.058688580989837646,0.0,-0.13883796451565075,"Node(id=23_2278_55, type=transcoder, layer=11, feature=2278, pos=55)",1
6,55,7034,transcoder,14,55,15619,transcoder,1.2117552757263184,0.9145970344543457,-0.29715824127197266,0.0,-0.24522958325381164,"Node(id=29_15619_55, type=transcoder, layer=14, feature=15619, pos=55)",1
3,55,12206,lorsa,6,55,7034,transcoder,0.6798377633094788,0.6034648418426514,-0.07637292146682739,0.0,-0.11233992224121356,"Node(id=13_7034_55, type=transcoder, layer=6, feature=7034, pos=55)",1
6,55,7034,transcoder,13,55,3932,transcoder,0.7734141945838928,0.5875280499458313,-0.18588614463806152,0.0,-0.24034488368560492,"Node(id=27_3932_55, type=transcoder, layer=13, feature=3932, pos=55)",1
4,55,9914,transcoder,6,55,7034,transcoder,0.6798377633094788,0.5953004360198975,-0.0845373272895813,0.0,-0.12434926662215709,"Node(id=13_7034_55, type=transcoder, layer=6, feature=7034, pos=55)",1
1,23,6844,transcoder,6,55,7034,transcoder,0.6798377633094788,0.6022685766220093,-0.07756918668746948,0.0,-0.11409955562024009,"Node(id=13_7034_55, type=transcoder, layer=6, feature=7034, pos=55)",1
6,55,7034,transcoder,7,55,13128,transcoder,0.5602725148200989,0.4751087427139282,-0.08516377210617065,0.0,-0.15200419412598953,"Node(id=15_13128_55, type=transcoder, layer=7, feature=13128, pos=55)",1
0,23,9251,lorsa,6,55,7034,transcoder,0.6798377633094788,0.6052784323692322,-0.07455933094024658,0.0,-0.10967224088477909,"Node(id=13_7034_55, type=transcoder, layer=6, feature=7034, pos=55)",1
6,55,7034,transcoder,8,55,9724,transcoder,0.20959925651550293,0.0,-0.20959925651550293,0.0,-1.0,"Node(id=17_9724_55, type=transcoder, layer=8, feature=9724, pos=55)",1
6,55,7034,transcoder,13,55,15835,transcoder,0.3478931784629822,0.2519418001174927,-0.0959513783454895,0.0,-0.2758070128578255,"Node(id=27_15835_55, type=transcoder, layer=13, feature=15835, pos=55)",1
6,55,7034,transcoder,12,55,6669,transcoder,0.8420363068580627,0.7160822153091431,-0.12595409154891968,0.0,-0.14958273238703831,"Node(id=25_6669_55, type=transcoder, layer=12, feature=6669, pos=55)",1
5,55,12487,transcoder,6,55,7034,transcoder,0.6798377633094788,0.5468484163284302,-0.13298934698104858,0.0,-0.1956192405871231,"Node(id=13_7034_55, type=transcoder, layer=6, feature=7034, pos=55)",1
6,55,7034,transcoder,13,55,5819,transcoder,0.5956785082817078,0.49310043454170227,-0.1025780737400055,0.0,-0.17220375137572425,"Node(id=27_5819_55, type=transcoder, layer=13, feature=5819, pos=55)",1
6,55,7034,transcoder,13,55,7425,transcoder,0.6321931481361389,0.48547303676605225,-0.14672011137008667,0.0,-0.2320811476724379,"Node(id=27_7425_55, type=transcoder, layer=13, feature=7425, pos=55)",1
6,55,7034,transcoder,14,55,1214,transcoder,0.7802796959877014,0.3493407964706421,-0.4309388995170593,0.0,-0.5522877267382486,"Node(id=29_1214_55, type=transcoder, layer=14, feature=1214, pos=55)",1
6,55,7034,transcoder,9,55,7448,transcoder,0.2919863760471344,0.0,-0.2919863760471344,0.0,-1.0,"Node(id=19_7448_55, type=transcoder, layer=9, feature=7448, pos=55)",1
1,51,11331,transcoder,6,55,7034,transcoder,0.6798377633094788,0.590144693851471,-0.08969306945800781,0.0,-0.13193304976378215,"Node(id=13_7034_55, type=transcoder, layer=6, feature=7034, pos=55)",1
5,55,13666,transcoder,6,55,7034,transcoder,0.6798377633094788,0.5768218040466309,-0.1030159592628479,0.0,-0.15153021032747854,"Node(id=13_7034_55, type=transcoder, layer=6, feature=7034, pos=55)",1
6,55,7034,transcoder,10,55,3280,transcoder,0.24856069684028625,0.0,-0.24856069684028625,0.0,-1.0,"Node(id=21_3280_55, type=transcoder, layer=10, feature=3280, pos=55)",1
0,51,2952,transcoder,6,55,7034,transcoder,0.6798377633094788,0.40000641345977783,-0.2798313498497009,0.0,-0.4116148954236819,"Node(id=13_7034_55, type=transcoder, layer=6, feature=7034, pos=55)",1
4,23,3675,transcoder,6,23,4099,transcoder,2.014463186264038,1.047529697418213,-0.9669334888458252,0.0,-0.4799956114557102,"Node(id=13_4099_23, type=transcoder, layer=6, feature=4099, pos=23)",1
6,23,4099,transcoder,7,23,7600,transcoder,1.5129057168960571,0.49426284432411194,-1.0186428725719452,0.0,-0.6733022826180054,"Node(id=15_7600_23, type=transcoder, layer=7, feature=7600, pos=23)",1
6,23,4099,transcoder,14,55,15619,transcoder,1.2117552757263184,1.0822694301605225,-0.1294858455657959,0.0,-0.10685808278258406,"Node(id=29_15619_55, type=transcoder, layer=14, feature=15619, pos=55)",1
6,23,4099,transcoder,8,55,9724,transcoder,0.20959925651550293,0.1514451503753662,-0.05815410614013672,0.0,-0.2774537806427542,"Node(id=17_9724_55, type=transcoder, layer=8, feature=9724, pos=55)",1
6,23,4099,transcoder,13,55,15835,transcoder,0.3478931784629822,0.3030419945716858,-0.04485118389129639,0.0,-0.12892228611510073,"Node(id=27_15835_55, type=transcoder, layer=13, feature=15835, pos=55)",1
0,55,5493,lorsa,1,55,1377,transcoder,0.5498209595680237,0.4143936038017273,-0.1354273557662964,0.0,-0.24631173732026734,"Node(id=3_1377_55, type=transcoder, layer=1, feature=1377, pos=55)",1
0,55,5493,lorsa,0,55,2549,transcoder,0.5423716306686401,0.4316161274909973,-0.11075550317764282,0.0,-0.20420592987340164,"Node(id=1_2549_55, type=transcoder, layer=0, feature=2549, pos=55)",1
0,55,5493,lorsa,2,55,11401,lorsa,1.9274051189422607,1.6247254610061646,-0.3026796579360962,0.0,-0.1570399782388269,"Node(id=4_11401_55, type=lorsa, layer=2, feature=11401, pos=55)",1
0,55,5493,lorsa,0,55,2905,transcoder,0.5370144248008728,0.381392240524292,-0.1556221842765808,0.0,-0.2897914415134867,"Node(id=1_2905_55, type=transcoder, layer=0, feature=2905, pos=55)",1
0,55,5493,lorsa,3,55,12235,lorsa,2.4719231128692627,1.495060920715332,-0.9768621921539307,0.0,-0.395183081167944,"Node(id=6_12235_55, type=lorsa, layer=3, feature=12235, pos=55)",1
0,55,5493,lorsa,5,55,2419,transcoder,0.6756512522697449,0.516984760761261,-0.1586664915084839,0.0,-0.2348348959251812,"Node(id=11_2419_55, type=transcoder, layer=5, feature=2419, pos=55)",1
0,55,5493,lorsa,2,55,11309,transcoder,0.29157570004463196,0.0,-0.29157570004463196,0.0,-1.0,"Node(id=5_11309_55, type=transcoder, layer=2, feature=11309, pos=55)",1
0,55,5493,lorsa,14,55,16044,lorsa,2.606524705886841,1.719093918800354,-0.8874307870864868,0.0,-0.3404651354664787,"Node(id=28_16044_55, type=lorsa, layer=14, feature=16044, pos=55)",1
0,55,5493,lorsa,14,55,3391,transcoder,0.7034270167350769,0.6211119890213013,-0.08231502771377563,0.0,-0.11701999746304446,"Node(id=29_3391_55, type=transcoder, layer=14, feature=3391, pos=55)",1
0,55,5493,lorsa,11,55,2278,transcoder,0.4227127730846405,0.31540003418922424,-0.10731273889541626,0.0,-0.25386679970025144,"Node(id=23_2278_55, type=transcoder, layer=11, feature=2278, pos=55)",1
0,55,5493,lorsa,14,55,15619,transcoder,1.2117552757263184,0.661856472492218,-0.5498988032341003,0.0,-0.4538035148264525,"Node(id=29_15619_55, type=transcoder, layer=14, feature=15619, pos=55)",1
0,55,5493,lorsa,3,55,12206,lorsa,1.9337397813796997,1.2499037981033325,-0.6838359832763672,0.0,-0.35363392213426903,"Node(id=6_12206_55, type=lorsa, layer=3, feature=12206, pos=55)",1
0,55,5493,lorsa,2,55,13261,transcoder,0.6239655017852783,0.5317550301551819,-0.09221047163009644,0.0,-0.14778136189623556,"Node(id=5_13261_55, type=transcoder, layer=2, feature=13261, pos=55)",1
0,55,5493,lorsa,13,55,3932,transcoder,0.7734141945838928,0.455843061208725,-0.31757113337516785,0.0,-0.41060939351653014,"Node(id=27_3932_55, type=transcoder, layer=13, feature=3932, pos=55)",1
0,55,5493,lorsa,7,55,14502,lorsa,2.268876075744629,2.0074052810668945,-0.2614707946777344,0.0,-0.11524243103137377,"Node(id=14_14502_55, type=lorsa, layer=7, feature=14502, pos=55)",1
0,55,5493,lorsa,4,55,9914,transcoder,0.5230033993721008,0.453057199716568,-0.06994619965553284,0.0,-0.13373947423574634,"Node(id=9_9914_55, type=transcoder, layer=4, feature=9914, pos=55)",1
0,55,5493,lorsa,1,55,15014,lorsa,0.4733544886112213,0.0,-0.4733544886112213,0.0,-1.0,"Node(id=2_15014_55, type=lorsa, layer=1, feature=15014, pos=55)",1
0,55,5493,lorsa,7,55,13128,transcoder,0.5602725148200989,0.4475236237049103,-0.1127488911151886,0.0,-0.20123937571949568,"Node(id=15_13128_55, type=transcoder, layer=7, feature=13128, pos=55)",1
0,55,5493,lorsa,8,55,9724,transcoder,0.20959925651550293,0.0,-0.20959925651550293,0.0,-1.0,"Node(id=17_9724_55, type=transcoder, layer=8, feature=9724, pos=55)",1
0,55,5493,lorsa,3,55,11167,transcoder,0.2644384503364563,0.0,-0.2644384503364563,0.0,-1.0,"Node(id=7_11167_55, type=transcoder, layer=3, feature=11167, pos=55)",1
0,55,5493,lorsa,1,55,12154,transcoder,0.19804225862026215,0.1502450406551361,-0.04779721796512604,0.0,-0.24134858033898327,"Node(id=3_12154_55, type=transcoder, layer=1, feature=12154, pos=55)",1
0,55,5493,lorsa,13,55,15835,transcoder,0.3478931784629822,0.23457106947898865,-0.11332210898399353,0.0,-0.32573823230641946,"Node(id=27_15835_55, type=transcoder, layer=13, feature=15835, pos=55)",1
0,55,5493,lorsa,2,55,2440,lorsa,1.7886356115341187,1.5178277492523193,-0.2708078622817993,0.0,-0.15140471347851925,"Node(id=4_2440_55, type=lorsa, layer=2, feature=2440, pos=55)",1
0,55,5493,lorsa,12,55,6669,transcoder,0.8420363068580627,0.661086916923523,-0.1809493899345398,0.0,-0.2148949973543616,"Node(id=25_6669_55, type=transcoder, layer=12, feature=6669, pos=55)",1
0,55,5493,lorsa,9,55,12225,transcoder,0.47227632999420166,0.41242581605911255,-0.05985051393508911,0.0,-0.1267277441912533,"Node(id=19_12225_55, type=transcoder, layer=9, feature=12225, pos=55)",1
0,55,5493,lorsa,1,55,8874,transcoder,0.5501189231872559,0.44088876247406006,-0.1092301607131958,0.0,-0.19855735934394456,"Node(id=3_8874_55, type=transcoder, layer=1, feature=8874, pos=55)",1
0,55,5493,lorsa,13,55,5819,transcoder,0.5956785082817078,0.3268463611602783,-0.26883214712142944,0.0,-0.4513040900147661,"Node(id=27_5819_55, type=transcoder, layer=13, feature=5819, pos=55)",1
0,55,5493,lorsa,7,54,3543,transcoder,0.46587416529655457,0.39453619718551636,-0.07133796811103821,0.0,-0.15312711763192033,"Node(id=15_3543_54, type=transcoder, layer=7, feature=3543, pos=54)",1
0,55,5493,lorsa,8,54,9517,transcoder,0.4715726673603058,0.41619032621383667,-0.055382341146469116,0.0,-0.11744179631207115,"Node(id=17_9517_54, type=transcoder, layer=8, feature=9517, pos=54)",1
0,55,5493,lorsa,3,55,4439,transcoder,0.30011671781539917,0.0,-0.30011671781539917,0.0,-1.0,"Node(id=7_4439_55, type=transcoder, layer=3, feature=4439, pos=55)",1
0,55,5493,lorsa,2,55,2823,transcoder,0.23902328312397003,0.0,-0.23902328312397003,0.0,-1.0,"Node(id=5_2823_55, type=transcoder, layer=2, feature=2823, pos=55)",1
0,55,5493,lorsa,0,55,4388,transcoder,0.1894603967666626,0.16199463605880737,-0.027465760707855225,0.0,-0.14496834787948726,"Node(id=1_4388_55, type=transcoder, layer=0, feature=4388, pos=55)",1
0,55,5493,lorsa,13,55,7425,transcoder,0.6321931481361389,0.3701828718185425,-0.26201027631759644,0.0,-0.4144465612923317,"Node(id=27_7425_55, type=transcoder, layer=13, feature=7425, pos=55)",1
0,55,5493,lorsa,4,54,3019,transcoder,0.2689710259437561,0.235369011759758,-0.03360201418399811,0.0,-0.12492800689626898,"Node(id=9_3019_54, type=transcoder, layer=4, feature=3019, pos=54)",1
0,55,5493,lorsa,14,55,1214,transcoder,0.7802796959877014,0.0,-0.7802796959877014,0.0,-1.0,"Node(id=29_1214_55, type=transcoder, layer=14, feature=1214, pos=55)",1
0,55,5493,lorsa,1,55,2396,lorsa,0.5269799828529358,0.0,-0.5269799828529358,0.0,-1.0,"Node(id=2_2396_55, type=lorsa, layer=1, feature=2396, pos=55)",1
0,55,5493,lorsa,13,55,10331,transcoder,0.5097225308418274,0.43037065863609314,-0.07935187220573425,0.0,-0.15567660325840693,"Node(id=27_10331_55, type=transcoder, layer=13, feature=10331, pos=55)",1
0,55,5493,lorsa,1,55,2413,lorsa,1.1879911422729492,1.0596574544906616,-0.1283336877822876,0.0,-0.10802579515597267,"Node(id=2_2413_55, type=lorsa, layer=1, feature=2413, pos=55)",1
0,55,5493,lorsa,1,54,14103,transcoder,0.2923813760280609,0.0,-0.2923813760280609,0.0,-1.0,"Node(id=3_14103_54, type=transcoder, layer=1, feature=14103, pos=54)",1
0,55,5493,lorsa,5,55,13666,transcoder,0.33196818828582764,0.0,-0.33196818828582764,0.0,-1.0,"Node(id=11_13666_55, type=transcoder, layer=5, feature=13666, pos=55)",1
0,55,5493,lorsa,10,55,3280,transcoder,0.24856069684028625,0.0,-0.24856069684028625,0.0,-1.0,"Node(id=21_3280_55, type=transcoder, layer=10, feature=3280, pos=55)",1
0,55,5493,lorsa,11,55,1321,lorsa,4.358194351196289,3.818904161453247,-0.539290189743042,0.0,-0.1237416568159727,"Node(id=22_1321_55, type=lorsa, layer=11, feature=1321, pos=55)",1
0,55,5493,lorsa,5,55,16275,lorsa,1.9964919090270996,1.6859210729599,-0.3105708360671997,0.0,-0.1555582743225553,"Node(id=10_16275_55, type=lorsa, layer=5, feature=16275, pos=55)",1
7,54,14452,transcoder,8,55,12466,lorsa,5.128899097442627,3.244635820388794,-1.884263277053833,0.0,-0.36738162347420034,"Node(id=16_12466_55, type=lorsa, layer=8, feature=12466, pos=55)",1
7,54,14452,transcoder,13,55,3932,transcoder,0.7734141945838928,0.6208088397979736,-0.1526053547859192,0.0,-0.19731387897273195,"Node(id=27_3932_55, type=transcoder, layer=13, feature=3932, pos=55)",1
7,54,14452,transcoder,13,55,15835,transcoder,0.3478931784629822,0.3039052188396454,-0.04398795962333679,0.0,-0.12644099495620711,"Node(id=27_15835_55, type=transcoder, layer=13, feature=15835, pos=55)",1
7,54,14452,transcoder,12,55,6669,transcoder,0.8420363068580627,0.7454549074172974,-0.09658139944076538,0.0,-0.1146998040988814,"Node(id=25_6669_55, type=transcoder, layer=12, feature=6669, pos=55)",1
7,54,14452,transcoder,13,55,5819,transcoder,0.5956785082817078,0.5242243409156799,-0.07145416736602783,0.0,-0.11995424775714049,"Node(id=27_5819_55, type=transcoder, layer=13, feature=5819, pos=55)",1
7,54,14452,transcoder,8,54,9517,transcoder,0.4715726673603058,0.3429889976978302,-0.12858366966247559,0.0,-0.2726698949331409,"Node(id=17_9517_54, type=transcoder, layer=8, feature=9517, pos=54)",1
7,54,14452,transcoder,14,55,5916,transcoder,0.3695855438709259,0.312409371137619,-0.057176172733306885,0.0,-0.15470348795156094,"Node(id=29_5916_55, type=transcoder, layer=14, feature=5916, pos=55)",1
7,54,14452,transcoder,13,55,7425,transcoder,0.6321931481361389,0.5561195015907288,-0.07607364654541016,0.0,-0.12033291845964164,"Node(id=27_7425_55, type=transcoder, layer=13, feature=7425, pos=55)",1
7,54,14452,transcoder,14,55,1214,transcoder,0.7802796959877014,0.49822378158569336,-0.28205591440200806,0.0,-0.3614805253197999,"Node(id=29_1214_55, type=transcoder, layer=14, feature=1214, pos=55)",1
7,54,14452,transcoder,13,55,10331,transcoder,0.5097225308418274,0.4563424587249756,-0.05338007211685181,0.0,-0.10472378379800566,"Node(id=27_10331_55, type=transcoder, layer=13, feature=10331, pos=55)",1
7,54,14452,transcoder,8,55,3569,transcoder,0.576390266418457,0.30874595046043396,-0.26764431595802307,0.0,-0.464345655281615,"Node(id=17_3569_55, type=transcoder, layer=8, feature=3569, pos=55)",1
7,54,14452,transcoder,8,55,7940,transcoder,0.6999607682228088,0.6064496636390686,-0.09351110458374023,0.0,-0.13359477963481253,"Node(id=17_7940_55, type=transcoder, layer=8, feature=7940, pos=55)",1
0,51,2952,transcoder,7,54,14452,transcoder,4.643435478210449,4.086573123931885,-0.5568623542785645,0.0,-0.11992464564042477,"Node(id=15_14452_54, type=transcoder, layer=7, feature=14452, pos=54)",1
0,55,2549,transcoder,1,55,1377,transcoder,0.5498209595680237,0.0,-0.5498209595680237,0.0,-1.0,"Node(id=3_1377_55, type=transcoder, layer=1, feature=1377, pos=55)",1
1,55,1377,transcoder,2,55,11401,lorsa,1.9274051189422607,1.6713058948516846,-0.25609922409057617,0.0,-0.1328725453583524,"Node(id=4_11401_55, type=lorsa, layer=2, feature=11401, pos=55)",1
0,55,2905,transcoder,1,55,1377,transcoder,0.5498209595680237,0.4586007595062256,-0.0912202000617981,0.0,-0.16590891721091683,"Node(id=3_1377_55, type=transcoder, layer=1, feature=1377, pos=55)",1
1,55,1377,transcoder,3,55,12235,lorsa,2.4719231128692627,1.5974431037902832,-0.8744800090789795,0.0,-0.353765052208252,"Node(id=6_12235_55, type=lorsa, layer=3, feature=12235, pos=55)",1
1,55,1377,transcoder,5,55,2419,transcoder,0.6756512522697449,0.5790349245071411,-0.09661632776260376,0.0,-0.14299733396191644,"Node(id=11_2419_55, type=transcoder, layer=5, feature=2419, pos=55)",1
1,55,1377,transcoder,2,55,11309,transcoder,0.29157570004463196,0.0,-0.29157570004463196,0.0,-1.0,"Node(id=5_11309_55, type=transcoder, layer=2, feature=11309, pos=55)",1
0,55,12836,transcoder,1,55,1377,transcoder,0.5498209595680237,0.4883997440338135,-0.061421215534210205,0.0,-0.11171130249830206,"Node(id=3_1377_55, type=transcoder, layer=1, feature=1377, pos=55)",1
1,55,1377,transcoder,14,55,16044,lorsa,2.606524705886841,1.9674324989318848,-0.639092206954956,0.0,-0.24518939164918144,"Node(id=28_16044_55, type=lorsa, layer=14, feature=16044, pos=55)",1
1,55,1377,transcoder,11,55,2278,transcoder,0.4227127730846405,0.3362920880317688,-0.0864206850528717,0.0,-0.20444304160065574,"Node(id=23_2278_55, type=transcoder, layer=11, feature=2278, pos=55)",1
1,55,1377,transcoder,14,55,15619,transcoder,1.2117552757263184,0.7966628074645996,-0.41509246826171875,0.0,-0.34255470273311994,"Node(id=29_15619_55, type=transcoder, layer=14, feature=15619, pos=55)",1
1,55,1377,transcoder,3,55,12206,lorsa,1.9337397813796997,1.3698352575302124,-0.5639045238494873,0.0,-0.2916134473104485,"Node(id=6_12206_55, type=lorsa, layer=3, feature=12206, pos=55)",1
1,55,1377,transcoder,13,55,3932,transcoder,0.7734141945838928,0.5299499034881592,-0.24346429109573364,0.0,-0.3147915991207282,"Node(id=27_3932_55, type=transcoder, layer=13, feature=3932, pos=55)",1
1,55,1377,transcoder,4,55,9914,transcoder,0.5230033993721008,0.45817551016807556,-0.06482788920402527,0.0,-0.12395309338687915,"Node(id=9_9914_55, type=transcoder, layer=4, feature=9914, pos=55)",1
1,55,1377,transcoder,7,55,13128,transcoder,0.5602725148200989,0.48021408915519714,-0.08005842566490173,0.0,-0.14289193838217845,"Node(id=15_13128_55, type=transcoder, layer=7, feature=13128, pos=55)",1
1,55,1377,transcoder,8,55,9724,transcoder,0.20959925651550293,0.0,-0.20959925651550293,0.0,-1.0,"Node(id=17_9724_55, type=transcoder, layer=8, feature=9724, pos=55)",1
1,55,1377,transcoder,3,55,11167,transcoder,0.2644384503364563,0.0,-0.2644384503364563,0.0,-1.0,"Node(id=7_11167_55, type=transcoder, layer=3, feature=11167, pos=55)",1
0,55,12046,lorsa,1,55,1377,transcoder,0.5498209595680237,0.34870797395706177,-0.20111298561096191,0.0,-0.365779045180398,"Node(id=3_1377_55, type=transcoder, layer=1, feature=1377, pos=55)",1
0,55,2956,transcoder,1,55,1377,transcoder,0.5498209595680237,0.4609346389770508,-0.0888863205909729,0.0,-0.16166411819005222,"Node(id=3_1377_55, type=transcoder, layer=1, feature=1377, pos=55)",1
1,55,1377,transcoder,13,55,15835,transcoder,0.3478931784629822,0.25465667247772217,-0.09323650598526001,0.0,-0.2680032600730655,"Node(id=27_15835_55, type=transcoder, layer=13, feature=15835, pos=55)",1
1,55,1377,transcoder,2,55,2440,lorsa,1.7886356115341187,1.4480865001678467,-0.340549111366272,0.0,-0.19039602542307757,"Node(id=4_2440_55, type=lorsa, layer=2, feature=2440, pos=55)",1
1,55,1377,transcoder,2,55,5819,transcoder,0.7991868257522583,0.6951714158058167,-0.10401540994644165,0.0,-0.1301515573014283,"Node(id=5_5819_55, type=transcoder, layer=2, feature=5819, pos=55)",1
1,55,1377,transcoder,12,55,6669,transcoder,0.8420363068580627,0.6935099363327026,-0.1485263705253601,0.0,-0.17638950876069096,"Node(id=25_6669_55, type=transcoder, layer=12, feature=6669, pos=55)",1
1,55,1377,transcoder,13,55,5819,transcoder,0.5956785082817078,0.4079606831073761,-0.18771782517433167,0.0,-0.31513278146599893,"Node(id=27_5819_55, type=transcoder, layer=13, feature=5819, pos=55)",1
1,55,1377,transcoder,2,55,14393,transcoder,0.4859774708747864,0.4157956838607788,-0.07018178701400757,0.0,-0.14441366363686872,"Node(id=5_14393_55, type=transcoder, layer=2, feature=14393, pos=55)",1
1,55,1377,transcoder,3,55,4439,transcoder,0.30011671781539917,0.0,-0.30011671781539917,0.0,-1.0,"Node(id=7_4439_55, type=transcoder, layer=3, feature=4439, pos=55)",1
1,55,1377,transcoder,2,55,2823,transcoder,0.23902328312397003,0.0,-0.23902328312397003,0.0,-1.0,"Node(id=5_2823_55, type=transcoder, layer=2, feature=2823, pos=55)",1
1,55,1377,transcoder,13,55,7425,transcoder,0.6321931481361389,0.42870715260505676,-0.20348599553108215,0.0,-0.3218731429326765,"Node(id=27_7425_55, type=transcoder, layer=13, feature=7425, pos=55)",1
1,55,1377,transcoder,14,55,1214,transcoder,0.7802796959877014,0.0,-0.7802796959877014,0.0,-1.0,"Node(id=29_1214_55, type=transcoder, layer=14, feature=1214, pos=55)",1
1,55,1377,transcoder,13,55,10331,transcoder,0.5097225308418274,0.4528113603591919,-0.0569111704826355,0.0,-0.11165127503515372,"Node(id=27_10331_55, type=transcoder, layer=13, feature=10331, pos=55)",1
1,55,1377,transcoder,5,55,13666,transcoder,0.33196818828582764,0.0,-0.33196818828582764,0.0,-1.0,"Node(id=11_13666_55, type=transcoder, layer=5, feature=13666, pos=55)",1
1,55,1377,transcoder,10,55,3280,transcoder,0.24856069684028625,0.0,-0.24856069684028625,0.0,-1.0,"Node(id=21_3280_55, type=transcoder, layer=10, feature=3280, pos=55)",1
1,55,1377,transcoder,5,55,16275,lorsa,1.9964919090270996,1.778517723083496,-0.21797418594360352,0.0,-0.10917859719743288,"Node(id=10_16275_55, type=lorsa, layer=5, feature=16275, pos=55)",1
0,55,2549,transcoder,2,55,11401,lorsa,1.9274051189422607,0.9630813598632812,-0.9643237590789795,0.0,-0.5003222984113428,"Node(id=4_11401_55, type=lorsa, layer=2, feature=11401, pos=55)",1
0,55,2549,transcoder,3,55,12235,lorsa,2.4719231128692627,0.0,-2.4719231128692627,0.0,-1.0,"Node(id=6_12235_55, type=lorsa, layer=3, feature=12235, pos=55)",1
0,55,2549,transcoder,5,55,2419,transcoder,0.6756512522697449,0.27257758378982544,-0.40307366847991943,0.0,-0.5965705933732179,"Node(id=11_2419_55, type=transcoder, layer=5, feature=2419, pos=55)",1
0,55,2549,transcoder,8,55,12466,lorsa,5.128899097442627,4.07897424697876,-1.0499248504638672,0.0,-0.20470764398297112,"Node(id=16_12466_55, type=lorsa, layer=8, feature=12466, pos=55)",1
0,55,2549,transcoder,2,55,4901,transcoder,1.173736810684204,0.9397011995315552,-0.23403561115264893,0.0,-0.19939360257111047,"Node(id=5_4901_55, type=transcoder, layer=2, feature=4901, pos=55)",1
0,55,2549,transcoder,2,55,11309,transcoder,0.29157570004463196,0.0,-0.29157570004463196,0.0,-1.0,"Node(id=5_11309_55, type=transcoder, layer=2, feature=11309, pos=55)",1
0,55,2549,transcoder,2,55,6076,lorsa,1.7181307077407837,1.0029512643814087,-0.715179443359375,0.0,-0.41625438631487105,"Node(id=4_6076_55, type=lorsa, layer=2, feature=6076, pos=55)",1
0,55,2549,transcoder,7,50,10753,transcoder,1.0690118074417114,0.9546504616737366,-0.11436134576797485,0.0,-0.10697856185672719,"Node(id=15_10753_50, type=transcoder, layer=7, feature=10753, pos=50)",1
0,55,2549,transcoder,14,55,16044,lorsa,2.606524705886841,0.8916867971420288,-1.714837908744812,0.0,-0.6579020351780467,"Node(id=28_16044_55, type=lorsa, layer=14, feature=16044, pos=55)",1
0,55,2549,transcoder,1,55,1824,transcoder,0.6892250180244446,0.5050203204154968,-0.18420469760894775,0.0,-0.26726351016238736,"Node(id=3_1824_55, type=transcoder, layer=1, feature=1824, pos=55)",1
0,55,2549,transcoder,14,55,3391,transcoder,0.7034270167350769,0.0,-0.7034270167350769,0.0,-1.0,"Node(id=29_3391_55, type=transcoder, layer=14, feature=3391, pos=55)",1
0,55,2549,transcoder,11,55,2278,transcoder,0.4227127730846405,0.18844833970069885,-0.23426443338394165,0.0,-0.5541929373802823,"Node(id=23_2278_55, type=transcoder, layer=11, feature=2278, pos=55)",1
0,55,2549,transcoder,1,55,7963,transcoder,0.6885604858398438,0.5756664872169495,-0.11289399862289429,0.0,-0.16395654549534078,"Node(id=3_7963_55, type=transcoder, layer=1, feature=7963, pos=55)",1
0,55,2549,transcoder,14,55,15619,transcoder,1.2117552757263184,0.0,-1.2117552757263184,0.0,-1.0,"Node(id=29_15619_55, type=transcoder, layer=14, feature=15619, pos=55)",1
0,55,2549,transcoder,3,55,12206,lorsa,1.9337397813796997,0.0,-1.9337397813796997,0.0,-1.0,"Node(id=6_12206_55, type=lorsa, layer=3, feature=12206, pos=55)",1
0,55,2549,transcoder,2,55,13261,transcoder,0.6239655017852783,0.3503952920436859,-0.2735702097415924,0.0,-0.43843803697297123,"Node(id=5_13261_55, type=transcoder, layer=2, feature=13261, pos=55)",1
0,55,2549,transcoder,13,55,3932,transcoder,0.7734141945838928,0.0,-0.7734141945838928,0.0,-1.0,"Node(id=27_3932_55, type=transcoder, layer=13, feature=3932, pos=55)",1
0,55,2549,transcoder,7,55,14502,lorsa,2.268876075744629,1.8308542966842651,-0.43802177906036377,0.0,-0.1930567225522038,"Node(id=14_14502_55, type=lorsa, layer=7, feature=14502, pos=55)",1
0,55,2549,transcoder,8,55,9586,lorsa,2.2772367000579834,2.0288290977478027,-0.24840760231018066,0.0,-0.10908290837920172,"Node(id=16_9586_55, type=lorsa, layer=8, feature=9586, pos=55)",1
0,55,2549,transcoder,4,55,9914,transcoder,0.5230033993721008,0.421474814414978,-0.1015285849571228,0.0,-0.1941260517216798,"Node(id=9_9914_55, type=transcoder, layer=4, feature=9914, pos=55)",1
0,55,2549,transcoder,1,55,15014,lorsa,0.4733544886112213,0.0,-0.4733544886112213,0.0,-1.0,"Node(id=2_15014_55, type=lorsa, layer=1, feature=15014, pos=55)",1
0,55,2549,transcoder,4,55,16282,lorsa,1.991599440574646,1.721548080444336,-0.27005136013031006,0.0,-0.1355952179080703,"Node(id=8_16282_55, type=lorsa, layer=4, feature=16282, pos=55)",1
0,55,2549,transcoder,6,55,15671,transcoder,5.856712341308594,5.2128777503967285,-0.6438345909118652,0.0,-0.10993105916620964,"Node(id=13_15671_55, type=transcoder, layer=6, feature=15671, pos=55)",1
0,55,2549,transcoder,7,55,13128,transcoder,0.5602725148200989,0.2540520131587982,-0.30622050166130066,0.0,-0.5465563517061457,"Node(id=15_13128_55, type=transcoder, layer=7, feature=13128, pos=55)",1
0,55,2549,transcoder,8,55,9724,transcoder,0.20959925651550293,0.0,-0.20959925651550293,0.0,-1.0,"Node(id=17_9724_55, type=transcoder, layer=8, feature=9724, pos=55)",1
0,55,2549,transcoder,3,55,11167,transcoder,0.2644384503364563,0.0,-0.2644384503364563,0.0,-1.0,"Node(id=7_11167_55, type=transcoder, layer=3, feature=11167, pos=55)",1
0,55,7273,lorsa,0,55,2549,transcoder,0.5423716306686401,0.4822683036327362,-0.06010332703590393,0.0,-0.11081576475858088,"Node(id=1_2549_55, type=transcoder, layer=0, feature=2549, pos=55)",1
0,55,2549,transcoder,1,55,12154,transcoder,0.19804225862026215,0.0,-0.19804225862026215,0.0,-1.0,"Node(id=3_12154_55, type=transcoder, layer=1, feature=12154, pos=55)",1
0,55,12046,lorsa,0,55,2549,transcoder,0.5423716306686401,0.33846014738082886,-0.20391148328781128,0.0,-0.37596266426477276,"Node(id=1_2549_55, type=transcoder, layer=0, feature=2549, pos=55)",1
0,55,2549,transcoder,13,55,15835,transcoder,0.3478931784629822,0.0,-0.3478931784629822,0.0,-1.0,"Node(id=27_15835_55, type=transcoder, layer=13, feature=15835, pos=55)",1
0,55,2549,transcoder,4,55,9531,transcoder,0.5060067176818848,0.3599090874195099,-0.14609763026237488,0.0,-0.2887266614397464,"Node(id=9_9531_55, type=transcoder, layer=4, feature=9531, pos=55)",1
0,55,2549,transcoder,2,55,2440,lorsa,1.7886356115341187,0.9023746252059937,-0.886260986328125,0.0,-0.49549555013498586,"Node(id=4_2440_55, type=lorsa, layer=2, feature=2440, pos=55)",1
0,55,2549,transcoder,2,55,5819,transcoder,0.7991868257522583,0.4980815351009369,-0.3011052906513214,0.0,-0.37676458238397154,"Node(id=5_5819_55, type=transcoder, layer=2, feature=5819, pos=55)",1
0,55,2549,transcoder,12,55,6669,transcoder,0.8420363068580627,0.3760778307914734,-0.46595847606658936,0.0,-0.5533710034490631,"Node(id=25_6669_55, type=transcoder, layer=12, feature=6669, pos=55)",1
0,55,2549,transcoder,9,55,12225,transcoder,0.47227632999420166,0.33502277731895447,-0.1372535526752472,0.0,-0.29062128241094004,"Node(id=19_12225_55, type=transcoder, layer=9, feature=12225, pos=55)",1
0,55,2549,transcoder,5,55,12487,transcoder,2.9206624031066895,2.5072975158691406,-0.41336488723754883,0.0,-0.14153121113821826,"Node(id=11_12487_55, type=transcoder, layer=5, feature=12487, pos=55)",1
0,55,2549,transcoder,1,55,8874,transcoder,0.5501189231872559,0.41274237632751465,-0.1373765468597412,0.0,-0.24972154395964924,"Node(id=3_8874_55, type=transcoder, layer=1, feature=8874, pos=55)",1
0,55,2549,transcoder,13,55,5819,transcoder,0.5956785082817078,0.0,-0.5956785082817078,0.0,-1.0,"Node(id=27_5819_55, type=transcoder, layer=13, feature=5819, pos=55)",1
0,55,2549,transcoder,6,55,23,transcoder,0.9902805685997009,0.8122943639755249,-0.17798620462417603,0.0,-0.179733108240078,"Node(id=13_23_55, type=transcoder, layer=6, feature=23, pos=55)",1
0,55,2549,transcoder,7,54,3543,transcoder,0.46587416529655457,0.2989943325519562,-0.1668798327445984,0.0,-0.3582079565162627,"Node(id=15_3543_54, type=transcoder, layer=7, feature=3543, pos=54)",1
0,55,2549,transcoder,8,54,9517,transcoder,0.4715726673603058,0.3280705213546753,-0.1435021460056305,0.0,-0.3043054781120032,"Node(id=17_9517_54, type=transcoder, layer=8, feature=9517, pos=54)",1
0,55,2549,transcoder,3,55,4439,transcoder,0.30011671781539917,0.0,-0.30011671781539917,0.0,-1.0,"Node(id=7_4439_55, type=transcoder, layer=3, feature=4439, pos=55)",1
0,55,2549,transcoder,2,55,2823,transcoder,0.23902328312397003,0.0,-0.23902328312397003,0.0,-1.0,"Node(id=5_2823_55, type=transcoder, layer=2, feature=2823, pos=55)",1
0,55,2549,transcoder,1,55,9786,transcoder,0.7136760354042053,0.634467363357544,-0.07920867204666138,0.0,-0.11098687375960423,"Node(id=3_9786_55, type=transcoder, layer=1, feature=9786, pos=55)",1
0,55,2549,transcoder,8,55,8745,transcoder,4.492262840270996,3.720050811767578,-0.772212028503418,0.0,-0.1718982294581931,"Node(id=17_8745_55, type=transcoder, layer=8, feature=8745, pos=55)",1
0,55,2549,transcoder,13,55,7425,transcoder,0.6321931481361389,0.0,-0.6321931481361389,0.0,-1.0,"Node(id=27_7425_55, type=transcoder, layer=13, feature=7425, pos=55)",1
0,55,2549,transcoder,4,54,3019,transcoder,0.2689710259437561,0.0,-0.2689710259437561,0.0,-1.0,"Node(id=9_3019_54, type=transcoder, layer=4, feature=3019, pos=54)",1
0,55,2549,transcoder,14,55,1214,transcoder,0.7802796959877014,0.0,-0.7802796959877014,0.0,-1.0,"Node(id=29_1214_55, type=transcoder, layer=14, feature=1214, pos=55)",1
0,55,2549,transcoder,1,55,2396,lorsa,0.5269799828529358,0.0,-0.5269799828529358,0.0,-1.0,"Node(id=2_2396_55, type=lorsa, layer=1, feature=2396, pos=55)",1
0,55,2549,transcoder,13,55,10331,transcoder,0.5097225308418274,0.0,-0.5097225308418274,0.0,-1.0,"Node(id=27_10331_55, type=transcoder, layer=13, feature=10331, pos=55)",1
0,55,2549,transcoder,9,55,7448,transcoder,0.2919863760471344,0.0,-0.2919863760471344,0.0,-1.0,"Node(id=19_7448_55, type=transcoder, layer=9, feature=7448, pos=55)",1
0,55,2549,transcoder,1,55,2413,lorsa,1.1879911422729492,1.0479480028152466,-0.14004313945770264,0.0,-0.11788230945035678,"Node(id=2_2413_55, type=lorsa, layer=1, feature=2413, pos=55)",1
0,55,2549,transcoder,11,55,8862,transcoder,0.643543541431427,0.4784993529319763,-0.16504418849945068,0.0,-0.25646157233175654,"Node(id=23_8862_55, type=transcoder, layer=11, feature=8862, pos=55)",1
0,55,2549,transcoder,8,55,3569,transcoder,0.576390266418457,0.43815410137176514,-0.1382361650466919,0.0,-0.23983084569705934,"Node(id=17_3569_55, type=transcoder, layer=8, feature=3569, pos=55)",1
0,55,2549,transcoder,4,55,15932,lorsa,2.069827079772949,1.7010706663131714,-0.36875641345977783,0.0,-0.17815807758212768,"Node(id=8_15932_55, type=lorsa, layer=4, feature=15932, pos=55)",1
0,55,2549,transcoder,1,54,14103,transcoder,0.2923813760280609,0.0,-0.2923813760280609,0.0,-1.0,"Node(id=3_14103_54, type=transcoder, layer=1, feature=14103, pos=54)",1
0,55,2549,transcoder,5,55,13666,transcoder,0.33196818828582764,0.0,-0.33196818828582764,0.0,-1.0,"Node(id=11_13666_55, type=transcoder, layer=5, feature=13666, pos=55)",1
0,55,2549,transcoder,8,55,7940,transcoder,0.6999607682228088,0.6156079769134521,-0.08435279130935669,0.0,-0.12051074165703217,"Node(id=17_7940_55, type=transcoder, layer=8, feature=7940, pos=55)",1
0,55,2549,transcoder,12,55,11739,transcoder,0.2567141354084015,0.0,-0.2567141354084015,0.0,-1.0,"Node(id=25_11739_55, type=transcoder, layer=12, feature=11739, pos=55)",1
0,55,2549,transcoder,10,55,3280,transcoder,0.24856069684028625,0.0,-0.24856069684028625,0.0,-1.0,"Node(id=21_3280_55, type=transcoder, layer=10, feature=3280, pos=55)",1
0,55,2549,transcoder,1,55,6272,transcoder,0.3085007071495056,0.272854745388031,-0.03564596176147461,0.0,-0.11554580244187208,"Node(id=3_6272_55, type=transcoder, layer=1, feature=6272, pos=55)",1
0,55,2549,transcoder,10,55,546,transcoder,0.65244460105896,0.5503482222557068,-0.10209637880325317,0.0,-0.15648283185659614,"Node(id=21_546_55, type=transcoder, layer=10, feature=546, pos=55)",1
0,55,2549,transcoder,11,55,1321,lorsa,4.358194351196289,3.1083974838256836,-1.2497968673706055,0.0,-0.2867694202365129,"Node(id=22_1321_55, type=lorsa, layer=11, feature=1321, pos=55)",1
0,55,2549,transcoder,5,55,16275,lorsa,1.9964919090270996,1.6566238403320312,-0.33986806869506836,0.0,-0.17023263012404982,"Node(id=10_16275_55, type=lorsa, layer=5, feature=16275, pos=55)",1
1,23,1816,transcoder,2,55,11401,lorsa,1.9274051189422607,0.8991715312004089,-1.0282335877418518,0.0,-0.5334807807847555,"Node(id=4_11401_55, type=lorsa, layer=2, feature=11401, pos=55)",1
2,55,11401,lorsa,3,55,12235,lorsa,2.4719231128692627,0.9037637710571289,-1.5681593418121338,0.0,-0.6343883972960255,"Node(id=6_12235_55, type=lorsa, layer=3, feature=12235, pos=55)",1
2,55,11401,lorsa,5,55,2419,transcoder,0.6756512522697449,0.4990195631980896,-0.17663168907165527,0.0,-0.26142434943809945,"Node(id=11_2419_55, type=transcoder, layer=5, feature=2419, pos=55)",1
2,55,11401,lorsa,2,55,11309,transcoder,0.29157570004463196,0.0,-0.29157570004463196,0.0,-1.0,"Node(id=5_11309_55, type=transcoder, layer=2, feature=11309, pos=55)",1
2,55,11401,lorsa,14,55,16044,lorsa,2.606524705886841,1.6060553789138794,-1.0004693269729614,0.0,-0.38383266604509814,"Node(id=28_16044_55, type=lorsa, layer=14, feature=16044, pos=55)",1
2,55,11401,lorsa,14,55,3391,transcoder,0.7034270167350769,0.5661234855651855,-0.13730353116989136,0.0,-0.1951922913157063,"Node(id=29_3391_55, type=transcoder, layer=14, feature=3391, pos=55)",1
2,55,11401,lorsa,11,55,2278,transcoder,0.4227127730846405,0.2995334565639496,-0.12317931652069092,0.0,-0.2914019267073969,"Node(id=23_2278_55, type=transcoder, layer=11, feature=2278, pos=55)",1
2,55,11401,lorsa,14,55,15619,transcoder,1.2117552757263184,0.532111644744873,-0.6796436309814453,0.0,-0.5608753224318097,"Node(id=29_15619_55, type=transcoder, layer=14, feature=15619, pos=55)",1
2,55,11401,lorsa,3,55,12206,lorsa,1.9337397813796997,0.0,-1.9337397813796997,0.0,-1.0,"Node(id=6_12206_55, type=lorsa, layer=3, feature=12206, pos=55)",1
2,55,11401,lorsa,2,55,13261,transcoder,0.6239655017852783,0.5425621867179871,-0.08140331506729126,0.0,-0.13046124318472999,"Node(id=5_13261_55, type=transcoder, layer=2, feature=13261, pos=55)",1
2,55,11401,lorsa,13,55,3932,transcoder,0.7734141945838928,0.4080201983451843,-0.3653939962387085,0.0,-0.47244283696563827,"Node(id=27_3932_55, type=transcoder, layer=13, feature=3932, pos=55)",1
2,55,11401,lorsa,7,55,14502,lorsa,2.268876075744629,1.967901587486267,-0.3009744882583618,0.0,-0.13265355982899338,"Node(id=14_14502_55, type=lorsa, layer=7, feature=14502, pos=55)",1
2,55,11401,lorsa,4,55,9914,transcoder,0.5230033993721008,0.43835651874542236,-0.08464688062667847,0.0,-0.16184766815722895,"Node(id=9_9914_55, type=transcoder, layer=4, feature=9914, pos=55)",1
2,55,11401,lorsa,7,55,13128,transcoder,0.5602725148200989,0.44931095838546753,-0.11096155643463135,0.0,-0.19804925906504736,"Node(id=15_13128_55, type=transcoder, layer=7, feature=13128, pos=55)",1
2,55,11401,lorsa,8,55,9724,transcoder,0.20959925651550293,0.0,-0.20959925651550293,0.0,-1.0,"Node(id=17_9724_55, type=transcoder, layer=8, feature=9724, pos=55)",1
2,55,11401,lorsa,3,55,11167,transcoder,0.2644384503364563,0.0,-0.2644384503364563,0.0,-1.0,"Node(id=7_11167_55, type=transcoder, layer=3, feature=11167, pos=55)",1
0,55,12046,lorsa,2,55,11401,lorsa,1.9274051189422607,1.7187778949737549,-0.20862722396850586,0.0,-0.108242539110303,"Node(id=4_11401_55, type=lorsa, layer=2, feature=11401, pos=55)",1
2,55,11401,lorsa,13,55,15835,transcoder,0.3478931784629822,0.0,-0.3478931784629822,0.0,-1.0,"Node(id=27_15835_55, type=transcoder, layer=13, feature=15835, pos=55)",1
2,55,11401,lorsa,4,55,9531,transcoder,0.5060067176818848,0.4509754478931427,-0.055031269788742065,0.0,-0.10875600632507612,"Node(id=9_9531_55, type=transcoder, layer=4, feature=9531, pos=55)",1
2,55,11401,lorsa,12,55,6669,transcoder,0.8420363068580627,0.6079256534576416,-0.23411065340042114,0.0,-0.27802916749988055,"Node(id=25_6669_55, type=transcoder, layer=12, feature=6669, pos=55)",1
2,55,11401,lorsa,9,55,12225,transcoder,0.47227632999420166,0.40197277069091797,-0.07030355930328369,0.0,-0.14886106890884587,"Node(id=19_12225_55, type=transcoder, layer=9, feature=12225, pos=55)",1
2,55,11401,lorsa,13,55,5819,transcoder,0.5956785082817078,0.2894750237464905,-0.3062034845352173,0.0,-0.5140415178289558,"Node(id=27_5819_55, type=transcoder, layer=13, feature=5819, pos=55)",1
2,55,11401,lorsa,7,54,3543,transcoder,0.46587416529655457,0.40604454278945923,-0.05982962250709534,0.0,-0.1284244265165691,"Node(id=15_3543_54, type=transcoder, layer=7, feature=3543, pos=54)",1
2,55,11401,lorsa,8,54,9517,transcoder,0.4715726673603058,0.4080875813961029,-0.06348508596420288,0.0,-0.13462418489936995,"Node(id=17_9517_54, type=transcoder, layer=8, feature=9517, pos=54)",1
2,55,11401,lorsa,3,55,4439,transcoder,0.30011671781539917,0.0,-0.30011671781539917,0.0,-1.0,"Node(id=7_4439_55, type=transcoder, layer=3, feature=4439, pos=55)",1
2,55,11401,lorsa,2,55,2823,transcoder,0.23902328312397003,0.0,-0.23902328312397003,0.0,-1.0,"Node(id=5_2823_55, type=transcoder, layer=2, feature=2823, pos=55)",1
2,55,11401,lorsa,13,55,7425,transcoder,0.6321931481361389,0.0,-0.6321931481361389,0.0,-1.0,"Node(id=27_7425_55, type=transcoder, layer=13, feature=7425, pos=55)",1
2,55,11401,lorsa,14,55,1214,transcoder,0.7802796959877014,0.0,-0.7802796959877014,0.0,-1.0,"Node(id=29_1214_55, type=transcoder, layer=14, feature=1214, pos=55)",1
2,55,11401,lorsa,13,55,10331,transcoder,0.5097225308418274,0.4159304201602936,-0.09379211068153381,0.0,-0.18400620927356762,"Node(id=27_10331_55, type=transcoder, layer=13, feature=10331, pos=55)",1
2,55,11401,lorsa,5,55,13666,transcoder,0.33196818828582764,0.0,-0.33196818828582764,0.0,-1.0,"Node(id=11_13666_55, type=transcoder, layer=5, feature=13666, pos=55)",1
2,55,11401,lorsa,10,55,3280,transcoder,0.24856069684028625,0.0,-0.24856069684028625,0.0,-1.0,"Node(id=21_3280_55, type=transcoder, layer=10, feature=3280, pos=55)",1
2,55,11401,lorsa,10,55,546,transcoder,0.65244460105896,0.584592342376709,-0.06785225868225098,0.0,-0.10399696552339058,"Node(id=21_546_55, type=transcoder, layer=10, feature=546, pos=55)",1
2,55,11401,lorsa,11,55,1321,lorsa,4.358194351196289,3.742086172103882,-0.6161081790924072,0.0,-0.1413677613811074,"Node(id=22_1321_55, type=lorsa, layer=11, feature=1321, pos=55)",1
2,55,11401,lorsa,5,55,16275,lorsa,1.9964919090270996,1.7548646926879883,-0.24162721633911133,0.0,-0.12102589309107567,"Node(id=10_16275_55, type=lorsa, layer=5, feature=16275, pos=55)",1
0,51,2952,transcoder,2,55,11401,lorsa,1.9274051189422607,0.9851040244102478,-0.9423010945320129,0.0,-0.48889622906529256,"Node(id=4_11401_55, type=lorsa, layer=2, feature=11401, pos=55)",1
0,54,15755,lorsa,0,54,12254,transcoder,0.5052937865257263,0.45419564843177795,-0.051098138093948364,0.0,-0.10112560149469951,"Node(id=1_12254_54, type=transcoder, layer=0, feature=12254, pos=54)",1
0,54,12254,transcoder,2,55,11309,transcoder,0.29157570004463196,0.0,-0.29157570004463196,0.0,-1.0,"Node(id=5_11309_55, type=transcoder, layer=2, feature=11309, pos=55)",1
0,54,12254,transcoder,2,55,6076,lorsa,1.7181307077407837,1.3064690828323364,-0.41166162490844727,0.0,-0.23959854919871157,"Node(id=4_6076_55, type=lorsa, layer=2, feature=6076, pos=55)",1
0,54,12254,transcoder,14,55,16044,lorsa,2.606524705886841,2.24043869972229,-0.3660860061645508,0.0,-0.140449850844592,"Node(id=28_16044_55, type=lorsa, layer=14, feature=16044, pos=55)",1
0,54,12254,transcoder,1,55,1824,transcoder,0.6892250180244446,0.5867398977279663,-0.10248512029647827,0.0,-0.14869616977955297,"Node(id=3_1824_55, type=transcoder, layer=1, feature=1824, pos=55)",1
0,54,12254,transcoder,11,55,2278,transcoder,0.4227127730846405,0.3780474066734314,-0.044665366411209106,0.0,-0.105663630850979,"Node(id=23_2278_55, type=transcoder, layer=11, feature=2278, pos=55)",1
0,54,12254,transcoder,1,55,7963,transcoder,0.6885604858398438,0.5733755230903625,-0.1151849627494812,0.0,-0.16728372469557123,"Node(id=3_7963_55, type=transcoder, layer=1, feature=7963, pos=55)",1
0,54,12254,transcoder,14,55,15619,transcoder,1.2117552757263184,1.0362679958343506,-0.17548727989196777,0.0,-0.14482072693001632,"Node(id=29_15619_55, type=transcoder, layer=14, feature=15619, pos=55)",1
0,54,12254,transcoder,2,55,13261,transcoder,0.6239655017852783,0.5113985538482666,-0.11256694793701172,0.0,-0.18040572373783054,"Node(id=5_13261_55, type=transcoder, layer=2, feature=13261, pos=55)",1
0,54,12254,transcoder,13,55,3932,transcoder,0.7734141945838928,0.6222636699676514,-0.15115052461624146,0.0,-0.19543282974986315,"Node(id=27_3932_55, type=transcoder, layer=13, feature=3932, pos=55)",1
0,54,12254,transcoder,1,55,9198,lorsa,3.0222439765930176,2.407130479812622,-0.6151134967803955,0.0,-0.20352873611276556,"Node(id=2_9198_55, type=lorsa, layer=1, feature=9198, pos=55)",1
0,54,12254,transcoder,7,55,13128,transcoder,0.5602725148200989,0.46692654490470886,-0.09334596991539001,0.0,-0.1666081548643574,"Node(id=15_13128_55, type=transcoder, layer=7, feature=13128, pos=55)",1
0,54,12254,transcoder,8,55,9724,transcoder,0.20959925651550293,0.15983183681964874,-0.04976741969585419,0.0,-0.23744082170526765,"Node(id=17_9724_55, type=transcoder, layer=8, feature=9724, pos=55)",1
0,54,12254,transcoder,3,55,11167,transcoder,0.2644384503364563,0.0,-0.2644384503364563,0.0,-1.0,"Node(id=7_11167_55, type=transcoder, layer=3, feature=11167, pos=55)",1
0,54,12254,transcoder,1,55,12154,transcoder,0.19804225862026215,0.0,-0.19804225862026215,0.0,-1.0,"Node(id=3_12154_55, type=transcoder, layer=1, feature=12154, pos=55)",1
0,54,12254,transcoder,13,55,15835,transcoder,0.3478931784629822,0.29920992255210876,-0.04868325591087341,0.0,-0.1399373684932819,"Node(id=27_15835_55, type=transcoder, layer=13, feature=15835, pos=55)",1
0,54,12254,transcoder,2,55,5819,transcoder,0.7991868257522583,0.7148263454437256,-0.08436048030853271,0.0,-0.10555789658960646,"Node(id=5_5819_55, type=transcoder, layer=2, feature=5819, pos=55)",1
0,54,12254,transcoder,13,55,5819,transcoder,0.5956785082817078,0.448011189699173,-0.1476673185825348,0.0,-0.24789767723615788,"Node(id=27_5819_55, type=transcoder, layer=13, feature=5819, pos=55)",1
0,54,12254,transcoder,7,54,3543,transcoder,0.46587416529655457,0.3939065933227539,-0.07196757197380066,0.0,-0.15447856381559458,"Node(id=15_3543_54, type=transcoder, layer=7, feature=3543, pos=54)",1
0,54,12254,transcoder,3,55,4439,transcoder,0.30011671781539917,0.21071594953536987,-0.0894007682800293,0.0,-0.29788666533071784,"Node(id=7_4439_55, type=transcoder, layer=3, feature=4439, pos=55)",1
0,54,12254,transcoder,2,55,2823,transcoder,0.23902328312397003,0.0,-0.23902328312397003,0.0,-1.0,"Node(id=5_2823_55, type=transcoder, layer=2, feature=2823, pos=55)",1
0,54,12254,transcoder,13,55,7425,transcoder,0.6321931481361389,0.5137903690338135,-0.11840277910232544,0.0,-0.18728893132012897,"Node(id=27_7425_55, type=transcoder, layer=13, feature=7425, pos=55)",1
0,54,12254,transcoder,1,55,9145,lorsa,2.293473720550537,1.9564152956008911,-0.337058424949646,0.0,-0.14696415395103668,"Node(id=2_9145_55, type=lorsa, layer=1, feature=9145, pos=55)",1
0,54,12254,transcoder,4,54,3019,transcoder,0.2689710259437561,0.24201689660549164,-0.026954129338264465,0.0,-0.10021201816697081,"Node(id=9_3019_54, type=transcoder, layer=4, feature=3019, pos=54)",1
0,54,12254,transcoder,14,55,1214,transcoder,0.7802796959877014,0.4491601884365082,-0.33111950755119324,0.0,-0.4243600202002594,"Node(id=29_1214_55, type=transcoder, layer=14, feature=1214, pos=55)",1
0,54,12254,transcoder,3,54,6230,transcoder,0.7401818633079529,0.6520840525627136,-0.08809781074523926,0.0,-0.11902184464709877,"Node(id=7_6230_54, type=transcoder, layer=3, feature=6230, pos=54)",1
0,54,12254,transcoder,4,55,15932,lorsa,2.069827079772949,1.8381096124649048,-0.23171746730804443,0.0,-0.11195015736940828,"Node(id=8_15932_55, type=lorsa, layer=4, feature=15932, pos=55)",1
0,54,12254,transcoder,10,55,3280,transcoder,0.24856069684028625,0.0,-0.24856069684028625,0.0,-1.0,"Node(id=21_3280_55, type=transcoder, layer=10, feature=3280, pos=55)",1
1,23,1816,transcoder,4,23,3675,transcoder,0.6166015863418579,0.5371876955032349,-0.07941389083862305,0.0,-0.12879287468228176,"Node(id=9_3675_23, type=transcoder, layer=4, feature=3675, pos=23)",1
4,23,3675,transcoder,7,23,7600,transcoder,1.5129057168960571,1.19950270652771,-0.31340301036834717,0.0,-0.20715303463281132,"Node(id=15_7600_23, type=transcoder, layer=7, feature=7600, pos=23)",1
4,23,3675,transcoder,8,55,9724,transcoder,0.20959925651550293,0.18125592172145844,-0.028343334794044495,0.0,-0.1352263136102684,"Node(id=17_9724_55, type=transcoder, layer=8, feature=9724, pos=55)",1
1,23,1816,transcoder,3,55,12235,lorsa,2.4719231128692627,0.9143580794334412,-1.5575650334358215,0.0,-0.6301025405389296,"Node(id=6_12235_55, type=lorsa, layer=3, feature=12235, pos=55)",1
1,23,1816,transcoder,5,55,2419,transcoder,0.6756512522697449,0.5661698579788208,-0.10948139429092407,0.0,-0.16203832069153787,"Node(id=11_2419_55, type=transcoder, layer=5, feature=2419, pos=55)",1
1,23,1816,transcoder,2,55,4901,transcoder,1.173736810684204,1.0107840299606323,-0.16295278072357178,0.0,-0.1388324701417365,"Node(id=5_4901_55, type=transcoder, layer=2, feature=4901, pos=55)",1
1,23,1816,transcoder,2,55,11309,transcoder,0.29157570004463196,0.0,-0.29157570004463196,0.0,-1.0,"Node(id=5_11309_55, type=transcoder, layer=2, feature=11309, pos=55)",1
1,23,1816,transcoder,14,55,16044,lorsa,2.606524705886841,1.8540669679641724,-0.7524577379226685,0.0,-0.28868237320875617,"Node(id=28_16044_55, type=lorsa, layer=14, feature=16044, pos=55)",1
1,23,1816,transcoder,11,55,2278,transcoder,0.4227127730846405,0.3188316226005554,-0.10388115048408508,0.0,-0.24574878522368374,"Node(id=23_2278_55, type=transcoder, layer=11, feature=2278, pos=55)",1
1,23,1816,transcoder,14,55,15619,transcoder,1.2117552757263184,0.6762472987174988,-0.5355079770088196,0.0,-0.4419274978504546,"Node(id=29_15619_55, type=transcoder, layer=14, feature=15619, pos=55)",1
1,23,1816,transcoder,3,55,12206,lorsa,1.9337397813796997,1.4514901638031006,-0.4822496175765991,0.0,-0.24938702829628911,"Node(id=6_12206_55, type=lorsa, layer=3, feature=12206, pos=55)",1
1,23,1816,transcoder,2,55,13261,transcoder,0.6239655017852783,0.5132115483283997,-0.11075395345687866,0.0,-0.17750012322795336,"Node(id=5_13261_55, type=transcoder, layer=2, feature=13261, pos=55)",1
1,23,1816,transcoder,13,55,3932,transcoder,0.7734141945838928,0.5197803974151611,-0.2536337971687317,0.0,-0.3279404476215879,"Node(id=27_3932_55, type=transcoder, layer=13, feature=3932, pos=55)",1
1,23,1816,transcoder,4,55,9914,transcoder,0.5230033993721008,0.4558672308921814,-0.06713616847991943,0.0,-0.12836660060053284,"Node(id=9_9914_55, type=transcoder, layer=4, feature=9914, pos=55)",1
1,23,1816,transcoder,7,55,13128,transcoder,0.5602725148200989,0.466644823551178,-0.0936276912689209,0.0,-0.16711098401638416,"Node(id=15_13128_55, type=transcoder, layer=7, feature=13128, pos=55)",1
1,23,1816,transcoder,8,55,9724,transcoder,0.20959925651550293,0.0,-0.20959925651550293,0.0,-1.0,"Node(id=17_9724_55, type=transcoder, layer=8, feature=9724, pos=55)",1
1,23,1816,transcoder,3,55,11167,transcoder,0.2644384503364563,0.0,-0.2644384503364563,0.0,-1.0,"Node(id=7_11167_55, type=transcoder, layer=3, feature=11167, pos=55)",1
1,23,1816,transcoder,13,55,15835,transcoder,0.3478931784629822,0.0,-0.3478931784629822,0.0,-1.0,"Node(id=27_15835_55, type=transcoder, layer=13, feature=15835, pos=55)",1
1,23,1816,transcoder,4,55,9531,transcoder,0.5060067176818848,0.43710747361183167,-0.0688992440700531,0.0,-0.13616270626938304,"Node(id=9_9531_55, type=transcoder, layer=4, feature=9531, pos=55)",1
1,23,1816,transcoder,2,55,2440,lorsa,1.7886356115341187,1.0385868549346924,-0.7500487565994263,0.0,-0.4193412854819026,"Node(id=4_2440_55, type=lorsa, layer=2, feature=2440, pos=55)",1
1,23,1816,transcoder,12,55,6669,transcoder,0.8420363068580627,0.6609610319137573,-0.18107527494430542,0.0,-0.21504449804541295,"Node(id=25_6669_55, type=transcoder, layer=12, feature=6669, pos=55)",1
1,23,1816,transcoder,9,55,12225,transcoder,0.47227632999420166,0.42304670810699463,-0.04922962188720703,0.0,-0.10423902016815334,"Node(id=19_12225_55, type=transcoder, layer=9, feature=12225, pos=55)",1
1,23,1816,transcoder,13,55,5819,transcoder,0.5956785082817078,0.4195418059825897,-0.17613670229911804,0.0,-0.29569087998021176,"Node(id=27_5819_55, type=transcoder, layer=13, feature=5819, pos=55)",1
1,23,1816,transcoder,6,55,23,transcoder,0.9902805685997009,0.8353090286254883,-0.15497153997421265,0.0,-0.15649255866279294,"Node(id=13_23_55, type=transcoder, layer=6, feature=23, pos=55)",1
1,23,1816,transcoder,3,55,4439,transcoder,0.30011671781539917,0.0,-0.30011671781539917,0.0,-1.0,"Node(id=7_4439_55, type=transcoder, layer=3, feature=4439, pos=55)",1
1,23,1816,transcoder,14,55,5916,transcoder,0.3695855438709259,0.3297060430049896,-0.03987950086593628,0.0,-0.10790330284093526,"Node(id=29_5916_55, type=transcoder, layer=14, feature=5916, pos=55)",1
1,23,1816,transcoder,10,55,10622,transcoder,0.2998685836791992,0.24738867580890656,-0.052479907870292664,0.0,-0.17500968999952296,"Node(id=21_10622_55, type=transcoder, layer=10, feature=10622, pos=55)",1
1,23,1816,transcoder,13,55,7425,transcoder,0.6321931481361389,0.4062023162841797,-0.22599083185195923,0.0,-0.35747118189786753,"Node(id=27_7425_55, type=transcoder, layer=13, feature=7425, pos=55)",1
1,23,1816,transcoder,14,55,1214,transcoder,0.7802796959877014,0.0,-0.7802796959877014,0.0,-1.0,"Node(id=29_1214_55, type=transcoder, layer=14, feature=1214, pos=55)",1
1,23,1816,transcoder,13,55,10331,transcoder,0.5097225308418274,0.4454875886440277,-0.06423494219779968,0.0,-0.1260194288286866,"Node(id=27_10331_55, type=transcoder, layer=13, feature=10331, pos=55)",1
1,23,1816,transcoder,9,55,7448,transcoder,0.2919863760471344,0.2580053508281708,-0.03398102521896362,0.0,-0.11637880396679254,"Node(id=19_7448_55, type=transcoder, layer=9, feature=7448, pos=55)",1
1,23,1816,transcoder,5,55,13666,transcoder,0.33196818828582764,0.0,-0.33196818828582764,0.0,-1.0,"Node(id=11_13666_55, type=transcoder, layer=5, feature=13666, pos=55)",1
1,23,1816,transcoder,12,55,11739,transcoder,0.2567141354084015,0.22920098900794983,-0.02751314640045166,0.0,-0.10717425574046219,"Node(id=25_11739_55, type=transcoder, layer=12, feature=11739, pos=55)",1
1,23,1816,transcoder,10,55,3280,transcoder,0.24856069684028625,0.0,-0.24856069684028625,0.0,-1.0,"Node(id=21_3280_55, type=transcoder, layer=10, feature=3280, pos=55)",1
0,51,2952,transcoder,1,23,1816,transcoder,0.8825504183769226,0.4116586744785309,-0.4708917438983917,0.0,-0.5335578954960981,"Node(id=3_1816_23, type=transcoder, layer=1, feature=1816, pos=23)",1
0,55,2905,transcoder,3,55,12235,lorsa,2.4719231128692627,2.180227756500244,-0.29169535636901855,0.0,-0.11800340991611012,"Node(id=6_12235_55, type=lorsa, layer=3, feature=12235, pos=55)",1
0,55,2905,transcoder,5,55,2419,transcoder,0.6756512522697449,0.598152756690979,-0.07749849557876587,0.0,-0.1147019195456558,"Node(id=11_2419_55, type=transcoder, layer=5, feature=2419, pos=55)",1
0,55,2905,transcoder,2,55,11309,transcoder,0.29157570004463196,0.0,-0.29157570004463196,0.0,-1.0,"Node(id=5_11309_55, type=transcoder, layer=2, feature=11309, pos=55)",1
0,55,2905,transcoder,2,55,6076,lorsa,1.7181307077407837,1.4692103862762451,-0.24892032146453857,0.0,-0.14487857084624872,"Node(id=4_6076_55, type=lorsa, layer=2, feature=6076, pos=55)",1
0,55,2905,transcoder,14,55,16044,lorsa,2.606524705886841,2.1922245025634766,-0.41430020332336426,0.0,-0.15894735330444654,"Node(id=28_16044_55, type=lorsa, layer=14, feature=16044, pos=55)",1
0,55,2905,transcoder,1,55,1824,transcoder,0.6892250180244446,0.612891435623169,-0.07633358240127563,0.0,-0.11075277362982829,"Node(id=3_1824_55, type=transcoder, layer=1, feature=1824, pos=55)",1
0,55,2905,transcoder,11,55,2278,transcoder,0.4227127730846405,0.37371933460235596,-0.048993438482284546,0.0,-0.1159024321048243,"Node(id=23_2278_55, type=transcoder, layer=11, feature=2278, pos=55)",1
0,55,2905,transcoder,1,55,7963,transcoder,0.6885604858398438,0.6191374659538269,-0.06942301988601685,0.0,-0.1008234153915192,"Node(id=3_7963_55, type=transcoder, layer=1, feature=7963, pos=55)",1
0,55,2905,transcoder,14,55,15619,transcoder,1.2117552757263184,0.9870789051055908,-0.22467637062072754,0.0,-0.18541398178444732,"Node(id=29_15619_55, type=transcoder, layer=14, feature=15619, pos=55)",1
0,55,2905,transcoder,13,55,3932,transcoder,0.7734141945838928,0.611928403377533,-0.16148579120635986,0.0,-0.2087960013369568,"Node(id=27_3932_55, type=transcoder, layer=13, feature=3932, pos=55)",1
0,55,2905,transcoder,7,55,13128,transcoder,0.5602725148200989,0.48492953181266785,-0.07534298300743103,0.0,-0.13447560073801468,"Node(id=15_13128_55, type=transcoder, layer=7, feature=13128, pos=55)",1
0,55,2905,transcoder,8,55,9724,transcoder,0.20959925651550293,0.15686362981796265,-0.05273562669754028,0.0,-0.2516021648847772,"Node(id=17_9724_55, type=transcoder, layer=8, feature=9724, pos=55)",1
0,55,14602,lorsa,0,55,2905,transcoder,0.5370144248008728,0.4780677258968353,-0.058946698904037476,0.0,-0.10976744046660415,"Node(id=1_2905_55, type=transcoder, layer=0, feature=2905, pos=55)",1
0,55,2905,transcoder,3,55,11167,transcoder,0.2644384503364563,0.0,-0.2644384503364563,0.0,-1.0,"Node(id=7_11167_55, type=transcoder, layer=3, feature=11167, pos=55)",1
0,55,2905,transcoder,1,55,12154,transcoder,0.19804225862026215,0.0,-0.19804225862026215,0.0,-1.0,"Node(id=3_12154_55, type=transcoder, layer=1, feature=12154, pos=55)",1
0,55,2905,transcoder,13,55,15835,transcoder,0.3478931784629822,0.3012627065181732,-0.04663047194480896,0.0,-0.13403675274929458,"Node(id=27_15835_55, type=transcoder, layer=13, feature=15835, pos=55)",1
0,55,2905,transcoder,2,55,5819,transcoder,0.7991868257522583,0.714468777179718,-0.08471804857254028,0.0,-0.10600531170267591,"Node(id=5_5819_55, type=transcoder, layer=2, feature=5819, pos=55)",1
0,55,2905,transcoder,1,55,8874,transcoder,0.5501189231872559,0.45662736892700195,-0.0934915542602539,0.0,-0.16994789729934479,"Node(id=3_8874_55, type=transcoder, layer=1, feature=8874, pos=55)",1
0,55,2905,transcoder,13,55,5819,transcoder,0.5956785082817078,0.4415970742702484,-0.15408143401145935,0.0,-0.25866542416633787,"Node(id=27_5819_55, type=transcoder, layer=13, feature=5819, pos=55)",1
0,55,2905,transcoder,7,54,3543,transcoder,0.46587416529655457,0.4082750082015991,-0.057599157094955444,0.0,-0.12363672722287661,"Node(id=15_3543_54, type=transcoder, layer=7, feature=3543, pos=54)",1
0,55,2905,transcoder,3,55,4439,transcoder,0.30011671781539917,0.21643981337547302,-0.08367690443992615,0.0,-0.2788145393866247,"Node(id=7_4439_55, type=transcoder, layer=3, feature=4439, pos=55)",1
0,55,2905,transcoder,2,55,2823,transcoder,0.23902328312397003,0.0,-0.23902328312397003,0.0,-1.0,"Node(id=5_2823_55, type=transcoder, layer=2, feature=2823, pos=55)",1
0,55,2905,transcoder,1,55,9786,transcoder,0.7136760354042053,0.6144793629646301,-0.0991966724395752,0.0,-0.13899397978719166,"Node(id=3_9786_55, type=transcoder, layer=1, feature=9786, pos=55)",1
0,55,2905,transcoder,13,55,7425,transcoder,0.6321931481361389,0.49875137209892273,-0.1334417760372162,0.0,-0.21107754241031465,"Node(id=27_7425_55, type=transcoder, layer=13, feature=7425, pos=55)",1
0,55,2905,transcoder,14,55,1214,transcoder,0.7802796959877014,0.4124855399131775,-0.3677941560745239,0.0,-0.47136194619156285,"Node(id=29_1214_55, type=transcoder, layer=14, feature=1214, pos=55)",1
0,55,2905,transcoder,3,54,6230,transcoder,0.7401818633079529,0.6585788726806641,-0.08160299062728882,0.0,-0.11024721716713812,"Node(id=7_6230_54, type=transcoder, layer=3, feature=6230, pos=54)",1
0,55,2905,transcoder,1,55,2396,lorsa,0.5269799828529358,0.0,-0.5269799828529358,0.0,-1.0,"Node(id=2_2396_55, type=lorsa, layer=1, feature=2396, pos=55)",1
0,55,2905,transcoder,4,55,15932,lorsa,2.069827079772949,1.8290456533432007,-0.24078142642974854,0.0,-0.11632924739595212,"Node(id=8_15932_55, type=lorsa, layer=4, feature=15932, pos=55)",1
0,55,2905,transcoder,5,55,13666,transcoder,0.33196818828582764,0.2845720946788788,-0.04739609360694885,0.0,-0.14277299837579732,"Node(id=11_13666_55, type=transcoder, layer=5, feature=13666, pos=55)",1
0,55,2905,transcoder,10,55,3280,transcoder,0.24856069684028625,0.0,-0.24856069684028625,0.0,-1.0,"Node(id=21_3280_55, type=transcoder, layer=10, feature=3280, pos=55)",1
0,55,2905,transcoder,1,55,6272,transcoder,0.3085007071495056,0.26781395077705383,-0.04068675637245178,0.0,-0.13188545578514402,"Node(id=3_6272_55, type=transcoder, layer=1, feature=6272, pos=55)",1
0,55,2905,transcoder,5,55,16275,lorsa,1.9964919090270996,1.7833662033081055,-0.21312570571899414,0.0,-0.1067500973859951,"Node(id=10_16275_55, type=lorsa, layer=5, feature=16275, pos=55)",1
0,54,15755,lorsa,0,54,11720,transcoder,0.5299642086029053,0.0,-0.5299642086029053,0.0,-1.0,"Node(id=1_11720_54, type=transcoder, layer=0, feature=11720, pos=54)",1
0,54,15755,lorsa,2,55,11309,transcoder,0.29157570004463196,0.0,-0.29157570004463196,0.0,-1.0,"Node(id=5_11309_55, type=transcoder, layer=2, feature=11309, pos=55)",1
0,54,15755,lorsa,2,55,6076,lorsa,1.7181307077407837,1.4824373722076416,-0.2356933355331421,0.0,-0.13718009606094614,"Node(id=4_6076_55, type=lorsa, layer=2, feature=6076, pos=55)",1
0,54,15755,lorsa,1,55,1824,transcoder,0.6892250180244446,0.5983822345733643,-0.09084278345108032,0.0,-0.13180424545740796,"Node(id=3_1824_55, type=transcoder, layer=1, feature=1824, pos=55)",1
0,54,15755,lorsa,14,55,3391,transcoder,0.7034270167350769,0.6310904026031494,-0.07233661413192749,0.0,-0.10283456906115783,"Node(id=29_3391_55, type=transcoder, layer=14, feature=3391, pos=55)",1
0,54,15755,lorsa,11,55,2278,transcoder,0.4227127730846405,0.37964311242103577,-0.043069660663604736,0.0,-0.10188871358041698,"Node(id=23_2278_55, type=transcoder, layer=11, feature=2278, pos=55)",1
0,54,15755,lorsa,2,55,13261,transcoder,0.6239655017852783,0.5086728930473328,-0.11529260873794556,0.0,-0.18477401139657965,"Node(id=5_13261_55, type=transcoder, layer=2, feature=13261, pos=55)",1
0,54,15755,lorsa,13,55,3932,transcoder,0.7734141945838928,0.6621849536895752,-0.11122924089431763,0.0,-0.1438158772792636,"Node(id=27_3932_55, type=transcoder, layer=13, feature=3932, pos=55)",1
0,54,15755,lorsa,1,55,9198,lorsa,3.0222439765930176,2.2981479167938232,-0.7240960597991943,0.0,-0.2395888834280909,"Node(id=2_9198_55, type=lorsa, layer=1, feature=9198, pos=55)",1
0,54,15755,lorsa,0,54,12956,transcoder,0.2822692096233368,0.0,-0.2822692096233368,0.0,-1.0,"Node(id=1_12956_54, type=transcoder, layer=0, feature=12956, pos=54)",1
0,54,15755,lorsa,7,55,13128,transcoder,0.5602725148200989,0.46860742568969727,-0.09166508913040161,0.0,-0.1636080419897715,"Node(id=15_13128_55, type=transcoder, layer=7, feature=13128, pos=55)",1
0,54,15755,lorsa,1,54,15914,transcoder,0.506878674030304,0.37441620230674744,-0.13246247172355652,0.0,-0.26132973926545033,"Node(id=3_15914_54, type=transcoder, layer=1, feature=15914, pos=54)",1
0,54,15755,lorsa,8,55,9724,transcoder,0.20959925651550293,0.17358258366584778,-0.03601667284965515,0.0,-0.17183588075843767,"Node(id=17_9724_55, type=transcoder, layer=8, feature=9724, pos=55)",1
0,54,15755,lorsa,3,55,11167,transcoder,0.2644384503364563,0.1905791461467743,-0.073859304189682,0.0,-0.2793062207697393,"Node(id=7_11167_55, type=transcoder, layer=3, feature=11167, pos=55)",1
0,54,15755,lorsa,1,55,12154,transcoder,0.19804225862026215,0.0,-0.19804225862026215,0.0,-1.0,"Node(id=3_12154_55, type=transcoder, layer=1, feature=12154, pos=55)",1
0,54,15755,lorsa,0,54,1897,transcoder,0.5192403197288513,0.29261669516563416,-0.22662362456321716,0.0,-0.43645228606584446,"Node(id=1_1897_54, type=transcoder, layer=0, feature=1897, pos=54)",1
0,54,15755,lorsa,13,55,15835,transcoder,0.3478931784629822,0.3115021586418152,-0.03639101982116699,0.0,-0.10460400512003487,"Node(id=27_15835_55, type=transcoder, layer=13, feature=15835, pos=55)",1
0,54,15755,lorsa,2,55,5819,transcoder,0.7991868257522583,0.7157126069068909,-0.08347421884536743,0.0,-0.10444894254456065,"Node(id=5_5819_55, type=transcoder, layer=2, feature=5819, pos=55)",1
0,54,15755,lorsa,0,54,11163,transcoder,0.41022422909736633,0.2399112433195114,-0.17031298577785492,0.0,-0.4151704694591096,"Node(id=1_11163_54, type=transcoder, layer=0, feature=11163, pos=54)",1
0,54,15755,lorsa,13,55,5819,transcoder,0.5956785082817078,0.48786669969558716,-0.1078118085861206,0.0,-0.18098992508075235,"Node(id=27_5819_55, type=transcoder, layer=13, feature=5819, pos=55)",1
0,54,15755,lorsa,3,55,4439,transcoder,0.30011671781539917,0.24254705011844635,-0.05756966769695282,0.0,-0.19182426129411337,"Node(id=7_4439_55, type=transcoder, layer=3, feature=4439, pos=55)",1
0,54,15755,lorsa,2,55,2823,transcoder,0.23902328312397003,0.0,-0.23902328312397003,0.0,-1.0,"Node(id=5_2823_55, type=transcoder, layer=2, feature=2823, pos=55)",1
0,54,15755,lorsa,4,55,16341,lorsa,0.9263823628425598,0.808678150177002,-0.11770421266555786,0.0,-0.12705791624139748,"Node(id=8_16341_55, type=lorsa, layer=4, feature=16341, pos=55)",1
0,54,15755,lorsa,13,55,7425,transcoder,0.6321931481361389,0.5393339395523071,-0.09285920858383179,0.0,-0.14688423760618666,"Node(id=27_7425_55, type=transcoder, layer=13, feature=7425, pos=55)",1
0,54,15755,lorsa,1,54,2519,transcoder,0.6752148270606995,0.4426048994064331,-0.23260992765426636,0.0,-0.3444976596068669,"Node(id=3_2519_54, type=transcoder, layer=1, feature=2519, pos=54)",1
0,54,15755,lorsa,14,55,1214,transcoder,0.7802796959877014,0.5520110130310059,-0.22826868295669556,0.0,-0.2925472546965947,"Node(id=29_1214_55, type=transcoder, layer=14, feature=1214, pos=55)",1
0,54,15755,lorsa,1,54,14103,transcoder,0.2923813760280609,0.0,-0.2923813760280609,0.0,-1.0,"Node(id=3_14103_54, type=transcoder, layer=1, feature=14103, pos=54)",1
0,54,15755,lorsa,0,54,7232,transcoder,0.6145036220550537,0.3998652398586273,-0.2146383821964264,0.0,-0.3492874158798641,"Node(id=1_7232_54, type=transcoder, layer=0, feature=7232, pos=54)",1
0,54,11720,transcoder,2,55,11309,transcoder,0.29157570004463196,0.0,-0.29157570004463196,0.0,-1.0,"Node(id=5_11309_55, type=transcoder, layer=2, feature=11309, pos=55)",1
0,54,11720,transcoder,2,55,6076,lorsa,1.7181307077407837,1.5221104621887207,-0.196020245552063,0.0,-0.11408925099174515,"Node(id=4_6076_55, type=lorsa, layer=2, feature=6076, pos=55)",1
0,54,11720,transcoder,2,55,13261,transcoder,0.6239655017852783,0.547371506690979,-0.07659399509429932,0.0,-0.12275357351512227,"Node(id=5_13261_55, type=transcoder, layer=2, feature=13261, pos=55)",1
0,54,11720,transcoder,1,55,9198,lorsa,3.0222439765930176,2.6212878227233887,-0.4009561538696289,0.0,-0.13266836065353918,"Node(id=2_9198_55, type=lorsa, layer=1, feature=9198, pos=55)",1
0,54,11720,transcoder,8,55,9724,transcoder,0.20959925651550293,0.18322989344596863,-0.026369363069534302,0.0,-0.12580847617455124,"Node(id=17_9724_55, type=transcoder, layer=8, feature=9724, pos=55)",1
0,54,11720,transcoder,3,55,11167,transcoder,0.2644384503364563,0.19776785373687744,-0.06667059659957886,0.0,-0.2521214162114134,"Node(id=7_11167_55, type=transcoder, layer=3, feature=11167, pos=55)",1
0,54,11720,transcoder,1,55,12154,transcoder,0.19804225862026215,0.13796405494213104,-0.060078203678131104,0.0,-0.3033605256609832,"Node(id=3_12154_55, type=transcoder, layer=1, feature=12154, pos=55)",1
0,54,11720,transcoder,13,55,5819,transcoder,0.5956785082817078,0.5202856659889221,-0.07539284229278564,0.0,-0.12656632939513562,"Node(id=27_5819_55, type=transcoder, layer=13, feature=5819, pos=55)",1
0,54,11720,transcoder,3,55,4439,transcoder,0.30011671781539917,0.2580217719078064,-0.04209494590759277,0.0,-0.14026191614385586,"Node(id=7_4439_55, type=transcoder, layer=3, feature=4439, pos=55)",1
0,54,11720,transcoder,2,55,2823,transcoder,0.23902328312397003,0.0,-0.23902328312397003,0.0,-1.0,"Node(id=5_2823_55, type=transcoder, layer=2, feature=2823, pos=55)",1
0,54,11720,transcoder,1,54,2519,transcoder,0.6752148270606995,0.47041651606559753,-0.20479831099510193,0.0,-0.30330837355366796,"Node(id=3_2519_54, type=transcoder, layer=1, feature=2519, pos=54)",1
0,54,11720,transcoder,4,54,3019,transcoder,0.2689710259437561,0.24199040234088898,-0.026980623602867126,0.0,-0.1003105204666505,"Node(id=9_3019_54, type=transcoder, layer=4, feature=3019, pos=54)",1
0,54,11720,transcoder,14,55,1214,transcoder,0.7802796959877014,0.6128748059272766,-0.1674048900604248,0.0,-0.21454472149056586,"Node(id=29_1214_55, type=transcoder, layer=14, feature=1214, pos=55)",1
13,55,12356,transcoder,14,55,16044,lorsa,2.606524705886841,1.6727588176727295,-0.9337658882141113,0.0,-0.3582417178341718,"Node(id=28_16044_55, type=lorsa, layer=14, feature=16044, pos=55)",1
13,55,12356,transcoder,14,55,3391,transcoder,0.7034270167350769,0.0,-0.7034270167350769,0.0,-1.0,"Node(id=29_3391_55, type=transcoder, layer=14, feature=3391, pos=55)",1
13,55,12356,transcoder,14,55,15619,transcoder,1.2117552757263184,0.7707089781761169,-0.4410462975502014,0.0,-0.36397307805063284,"Node(id=29_15619_55, type=transcoder, layer=14, feature=15619, pos=55)",1
13,55,12356,transcoder,14,55,5916,transcoder,0.3695855438709259,0.2644459307193756,-0.10513961315155029,0.0,-0.2844797771318384,"Node(id=29_5916_55, type=transcoder, layer=14, feature=5916, pos=55)",1
13,55,12356,transcoder,14,55,1214,transcoder,0.7802796959877014,0.25714749097824097,-0.5231322050094604,0.0,-0.6704419039729901,"Node(id=29_1214_55, type=transcoder, layer=14, feature=1214, pos=55)",1
13,55,12356,transcoder,14,55,11920,transcoder,0.7073771357536316,0.46368423104286194,-0.24369290471076965,0.0,-0.34450209427696865,"Node(id=29_11920_55, type=transcoder, layer=14, feature=11920, pos=55)",1
7,19,10549,transcoder,8,55,9586,lorsa,2.2772367000579834,0.0,-2.2772367000579834,0.0,-1.0,"Node(id=16_9586_55, type=lorsa, layer=8, feature=9586, pos=55)",1
7,19,10549,transcoder,14,55,5916,transcoder,0.3695855438709259,0.3250899314880371,-0.044495612382888794,0.0,-0.1203932705723697,"Node(id=29_5916_55, type=transcoder, layer=14, feature=5916, pos=55)",1
7,19,10549,transcoder,14,55,1214,transcoder,0.7802796959877014,0.688764750957489,-0.0915149450302124,0.0,-0.11728479608119245,"Node(id=29_1214_55, type=transcoder, layer=14, feature=1214, pos=55)",1
7,19,10549,transcoder,12,55,11739,transcoder,0.2567141354084015,0.22189095616340637,-0.03482317924499512,0.0,-0.13564963686006462,"Node(id=25_11739_55, type=transcoder, layer=12, feature=11739, pos=55)",1
4,55,2320,transcoder,5,55,2419,transcoder,0.6756512522697449,0.46485015749931335,-0.21080109477043152,0.0,-0.31199689790003077,"Node(id=11_2419_55, type=transcoder, layer=5, feature=2419, pos=55)",1
4,55,2320,transcoder,14,55,16044,lorsa,2.606524705886841,2.20317006111145,-0.4033546447753906,0.0,-0.15474806122666454,"Node(id=28_16044_55, type=lorsa, layer=14, feature=16044, pos=55)",1
4,55,2320,transcoder,11,55,2278,transcoder,0.4227127730846405,0.3660469651222229,-0.0566658079624176,0.0,-0.1340527459080857,"Node(id=23_2278_55, type=transcoder, layer=11, feature=2278, pos=55)",1
4,55,2320,transcoder,13,55,3932,transcoder,0.7734141945838928,0.6521502733230591,-0.12126392126083374,0.0,-0.15679040042195677,"Node(id=27_3932_55, type=transcoder, layer=13, feature=3932, pos=55)",1
4,55,2320,transcoder,7,55,13128,transcoder,0.5602725148200989,0.47863319516181946,-0.08163931965827942,0.0,-0.14571359025972114,"Node(id=15_13128_55, type=transcoder, layer=7, feature=13128, pos=55)",1
4,55,2320,transcoder,8,55,9724,transcoder,0.20959925651550293,0.15742643177509308,-0.05217282474040985,0.0,-0.24891703151891145,"Node(id=17_9724_55, type=transcoder, layer=8, feature=9724, pos=55)",1
4,55,2320,transcoder,5,55,12487,transcoder,2.9206624031066895,2.4887702465057373,-0.43189215660095215,0.0,-0.14787472737059623,"Node(id=11_12487_55, type=transcoder, layer=5, feature=12487, pos=55)",1
4,55,2320,transcoder,13,55,5819,transcoder,0.5956785082817078,0.5092319250106812,-0.08644658327102661,0.0,-0.14512288435651327,"Node(id=27_5819_55, type=transcoder, layer=13, feature=5819, pos=55)",1
4,55,2320,transcoder,6,55,23,transcoder,0.9902805685997009,0.7335389256477356,-0.25674164295196533,0.0,-0.25926151748590703,"Node(id=13_23_55, type=transcoder, layer=6, feature=23, pos=55)",1
4,55,2320,transcoder,13,55,7425,transcoder,0.6321931481361389,0.5262414216995239,-0.10595172643661499,0.0,-0.16759391769586046,"Node(id=27_7425_55, type=transcoder, layer=13, feature=7425, pos=55)",1
4,55,2320,transcoder,14,55,1214,transcoder,0.7802796959877014,0.519212007522583,-0.2610676884651184,0.0,-0.3345821886787034,"Node(id=29_1214_55, type=transcoder, layer=14, feature=1214, pos=55)",1
4,55,2320,transcoder,5,55,13666,transcoder,0.33196818828582764,0.07729183882474899,-0.25467634946107864,0.0,-0.7671709472408844,"Node(id=11_13666_55, type=transcoder, layer=5, feature=13666, pos=55)",1
4,55,2320,transcoder,10,55,3280,transcoder,0.24856069684028625,0.0,-0.24856069684028625,0.0,-1.0,"Node(id=21_3280_55, type=transcoder, layer=10, feature=3280, pos=55)",1
4,55,2320,transcoder,11,55,1321,lorsa,4.358194351196289,3.825481653213501,-0.5327126979827881,0.0,-0.12223243275889309,"Node(id=22_1321_55, type=lorsa, layer=11, feature=1321, pos=55)",1
4,55,2320,transcoder,5,55,16275,lorsa,1.9964919090270996,1.6697402000427246,-0.326751708984375,0.0,-0.16366292671008256,"Node(id=10_16275_55, type=lorsa, layer=5, feature=16275, pos=55)",1
3,55,12235,lorsa,5,55,2419,transcoder,0.6756512522697449,0.6012988090515137,-0.0743524432182312,0.0,-0.11004559374152831,"Node(id=11_2419_55, type=transcoder, layer=5, feature=2419, pos=55)",1
2,55,4901,transcoder,3,55,12235,lorsa,2.4719231128692627,1.6210989952087402,-0.8508241176605225,0.0,-0.3441952191922895,"Node(id=6_12235_55, type=lorsa, layer=3, feature=12235, pos=55)",1
2,55,11309,transcoder,3,55,12235,lorsa,2.4719231128692627,2.0954370498657227,-0.37648606300354004,0.0,-0.1523049244709465,"Node(id=6_12235_55, type=lorsa, layer=3, feature=12235, pos=55)",1
3,55,12235,lorsa,14,55,16044,lorsa,2.606524705886841,2.1954383850097656,-0.4110863208770752,0.0,-0.1577143389236388,"Node(id=28_16044_55, type=lorsa, layer=14, feature=16044, pos=55)",1
1,55,1824,transcoder,3,55,12235,lorsa,2.4719231128692627,2.1811859607696533,-0.2907371520996094,0.0,-0.11761577477308298,"Node(id=6_12235_55, type=lorsa, layer=3, feature=12235, pos=55)",1
3,55,12235,lorsa,11,55,2278,transcoder,0.4227127730846405,0.3691590428352356,-0.05355373024940491,0.0,-0.12669058911707348,"Node(id=23_2278_55, type=transcoder, layer=11, feature=2278, pos=55)",1
2,23,12879,lorsa,3,55,12235,lorsa,2.4719231128692627,1.9552329778671265,-0.5166901350021362,0.0,-0.2090235462066588,"Node(id=6_12235_55, type=lorsa, layer=3, feature=12235, pos=55)",1
3,55,12235,lorsa,14,55,15619,transcoder,1.2117552757263184,0.955989420413971,-0.2557658553123474,0.0,-0.21107055231019564,"Node(id=29_15619_55, type=transcoder, layer=14, feature=15619, pos=55)",1
3,55,12235,lorsa,13,55,3932,transcoder,0.7734141945838928,0.6203632950782776,-0.15305089950561523,0.0,-0.1978899541505812,"Node(id=27_3932_55, type=transcoder, layer=13, feature=3932, pos=55)",1
1,23,6844,transcoder,3,55,12235,lorsa,2.4719231128692627,2.1589789390563965,-0.3129441738128662,0.0,-0.12659947721821294,"Node(id=6_12235_55, type=lorsa, layer=3, feature=12235, pos=55)",1
0,23,9251,lorsa,3,55,12235,lorsa,2.4719231128692627,2.205695629119873,-0.26622748374938965,0.0,-0.1077005519966875,"Node(id=6_12235_55, type=lorsa, layer=3, feature=12235, pos=55)",1
3,55,12235,lorsa,8,55,9724,transcoder,0.20959925651550293,0.0,-0.20959925651550293,0.0,-1.0,"Node(id=17_9724_55, type=transcoder, layer=8, feature=9724, pos=55)",1
3,55,12235,lorsa,3,55,11167,transcoder,0.2644384503364563,0.18295417726039886,-0.08148427307605743,0.0,-0.30814079031389546,"Node(id=7_11167_55, type=transcoder, layer=3, feature=11167, pos=55)",1
3,55,12235,lorsa,13,55,15835,transcoder,0.3478931784629822,0.2970999479293823,-0.050793230533599854,0.0,-0.14600237566602514,"Node(id=27_15835_55, type=transcoder, layer=13, feature=15835, pos=55)",1
3,55,12235,lorsa,12,55,6669,transcoder,0.8420363068580627,0.7540725469589233,-0.0879637598991394,0.0,-0.10446551910257114,"Node(id=25_6669_55, type=transcoder, layer=12, feature=6669, pos=55)",1
3,55,12235,lorsa,13,55,5819,transcoder,0.5956785082817078,0.45926159620285034,-0.13641691207885742,0.0,-0.22901096847083705,"Node(id=27_5819_55, type=transcoder, layer=13, feature=5819, pos=55)",1
3,55,12235,lorsa,3,55,4439,transcoder,0.30011671781539917,0.22649838030338287,-0.0736183375120163,0.0,-0.24529902248664034,"Node(id=7_4439_55, type=transcoder, layer=3, feature=4439, pos=55)",1
3,55,12235,lorsa,13,55,7425,transcoder,0.6321931481361389,0.502367377281189,-0.12982577085494995,0.0,-0.20535776326856484,"Node(id=27_7425_55, type=transcoder, layer=13, feature=7425, pos=55)",1
3,55,12235,lorsa,14,55,1214,transcoder,0.7802796959877014,0.4264858365058899,-0.3537938594818115,0.0,-0.4534192819588477,"Node(id=29_1214_55, type=transcoder, layer=14, feature=1214, pos=55)",1
1,51,11331,transcoder,3,55,12235,lorsa,2.4719231128692627,2.087726354598999,-0.38419675827026367,0.0,-0.155424234787105,"Node(id=6_12235_55, type=lorsa, layer=3, feature=12235, pos=55)",1
3,55,12235,lorsa,5,55,13666,transcoder,0.33196818828582764,0.23617030680179596,-0.09579788148403168,0.0,-0.288575486641355,"Node(id=11_13666_55, type=transcoder, layer=5, feature=13666, pos=55)",1
3,55,12235,lorsa,10,55,3280,transcoder,0.24856069684028625,0.0,-0.24856069684028625,0.0,-1.0,"Node(id=21_3280_55, type=transcoder, layer=10, feature=3280, pos=55)",1
1,51,11218,transcoder,3,55,12235,lorsa,2.4719231128692627,1.8873271942138672,-0.5845959186553955,0.0,-0.23649437784366642,"Node(id=6_12235_55, type=lorsa, layer=3, feature=12235, pos=55)",1
0,51,2952,transcoder,3,55,12235,lorsa,2.4719231128692627,0.0,-2.4719231128692627,0.0,-1.0,"Node(id=6_12235_55, type=lorsa, layer=3, feature=12235, pos=55)",1
0,55,12836,transcoder,5,55,2419,transcoder,0.6756512522697449,0.58610999584198,-0.08954125642776489,0.0,-0.1325258498773813,"Node(id=11_2419_55, type=transcoder, layer=5, feature=2419, pos=55)",1
5,55,2419,transcoder,14,55,16044,lorsa,2.606524705886841,2.296421527862549,-0.310103178024292,0.0,-0.11897189285178207,"Node(id=28_16044_55, type=lorsa, layer=14, feature=16044, pos=55)",1
5,55,2419,transcoder,13,55,3932,transcoder,0.7734141945838928,0.6683173775672913,-0.10509681701660156,0.0,-0.1358868478915687,"Node(id=27_3932_55, type=transcoder, layer=13, feature=3932, pos=55)",1
5,55,2419,transcoder,7,55,13128,transcoder,0.5602725148200989,0.41964828968048096,-0.14062422513961792,0.0,-0.2509925463410815,"Node(id=15_13128_55, type=transcoder, layer=7, feature=13128, pos=55)",1
5,55,2419,transcoder,8,55,9724,transcoder,0.20959925651550293,0.1736367642879486,-0.03596249222755432,0.0,-0.17157738450705987,"Node(id=17_9724_55, type=transcoder, layer=8, feature=9724, pos=55)",1
3,55,11167,transcoder,5,55,2419,transcoder,0.6756512522697449,0.6029843091964722,-0.0726669430732727,0.0,-0.10755096335448126,"Node(id=11_2419_55, type=transcoder, layer=5, feature=2419, pos=55)",1
5,55,2419,transcoder,13,55,5819,transcoder,0.5956785082817078,0.5015534162521362,-0.09412509202957153,0.0,-0.15801324157402363,"Node(id=27_5819_55, type=transcoder, layer=13, feature=5819, pos=55)",1
5,55,2419,transcoder,13,55,7425,transcoder,0.6321931481361389,0.5495780110359192,-0.08261513710021973,0.0,-0.13068021591785595,"Node(id=27_7425_55, type=transcoder, layer=13, feature=7425, pos=55)",1
5,55,2419,transcoder,14,55,1214,transcoder,0.7802796959877014,0.5713987350463867,-0.2088809609413147,0.0,-0.2677001106339271,"Node(id=29_1214_55, type=transcoder, layer=14, feature=1214, pos=55)",1
5,55,2419,transcoder,10,55,3280,transcoder,0.24856069684028625,0.0,-0.24856069684028625,0.0,-1.0,"Node(id=21_3280_55, type=transcoder, layer=10, feature=3280, pos=55)",1
0,54,8584,transcoder,5,55,2419,transcoder,0.6756512522697449,0.5860670208930969,-0.08958423137664795,0.0,-0.13258945510084338,"Node(id=11_2419_55, type=transcoder, layer=5, feature=2419, pos=55)",1
3,54,9407,transcoder,8,55,12466,lorsa,5.128899097442627,4.586448669433594,-0.5424504280090332,0.0,-0.1057635211188908,"Node(id=16_12466_55, type=lorsa, layer=8, feature=12466, pos=55)",1
5,54,13299,transcoder,8,55,12466,lorsa,5.128899097442627,4.256464004516602,-0.8724350929260254,0.0,-0.17010182426108542,"Node(id=16_12466_55, type=lorsa, layer=8, feature=12466, pos=55)",1
8,55,12466,lorsa,9,55,12225,transcoder,0.47227632999420166,0.4079143702983856,-0.06436195969581604,0.0,-0.1362802994945909,"Node(id=19_12225_55, type=transcoder, layer=9, feature=12225, pos=55)",1
8,55,12466,lorsa,13,55,5819,transcoder,0.5956785082817078,0.5140562057495117,-0.08162230253219604,0.0,-0.13702408496765053,"Node(id=27_5819_55, type=transcoder, layer=13, feature=5819, pos=55)",1
7,54,3543,transcoder,8,55,12466,lorsa,5.128899097442627,3.8809101581573486,-1.2479889392852783,0.0,-0.24332491545945034,"Node(id=16_12466_55, type=lorsa, layer=8, feature=12466, pos=55)",1
8,55,12466,lorsa,14,55,1214,transcoder,0.7802796959877014,0.6274448037147522,-0.15283489227294922,0.0,-0.195871932922061,"Node(id=29_1214_55, type=transcoder, layer=14, feature=1214, pos=55)",1
8,55,12466,lorsa,11,55,8862,transcoder,0.643543541431427,0.5619038343429565,-0.08163970708847046,0.0,-0.12685964792200405,"Node(id=23_8862_55, type=transcoder, layer=11, feature=8862, pos=55)",1
8,55,12466,lorsa,8,55,3569,transcoder,0.576390266418457,0.0,-0.576390266418457,0.0,-1.0,"Node(id=17_3569_55, type=transcoder, layer=8, feature=3569, pos=55)",1
7,54,13289,transcoder,8,55,12466,lorsa,5.128899097442627,4.128573894500732,-1.0003252029418945,0.0,-0.1950370213835318,"Node(id=16_12466_55, type=lorsa, layer=8, feature=12466, pos=55)",1
8,55,12466,lorsa,8,55,7940,transcoder,0.6999607682228088,0.58381587266922,-0.11614489555358887,0.0,-0.16593057900727667,"Node(id=17_7940_55, type=transcoder, layer=8, feature=7940, pos=55)",1
11,55,11974,transcoder,14,55,3391,transcoder,0.7034270167350769,0.617449939250946,-0.08597707748413086,0.0,-0.12222600986124954,"Node(id=29_3391_55, type=transcoder, layer=14, feature=3391, pos=55)",1
11,55,11974,transcoder,14,55,15619,transcoder,1.2117552757263184,1.07662832736969,-0.13512694835662842,0.0,-0.11151339801317076,"Node(id=29_15619_55, type=transcoder, layer=14, feature=15619, pos=55)",1
11,55,11974,transcoder,13,55,3932,transcoder,0.7734141945838928,0.5441364645957947,-0.22927772998809814,0.0,-0.2964488259896143,"Node(id=27_3932_55, type=transcoder, layer=13, feature=3932, pos=55)",1
11,55,11974,transcoder,13,55,15835,transcoder,0.3478931784629822,0.25248196721076965,-0.09541121125221252,0.0,-0.2742543319582934,"Node(id=27_15835_55, type=transcoder, layer=13, feature=15835, pos=55)",1
11,55,11974,transcoder,12,55,6669,transcoder,0.8420363068580627,0.47006046772003174,-0.371975839138031,0.0,-0.4417574825555982,"Node(id=25_6669_55, type=transcoder, layer=12, feature=6669, pos=55)",1
11,55,11974,transcoder,13,55,5819,transcoder,0.5956785082817078,0.5078209042549133,-0.08785760402679443,0.0,-0.14749164659344213,"Node(id=27_5819_55, type=transcoder, layer=13, feature=5819, pos=55)",1
11,55,11974,transcoder,14,55,5916,transcoder,0.3695855438709259,0.25798138976097107,-0.11160415410995483,0.0,-0.3019711023895769,"Node(id=29_5916_55, type=transcoder, layer=14, feature=5916, pos=55)",1
11,55,11974,transcoder,13,55,7425,transcoder,0.6321931481361389,0.5112152099609375,-0.12097793817520142,0.0,-0.1913623052256643,"Node(id=27_7425_55, type=transcoder, layer=13, feature=7425, pos=55)",1
11,55,11974,transcoder,14,55,1214,transcoder,0.7802796959877014,0.3888256549835205,-0.3914540410041809,0.0,-0.5016842588844589,"Node(id=29_1214_55, type=transcoder, layer=14, feature=1214, pos=55)",1
11,55,11974,transcoder,13,55,10331,transcoder,0.5097225308418274,0.3996429741382599,-0.1100795567035675,0.0,-0.2159597625040562,"Node(id=27_10331_55, type=transcoder, layer=13, feature=10331, pos=55)",1
11,55,11974,transcoder,12,55,11739,transcoder,0.2567141354084015,0.0,-0.2567141354084015,0.0,-1.0,"Node(id=25_11739_55, type=transcoder, layer=12, feature=11739, pos=55)",1
11,55,1321,lorsa,11,55,11974,transcoder,3.381885051727295,2.8896780014038086,-0.49220705032348633,0.0,-0.1455422176670647,"Node(id=23_11974_55, type=transcoder, layer=11, feature=11974, pos=55)",1
2,6,13953,transcoder,10,1,10273,transcoder,28.066740036010742,23.89322280883789,-4.173517227172852,0.0,-0.14869975001792382,"Node(id=21_10273_1, type=transcoder, layer=10, feature=10273, pos=1)",1
0,6,8484,transcoder,10,1,10273,transcoder,28.066740036010742,21.838199615478516,-6.228540420532227,0.0,-0.22191891229764346,"Node(id=21_10273_1, type=transcoder, layer=10, feature=10273, pos=1)",1
8,8,11854,transcoder,10,1,10273,transcoder,28.066740036010742,24.733552932739258,-3.3331871032714844,0.0,-0.11875932505858795,"Node(id=21_10273_1, type=transcoder, layer=10, feature=10273, pos=1)",1
10,1,10273,transcoder,12,55,11739,transcoder,0.2567141354084015,0.0,-0.2567141354084015,0.0,-1.0,"Node(id=25_11739_55, type=transcoder, layer=12, feature=11739, pos=55)",1
0,51,2952,transcoder,10,1,10273,transcoder,28.066740036010742,15.985068321228027,-12.081671714782715,0.0,-0.43046223748399176,"Node(id=21_10273_1, type=transcoder, layer=10, feature=10273, pos=1)",1
7,63,3804,transcoder,11,55,2278,transcoder,0.4227127730846405,0.321658194065094,-0.10105457901954651,0.0,-0.23906204272495968,"Node(id=23_2278_55, type=transcoder, layer=11, feature=2278, pos=55)",1
7,63,3804,transcoder,14,55,15619,transcoder,1.2117552757263184,1.087396502494812,-0.12435877323150635,0.0,-0.10262697074453957,"Node(id=29_15619_55, type=transcoder, layer=14, feature=15619, pos=55)",1
6,63,3789,transcoder,7,63,3804,transcoder,1.3894561529159546,0.7948142290115356,-0.594641923904419,0.0,-0.4279673904473239,"Node(id=15_3804_63, type=transcoder, layer=7, feature=3804, pos=63)",1
7,63,3804,transcoder,13,55,15835,transcoder,0.3478931784629822,0.31295859813690186,-0.03493458032608032,0.0,-0.10041754908913099,"Node(id=27_15835_55, type=transcoder, layer=13, feature=15835, pos=55)",1
5,63,12930,transcoder,7,63,3804,transcoder,1.3894561529159546,0.9885834455490112,-0.40087270736694336,0.0,-0.28851051292670143,"Node(id=15_3804_63, type=transcoder, layer=7, feature=3804, pos=63)",1
7,63,3804,transcoder,13,55,5819,transcoder,0.5956785082817078,0.5260634422302246,-0.06961506605148315,0.0,-0.1168668419015058,"Node(id=27_5819_55, type=transcoder, layer=13, feature=5819, pos=55)",1
7,63,3804,transcoder,10,55,10622,transcoder,0.2998685836791992,0.22310243546962738,-0.07676614820957184,0.0,-0.25599930232003437,"Node(id=21_10622_55, type=transcoder, layer=10, feature=10622, pos=55)",1
7,63,3804,transcoder,8,63,2167,transcoder,2.175069808959961,1.1128944158554077,-1.0621753931045532,0.0,-0.48834082875365126,"Node(id=17_2167_63, type=transcoder, layer=8, feature=2167, pos=63)",1
7,63,3804,transcoder,9,63,13165,transcoder,2.440319061279297,1.8085756301879883,-0.6317434310913086,0.0,-0.2588773907130519,"Node(id=19_13165_63, type=transcoder, layer=9, feature=13165, pos=63)",1
7,63,3804,transcoder,11,55,8862,transcoder,0.643543541431427,0.5691407322883606,-0.0744028091430664,0.0,-0.1156142581705863,"Node(id=23_8862_55, type=transcoder, layer=11, feature=8862, pos=55)",1
0,51,2952,transcoder,7,63,3804,transcoder,1.3894561529159546,1.0654062032699585,-0.3240499496459961,0.0,-0.23322070938757952,"Node(id=15_3804_63, type=transcoder, layer=7, feature=3804, pos=63)",1
7,23,7600,transcoder,8,55,9724,transcoder,0.20959925651550293,0.17632943391799927,-0.03326982259750366,0.0,-0.15873063268734863,"Node(id=17_9724_55, type=transcoder, layer=8, feature=9724, pos=55)",1
2,55,4901,transcoder,14,55,16044,lorsa,2.606524705886841,2.25718092918396,-0.34934377670288086,0.0,-0.1340266508557879,"Node(id=28_16044_55, type=lorsa, layer=14, feature=16044, pos=55)",1
2,55,4901,transcoder,14,55,15619,transcoder,1.2117552757263184,0.9618382453918457,-0.24991703033447266,0.0,-0.20624381452325347,"Node(id=29_15619_55, type=transcoder, layer=14, feature=15619, pos=55)",1
2,55,4901,transcoder,3,55,12206,lorsa,1.9337397813796997,1.334378957748413,-0.5993608236312866,0.0,-0.309949057987342,"Node(id=6_12206_55, type=lorsa, layer=3, feature=12206, pos=55)",1
2,55,4901,transcoder,13,55,3932,transcoder,0.7734141945838928,0.6359477639198303,-0.1374664306640625,0.0,-0.17773973069891907,"Node(id=27_3932_55, type=transcoder, layer=13, feature=3932, pos=55)",1
2,55,4901,transcoder,8,55,9724,transcoder,0.20959925651550293,0.15327619016170502,-0.05632306635379791,0.0,-0.26871787281188186,"Node(id=17_9724_55, type=transcoder, layer=8, feature=9724, pos=55)",1
2,55,4901,transcoder,3,55,11167,transcoder,0.2644384503364563,0.11344454437494278,-0.15099390596151352,0.0,-0.5709983013793855,"Node(id=7_11167_55, type=transcoder, layer=3, feature=11167, pos=55)",1
2,55,4901,transcoder,13,55,15835,transcoder,0.3478931784629822,0.30292925238609314,-0.04496392607688904,0.0,-0.1292463573891934,"Node(id=27_15835_55, type=transcoder, layer=13, feature=15835, pos=55)",1
2,55,4901,transcoder,13,55,5819,transcoder,0.5956785082817078,0.47998788952827454,-0.11569061875343323,0.0,-0.1942165398700618,"Node(id=27_5819_55, type=transcoder, layer=13, feature=5819, pos=55)",1
2,55,4901,transcoder,3,55,4439,transcoder,0.30011671781539917,0.0,-0.30011671781539917,0.0,-1.0,"Node(id=7_4439_55, type=transcoder, layer=3, feature=4439, pos=55)",1
2,55,4901,transcoder,13,55,7425,transcoder,0.6321931481361389,0.5300924181938171,-0.10210072994232178,0.0,-0.16150243045711563,"Node(id=27_7425_55, type=transcoder, layer=13, feature=7425, pos=55)",1
2,55,4901,transcoder,14,55,1214,transcoder,0.7802796959877014,0.4863184988498688,-0.29396119713783264,0.0,-0.3767382371339648,"Node(id=29_1214_55, type=transcoder, layer=14, feature=1214, pos=55)",1
2,55,4901,transcoder,5,55,13666,transcoder,0.33196818828582764,0.2607499361038208,-0.07121825218200684,0.0,-0.214533364024288,"Node(id=11_13666_55, type=transcoder, layer=5, feature=13666, pos=55)",1
2,55,4901,transcoder,10,55,3280,transcoder,0.24856069684028625,0.21572697162628174,-0.03283372521400452,0.0,-0.13209540217495436,"Node(id=21_3280_55, type=transcoder, layer=10, feature=3280, pos=55)",1
2,55,4901,transcoder,5,55,16275,lorsa,1.9964919090270996,1.7476768493652344,-0.24881505966186523,0.0,-0.12462612973128152,"Node(id=10_16275_55, type=lorsa, layer=5, feature=16275, pos=55)",1
0,51,2952,transcoder,2,55,4901,transcoder,1.173736810684204,0.8846012949943542,-0.28913551568984985,0.0,-0.24633760572040392,"Node(id=5_4901_55, type=transcoder, layer=2, feature=4901, pos=55)",1
2,55,6076,lorsa,2,55,11309,transcoder,0.29157570004463196,0.0,-0.29157570004463196,0.0,-1.0,"Node(id=5_11309_55, type=transcoder, layer=2, feature=11309, pos=55)",1
0,55,12836,transcoder,2,55,11309,transcoder,0.29157570004463196,0.0,-0.29157570004463196,0.0,-1.0,"Node(id=5_11309_55, type=transcoder, layer=2, feature=11309, pos=55)",1
2,55,11309,transcoder,14,55,16044,lorsa,2.606524705886841,2.2161645889282227,-0.39036011695861816,0.0,-0.14976267674616286,"Node(id=28_16044_55, type=lorsa, layer=14, feature=16044, pos=55)",1
1,55,8308,lorsa,2,55,11309,transcoder,0.29157570004463196,0.0,-0.29157570004463196,0.0,-1.0,"Node(id=5_11309_55, type=transcoder, layer=2, feature=11309, pos=55)",1
1,55,1824,transcoder,2,55,11309,transcoder,0.29157570004463196,0.0,-0.29157570004463196,0.0,-1.0,"Node(id=5_11309_55, type=transcoder, layer=2, feature=11309, pos=55)",1
0,55,4945,transcoder,2,55,11309,transcoder,0.29157570004463196,0.0,-0.29157570004463196,0.0,-1.0,"Node(id=5_11309_55, type=transcoder, layer=2, feature=11309, pos=55)",1
2,55,11309,transcoder,11,55,2278,transcoder,0.4227127730846405,0.37413376569747925,-0.048579007387161255,0.0,-0.11492202384297055,"Node(id=23_2278_55, type=transcoder, layer=11, feature=2278, pos=55)",1
1,55,7963,transcoder,2,55,11309,transcoder,0.29157570004463196,0.0,-0.29157570004463196,0.0,-1.0,"Node(id=5_11309_55, type=transcoder, layer=2, feature=11309, pos=55)",1
2,55,11309,transcoder,14,55,15619,transcoder,1.2117552757263184,0.9961691498756409,-0.2155861258506775,0.0,-0.17791226509944968,"Node(id=29_15619_55, type=transcoder, layer=14, feature=15619, pos=55)",1
2,55,11309,transcoder,3,55,12206,lorsa,1.9337397813796997,1.6641912460327148,-0.26954853534698486,0.0,-0.1393923515162238,"Node(id=6_12206_55, type=lorsa, layer=3, feature=12206, pos=55)",1
0,55,5178,lorsa,2,55,11309,transcoder,0.29157570004463196,0.0,-0.29157570004463196,0.0,-1.0,"Node(id=5_11309_55, type=transcoder, layer=2, feature=11309, pos=55)",1
0,55,4151,lorsa,2,55,11309,transcoder,0.29157570004463196,0.0,-0.29157570004463196,0.0,-1.0,"Node(id=5_11309_55, type=transcoder, layer=2, feature=11309, pos=55)",1
2,55,11309,transcoder,13,55,3932,transcoder,0.7734141945838928,0.6328218579292297,-0.14059233665466309,0.0,-0.1817814279065613,"Node(id=27_3932_55, type=transcoder, layer=13, feature=3932, pos=55)",1
1,23,9682,lorsa,2,55,11309,transcoder,0.29157570004463196,0.0,-0.29157570004463196,0.0,-1.0,"Node(id=5_11309_55, type=transcoder, layer=2, feature=11309, pos=55)",1
1,23,6844,transcoder,2,55,11309,transcoder,0.29157570004463196,0.0,-0.29157570004463196,0.0,-1.0,"Node(id=5_11309_55, type=transcoder, layer=2, feature=11309, pos=55)",1
1,55,15014,lorsa,2,55,11309,transcoder,0.29157570004463196,0.0,-0.29157570004463196,0.0,-1.0,"Node(id=5_11309_55, type=transcoder, layer=2, feature=11309, pos=55)",1
0,55,5221,lorsa,2,55,11309,transcoder,0.29157570004463196,0.0,-0.29157570004463196,0.0,-1.0,"Node(id=5_11309_55, type=transcoder, layer=2, feature=11309, pos=55)",1
1,55,9198,lorsa,2,55,11309,transcoder,0.29157570004463196,0.0,-0.29157570004463196,0.0,-1.0,"Node(id=5_11309_55, type=transcoder, layer=2, feature=11309, pos=55)",1
0,54,12956,transcoder,2,55,11309,transcoder,0.29157570004463196,0.0,-0.29157570004463196,0.0,-1.0,"Node(id=5_11309_55, type=transcoder, layer=2, feature=11309, pos=55)",1
1,54,15914,transcoder,2,55,11309,transcoder,0.29157570004463196,0.0,-0.29157570004463196,0.0,-1.0,"Node(id=5_11309_55, type=transcoder, layer=2, feature=11309, pos=55)",1
0,23,9251,lorsa,2,55,11309,transcoder,0.29157570004463196,0.0,-0.29157570004463196,0.0,-1.0,"Node(id=5_11309_55, type=transcoder, layer=2, feature=11309, pos=55)",1
2,55,11309,transcoder,8,55,9724,transcoder,0.20959925651550293,0.1560124009847641,-0.05358685553073883,0.0,-0.25566338555583235,"Node(id=17_9724_55, type=transcoder, layer=8, feature=9724, pos=55)",1
0,55,14602,lorsa,2,55,11309,transcoder,0.29157570004463196,0.0,-0.29157570004463196,0.0,-1.0,"Node(id=5_11309_55, type=transcoder, layer=2, feature=11309, pos=55)",1
2,55,11309,transcoder,3,55,11167,transcoder,0.2644384503364563,0.23022064566612244,-0.03421780467033386,0.0,-0.12939799271549615,"Node(id=7_11167_55, type=transcoder, layer=3, feature=11167, pos=55)",1
0,55,7273,lorsa,2,55,11309,transcoder,0.29157570004463196,0.0,-0.29157570004463196,0.0,-1.0,"Node(id=5_11309_55, type=transcoder, layer=2, feature=11309, pos=55)",1
1,55,12154,transcoder,2,55,11309,transcoder,0.29157570004463196,0.0,-0.29157570004463196,0.0,-1.0,"Node(id=5_11309_55, type=transcoder, layer=2, feature=11309, pos=55)",1
0,55,2956,transcoder,2,55,11309,transcoder,0.29157570004463196,0.0,-0.29157570004463196,0.0,-1.0,"Node(id=5_11309_55, type=transcoder, layer=2, feature=11309, pos=55)",1
0,54,1897,transcoder,2,55,11309,transcoder,0.29157570004463196,0.0,-0.29157570004463196,0.0,-1.0,"Node(id=5_11309_55, type=transcoder, layer=2, feature=11309, pos=55)",1
2,55,11309,transcoder,13,55,15835,transcoder,0.3478931784629822,0.30615872144699097,-0.04173445701599121,0.0,-0.11996342440624197,"Node(id=27_15835_55, type=transcoder, layer=13, feature=15835, pos=55)",1
2,55,2440,lorsa,2,55,11309,transcoder,0.29157570004463196,0.0,-0.29157570004463196,0.0,-1.0,"Node(id=5_11309_55, type=transcoder, layer=2, feature=11309, pos=55)",1
0,23,13594,lorsa,2,55,11309,transcoder,0.29157570004463196,0.0,-0.29157570004463196,0.0,-1.0,"Node(id=5_11309_55, type=transcoder, layer=2, feature=11309, pos=55)",1
0,54,11163,transcoder,2,55,11309,transcoder,0.29157570004463196,0.0,-0.29157570004463196,0.0,-1.0,"Node(id=5_11309_55, type=transcoder, layer=2, feature=11309, pos=55)",1
1,55,8874,transcoder,2,55,11309,transcoder,0.29157570004463196,0.0,-0.29157570004463196,0.0,-1.0,"Node(id=5_11309_55, type=transcoder, layer=2, feature=11309, pos=55)",1
2,55,11309,transcoder,13,55,5819,transcoder,0.5956785082817078,0.476441890001297,-0.11923661828041077,0.0,-0.20016941457962,"Node(id=27_5819_55, type=transcoder, layer=13, feature=5819, pos=55)",1
1,23,7319,transcoder,2,55,11309,transcoder,0.29157570004463196,0.0,-0.29157570004463196,0.0,-1.0,"Node(id=5_11309_55, type=transcoder, layer=2, feature=11309, pos=55)",1
1,55,8260,lorsa,2,55,11309,transcoder,0.29157570004463196,0.0,-0.29157570004463196,0.0,-1.0,"Node(id=5_11309_55, type=transcoder, layer=2, feature=11309, pos=55)",1
1,55,16036,lorsa,2,55,11309,transcoder,0.29157570004463196,0.0,-0.29157570004463196,0.0,-1.0,"Node(id=5_11309_55, type=transcoder, layer=2, feature=11309, pos=55)",1
2,55,11309,transcoder,3,55,4439,transcoder,0.30011671781539917,0.0,-0.30011671781539917,0.0,-1.0,"Node(id=7_4439_55, type=transcoder, layer=3, feature=4439, pos=55)",1
0,55,4388,transcoder,2,55,11309,transcoder,0.29157570004463196,0.0,-0.29157570004463196,0.0,-1.0,"Node(id=5_11309_55, type=transcoder, layer=2, feature=11309, pos=55)",1
1,55,11918,lorsa,2,55,11309,transcoder,0.29157570004463196,0.0,-0.29157570004463196,0.0,-1.0,"Node(id=5_11309_55, type=transcoder, layer=2, feature=11309, pos=55)",1
2,55,11309,transcoder,13,55,7425,transcoder,0.6321931481361389,0.5156639218330383,-0.11652922630310059,0.0,-0.1843253547537765,"Node(id=27_7425_55, type=transcoder, layer=13, feature=7425, pos=55)",1
1,55,9145,lorsa,2,55,11309,transcoder,0.29157570004463196,0.0,-0.29157570004463196,0.0,-1.0,"Node(id=5_11309_55, type=transcoder, layer=2, feature=11309, pos=55)",1
1,23,1358,transcoder,2,55,11309,transcoder,0.29157570004463196,0.0,-0.29157570004463196,0.0,-1.0,"Node(id=5_11309_55, type=transcoder, layer=2, feature=11309, pos=55)",1
1,23,2090,transcoder,2,55,11309,transcoder,0.29157570004463196,0.0,-0.29157570004463196,0.0,-1.0,"Node(id=5_11309_55, type=transcoder, layer=2, feature=11309, pos=55)",1
0,6,8484,transcoder,2,55,11309,transcoder,0.29157570004463196,0.0,-0.29157570004463196,0.0,-1.0,"Node(id=5_11309_55, type=transcoder, layer=2, feature=11309, pos=55)",1
0,51,13740,lorsa,2,55,11309,transcoder,0.29157570004463196,0.0,-0.29157570004463196,0.0,-1.0,"Node(id=5_11309_55, type=transcoder, layer=2, feature=11309, pos=55)",1
2,55,11309,transcoder,14,55,1214,transcoder,0.7802796959877014,0.4682886600494385,-0.31199103593826294,0.0,-0.399845129307556,"Node(id=29_1214_55, type=transcoder, layer=14, feature=1214, pos=55)",1
1,55,2396,lorsa,2,55,11309,transcoder,0.29157570004463196,0.0,-0.29157570004463196,0.0,-1.0,"Node(id=5_11309_55, type=transcoder, layer=2, feature=11309, pos=55)",1
1,55,2413,lorsa,2,55,11309,transcoder,0.29157570004463196,0.0,-0.29157570004463196,0.0,-1.0,"Node(id=5_11309_55, type=transcoder, layer=2, feature=11309, pos=55)",1
1,55,10291,lorsa,2,55,11309,transcoder,0.29157570004463196,0.0,-0.29157570004463196,0.0,-1.0,"Node(id=5_11309_55, type=transcoder, layer=2, feature=11309, pos=55)",1
0,51,3106,transcoder,2,55,11309,transcoder,0.29157570004463196,0.0,-0.29157570004463196,0.0,-1.0,"Node(id=5_11309_55, type=transcoder, layer=2, feature=11309, pos=55)",1
2,55,11309,transcoder,5,55,13666,transcoder,0.33196818828582764,0.26100537180900574,-0.0709628164768219,0.0,-0.21376390564183298,"Node(id=11_13666_55, type=transcoder, layer=5, feature=13666, pos=55)",1
0,47,15638,transcoder,2,55,11309,transcoder,0.29157570004463196,0.0,-0.29157570004463196,0.0,-1.0,"Node(id=5_11309_55, type=transcoder, layer=2, feature=11309, pos=55)",1
0,39,6625,transcoder,2,55,11309,transcoder,0.29157570004463196,0.0,-0.29157570004463196,0.0,-1.0,"Node(id=5_11309_55, type=transcoder, layer=2, feature=11309, pos=55)",1
0,54,7232,transcoder,2,55,11309,transcoder,0.29157570004463196,0.0,-0.29157570004463196,0.0,-1.0,"Node(id=5_11309_55, type=transcoder, layer=2, feature=11309, pos=55)",1
2,55,11309,transcoder,10,55,3280,transcoder,0.24856069684028625,0.0,-0.24856069684028625,0.0,-1.0,"Node(id=21_3280_55, type=transcoder, layer=10, feature=3280, pos=55)",1
0,39,7176,lorsa,2,55,11309,transcoder,0.29157570004463196,0.0,-0.29157570004463196,0.0,-1.0,"Node(id=5_11309_55, type=transcoder, layer=2, feature=11309, pos=55)",1
0,54,8584,transcoder,2,55,11309,transcoder,0.29157570004463196,0.0,-0.29157570004463196,0.0,-1.0,"Node(id=5_11309_55, type=transcoder, layer=2, feature=11309, pos=55)",1
0,51,2952,transcoder,2,55,11309,transcoder,0.29157570004463196,0.0,-0.29157570004463196,0.0,-1.0,"Node(id=5_11309_55, type=transcoder, layer=2, feature=11309, pos=55)",1
0,6,1334,lorsa,2,55,11309,transcoder,0.29157570004463196,0.0,-0.29157570004463196,0.0,-1.0,"Node(id=5_11309_55, type=transcoder, layer=2, feature=11309, pos=55)",1
0,23,10079,lorsa,2,55,6076,lorsa,1.7181307077407837,1.4784762859344482,-0.23965442180633545,0.0,-0.13948555876838004,"Node(id=4_6076_55, type=lorsa, layer=2, feature=6076, pos=55)",1
0,23,10079,lorsa,14,55,15619,transcoder,1.2117552757263184,1.0528041124343872,-0.15895116329193115,0.0,-0.13117431091575552,"Node(id=29_15619_55, type=transcoder, layer=14, feature=15619, pos=55)",1
0,23,10079,lorsa,3,55,12206,lorsa,1.9337397813796997,1.411415457725525,-0.5223243236541748,0.0,-0.27011096771329945,"Node(id=6_12206_55, type=lorsa, layer=3, feature=12206, pos=55)",1
0,23,10079,lorsa,3,55,11167,transcoder,0.2644384503364563,0.19294649362564087,-0.07149195671081543,0.0,-0.2703538635166451,"Node(id=7_11167_55, type=transcoder, layer=3, feature=11167, pos=55)",1
0,23,10079,lorsa,1,55,12154,transcoder,0.19804225862026215,0.15452416241168976,-0.04351809620857239,0.0,-0.219741465845512,"Node(id=3_12154_55, type=transcoder, layer=1, feature=12154, pos=55)",1
0,23,10079,lorsa,2,55,2440,lorsa,1.7886356115341187,1.5132123231887817,-0.2754232883453369,0.0,-0.1539851306600708,"Node(id=4_2440_55, type=lorsa, layer=2, feature=2440, pos=55)",1
0,23,10079,lorsa,3,55,4439,transcoder,0.30011671781539917,0.25327610969543457,-0.0468406081199646,0.0,-0.15607463809722225,"Node(id=7_4439_55, type=transcoder, layer=3, feature=4439, pos=55)",1
0,23,10079,lorsa,2,55,2823,transcoder,0.23902328312397003,0.0,-0.23902328312397003,0.0,-1.0,"Node(id=5_2823_55, type=transcoder, layer=2, feature=2823, pos=55)",1
0,23,10079,lorsa,1,23,1358,transcoder,0.7991279363632202,0.623461127281189,-0.17566680908203125,0.0,-0.2198231360568867,"Node(id=3_1358_23, type=transcoder, layer=1, feature=1358, pos=23)",1
0,23,10079,lorsa,1,23,2090,transcoder,0.3347303867340088,0.18822845816612244,-0.14650192856788635,0.0,-0.4376714346053772,"Node(id=3_2090_23, type=transcoder, layer=1, feature=2090, pos=23)",1
0,23,10079,lorsa,1,54,14103,transcoder,0.2923813760280609,0.0,-0.2923813760280609,0.0,-1.0,"Node(id=3_14103_54, type=transcoder, layer=1, feature=14103, pos=54)",1
0,55,12836,transcoder,2,55,6076,lorsa,1.7181307077407837,0.8298895359039307,-0.888241171836853,0.0,-0.5169811399301659,"Node(id=4_6076_55, type=lorsa, layer=2, feature=6076, pos=55)",1
2,55,6076,lorsa,14,55,16044,lorsa,2.606524705886841,2.331068515777588,-0.27545619010925293,0.0,-0.10567948559518144,"Node(id=28_16044_55, type=lorsa, layer=14, feature=16044, pos=55)",1
1,55,8308,lorsa,2,55,6076,lorsa,1.7181307077407837,1.3692526817321777,-0.34887802600860596,0.0,-0.20305674325986237,"Node(id=4_6076_55, type=lorsa, layer=2, feature=6076, pos=55)",1
0,55,4945,transcoder,2,55,6076,lorsa,1.7181307077407837,1.4485218524932861,-0.26960885524749756,0.0,-0.15691987462468063,"Node(id=4_6076_55, type=lorsa, layer=2, feature=6076, pos=55)",1
1,55,7963,transcoder,2,55,6076,lorsa,1.7181307077407837,1.3809632062911987,-0.33716750144958496,0.0,-0.19624089129571265,"Node(id=4_6076_55, type=lorsa, layer=2, feature=6076, pos=55)",1
2,55,6076,lorsa,14,55,15619,transcoder,1.2117552757263184,1.0835721492767334,-0.12818312644958496,0.0,-0.10578301495139174,"Node(id=29_15619_55, type=transcoder, layer=14, feature=15619, pos=55)",1
0,55,6817,lorsa,2,55,6076,lorsa,1.7181307077407837,1.2869911193847656,-0.43113958835601807,0.0,-0.25093526727249704,"Node(id=4_6076_55, type=lorsa, layer=2, feature=6076, pos=55)",1
0,55,4151,lorsa,2,55,6076,lorsa,1.7181307077407837,1.1822093725204468,-0.5359213352203369,0.0,-0.31192116688551264,"Node(id=4_6076_55, type=lorsa, layer=2, feature=6076, pos=55)",1
2,55,6076,lorsa,13,55,3932,transcoder,0.7734141945838928,0.6640831828117371,-0.10933101177215576,0.0,-0.14136152728742885,"Node(id=27_3932_55, type=transcoder, layer=13, feature=3932, pos=55)",1
1,55,9198,lorsa,2,55,6076,lorsa,1.7181307077407837,1.4582889080047607,-0.25984179973602295,0.0,-0.15123517586022076,"Node(id=4_6076_55, type=lorsa, layer=2, feature=6076, pos=55)",1
2,55,6076,lorsa,8,55,9724,transcoder,0.20959925651550293,0.17151746153831482,-0.03808179497718811,0.0,-0.18168859761375825,"Node(id=17_9724_55, type=transcoder, layer=8, feature=9724, pos=55)",1
0,55,14602,lorsa,2,55,6076,lorsa,1.7181307077407837,1.4235435724258423,-0.2945871353149414,0.0,-0.17145793040524954,"Node(id=4_6076_55, type=lorsa, layer=2, feature=6076, pos=55)",1
2,55,6076,lorsa,3,55,11167,transcoder,0.2644384503364563,0.18393994867801666,-0.08049850165843964,0.0,-0.3044129987753973,"Node(id=7_11167_55, type=transcoder, layer=3, feature=11167, pos=55)",1
1,55,12154,transcoder,2,55,6076,lorsa,1.7181307077407837,1.5305362939834595,-0.18759441375732422,0.0,-0.10918518184451587,"Node(id=4_6076_55, type=lorsa, layer=2, feature=6076, pos=55)",1
2,55,6076,lorsa,2,55,5819,transcoder,0.7991868257522583,0.6059442758560181,-0.19324254989624023,0.0,-0.2417989682379273,"Node(id=5_5819_55, type=transcoder, layer=2, feature=5819, pos=55)",1
2,55,6076,lorsa,13,55,5819,transcoder,0.5956785082817078,0.4858425259590149,-0.10983598232269287,0.0,-0.184388022726429,"Node(id=27_5819_55, type=transcoder, layer=13, feature=5819, pos=55)",1
1,55,8260,lorsa,2,55,6076,lorsa,1.7181307077407837,1.5160768032073975,-0.20205390453338623,0.0,-0.11760100883073811,"Node(id=4_6076_55, type=lorsa, layer=2, feature=6076, pos=55)",1
2,55,6076,lorsa,7,54,3543,transcoder,0.46587416529655457,0.3977436125278473,-0.06813055276870728,0.0,-0.14624239299755637,"Node(id=15_3543_54, type=transcoder, layer=7, feature=3543, pos=54)",1
2,55,6076,lorsa,3,55,4439,transcoder,0.30011671781539917,0.24817822873592377,-0.0519384890794754,0.0,-0.17306096593866724,"Node(id=7_4439_55, type=transcoder, layer=3, feature=4439, pos=55)",1
2,55,6076,lorsa,2,55,2823,transcoder,0.23902328312397003,0.0,-0.23902328312397003,0.0,-1.0,"Node(id=5_2823_55, type=transcoder, layer=2, feature=2823, pos=55)",1
2,55,6076,lorsa,13,55,7425,transcoder,0.6321931481361389,0.5491464138031006,-0.08304673433303833,0.0,-0.13136291428953406,"Node(id=27_7425_55, type=transcoder, layer=13, feature=7425, pos=55)",1
2,55,6076,lorsa,4,54,3019,transcoder,0.2689710259437561,0.24068325757980347,-0.028287768363952637,0.0,-0.1051703181214315,"Node(id=9_3019_54, type=transcoder, layer=4, feature=3019, pos=54)",1
2,55,6076,lorsa,14,55,1214,transcoder,0.7802796959877014,0.5452590584754944,-0.23502063751220703,0.0,-0.30120050376898616,"Node(id=29_1214_55, type=transcoder, layer=14, feature=1214, pos=55)",1
0,55,12836,transcoder,14,55,16044,lorsa,2.606524705886841,2.1968672275543213,-0.40965747833251953,0.0,-0.15716615975567289,"Node(id=28_16044_55, type=lorsa, layer=14, feature=16044, pos=55)",1
0,55,12836,transcoder,1,55,8308,lorsa,1.5582549571990967,0.6682705879211426,-0.8899843692779541,0.0,-0.5711416897255804,"Node(id=2_8308_55, type=lorsa, layer=1, feature=8308, pos=55)",1
0,55,12836,transcoder,14,55,15619,transcoder,1.2117552757263184,1.0426455736160278,-0.16910970211029053,0.0,-0.1395576363461073,"Node(id=29_15619_55, type=transcoder, layer=14, feature=15619, pos=55)",1
0,55,12836,transcoder,2,55,13261,transcoder,0.6239655017852783,0.4986300468444824,-0.1253354549407959,0.0,-0.20086920604134118,"Node(id=5_13261_55, type=transcoder, layer=2, feature=13261, pos=55)",1
0,55,4151,lorsa,0,55,12836,transcoder,0.3047124743461609,0.2014816552400589,-0.10323081910610199,0.0,-0.3387810732974103,"Node(id=1_12836_55, type=transcoder, layer=0, feature=12836, pos=55)",1
0,55,12836,transcoder,13,55,3932,transcoder,0.7734141945838928,0.6026759743690491,-0.17073822021484375,0.0,-0.22075909830786491,"Node(id=27_3932_55, type=transcoder, layer=13, feature=3932, pos=55)",1
0,55,12836,transcoder,4,55,9914,transcoder,0.5230033993721008,0.4519318640232086,-0.07107153534889221,0.0,-0.13589115373670257,"Node(id=9_9914_55, type=transcoder, layer=4, feature=9914, pos=55)",1
0,55,12836,transcoder,4,55,16282,lorsa,1.991599440574646,1.7734638452529907,-0.21813559532165527,0.0,-0.10952784524719264,"Node(id=8_16282_55, type=lorsa, layer=4, feature=16282, pos=55)",1
0,55,12836,transcoder,7,55,13128,transcoder,0.5602725148200989,0.4703182876110077,-0.08995422720909119,0.0,-0.16055441741234638,"Node(id=15_13128_55, type=transcoder, layer=7, feature=13128, pos=55)",1
0,55,12836,transcoder,8,55,9724,transcoder,0.20959925651550293,0.16130009293556213,-0.048299163579940796,0.0,-0.2304357581362335,"Node(id=17_9724_55, type=transcoder, layer=8, feature=9724, pos=55)",1
0,55,14602,lorsa,0,55,12836,transcoder,0.3047124743461609,0.24405626952648163,-0.06065620481967926,0.0,-0.1990604583873134,"Node(id=1_12836_55, type=transcoder, layer=0, feature=12836, pos=55)",1
0,55,12836,transcoder,3,55,11167,transcoder,0.2644384503364563,0.0,-0.2644384503364563,0.0,-1.0,"Node(id=7_11167_55, type=transcoder, layer=3, feature=11167, pos=55)",1
0,55,12836,transcoder,1,55,12154,transcoder,0.19804225862026215,0.0,-0.19804225862026215,0.0,-1.0,"Node(id=3_12154_55, type=transcoder, layer=1, feature=12154, pos=55)",1
0,55,12046,lorsa,0,55,12836,transcoder,0.3047124743461609,0.16061480343341827,-0.14409767091274261,0.0,-0.4728971835562075,"Node(id=1_12836_55, type=transcoder, layer=0, feature=12836, pos=55)",1
0,55,12836,transcoder,13,55,15835,transcoder,0.3478931784629822,0.30449071526527405,-0.04340246319770813,0.0,-0.12475801735884395,"Node(id=27_15835_55, type=transcoder, layer=13, feature=15835, pos=55)",1
0,55,12836,transcoder,2,55,2440,lorsa,1.7886356115341187,1.5065261125564575,-0.28210949897766113,0.0,-0.15772329319536185,"Node(id=4_2440_55, type=lorsa, layer=2, feature=2440, pos=55)",1
0,55,12836,transcoder,2,55,5819,transcoder,0.7991868257522583,0.638439953327179,-0.16074687242507935,0.0,-0.20113804087520035,"Node(id=5_5819_55, type=transcoder, layer=2, feature=5819, pos=55)",1
0,55,12836,transcoder,13,55,5819,transcoder,0.5956785082817078,0.426517516374588,-0.16916099190711975,0.0,-0.28398035107071595,"Node(id=27_5819_55, type=transcoder, layer=13, feature=5819, pos=55)",1
0,55,12836,transcoder,1,55,8260,lorsa,1.92356276512146,0.9904658198356628,-0.9330969452857971,0.0,-0.4850878599882226,"Node(id=2_8260_55, type=lorsa, layer=1, feature=8260, pos=55)",1
0,55,12836,transcoder,2,54,12504,transcoder,0.6575953364372253,0.5833097100257874,-0.07428562641143799,0.0,-0.11296556148635242,"Node(id=5_12504_54, type=transcoder, layer=2, feature=12504, pos=54)",1
0,55,12836,transcoder,7,54,3543,transcoder,0.46587416529655457,0.3889092206954956,-0.07696494460105896,0.0,-0.16520543600451967,"Node(id=15_3543_54, type=transcoder, layer=7, feature=3543, pos=54)",1
0,55,12836,transcoder,3,55,4439,transcoder,0.30011671781539917,0.0,-0.30011671781539917,0.0,-1.0,"Node(id=7_4439_55, type=transcoder, layer=3, feature=4439, pos=55)",1
0,55,12836,transcoder,2,55,2823,transcoder,0.23902328312397003,0.0,-0.23902328312397003,0.0,-1.0,"Node(id=5_2823_55, type=transcoder, layer=2, feature=2823, pos=55)",1
0,55,12836,transcoder,13,55,7425,transcoder,0.6321931481361389,0.505927324295044,-0.12626582384109497,0.0,-0.19972665666079698,"Node(id=27_7425_55, type=transcoder, layer=13, feature=7425, pos=55)",1
0,55,12836,transcoder,4,54,3019,transcoder,0.2689710259437561,0.23444128036499023,-0.03452974557876587,0.0,-0.12837719400299386,"Node(id=9_3019_54, type=transcoder, layer=4, feature=3019, pos=54)",1
0,55,12836,transcoder,14,55,1214,transcoder,0.7802796959877014,0.4044070839881897,-0.3758726119995117,0.0,-0.48171522843961856,"Node(id=29_1214_55, type=transcoder, layer=14, feature=1214, pos=55)",1
0,55,12836,transcoder,3,54,6230,transcoder,0.7401818633079529,0.6084223389625549,-0.13175952434539795,0.0,-0.17800966340427524,"Node(id=7_6230_54, type=transcoder, layer=3, feature=6230, pos=54)",1
0,55,12836,transcoder,1,55,2396,lorsa,0.5269799828529358,0.0,-0.5269799828529358,0.0,-1.0,"Node(id=2_2396_55, type=lorsa, layer=1, feature=2396, pos=55)",1
0,55,12836,transcoder,4,55,15932,lorsa,2.069827079772949,1.6830989122390747,-0.3867281675338745,0.0,-0.18684080970488456,"Node(id=8_15932_55, type=lorsa, layer=4, feature=15932, pos=55)",1
0,55,12836,transcoder,1,54,14103,transcoder,0.2923813760280609,0.0,-0.2923813760280609,0.0,-1.0,"Node(id=3_14103_54, type=transcoder, layer=1, feature=14103, pos=54)",1
0,55,12836,transcoder,10,55,3280,transcoder,0.24856069684028625,0.0,-0.24856069684028625,0.0,-1.0,"Node(id=21_3280_55, type=transcoder, layer=10, feature=3280, pos=55)",1
0,55,12836,transcoder,1,55,6272,transcoder,0.3085007071495056,0.26339805126190186,-0.04510265588760376,0.0,-0.14619952188876542,"Node(id=3_6272_55, type=transcoder, layer=1, feature=6272, pos=55)",1
5,54,13299,transcoder,7,50,10753,transcoder,1.0690118074417114,0.8558599948883057,-0.21315181255340576,0.0,-0.19939144831665295,"Node(id=15_10753_50, type=transcoder, layer=7, feature=10753, pos=50)",1
6,50,7455,transcoder,7,50,10753,transcoder,1.0690118074417114,0.7771484851837158,-0.2918633222579956,0.0,-0.27302160764385164,"Node(id=15_10753_50, type=transcoder, layer=7, feature=10753, pos=50)",1
14,55,16044,lorsa,14,55,3391,transcoder,0.7034270167350769,0.5893405079841614,-0.11408650875091553,0.0,-0.16218670315001923,"Node(id=29_3391_55, type=transcoder, layer=14, feature=3391, pos=55)",1
11,55,2278,transcoder,14,55,16044,lorsa,2.606524705886841,2.0305075645446777,-0.5760171413421631,0.0,-0.220990478256825,"Node(id=28_16044_55, type=lorsa, layer=14, feature=16044, pos=55)",1
0,23,9251,lorsa,14,55,16044,lorsa,2.606524705886841,2.3200740814208984,-0.2864506244659424,0.0,-0.10989752900442229,"Node(id=28_16044_55, type=lorsa, layer=14, feature=16044, pos=55)",1
9,55,12225,transcoder,14,55,16044,lorsa,2.606524705886841,2.262340784072876,-0.34418392181396484,0.0,-0.13204705907318845,"Node(id=28_16044_55, type=lorsa, layer=14, feature=16044, pos=55)",1
2,6,13953,transcoder,14,55,16044,lorsa,2.606524705886841,2.2526795864105225,-0.35384511947631836,0.0,-0.13575360274819515,"Node(id=28_16044_55, type=lorsa, layer=14, feature=16044, pos=55)",1
9,63,13165,transcoder,14,55,16044,lorsa,2.606524705886841,2.0501718521118164,-0.5563528537750244,0.0,-0.2134462230565091,"Node(id=28_16044_55, type=lorsa, layer=14, feature=16044, pos=55)",1
13,55,7425,transcoder,14,55,16044,lorsa,2.606524705886841,2.341550827026367,-0.26497387886047363,0.0,-0.10165791955166573,"Node(id=28_16044_55, type=lorsa, layer=14, feature=16044, pos=55)",1
0,6,8484,transcoder,14,55,16044,lorsa,2.606524705886841,2.0850918292999268,-0.5214328765869141,0.0,-0.20004908275346747,"Node(id=28_16044_55, type=lorsa, layer=14, feature=16044, pos=55)",1
13,63,7466,transcoder,14,55,16044,lorsa,2.606524705886841,1.3204978704452515,-1.2860268354415894,0.0,-0.49338754876832563,"Node(id=28_16044_55, type=lorsa, layer=14, feature=16044, pos=55)",1
0,51,2952,transcoder,14,55,16044,lorsa,2.606524705886841,1.2358393669128418,-1.370685338973999,0.0,-0.5258670043979647,"Node(id=28_16044_55, type=lorsa, layer=14, feature=16044, pos=55)",1
12,23,15674,transcoder,14,55,15619,transcoder,1.2117552757263184,1.0567293167114258,-0.15502595901489258,0.0,-0.1279350394591606,"Node(id=29_15619_55, type=transcoder, layer=14, feature=15619, pos=55)",1
12,23,15674,transcoder,14,23,10814,transcoder,1.869791030883789,1.5379999876022339,-0.3317910432815552,0.0,-0.17744819490589192,"Node(id=29_10814_23, type=transcoder, layer=14, feature=10814, pos=23)",1
12,23,15674,transcoder,14,55,1214,transcoder,0.7802796959877014,0.6287245750427246,-0.1515551209449768,0.0,-0.19423178858080345,"Node(id=29_1214_55, type=transcoder, layer=14, feature=1214, pos=55)",1
12,23,15674,transcoder,14,23,11103,transcoder,1.1049634218215942,0.804553210735321,-0.3004102110862732,0.0,-0.27187344409195924,"Node(id=29_11103_23, type=transcoder, layer=14, feature=11103, pos=23)",1
1,55,8308,lorsa,2,55,13261,transcoder,0.6239655017852783,0.5039085745811462,-0.12005692720413208,0.0,-0.1924095592795234,"Node(id=5_13261_55, type=transcoder, layer=2, feature=13261, pos=55)",1
0,55,4151,lorsa,1,55,8308,lorsa,1.5582549571990967,1.345211386680603,-0.21304357051849365,0.0,-0.13671932794709749,"Node(id=2_8308_55, type=lorsa, layer=1, feature=8308, pos=55)",1
1,55,8308,lorsa,1,55,12154,transcoder,0.19804225862026215,0.1420072615146637,-0.05603499710559845,0.0,-0.28294464775340317,"Node(id=3_12154_55, type=transcoder, layer=1, feature=12154, pos=55)",1
1,55,8308,lorsa,2,55,2440,lorsa,1.7886356115341187,1.4224913120269775,-0.3661442995071411,0.0,-0.2047059206168315,"Node(id=4_2440_55, type=lorsa, layer=2, feature=2440, pos=55)",1
1,55,8308,lorsa,3,55,4439,transcoder,0.30011671781539917,0.2540085017681122,-0.04610821604728699,0.0,-0.15363428063227055,"Node(id=7_4439_55, type=transcoder, layer=3, feature=4439, pos=55)",1
1,55,8308,lorsa,14,55,1214,transcoder,0.7802796959877014,0.6839502453804016,-0.0963294506072998,0.0,-0.12345502657910777,"Node(id=29_1214_55, type=transcoder, layer=14, feature=1214, pos=55)",1
1,55,8308,lorsa,3,54,6230,transcoder,0.7401818633079529,0.6324689388275146,-0.10771292448043823,0.0,-0.14552224232982083,"Node(id=7_6230_54, type=transcoder, layer=3, feature=6230, pos=54)",1
1,55,8308,lorsa,4,55,15932,lorsa,2.069827079772949,1.7272975444793701,-0.3425295352935791,0.0,-0.16548702963686854,"Node(id=8_15932_55, type=lorsa, layer=4, feature=15932, pos=55)",1
1,55,8308,lorsa,1,55,6272,transcoder,0.3085007071495056,0.26666194200515747,-0.041838765144348145,0.0,-0.13561967339048026,"Node(id=3_6272_55, type=transcoder, layer=1, feature=6272, pos=55)",1
1,55,1824,transcoder,2,55,13261,transcoder,0.6239655017852783,0.5202468037605286,-0.10371869802474976,0.0,-0.1662250520709747,"Node(id=5_13261_55, type=transcoder, layer=2, feature=13261, pos=55)",1
1,55,1824,transcoder,13,55,3932,transcoder,0.7734141945838928,0.6959800124168396,-0.07743418216705322,0.0,-0.10011993923736277,"Node(id=27_3932_55, type=transcoder, layer=13, feature=3932, pos=55)",1
1,55,9198,lorsa,1,55,1824,transcoder,0.6892250180244446,0.5938026905059814,-0.09542232751846313,0.0,-0.13844872867786528,"Node(id=3_1824_55, type=transcoder, layer=1, feature=1824, pos=55)",1
1,55,1824,transcoder,8,55,9724,transcoder,0.20959925651550293,0.1827552169561386,-0.02684403955936432,0.0,-0.1280731621172464,"Node(id=17_9724_55, type=transcoder, layer=8, feature=9724, pos=55)",1
1,55,1824,transcoder,3,55,11167,transcoder,0.2644384503364563,0.21676957607269287,-0.04766887426376343,0.0,-0.18026453491582745,"Node(id=7_11167_55, type=transcoder, layer=3, feature=11167, pos=55)",1
1,55,1824,transcoder,2,55,5819,transcoder,0.7991868257522583,0.65407794713974,-0.1451088786125183,0.0,-0.18157065899569888,"Node(id=5_5819_55, type=transcoder, layer=2, feature=5819, pos=55)",1
1,55,1824,transcoder,13,55,5819,transcoder,0.5956785082817078,0.5288042426109314,-0.06687426567077637,0.0,-0.11226570161760854,"Node(id=27_5819_55, type=transcoder, layer=13, feature=5819, pos=55)",1
1,55,1824,transcoder,2,55,14393,transcoder,0.4859774708747864,0.41078412532806396,-0.07519334554672241,0.0,-0.15472599051015723,"Node(id=5_14393_55, type=transcoder, layer=2, feature=14393, pos=55)",1
1,55,1824,transcoder,3,55,4439,transcoder,0.30011671781539917,0.2634913921356201,-0.03662532567977905,0.0,-0.12203693931608026,"Node(id=7_4439_55, type=transcoder, layer=3, feature=4439, pos=55)",1
1,55,1824,transcoder,14,55,1214,transcoder,0.7802796959877014,0.6156715154647827,-0.1646081805229187,0.0,-0.2109604816956729,"Node(id=29_1214_55, type=transcoder, layer=14, feature=1214, pos=55)",1
1,55,1824,transcoder,3,54,6230,transcoder,0.7401818633079529,0.6381545662879944,-0.1020272970199585,0.0,-0.1378408497662824,"Node(id=7_6230_54, type=transcoder, layer=3, feature=6230, pos=54)",1
1,55,1824,transcoder,4,55,15932,lorsa,2.069827079772949,1.7523125410079956,-0.3175145387649536,0.0,-0.15340148066851245,"Node(id=8_15932_55, type=lorsa, layer=4, feature=15932, pos=55)",1
0,19,12801,transcoder,2,55,13261,transcoder,0.6239655017852783,0.5213766098022461,-0.10258889198303223,0.0,-0.16441436536075604,"Node(id=5_13261_55, type=transcoder, layer=2, feature=13261, pos=55)",1
0,19,12801,transcoder,2,55,2440,lorsa,1.7886356115341187,1.4135081768035889,-0.3751274347305298,0.0,-0.20972826008355147,"Node(id=4_2440_55, type=lorsa, layer=2, feature=2440, pos=55)",1
0,19,12801,transcoder,1,55,8260,lorsa,1.92356276512146,0.7164178490638733,-1.2071449160575867,0.0,-0.6275568117380166,"Node(id=2_8260_55, type=lorsa, layer=1, feature=8260, pos=55)",1
0,19,12801,transcoder,7,54,3543,transcoder,0.46587416529655457,0.3806845247745514,-0.08518964052200317,0.0,-0.18285976529257697,"Node(id=15_3543_54, type=transcoder, layer=7, feature=3543, pos=54)",1
0,19,12801,transcoder,2,55,2823,transcoder,0.23902328312397003,0.0,-0.23902328312397003,0.0,-1.0,"Node(id=5_2823_55, type=transcoder, layer=2, feature=2823, pos=55)",1
0,19,12801,transcoder,1,55,9786,transcoder,0.7136760354042053,0.6318309307098389,-0.08184510469436646,0.0,-0.114681032617288,"Node(id=3_9786_55, type=transcoder, layer=1, feature=9786, pos=55)",1
0,19,12801,transcoder,14,55,1214,transcoder,0.7802796959877014,0.6992750763893127,-0.08100461959838867,0.0,-0.1038148500017684,"Node(id=29_1214_55, type=transcoder, layer=14, feature=1214, pos=55)",1
0,19,12801,transcoder,1,54,14103,transcoder,0.2923813760280609,0.0,-0.2923813760280609,0.0,-1.0,"Node(id=3_14103_54, type=transcoder, layer=1, feature=14103, pos=54)",1
13,55,10331,transcoder,14,55,3391,transcoder,0.7034270167350769,0.6258811354637146,-0.0775458812713623,0.0,-0.11024012360413427,"Node(id=29_3391_55, type=transcoder, layer=14, feature=3391, pos=55)",1
0,51,2952,transcoder,14,55,3391,transcoder,0.7034270167350769,0.0,-0.7034270167350769,0.0,-1.0,"Node(id=29_3391_55, type=transcoder, layer=14, feature=3391, pos=55)",1
0,55,5178,lorsa,0,55,4945,transcoder,0.1812516152858734,0.0,-0.1812516152858734,0.0,-1.0,"Node(id=1_4945_55, type=transcoder, layer=0, feature=4945, pos=55)",1
0,55,6817,lorsa,0,55,4945,transcoder,0.1812516152858734,0.0,-0.1812516152858734,0.0,-1.0,"Node(id=1_4945_55, type=transcoder, layer=0, feature=4945, pos=55)",1
0,55,4945,transcoder,13,55,3932,transcoder,0.7734141945838928,0.6782081723213196,-0.09520602226257324,0.0,-0.12309836427788264,"Node(id=27_3932_55, type=transcoder, layer=13, feature=3932, pos=55)",1
0,55,5221,lorsa,0,55,4945,transcoder,0.1812516152858734,0.13547579944133759,-0.04577581584453583,0.0,-0.25255397460782547,"Node(id=1_4945_55, type=transcoder, layer=0, feature=4945, pos=55)",1
0,55,4945,transcoder,8,55,9724,transcoder,0.20959925651550293,0.17859871685504913,-0.031000539660453796,0.0,-0.1479038627131812,"Node(id=17_9724_55, type=transcoder, layer=8, feature=9724, pos=55)",1
0,55,4945,transcoder,3,55,11167,transcoder,0.2644384503364563,0.17433759570121765,-0.09010085463523865,0.0,-0.34072524067736554,"Node(id=7_11167_55, type=transcoder, layer=3, feature=11167, pos=55)",1
0,55,4945,transcoder,1,55,12154,transcoder,0.19804225862026215,0.0,-0.19804225862026215,0.0,-1.0,"Node(id=3_12154_55, type=transcoder, layer=1, feature=12154, pos=55)",1
0,55,4945,transcoder,13,55,5819,transcoder,0.5956785082817078,0.49815037846565247,-0.0975281298160553,0.0,-0.16372611813272334,"Node(id=27_5819_55, type=transcoder, layer=13, feature=5819, pos=55)",1
0,55,4945,transcoder,3,55,4439,transcoder,0.30011671781539917,0.2395939826965332,-0.06052273511886597,0.0,-0.2016639911279228,"Node(id=7_4439_55, type=transcoder, layer=3, feature=4439, pos=55)",1
0,55,4945,transcoder,2,55,2823,transcoder,0.23902328312397003,0.0,-0.23902328312397003,0.0,-1.0,"Node(id=5_2823_55, type=transcoder, layer=2, feature=2823, pos=55)",1
0,55,4945,transcoder,13,55,7425,transcoder,0.6321931481361389,0.5564568638801575,-0.07573628425598145,0.0,-0.11979928045609267,"Node(id=27_7425_55, type=transcoder, layer=13, feature=7425, pos=55)",1
0,55,4945,transcoder,14,55,1214,transcoder,0.7802796959877014,0.5665118098258972,-0.2137678861618042,0.0,-0.2739631535474089,"Node(id=29_1214_55, type=transcoder, layer=14, feature=1214, pos=55)",1
11,55,2278,transcoder,14,55,15619,transcoder,1.2117552757263184,0.9549972414970398,-0.25675803422927856,0.0,-0.21188934710878765,"Node(id=29_15619_55, type=transcoder, layer=14, feature=15619, pos=55)",1
11,55,2278,transcoder,13,55,3932,transcoder,0.7734141945838928,0.6377953290939331,-0.13561886548995972,0.0,-0.17535088758349526,"Node(id=27_3932_55, type=transcoder, layer=13, feature=3932, pos=55)",1
9,55,12666,transcoder,11,55,2278,transcoder,0.4227127730846405,0.37547460198402405,-0.047238171100616455,0.0,-0.11175004425796681,"Node(id=23_2278_55, type=transcoder, layer=11, feature=2278, pos=55)",1
9,55,12225,transcoder,11,55,2278,transcoder,0.4227127730846405,0.37676504254341125,-0.04594773054122925,0.0,-0.10869728446088156,"Node(id=23_2278_55, type=transcoder, layer=11, feature=2278, pos=55)",1
10,55,9278,transcoder,11,55,2278,transcoder,0.4227127730846405,0.37717220187187195,-0.045540571212768555,0.0,-0.1077340788177458,"Node(id=23_2278_55, type=transcoder, layer=11, feature=2278, pos=55)",1
2,6,13953,transcoder,11,55,2278,transcoder,0.4227127730846405,0.35769176483154297,-0.06502100825309753,0.0,-0.1538184138099803,"Node(id=23_2278_55, type=transcoder, layer=11, feature=2278, pos=55)",1
8,63,2167,transcoder,11,55,2278,transcoder,0.4227127730846405,0.35139626264572144,-0.07131651043891907,0.0,-0.16871151046254104,"Node(id=23_2278_55, type=transcoder, layer=11, feature=2278, pos=55)",1
9,63,13165,transcoder,11,55,2278,transcoder,0.4227127730846405,0.37878525257110596,-0.043927520513534546,0.0,-0.10391812907138924,"Node(id=23_2278_55, type=transcoder, layer=11, feature=2278, pos=55)",1
11,55,2278,transcoder,13,55,7425,transcoder,0.6321931481361389,0.47570183873176575,-0.15649130940437317,0.0,-0.24753718047363862,"Node(id=27_7425_55, type=transcoder, layer=13, feature=7425, pos=55)",1
0,6,8484,transcoder,11,55,2278,transcoder,0.4227127730846405,0.33554303646087646,-0.08716973662376404,0.0,-0.20621505233367976,"Node(id=23_2278_55, type=transcoder, layer=11, feature=2278, pos=55)",1
11,55,2278,transcoder,14,55,1214,transcoder,0.7802796959877014,0.498404324054718,-0.2818753719329834,0.0,-0.36124914358584853,"Node(id=29_1214_55, type=transcoder, layer=14, feature=1214, pos=55)",1
1,51,11331,transcoder,11,55,2278,transcoder,0.4227127730846405,0.370207816362381,-0.05250495672225952,0.0,-0.12420953438221836,"Node(id=23_2278_55, type=transcoder, layer=11, feature=2278, pos=55)",1
10,55,546,transcoder,11,55,2278,transcoder,0.4227127730846405,0.3800005614757538,-0.04271221160888672,0.0,-0.10104310616687795,"Node(id=23_2278_55, type=transcoder, layer=11, feature=2278, pos=55)",1
0,54,8584,transcoder,11,55,2278,transcoder,0.4227127730846405,0.37896114587783813,-0.04375162720680237,0.0,-0.10350202310551403,"Node(id=23_2278_55, type=transcoder, layer=11, feature=2278, pos=55)",1
0,51,2952,transcoder,11,55,2278,transcoder,0.4227127730846405,0.0,-0.4227127730846405,0.0,-1.0,"Node(id=23_2278_55, type=transcoder, layer=11, feature=2278, pos=55)",1
1,55,7963,transcoder,13,55,3932,transcoder,0.7734141945838928,0.6615862250328064,-0.11182796955108643,0.0,-0.1445900144246142,"Node(id=27_3932_55, type=transcoder, layer=13, feature=3932, pos=55)",1
1,55,7963,transcoder,4,55,9914,transcoder,0.5230033993721008,0.4582507014274597,-0.06475269794464111,0.0,-0.1238093251829355,"Node(id=9_9914_55, type=transcoder, layer=4, feature=9914, pos=55)",1
1,55,7963,transcoder,7,55,13128,transcoder,0.5602725148200989,0.4957389533519745,-0.06453356146812439,0.0,-0.11518245097003525,"Node(id=15_13128_55, type=transcoder, layer=7, feature=13128, pos=55)",1
1,55,7963,transcoder,8,55,9724,transcoder,0.20959925651550293,0.17481014132499695,-0.03478911519050598,0.0,-0.16597919176269987,"Node(id=17_9724_55, type=transcoder, layer=8, feature=9724, pos=55)",1
1,55,7963,transcoder,3,55,11167,transcoder,0.2644384503364563,0.18314844369888306,-0.08129000663757324,0.0,-0.3074061526761502,"Node(id=7_11167_55, type=transcoder, layer=3, feature=11167, pos=55)",1
1,55,7963,transcoder,2,55,5819,transcoder,0.7991868257522583,0.7082794904708862,-0.09090733528137207,0.0,-0.11374979210374601,"Node(id=5_5819_55, type=transcoder, layer=2, feature=5819, pos=55)",1
1,55,7963,transcoder,13,55,5819,transcoder,0.5956785082817078,0.490782231092453,-0.10489627718925476,0.0,-0.17609545372358357,"Node(id=27_5819_55, type=transcoder, layer=13, feature=5819, pos=55)",1
1,55,7963,transcoder,3,55,4439,transcoder,0.30011671781539917,0.2533595860004425,-0.046757131814956665,0.0,-0.1557964919625598,"Node(id=7_4439_55, type=transcoder, layer=3, feature=4439, pos=55)",1
1,55,7963,transcoder,13,55,7425,transcoder,0.6321931481361389,0.55258709192276,-0.0796060562133789,0.0,-0.125920466629664,"Node(id=27_7425_55, type=transcoder, layer=13, feature=7425, pos=55)",1
1,55,7963,transcoder,14,55,1214,transcoder,0.7802796959877014,0.5797538757324219,-0.20052582025527954,0.0,-0.25699223148623385,"Node(id=29_1214_55, type=transcoder, layer=14, feature=1214, pos=55)",1
1,55,7963,transcoder,3,54,6230,transcoder,0.7401818633079529,0.5469669699668884,-0.19321489334106445,0.0,-0.2610370544308748,"Node(id=7_6230_54, type=transcoder, layer=3, feature=6230, pos=54)",1
1,55,7963,transcoder,4,55,15932,lorsa,2.069827079772949,1.665919303894043,-0.40390777587890625,0.0,-0.19514083076119243,"Node(id=8_15932_55, type=lorsa, layer=4, feature=15932, pos=55)",1
0,51,2952,transcoder,1,55,7963,transcoder,0.6885604858398438,0.6064075231552124,-0.08215296268463135,0.0,-0.11931117799248762,"Node(id=3_7963_55, type=transcoder, layer=1, feature=7963, pos=55)",1
2,23,12879,lorsa,14,55,15619,transcoder,1.2117552757263184,1.0816928148269653,-0.13006246089935303,0.0,-0.10733393409110137,"Node(id=29_15619_55, type=transcoder, layer=14, feature=15619, pos=55)",1
2,23,12879,lorsa,3,55,12206,lorsa,1.9337397813796997,1.6248518228530884,-0.30888795852661133,0.0,-0.1597360521311836,"Node(id=6_12206_55, type=lorsa, layer=3, feature=12206, pos=55)",1
2,23,12879,lorsa,8,55,9724,transcoder,0.20959925651550293,0.18518516421318054,-0.024414092302322388,0.0,-0.1164798611798349,"Node(id=17_9724_55, type=transcoder, layer=8, feature=9724, pos=55)",1
2,23,12879,lorsa,3,55,11167,transcoder,0.2644384503364563,0.2013489007949829,-0.06308954954147339,0.0,-0.2385793346663538,"Node(id=7_11167_55, type=transcoder, layer=3, feature=11167, pos=55)",1
2,23,12879,lorsa,4,55,9531,transcoder,0.5060067176818848,0.45535579323768616,-0.05065092444419861,0.0,-0.10009931227047805,"Node(id=9_9531_55, type=transcoder, layer=4, feature=9531, pos=55)",1
2,23,12879,lorsa,14,55,1214,transcoder,0.7802796959877014,0.6102349162101746,-0.17004477977752686,0.0,-0.21792798230162722,"Node(id=29_1214_55, type=transcoder, layer=14, feature=1214, pos=55)",1
2,23,12879,lorsa,5,55,13666,transcoder,0.33196818828582764,0.2701641917228699,-0.061803996562957764,0.0,-0.18617445509490796,"Node(id=11_13666_55, type=transcoder, layer=5, feature=13666, pos=55)",1
2,6,13953,transcoder,8,1,11854,transcoder,18.707630157470703,16.597116470336914,-2.110513687133789,0.0,-0.11281566234571816,"Node(id=17_11854_1, type=transcoder, layer=8, feature=11854, pos=1)",1
0,6,8484,transcoder,8,1,11854,transcoder,18.707630157470703,15.555839538574219,-3.1517906188964844,0.0,-0.16847620956617257,"Node(id=17_11854_1, type=transcoder, layer=8, feature=11854, pos=1)",1
0,51,2952,transcoder,8,1,11854,transcoder,18.707630157470703,11.641465187072754,-7.066164970397949,0.0,-0.3777156652616498,"Node(id=17_11854_1, type=transcoder, layer=8, feature=11854, pos=1)",1
8,1,11854,transcoder,10,2,10273,transcoder,24.12562370300293,20.554019927978516,-3.571603775024414,0.0,-0.14804192500854826,"Node(id=21_10273_2, type=transcoder, layer=10, feature=10273, pos=2)",1
3,55,12206,lorsa,14,55,15619,transcoder,1.2117552757263184,1.0709677934646606,-0.14078748226165771,0.0,-0.11618474875405069,"Node(id=29_15619_55, type=transcoder, layer=14, feature=15619, pos=55)",1
13,55,3932,transcoder,14,55,15619,transcoder,1.2117552757263184,1.0109132528305054,-0.200842022895813,0.0,-0.16574470680594278,"Node(id=29_15619_55, type=transcoder, layer=14, feature=15619, pos=55)",1
1,6,13953,transcoder,14,55,15619,transcoder,1.2117552757263184,1.0232290029525757,-0.18852627277374268,0.0,-0.1555811446009519,"Node(id=29_15619_55, type=transcoder, layer=14, feature=15619, pos=55)",1
1,23,6844,transcoder,14,55,15619,transcoder,1.2117552757263184,1.0629435777664185,-0.1488116979598999,0.0,-0.12280672586360569,"Node(id=29_15619_55, type=transcoder, layer=14, feature=15619, pos=55)",1
5,54,13299,transcoder,14,55,15619,transcoder,1.2117552757263184,1.0698822736740112,-0.14187300205230713,0.0,-0.11708057302846844,"Node(id=29_15619_55, type=transcoder, layer=14, feature=15619, pos=55)",1
0,23,9251,lorsa,14,55,15619,transcoder,1.2117552757263184,1.071540117263794,-0.14021515846252441,0.0,-0.1157124390306288,"Node(id=29_15619_55, type=transcoder, layer=14, feature=15619, pos=55)",1
4,55,9531,transcoder,14,55,15619,transcoder,1.2117552757263184,1.0598180294036865,-0.15193724632263184,0.0,-0.12538608196408438,"Node(id=29_15619_55, type=transcoder, layer=14, feature=15619, pos=55)",1
2,6,13953,transcoder,14,55,15619,transcoder,1.2117552757263184,0.9992825388908386,-0.21247273683547974,0.0,-0.1753429434900747,"Node(id=29_15619_55, type=transcoder, layer=14, feature=15619, pos=55)",1
0,6,8484,transcoder,14,55,15619,transcoder,1.2117552757263184,0.9553214311599731,-0.2564338445663452,0.0,-0.2116218098680366,"Node(id=29_15619_55, type=transcoder, layer=14, feature=15619, pos=55)",1
5,55,13666,transcoder,14,55,15619,transcoder,1.2117552757263184,1.0868263244628906,-0.12492895126342773,0.0,-0.10309750967541373,"Node(id=29_15619_55, type=transcoder, layer=14, feature=15619, pos=55)",1
4,6,2640,transcoder,14,55,15619,transcoder,1.2117552757263184,1.0884943008422852,-0.1232609748840332,0.0,-0.10172101360165431,"Node(id=29_15619_55, type=transcoder, layer=14, feature=15619, pos=55)",1
0,54,8584,transcoder,14,55,15619,transcoder,1.2117552757263184,1.06918466091156,-0.1425706148147583,0.0,-0.11765627736120429,"Node(id=29_15619_55, type=transcoder, layer=14, feature=15619, pos=55)",1
0,51,2952,transcoder,14,55,15619,transcoder,1.2117552757263184,0.0,-1.2117552757263184,0.0,-1.0,"Node(id=29_15619_55, type=transcoder, layer=14, feature=15619, pos=55)",1
3,55,12206,lorsa,13,55,3932,transcoder,0.7734141945838928,0.6820241212844849,-0.09139007329940796,0.0,-0.11816446341352325,"Node(id=27_3932_55, type=transcoder, layer=13, feature=3932, pos=55)",1
1,23,9682,lorsa,3,55,12206,lorsa,1.9337397813796997,1.4787098169326782,-0.4550299644470215,0.0,-0.23531085662537446,"Node(id=6_12206_55, type=lorsa, layer=3, feature=12206, pos=55)",1
3,55,12206,lorsa,8,55,9724,transcoder,0.20959925651550293,0.17614606022834778,-0.03345319628715515,0.0,-0.1596055102642065,"Node(id=17_9724_55, type=transcoder, layer=8, feature=9724, pos=55)",1
3,55,12206,lorsa,3,55,11167,transcoder,0.2644384503364563,0.20227165520191193,-0.06216679513454437,0.0,-0.23508984814971845,"Node(id=7_11167_55, type=transcoder, layer=3, feature=11167, pos=55)",1
3,55,12206,lorsa,13,55,5819,transcoder,0.5956785082817078,0.5124464631080627,-0.08323204517364502,0.0,-0.13972645313952303,"Node(id=27_5819_55, type=transcoder, layer=13, feature=5819, pos=55)",1
3,55,12206,lorsa,3,55,4439,transcoder,0.30011671781539917,0.2501988410949707,-0.04991787672042847,0.0,-0.16632821085006266,"Node(id=7_4439_55, type=transcoder, layer=3, feature=4439, pos=55)",1
3,55,12206,lorsa,13,55,7425,transcoder,0.6321931481361389,0.555092990398407,-0.07710015773773193,0.0,-0.12195664879482195,"Node(id=27_7425_55, type=transcoder, layer=13, feature=7425, pos=55)",1
1,23,2090,transcoder,3,55,12206,lorsa,1.9337397813796997,1.6571762561798096,-0.27656352519989014,0.0,-0.14302003189000198,"Node(id=6_12206_55, type=lorsa, layer=3, feature=12206, pos=55)",1
3,55,12206,lorsa,14,55,1214,transcoder,0.7802796959877014,0.5757774710655212,-0.20450222492218018,0.0,-0.26208835879461806,"Node(id=29_1214_55, type=transcoder, layer=14, feature=1214, pos=55)",1
1,51,11331,transcoder,3,55,12206,lorsa,1.9337397813796997,1.5665957927703857,-0.36714398860931396,0.0,-0.1898621480225024,"Node(id=6_12206_55, type=lorsa, layer=3, feature=12206, pos=55)",1
3,55,12206,lorsa,5,55,13666,transcoder,0.33196818828582764,0.2935754954814911,-0.03839269280433655,0.0,-0.11565172254179996,"Node(id=11_13666_55, type=transcoder, layer=5, feature=13666, pos=55)",1
1,51,11218,transcoder,3,55,12206,lorsa,1.9337397813796997,1.6324608325958252,-0.3012789487838745,0.0,-0.1558011846707294,"Node(id=6_12206_55, type=lorsa, layer=3, feature=12206, pos=55)",1
0,51,2952,transcoder,3,55,12206,lorsa,1.9337397813796997,0.0,-1.9337397813796997,0.0,-1.0,"Node(id=6_12206_55, type=lorsa, layer=3, feature=12206, pos=55)",1
0,55,5178,lorsa,3,55,11167,transcoder,0.2644384503364563,0.20595529675483704,-0.05848315358161926,0.0,-0.22115979543522757,"Node(id=7_11167_55, type=transcoder, layer=3, feature=11167, pos=55)",1
0,55,5178,lorsa,1,55,12154,transcoder,0.19804225862026215,0.14172163605690002,-0.05632062256336212,0.0,-0.28438689275582635,"Node(id=3_12154_55, type=transcoder, layer=1, feature=12154, pos=55)",1
0,55,5178,lorsa,3,55,4439,transcoder,0.30011671781539917,0.263892263174057,-0.03622445464134216,0.0,-0.12070122219457201,"Node(id=7_4439_55, type=transcoder, layer=3, feature=4439, pos=55)",1
0,55,5178,lorsa,2,55,2823,transcoder,0.23902328312397003,0.0,-0.23902328312397003,0.0,-1.0,"Node(id=5_2823_55, type=transcoder, layer=2, feature=2823, pos=55)",1
0,55,5178,lorsa,14,55,1214,transcoder,0.7802796959877014,0.6612088680267334,-0.11907082796096802,0.0,-0.15260018756510715,"Node(id=29_1214_55, type=transcoder, layer=14, feature=1214, pos=55)",1
0,55,6817,lorsa,3,55,11167,transcoder,0.2644384503364563,0.17775796353816986,-0.08668048679828644,0.0,-0.32779078340536016,"Node(id=7_11167_55, type=transcoder, layer=3, feature=11167, pos=55)",1
0,55,6817,lorsa,1,55,12154,transcoder,0.19804225862026215,0.0,-0.19804225862026215,0.0,-1.0,"Node(id=3_12154_55, type=transcoder, layer=1, feature=12154, pos=55)",1
0,55,6817,lorsa,4,55,9531,transcoder,0.5060067176818848,0.45021331310272217,-0.0557934045791626,0.0,-0.1102621815670018,"Node(id=9_9531_55, type=transcoder, layer=4, feature=9531, pos=55)",1
0,55,6817,lorsa,13,55,5819,transcoder,0.5956785082817078,0.5129094123840332,-0.08276909589767456,0.0,-0.13894927338646146,"Node(id=27_5819_55, type=transcoder, layer=13, feature=5819, pos=55)",1
0,55,6817,lorsa,7,54,3543,transcoder,0.46587416529655457,0.40954044461250305,-0.056333720684051514,0.0,-0.12092046496759913,"Node(id=15_3543_54, type=transcoder, layer=7, feature=3543, pos=54)",1
0,55,6817,lorsa,3,55,4439,transcoder,0.30011671781539917,0.25337138772010803,-0.04674533009529114,0.0,-0.15575716819628835,"Node(id=7_4439_55, type=transcoder, layer=3, feature=4439, pos=55)",1
0,55,6817,lorsa,2,55,2823,transcoder,0.23902328312397003,0.0,-0.23902328312397003,0.0,-1.0,"Node(id=5_2823_55, type=transcoder, layer=2, feature=2823, pos=55)",1
0,55,6817,lorsa,14,55,1214,transcoder,0.7802796959877014,0.6113825440406799,-0.16889715194702148,0.0,-0.2164571919729712,"Node(id=29_1214_55, type=transcoder, layer=14, feature=1214, pos=55)",1
0,55,6817,lorsa,1,54,14103,transcoder,0.2923813760280609,0.0,-0.2923813760280609,0.0,-1.0,"Node(id=3_14103_54, type=transcoder, layer=1, feature=14103, pos=54)",1
0,55,4151,lorsa,2,55,13261,transcoder,0.6239655017852783,0.549549400806427,-0.07441610097885132,0.0,-0.11926316561722303,"Node(id=5_13261_55, type=transcoder, layer=2, feature=13261, pos=55)",1
2,55,13261,transcoder,8,55,9724,transcoder,0.20959925651550293,0.18075892329216003,-0.028840333223342896,0.0,-0.13759749773353672,"Node(id=17_9724_55, type=transcoder, layer=8, feature=9724, pos=55)",1
2,55,13261,transcoder,3,55,11167,transcoder,0.2644384503364563,0.22970247268676758,-0.03473597764968872,0.0,-0.13135751478460359,"Node(id=7_11167_55, type=transcoder, layer=3, feature=11167, pos=55)",1
1,55,12154,transcoder,2,55,13261,transcoder,0.6239655017852783,0.5598044395446777,-0.06416106224060059,0.0,-0.10282790003137059,"Node(id=5_13261_55, type=transcoder, layer=2, feature=13261, pos=55)",1
0,55,12046,lorsa,2,55,13261,transcoder,0.6239655017852783,0.5560884475708008,-0.06787705421447754,0.0,-0.10878334462445279,"Node(id=5_13261_55, type=transcoder, layer=2, feature=13261, pos=55)",1
2,55,2440,lorsa,2,55,13261,transcoder,0.6239655017852783,0.5477496981620789,-0.07621580362319946,0.0,-0.12214746393050938,"Node(id=5_13261_55, type=transcoder, layer=2, feature=13261, pos=55)",1
2,55,13261,transcoder,13,55,5819,transcoder,0.5956785082817078,0.5182039737701416,-0.07747453451156616,0.0,-0.13006098664705723,"Node(id=27_5819_55, type=transcoder, layer=13, feature=5819, pos=55)",1
1,55,8260,lorsa,2,55,13261,transcoder,0.6239655017852783,0.55858314037323,-0.06538236141204834,0.0,-0.1047852184535484,"Node(id=5_13261_55, type=transcoder, layer=2, feature=13261, pos=55)",1
2,55,13261,transcoder,13,55,7425,transcoder,0.6321931481361389,0.5635578036308289,-0.06863534450531006,0.0,-0.10856704902238178,"Node(id=27_7425_55, type=transcoder, layer=13, feature=7425, pos=55)",1
2,55,13261,transcoder,14,55,1214,transcoder,0.7802796959877014,0.6190918684005737,-0.16118782758712769,0.0,-0.20657698568343663,"Node(id=29_1214_55, type=transcoder, layer=14, feature=1214, pos=55)",1
0,54,8584,transcoder,2,55,13261,transcoder,0.6239655017852783,0.5596365928649902,-0.06432890892028809,0.0,-0.10309689996679532,"Node(id=5_13261_55, type=transcoder, layer=2, feature=13261, pos=55)",1
0,55,4151,lorsa,13,55,3932,transcoder,0.7734141945838928,0.6875725984573364,-0.0858415961265564,0.0,-0.11099045857664963,"Node(id=27_3932_55, type=transcoder, layer=13, feature=3932, pos=55)",1
0,55,4151,lorsa,8,55,9724,transcoder,0.20959925651550293,0.1842055469751358,-0.025393709540367126,0.0,-0.1211536241231318,"Node(id=17_9724_55, type=transcoder, layer=8, feature=9724, pos=55)",1
0,55,4151,lorsa,3,55,11167,transcoder,0.2644384503364563,0.16082771122455597,-0.10361073911190033,0.0,-0.3918141971414217,"Node(id=7_11167_55, type=transcoder, layer=3, feature=11167, pos=55)",1
0,55,4151,lorsa,1,55,12154,transcoder,0.19804225862026215,0.0,-0.19804225862026215,0.0,-1.0,"Node(id=3_12154_55, type=transcoder, layer=1, feature=12154, pos=55)",1
0,55,4151,lorsa,13,55,5819,transcoder,0.5956785082817078,0.5044431686401367,-0.09123533964157104,0.0,-0.15316204693157087,"Node(id=27_5819_55, type=transcoder, layer=13, feature=5819, pos=55)",1
0,55,4151,lorsa,1,55,8260,lorsa,1.92356276512146,1.6281906366348267,-0.2953721284866333,0.0,-0.15355471307845917,"Node(id=2_8260_55, type=lorsa, layer=1, feature=8260, pos=55)",1
0,55,4151,lorsa,7,54,3543,transcoder,0.46587416529655457,0.4126602113246918,-0.05321395397186279,0.0,-0.1142238783255757,"Node(id=15_3543_54, type=transcoder, layer=7, feature=3543, pos=54)",1
0,55,4151,lorsa,3,55,4439,transcoder,0.30011671781539917,0.2261473387479782,-0.07396937906742096,0.0,-0.2464687059283358,"Node(id=7_4439_55, type=transcoder, layer=3, feature=4439, pos=55)",1
0,55,4151,lorsa,2,55,2823,transcoder,0.23902328312397003,0.0,-0.23902328312397003,0.0,-1.0,"Node(id=5_2823_55, type=transcoder, layer=2, feature=2823, pos=55)",1
0,55,4151,lorsa,13,55,7425,transcoder,0.6321931481361389,0.5670518279075623,-0.06514132022857666,0.0,-0.10304021867467136,"Node(id=27_7425_55, type=transcoder, layer=13, feature=7425, pos=55)",1
0,55,4151,lorsa,14,55,1214,transcoder,0.7802796959877014,0.5842012763023376,-0.19607841968536377,0.0,-0.25129247972698027,"Node(id=29_1214_55, type=transcoder, layer=14, feature=1214, pos=55)",1
0,55,4151,lorsa,3,54,6230,transcoder,0.7401818633079529,0.6567583084106445,-0.08342355489730835,0.0,-0.1127068346750344,"Node(id=7_6230_54, type=transcoder, layer=3, feature=6230, pos=54)",1
0,55,4151,lorsa,1,55,2396,lorsa,0.5269799828529358,0.0,-0.5269799828529358,0.0,-1.0,"Node(id=2_2396_55, type=lorsa, layer=1, feature=2396, pos=55)",1
0,55,4151,lorsa,4,55,15932,lorsa,2.069827079772949,1.8251234292984009,-0.24470365047454834,0.0,-0.11822419991789422,"Node(id=8_15932_55, type=lorsa, layer=4, feature=15932, pos=55)",1
0,55,4151,lorsa,1,54,14103,transcoder,0.2923813760280609,0.0,-0.2923813760280609,0.0,-1.0,"Node(id=3_14103_54, type=transcoder, layer=1, feature=14103, pos=54)",1
1,23,6844,transcoder,13,55,3932,transcoder,0.7734141945838928,0.690966010093689,-0.08244818449020386,0.0,-0.10660288506155759,"Node(id=27_3932_55, type=transcoder, layer=13, feature=3932, pos=55)",1
1,55,15014,lorsa,13,55,3932,transcoder,0.7734141945838928,0.6911163330078125,-0.08229786157608032,0.0,-0.10640852230590062,"Node(id=27_3932_55, type=transcoder, layer=13, feature=3932, pos=55)",1
6,55,15671,transcoder,13,55,3932,transcoder,0.7734141945838928,0.6931741237640381,-0.08024007081985474,0.0,-0.10374786418682808,"Node(id=27_3932_55, type=transcoder, layer=13, feature=3932, pos=55)",1
7,55,13128,transcoder,13,55,3932,transcoder,0.7734141945838928,0.6928127408027649,-0.08060145378112793,0.0,-0.10421512088292172,"Node(id=27_3932_55, type=transcoder, layer=13, feature=3932, pos=55)",1
0,23,9251,lorsa,13,55,3932,transcoder,0.7734141945838928,0.6732469201087952,-0.10016727447509766,0.0,-0.12951310588369663,"Node(id=27_3932_55, type=transcoder, layer=13, feature=3932, pos=55)",1
12,55,6669,transcoder,13,55,3932,transcoder,0.7734141945838928,0.6526567935943604,-0.12075740098953247,0.0,-0.1561354857916741,"Node(id=27_3932_55, type=transcoder, layer=13, feature=3932, pos=55)",1
10,55,11535,transcoder,13,55,3932,transcoder,0.7734141945838928,0.6765235066413879,-0.09689068794250488,0.0,-0.12527658351891688,"Node(id=27_3932_55, type=transcoder, layer=13, feature=3932, pos=55)",1
9,55,12225,transcoder,13,55,3932,transcoder,0.7734141945838928,0.6789854168891907,-0.09442877769470215,0.0,-0.12209341172682522,"Node(id=27_3932_55, type=transcoder, layer=13, feature=3932, pos=55)",1
2,6,13953,transcoder,13,55,3932,transcoder,0.7734141945838928,0.5377224087715149,-0.23569178581237793,0.0,-0.3047419965432407,"Node(id=27_3932_55, type=transcoder, layer=13, feature=3932, pos=55)",1
0,6,8484,transcoder,13,55,3932,transcoder,0.7734141945838928,0.44968587160110474,-0.3237283229827881,0.0,-0.41857044420675293,"Node(id=27_3932_55, type=transcoder, layer=13, feature=3932, pos=55)",1
13,55,3932,transcoder,14,55,1214,transcoder,0.7802796959877014,0.572223961353302,-0.20805573463439941,0.0,-0.2666425074293856,"Node(id=29_1214_55, type=transcoder, layer=14, feature=1214, pos=55)",1
0,39,7176,lorsa,13,55,3932,transcoder,0.7734141945838928,0.6804372668266296,-0.09297692775726318,0.0,-0.12021621584962766,"Node(id=27_3932_55, type=transcoder, layer=13, feature=3932, pos=55)",1
9,55,12666,transcoder,13,55,15835,transcoder,0.3478931784629822,0.2940913736820221,-0.05380180478096008,0.0,-0.15465035853436518,"Node(id=27_15835_55, type=transcoder, layer=13, feature=15835, pos=55)",1
9,55,12666,transcoder,10,55,11535,transcoder,0.6737499833106995,0.5917345881462097,-0.08201539516448975,0.0,-0.12172971754519271,"Node(id=21_11535_55, type=transcoder, layer=10, feature=11535, pos=55)",1
9,55,12666,transcoder,13,55,5819,transcoder,0.5956785082817078,0.5315229892730713,-0.06415551900863647,0.0,-0.1077015841879192,"Node(id=27_5819_55, type=transcoder, layer=13, feature=5819, pos=55)",1
8,55,8745,transcoder,9,55,12666,transcoder,0.6803210973739624,0.6017100214958191,-0.07861107587814331,0.0,-0.11554996042542537,"Node(id=19_12666_55, type=transcoder, layer=9, feature=12666, pos=55)",1
9,55,12666,transcoder,14,55,1214,transcoder,0.7802796959877014,0.5770764946937561,-0.2032032012939453,0.0,-0.2604235408646955,"Node(id=29_1214_55, type=transcoder, layer=14, feature=1214, pos=55)",1
0,51,2952,transcoder,9,55,12666,transcoder,0.6803210973739624,0.5327193737030029,-0.14760172367095947,0.0,-0.21695890990401698,"Node(id=19_12666_55, type=transcoder, layer=9, feature=12666, pos=55)",1
6,55,15671,transcoder,7,55,14502,lorsa,2.268876075744629,1.8326627016067505,-0.4362133741378784,0.0,-0.19225967376588265,"Node(id=14_14502_55, type=lorsa, layer=7, feature=14502, pos=55)",1
7,55,14502,lorsa,12,55,11739,transcoder,0.2567141354084015,0.230817049741745,-0.025897085666656494,0.0,-0.10087907946890937,"Node(id=25_11739_55, type=transcoder, layer=12, feature=11739, pos=55)",1
0,51,2952,transcoder,7,55,14502,lorsa,2.268876075744629,1.5606683492660522,-0.7082077264785767,0.0,-0.3121403297648806,"Node(id=14_14502_55, type=lorsa, layer=7, feature=14502, pos=55)",1
1,6,13953,transcoder,3,55,11167,transcoder,0.2644384503364563,0.23360031843185425,-0.03083813190460205,0.0,-0.11661742785652156,"Node(id=7_11167_55, type=transcoder, layer=3, feature=11167, pos=55)",1
1,6,13953,transcoder,8,2,11854,transcoder,15.785051345825195,14.105785369873047,-1.6792659759521484,0.0,-0.10638330779939326,"Node(id=17_11854_2, type=transcoder, layer=8, feature=11854, pos=2)",1
1,6,13953,transcoder,13,55,5819,transcoder,0.5956785082817078,0.5153250098228455,-0.0803534984588623,0.0,-0.13489407010947857,"Node(id=27_5819_55, type=transcoder, layer=13, feature=5819, pos=55)",1
1,6,13953,transcoder,3,6,1991,transcoder,2.446690320968628,0.2780870497226715,-2.1686032712459564,0.0,-0.8863415417393,"Node(id=7_1991_6, type=transcoder, layer=3, feature=1991, pos=6)",1
1,6,13953,transcoder,2,55,2823,transcoder,0.23902328312397003,0.0,-0.23902328312397003,0.0,-1.0,"Node(id=5_2823_55, type=transcoder, layer=2, feature=2823, pos=55)",1
1,6,13953,transcoder,2,6,13953,transcoder,1.7135149240493774,0.2666970491409302,-1.4468178749084473,0.0,-0.8443567398230347,"Node(id=5_13953_6, type=transcoder, layer=2, feature=13953, pos=6)",1
0,6,8484,transcoder,1,6,13953,transcoder,2.1033570766448975,0.0,-2.1033570766448975,0.0,-1.0,"Node(id=3_13953_6, type=transcoder, layer=1, feature=13953, pos=6)",1
1,6,13953,transcoder,9,55,7448,transcoder,0.2919863760471344,0.25368353724479675,-0.038302838802337646,0.0,-0.13118022601217033,"Node(id=19_7448_55, type=transcoder, layer=9, feature=7448, pos=55)",1
1,6,13953,transcoder,4,6,2640,transcoder,1.146464228630066,0.6777800917625427,-0.4686841368675232,0.0,-0.40880833885900103,"Node(id=9_2640_6, type=transcoder, layer=4, feature=2640, pos=6)",1
1,6,13953,transcoder,10,2,10273,transcoder,24.12562370300293,21.361370086669922,-2.764253616333008,0.0,-0.11457749861152562,"Node(id=21_10273_2, type=transcoder, layer=10, feature=10273, pos=2)",1
0,6,1334,lorsa,1,6,13953,transcoder,2.1033570766448975,1.1980997323989868,-0.9052573442459106,0.0,-0.43038690591228707,"Node(id=3_13953_6, type=transcoder, layer=1, feature=13953, pos=6)",1
8,55,9586,lorsa,14,55,5916,transcoder,0.3695855438709259,0.3325750231742859,-0.037010520696640015,0.0,-0.1001406069864182,"Node(id=29_5916_55, type=transcoder, layer=14, feature=5916, pos=55)",1
8,55,9586,lorsa,12,55,11739,transcoder,0.2567141354084015,0.0,-0.2567141354084015,0.0,-1.0,"Node(id=25_11739_55, type=transcoder, layer=12, feature=11739, pos=55)",1
0,51,2952,transcoder,8,55,9586,lorsa,2.2772367000579834,1.7806248664855957,-0.4966118335723877,0.0,-0.2180765106937469,"Node(id=16_9586_55, type=lorsa, layer=8, feature=9586, pos=55)",1
4,55,16282,lorsa,4,55,9914,transcoder,0.5230033993721008,0.3999519348144531,-0.1230514645576477,0.0,-0.23527851770252142,"Node(id=9_9914_55, type=transcoder, layer=4, feature=9914, pos=55)",1
4,55,16377,lorsa,4,55,9914,transcoder,0.5230033993721008,0.39305025339126587,-0.12995314598083496,0.0,-0.248474763523243,"Node(id=9_9914_55, type=transcoder, layer=4, feature=9914, pos=55)",1
4,55,9914,transcoder,13,55,5819,transcoder,0.5956785082817078,0.5236788392066956,-0.07199966907501221,0.0,-0.12087001305906137,"Node(id=27_5819_55, type=transcoder, layer=13, feature=5819, pos=55)",1
2,54,12504,transcoder,4,55,9914,transcoder,0.5230033993721008,0.45750194787979126,-0.06550145149230957,0.0,-0.12524096702038318,"Node(id=9_9914_55, type=transcoder, layer=4, feature=9914, pos=55)",1
4,55,16341,lorsa,4,55,9914,transcoder,0.5230033993721008,0.4248737692832947,-0.09812963008880615,0.0,-0.18762713627983504,"Node(id=9_9914_55, type=transcoder, layer=4, feature=9914, pos=55)",1
4,55,9914,transcoder,14,55,1214,transcoder,0.7802796959877014,0.6459293365478516,-0.13435035943984985,0.0,-0.17218230863970532,"Node(id=29_1214_55, type=transcoder, layer=14, feature=1214, pos=55)",1
4,55,15932,lorsa,4,55,9914,transcoder,0.5230033993721008,0.40263497829437256,-0.12036842107772827,0.0,-0.23014844879065469,"Node(id=9_9914_55, type=transcoder, layer=4, feature=9914, pos=55)",1
1,51,11331,transcoder,4,55,9914,transcoder,0.5230033993721008,0.4530065953731537,-0.06999680399894714,0.0,-0.13383623143364423,"Node(id=9_9914_55, type=transcoder, layer=4, feature=9914, pos=55)",1
1,51,11218,transcoder,4,55,9914,transcoder,0.5230033993721008,0.43910157680511475,-0.08390182256698608,0.0,-0.16042309221644757,"Node(id=9_9914_55, type=transcoder, layer=4, feature=9914, pos=55)",1
0,51,2952,transcoder,4,55,9914,transcoder,0.5230033993721008,0.0,-0.5230033993721008,0.0,-1.0,"Node(id=9_9914_55, type=transcoder, layer=4, feature=9914, pos=55)",1
1,23,9682,lorsa,1,23,6844,transcoder,0.542878270149231,0.4615679085254669,-0.08131036162376404,0.0,-0.14977641599361263,"Node(id=3_6844_23, type=transcoder, layer=1, feature=6844, pos=23)",1
1,23,9682,lorsa,3,55,11167,transcoder,0.2644384503364563,0.19056543707847595,-0.07387301325798035,0.0,-0.2793580629594091,"Node(id=7_11167_55, type=transcoder, layer=3, feature=11167, pos=55)",1
1,23,9682,lorsa,1,23,7319,transcoder,0.4151616096496582,0.3083500564098358,-0.10681155323982239,0.0,-0.25727704767778814,"Node(id=3_7319_23, type=transcoder, layer=1, feature=7319, pos=23)",1
1,23,9682,lorsa,3,55,4439,transcoder,0.30011671781539917,0.25834235548973083,-0.041774362325668335,0.0,-0.13919371979592157,"Node(id=7_4439_55, type=transcoder, layer=3, feature=4439, pos=55)",1
1,23,9682,lorsa,2,55,2823,transcoder,0.23902328312397003,0.0,-0.23902328312397003,0.0,-1.0,"Node(id=5_2823_55, type=transcoder, layer=2, feature=2823, pos=55)",1
1,23,9682,lorsa,1,23,2090,transcoder,0.3347303867340088,0.21160463988780975,-0.12312574684619904,0.0,-0.3678355826835646,"Node(id=3_2090_23, type=transcoder, layer=1, feature=2090, pos=23)",1
1,23,9682,lorsa,14,55,1214,transcoder,0.7802796959877014,0.677776575088501,-0.10250312089920044,0.0,-0.1313671513257165,"Node(id=29_1214_55, type=transcoder, layer=14, feature=1214, pos=55)",1
1,23,6844,transcoder,8,55,9724,transcoder,0.20959925651550293,0.17570123076438904,-0.03389802575111389,0.0,-0.16172779576919272,"Node(id=17_9724_55, type=transcoder, layer=8, feature=9724, pos=55)",1
1,23,6844,transcoder,3,55,11167,transcoder,0.2644384503364563,0.19777479767799377,-0.06666365265846252,0.0,-0.25209515701534146,"Node(id=7_11167_55, type=transcoder, layer=3, feature=11167, pos=55)",1
1,23,6844,transcoder,2,55,2440,lorsa,1.7886356115341187,1.4893405437469482,-0.2992950677871704,0.0,-0.1673314932662355,"Node(id=4_2440_55, type=lorsa, layer=2, feature=2440, pos=55)",1
1,23,6844,transcoder,13,55,5819,transcoder,0.5956785082817078,0.5215208530426025,-0.07415765523910522,0.0,-0.12449274937418868,"Node(id=27_5819_55, type=transcoder, layer=13, feature=5819, pos=55)",1
1,23,6844,transcoder,3,55,4439,transcoder,0.30011671781539917,0.2228642702102661,-0.07725244760513306,0.0,-0.25740801168114463,"Node(id=7_4439_55, type=transcoder, layer=3, feature=4439, pos=55)",1
1,23,6844,transcoder,13,55,7425,transcoder,0.6321931481361389,0.564481794834137,-0.06771135330200195,0.0,-0.1071054842995874,"Node(id=27_7425_55, type=transcoder, layer=13, feature=7425, pos=55)",1
1,23,6844,transcoder,14,55,1214,transcoder,0.7802796959877014,0.596203625202179,-0.18407607078552246,0.0,-0.23591036872042845,"Node(id=29_1214_55, type=transcoder, layer=14, feature=1214, pos=55)",1
1,23,6844,transcoder,5,55,13666,transcoder,0.33196818828582764,0.2759546637535095,-0.056013524532318115,0.0,-0.16873160293326045,"Node(id=11_13666_55, type=transcoder, layer=5, feature=13666, pos=55)",1
1,23,6844,transcoder,10,55,3280,transcoder,0.24856069684028625,0.22014395892620087,-0.028416737914085388,0.0,-0.11432514583085791,"Node(id=21_3280_55, type=transcoder, layer=10, feature=3280, pos=55)",1
1,55,15014,lorsa,8,55,9724,transcoder,0.20959925651550293,0.1803426593542099,-0.02925659716129303,0.0,-0.13958349684856386,"Node(id=17_9724_55, type=transcoder, layer=8, feature=9724, pos=55)",1
1,55,15014,lorsa,3,55,11167,transcoder,0.2644384503364563,0.18302389979362488,-0.08141455054283142,0.0,-0.3078771276992594,"Node(id=7_11167_55, type=transcoder, layer=3, feature=11167, pos=55)",1
0,55,7273,lorsa,1,55,15014,lorsa,0.4733544886112213,0.0,-0.4733544886112213,0.0,-1.0,"Node(id=2_15014_55, type=lorsa, layer=1, feature=15014, pos=55)",1
1,55,15014,lorsa,1,55,12154,transcoder,0.19804225862026215,0.1583390086889267,-0.03970324993133545,0.0,-0.20047867666195826,"Node(id=3_12154_55, type=transcoder, layer=1, feature=12154, pos=55)",1
0,55,12046,lorsa,1,55,15014,lorsa,0.4733544886112213,0.0,-0.4733544886112213,0.0,-1.0,"Node(id=2_15014_55, type=lorsa, layer=1, feature=15014, pos=55)",1
1,55,15014,lorsa,13,55,5819,transcoder,0.5956785082817078,0.5167259573936462,-0.07895255088806152,0.0,-0.1325422183113636,"Node(id=27_5819_55, type=transcoder, layer=13, feature=5819, pos=55)",1
1,55,15014,lorsa,3,55,4439,transcoder,0.30011671781539917,0.2517610788345337,-0.04835563898086548,0.0,-0.16112277694109955,"Node(id=7_4439_55, type=transcoder, layer=3, feature=4439, pos=55)",1
1,55,15014,lorsa,2,55,2823,transcoder,0.23902328312397003,0.0,-0.23902328312397003,0.0,-1.0,"Node(id=5_2823_55, type=transcoder, layer=2, feature=2823, pos=55)",1
1,55,15014,lorsa,13,55,7425,transcoder,0.6321931481361389,0.564749002456665,-0.06744414567947388,0.0,-0.10668281660172342,"Node(id=27_7425_55, type=transcoder, layer=13, feature=7425, pos=55)",1
1,55,15014,lorsa,14,55,1214,transcoder,0.7802796959877014,0.6019453406333923,-0.17833435535430908,0.0,-0.22855183374798457,"Node(id=29_1214_55, type=transcoder, layer=14, feature=1214, pos=55)",1
0,54,1338,lorsa,1,55,15014,lorsa,0.4733544886112213,0.0,-0.4733544886112213,0.0,-1.0,"Node(id=2_15014_55, type=lorsa, layer=1, feature=15014, pos=55)",1
0,51,2952,transcoder,1,55,15014,lorsa,0.4733544886112213,0.0,-0.4733544886112213,0.0,-1.0,"Node(id=2_15014_55, type=lorsa, layer=1, feature=15014, pos=55)",1
3,54,9407,transcoder,5,54,13299,transcoder,0.4998253881931305,0.28080809116363525,-0.21901729702949524,0.0,-0.43818761952297597,"Node(id=11_13299_54, type=transcoder, layer=5, feature=13299, pos=54)",1
3,54,9407,transcoder,4,55,16282,lorsa,1.991599440574646,1.5443987846374512,-0.4472006559371948,0.0,-0.22454347336438385,"Node(id=8_16282_55, type=lorsa, layer=4, feature=16282, pos=55)",1
3,54,9407,transcoder,4,55,16377,lorsa,2.713291645050049,2.323824167251587,-0.3894674777984619,0.0,-0.1435405878719233,"Node(id=8_16377_55, type=lorsa, layer=4, feature=16377, pos=55)",1
3,54,9407,transcoder,7,54,3543,transcoder,0.46587416529655457,0.2892724871635437,-0.17660167813301086,0.0,-0.37907592068470713,"Node(id=15_3543_54, type=transcoder, layer=7, feature=3543, pos=54)",1
3,54,9407,transcoder,4,55,16341,lorsa,0.9263823628425598,0.0,-0.9263823628425598,0.0,-1.0,"Node(id=8_16341_55, type=lorsa, layer=4, feature=16341, pos=55)",1
3,54,9407,transcoder,4,54,3019,transcoder,0.2689710259437561,0.0,-0.2689710259437561,0.0,-1.0,"Node(id=9_3019_54, type=transcoder, layer=4, feature=3019, pos=54)",1
2,54,14622,lorsa,3,54,9407,transcoder,0.9804326891899109,0.831565797328949,-0.14886689186096191,0.0,-0.1518379522657126,"Node(id=7_9407_54, type=transcoder, layer=3, feature=9407, pos=54)",1
3,54,9407,transcoder,5,55,16275,lorsa,1.9964919090270996,1.778092384338379,-0.2183995246887207,0.0,-0.10939164025720889,"Node(id=10_16275_55, type=lorsa, layer=5, feature=16275, pos=55)",1
0,55,5221,lorsa,3,55,11167,transcoder,0.2644384503364563,0.23334932327270508,-0.03108912706375122,0.0,-0.11756659072912884,"Node(id=7_11167_55, type=transcoder, layer=3, feature=11167, pos=55)",1
0,55,5221,lorsa,1,55,12154,transcoder,0.19804225862026215,0.16772903501987457,-0.030313223600387573,0.0,-0.15306442075330967,"Node(id=3_12154_55, type=transcoder, layer=1, feature=12154, pos=55)",1
0,55,5221,lorsa,2,55,2823,transcoder,0.23902328312397003,0.0,-0.23902328312397003,0.0,-1.0,"Node(id=5_2823_55, type=transcoder, layer=2, feature=2823, pos=55)",1
5,54,13299,transcoder,9,55,12225,transcoder,0.47227632999420166,0.41831332445144653,-0.05396300554275513,0.0,-0.11426150775631219,"Node(id=19_12225_55, type=transcoder, layer=9, feature=12225, pos=55)",1
5,54,13299,transcoder,13,55,5819,transcoder,0.5956785082817078,0.5286728739738464,-0.06700563430786133,0.0,-0.1124862377545659,"Node(id=27_5819_55, type=transcoder, layer=13, feature=5819, pos=55)",1
5,54,13299,transcoder,7,54,3543,transcoder,0.46587416529655457,0.0,-0.46587416529655457,0.0,-1.0,"Node(id=15_3543_54, type=transcoder, layer=7, feature=3543, pos=54)",1
5,54,13299,transcoder,8,54,9517,transcoder,0.4715726673603058,0.4039630889892578,-0.06760957837104797,0.0,-0.14337043482503362,"Node(id=17_9517_54, type=transcoder, layer=8, feature=9517, pos=54)",1
4,54,3019,transcoder,5,54,13299,transcoder,0.4998253881931305,0.38333600759506226,-0.11648938059806824,0.0,-0.23306015130439356,"Node(id=11_13299_54, type=transcoder, layer=5, feature=13299, pos=54)",1
5,54,13299,transcoder,11,55,8862,transcoder,0.643543541431427,0.5737085342407227,-0.06983500719070435,0.0,-0.10851636710605639,"Node(id=23_8862_55, type=transcoder, layer=11, feature=8862, pos=55)",1
5,54,13299,transcoder,8,55,3569,transcoder,0.576390266418457,0.4955197870731354,-0.08087047934532166,0.0,-0.14030507462908823,"Node(id=17_3569_55, type=transcoder, layer=8, feature=3569, pos=55)",1
4,55,16282,lorsa,13,55,5819,transcoder,0.5956785082817078,0.5208232402801514,-0.0748552680015564,0.0,-0.12566387230837597,"Node(id=27_5819_55, type=transcoder, layer=13, feature=5819, pos=55)",1
1,54,2519,transcoder,4,55,16282,lorsa,1.991599440574646,1.7813585996627808,-0.21024084091186523,0.0,-0.10556381801915118,"Node(id=8_16282_55, type=lorsa, layer=4, feature=16282, pos=55)",1
4,55,16282,lorsa,14,55,1214,transcoder,0.7802796959877014,0.6576391458511353,-0.12264055013656616,0.0,-0.1571751139587505,"Node(id=29_1214_55, type=transcoder, layer=14, feature=1214, pos=55)",1
4,55,16282,lorsa,5,55,16275,lorsa,1.9964919090270996,1.277694821357727,-0.7187970876693726,0.0,-0.36003005292400403,"Node(id=10_16275_55, type=lorsa, layer=5, feature=16275, pos=55)",1
0,54,12956,transcoder,1,55,9198,lorsa,3.0222439765930176,2.6994504928588867,-0.32279348373413086,0.0,-0.10680589860849575,"Node(id=2_9198_55, type=lorsa, layer=1, feature=9198, pos=55)",1
1,55,9198,lorsa,7,55,13128,transcoder,0.5602725148200989,0.5016658902168274,-0.058606624603271484,0.0,-0.10460378307525905,"Node(id=15_13128_55, type=transcoder, layer=7, feature=13128, pos=55)",1
1,55,9198,lorsa,8,55,9724,transcoder,0.20959925651550293,0.18824853003025055,-0.02135072648525238,0.0,-0.101864514408109,"Node(id=17_9724_55, type=transcoder, layer=8, feature=9724, pos=55)",1
1,55,9198,lorsa,3,55,11167,transcoder,0.2644384503364563,0.18667462468147278,-0.07776382565498352,0.0,-0.2940715525901823,"Node(id=7_11167_55, type=transcoder, layer=3, feature=11167, pos=55)",1
1,55,9198,lorsa,1,55,12154,transcoder,0.19804225862026215,0.12354118376970291,-0.07450107485055923,0.0,-0.3761877660333695,"Node(id=3_12154_55, type=transcoder, layer=1, feature=12154, pos=55)",1
0,54,11163,transcoder,1,55,9198,lorsa,3.0222439765930176,2.5725371837615967,-0.4497067928314209,0.0,-0.14879897067025555,"Node(id=2_9198_55, type=lorsa, layer=1, feature=9198, pos=55)",1
1,55,9198,lorsa,13,55,5819,transcoder,0.5956785082817078,0.5229513049125671,-0.07272720336914062,0.0,-0.12209136700084962,"Node(id=27_5819_55, type=transcoder, layer=13, feature=5819, pos=55)",1
1,55,9198,lorsa,3,55,4439,transcoder,0.30011671781539917,0.2684493064880371,-0.03166741132736206,0.0,-0.10551698538446827,"Node(id=7_4439_55, type=transcoder, layer=3, feature=4439, pos=55)",1
1,55,9198,lorsa,2,55,2823,transcoder,0.23902328312397003,0.0,-0.23902328312397003,0.0,-1.0,"Node(id=5_2823_55, type=transcoder, layer=2, feature=2823, pos=55)",1
1,55,9198,lorsa,14,55,1214,transcoder,0.7802796959877014,0.6223856806755066,-0.15789401531219482,0.0,-0.20235566313477868,"Node(id=29_1214_55, type=transcoder, layer=14, feature=1214, pos=55)",1
0,54,12956,transcoder,1,54,15914,transcoder,0.506878674030304,0.4499790072441101,-0.05689966678619385,0.0,-0.11225500243238104,"Node(id=3_15914_54, type=transcoder, layer=1, feature=15914, pos=54)",1
0,54,12956,transcoder,3,55,11167,transcoder,0.2644384503364563,0.21676459908485413,-0.04767385125160217,0.0,-0.18028335588468583,"Node(id=7_11167_55, type=transcoder, layer=3, feature=11167, pos=55)",1
0,54,12956,transcoder,1,55,12154,transcoder,0.19804225862026215,0.1433279812335968,-0.054714277386665344,0.0,-0.2762757694638179,"Node(id=3_12154_55, type=transcoder, layer=1, feature=12154, pos=55)",1
0,54,12956,transcoder,3,55,4439,transcoder,0.30011671781539917,0.2681841552257538,-0.031932562589645386,0.0,-0.10640047919385484,"Node(id=7_4439_55, type=transcoder, layer=3, feature=4439, pos=55)",1
0,54,12956,transcoder,2,55,2823,transcoder,0.23902328312397003,0.0,-0.23902328312397003,0.0,-1.0,"Node(id=5_2823_55, type=transcoder, layer=2, feature=2823, pos=55)",1
0,54,12956,transcoder,14,55,1214,transcoder,0.7802796959877014,0.6643145680427551,-0.11596512794494629,0.0,-0.14861994813046386,"Node(id=29_1214_55, type=transcoder, layer=14, feature=1214, pos=55)",1
0,54,12956,transcoder,1,54,14103,transcoder,0.2923813760280609,0.0,-0.2923813760280609,0.0,-1.0,"Node(id=3_14103_54, type=transcoder, layer=1, feature=14103, pos=54)",1
8,55,2551,lorsa,8,55,9724,transcoder,0.20959925651550293,0.17144908010959625,-0.03815017640590668,0.0,-0.18201484604543391,"Node(id=17_9724_55, type=transcoder, layer=8, feature=9724, pos=55)",1
1,51,11331,transcoder,8,55,2551,lorsa,2.676435947418213,2.377957820892334,-0.2984781265258789,0.0,-0.11152074340273367,"Node(id=16_2551_55, type=lorsa, layer=8, feature=2551, pos=55)",1
1,51,11218,transcoder,8,55,2551,lorsa,2.676435947418213,2.4014334678649902,-0.27500247955322266,0.0,-0.1027495090321515,"Node(id=16_2551_55, type=lorsa, layer=8, feature=2551, pos=55)",1
0,51,2952,transcoder,8,55,2551,lorsa,2.676435947418213,0.0,-2.676435947418213,0.0,-1.0,"Node(id=16_2551_55, type=lorsa, layer=8, feature=2551, pos=55)",1
6,55,15671,transcoder,7,55,13128,transcoder,0.5602725148200989,0.31162068247795105,-0.24865183234214783,0.0,-0.44380515867709286,"Node(id=15_13128_55, type=transcoder, layer=7, feature=13128, pos=55)",1
6,55,15671,transcoder,8,55,9724,transcoder,0.20959925651550293,0.0,-0.20959925651550293,0.0,-1.0,"Node(id=17_9724_55, type=transcoder, layer=8, feature=9724, pos=55)",1
6,55,15671,transcoder,13,55,15835,transcoder,0.3478931784629822,0.3103680908679962,-0.03752508759498596,0.0,-0.107863821190098,"Node(id=27_15835_55, type=transcoder, layer=13, feature=15835, pos=55)",1
6,55,15671,transcoder,13,55,5819,transcoder,0.5956785082817078,0.517758846282959,-0.07791966199874878,0.0,-0.13080824793144807,"Node(id=27_5819_55, type=transcoder, layer=13, feature=5819, pos=55)",1
6,55,15671,transcoder,8,54,9517,transcoder,0.4715726673603058,0.4168020188808441,-0.05477064847946167,0.0,-0.11614466289161343,"Node(id=17_9517_54, type=transcoder, layer=8, feature=9517, pos=54)",1
6,55,15671,transcoder,14,55,1214,transcoder,0.7802796959877014,0.6256611943244934,-0.154618501663208,0.0,-0.1981577919536754,"Node(id=29_1214_55, type=transcoder, layer=14, feature=1214, pos=55)",1
6,55,15671,transcoder,12,55,11739,transcoder,0.2567141354084015,0.0,-0.2567141354084015,0.0,-1.0,"Node(id=25_11739_55, type=transcoder, layer=12, feature=11739, pos=55)",1
6,55,15671,transcoder,11,55,1321,lorsa,4.358194351196289,3.9060330390930176,-0.4521613121032715,0.0,-0.1037496898180222,"Node(id=22_1321_55, type=lorsa, layer=11, feature=1321, pos=55)",1
7,55,13128,transcoder,8,55,9724,transcoder,0.20959925651550293,0.1846635490655899,-0.024935707449913025,0.0,-0.1189684918947633,"Node(id=17_9724_55, type=transcoder, layer=8, feature=9724, pos=55)",1
7,55,13128,transcoder,13,55,15835,transcoder,0.3478931784629822,0.3127872049808502,-0.03510597348213196,0.0,-0.10091020938448046,"Node(id=27_15835_55, type=transcoder, layer=13, feature=15835, pos=55)",1
5,55,12487,transcoder,7,55,13128,transcoder,0.5602725148200989,0.4957295358181,-0.0645429790019989,0.0,-0.11519925981506228,"Node(id=15_13128_55, type=transcoder, layer=7, feature=13128, pos=55)",1
6,55,23,transcoder,7,55,13128,transcoder,0.5602725148200989,0.44742366671562195,-0.11284884810447693,0.0,-0.2014177835239914,"Node(id=15_13128_55, type=transcoder, layer=7, feature=13128, pos=55)",1
7,55,13128,transcoder,14,55,1214,transcoder,0.7802796959877014,0.6259013414382935,-0.15437835454940796,0.0,-0.19785002140032776,"Node(id=29_1214_55, type=transcoder, layer=14, feature=1214, pos=55)",1
7,55,13128,transcoder,9,55,7448,transcoder,0.2919863760471344,0.23666420578956604,-0.05532217025756836,0.0,-0.18946832727783808,"Node(id=19_7448_55, type=transcoder, layer=9, feature=7448, pos=55)",1
1,51,11331,transcoder,7,55,13128,transcoder,0.5602725148200989,0.49282407760620117,-0.0674484372138977,0.0,-0.12038505446863677,"Node(id=15_13128_55, type=transcoder, layer=7, feature=13128, pos=55)",1
7,55,13128,transcoder,10,55,3280,transcoder,0.24856069684028625,0.22150486707687378,-0.027055829763412476,0.0,-0.10884999160103463,"Node(id=21_3280_55, type=transcoder, layer=10, feature=3280, pos=55)",1
0,54,8584,transcoder,7,55,13128,transcoder,0.5602725148200989,0.48025572299957275,-0.08001679182052612,0.0,-0.1428176283932457,"Node(id=15_13128_55, type=transcoder, layer=7, feature=13128, pos=55)",1
0,51,2952,transcoder,7,55,13128,transcoder,0.5602725148200989,0.4472714066505432,-0.11300110816955566,0.0,-0.2016895442494441,"Node(id=15_13128_55, type=transcoder, layer=7, feature=13128, pos=55)",1
1,54,15914,transcoder,3,55,11167,transcoder,0.2644384503364563,0.227449432015419,-0.03698901832103729,0.0,-0.1398776096062225,"Node(id=7_11167_55, type=transcoder, layer=3, feature=11167, pos=55)",1
1,54,15914,transcoder,13,55,5819,transcoder,0.5956785082817078,0.5248988270759583,-0.07077968120574951,0.0,-0.11882194878898744,"Node(id=27_5819_55, type=transcoder, layer=13, feature=5819, pos=55)",1
1,54,15914,transcoder,3,55,4439,transcoder,0.30011671781539917,0.2584095597267151,-0.04170715808868408,0.0,-0.1389697927935425,"Node(id=7_4439_55, type=transcoder, layer=3, feature=4439, pos=55)",1
1,54,15914,transcoder,2,55,2823,transcoder,0.23902328312397003,0.0,-0.23902328312397003,0.0,-1.0,"Node(id=5_2823_55, type=transcoder, layer=2, feature=2823, pos=55)",1
1,54,15914,transcoder,14,55,1214,transcoder,0.7802796959877014,0.6495072841644287,-0.1307724118232727,0.0,-0.1675968405889853,"Node(id=29_1214_55, type=transcoder, layer=14, feature=1214, pos=55)",1
1,54,15914,transcoder,3,54,6230,transcoder,0.7401818633079529,0.6260755062103271,-0.11410635709762573,0.0,-0.15415989333712132,"Node(id=7_6230_54, type=transcoder, layer=3, feature=6230, pos=54)",1
0,23,9251,lorsa,8,55,9724,transcoder,0.20959925651550293,0.17156223952770233,-0.0380370169878006,0.0,-0.1814749614104056,"Node(id=17_9724_55, type=transcoder, layer=8, feature=9724, pos=55)",1
0,23,9251,lorsa,3,55,11167,transcoder,0.2644384503364563,0.1922931969165802,-0.0721452534198761,0.0,-0.27282436925523734,"Node(id=7_11167_55, type=transcoder, layer=3, feature=11167, pos=55)",1
0,23,9251,lorsa,13,55,5819,transcoder,0.5956785082817078,0.5029906034469604,-0.09268790483474731,0.0,-0.15560055222088595,"Node(id=27_5819_55, type=transcoder, layer=13, feature=5819, pos=55)",1
0,23,9251,lorsa,3,55,4439,transcoder,0.30011671781539917,0.23647762835025787,-0.0636390894651413,0.0,-0.21204779903092735,"Node(id=7_4439_55, type=transcoder, layer=3, feature=4439, pos=55)",1
0,23,9251,lorsa,2,55,2823,transcoder,0.23902328312397003,0.0,-0.23902328312397003,0.0,-1.0,"Node(id=5_2823_55, type=transcoder, layer=2, feature=2823, pos=55)",1
0,23,9251,lorsa,13,55,7425,transcoder,0.6321931481361389,0.5500131249427795,-0.08218002319335938,0.0,-0.12999195488854368,"Node(id=27_7425_55, type=transcoder, layer=13, feature=7425, pos=55)",1
0,23,9251,lorsa,14,55,1214,transcoder,0.7802796959877014,0.5561741590499878,-0.22410553693771362,0.0,-0.28721180121704193,"Node(id=29_1214_55, type=transcoder, layer=14, feature=1214, pos=55)",1
0,23,9251,lorsa,5,55,13666,transcoder,0.33196818828582764,0.29319852590560913,-0.038769662380218506,0.0,-0.11678728187906208,"Node(id=11_13666_55, type=transcoder, layer=5, feature=13666, pos=55)",1
0,23,9251,lorsa,10,55,3280,transcoder,0.24856069684028625,0.22131146490573883,-0.027249231934547424,0.0,-0.10962807990539444,"Node(id=21_3280_55, type=transcoder, layer=10, feature=3280, pos=55)",1
0,55,7273,lorsa,8,55,9724,transcoder,0.20959925651550293,0.18408571183681488,-0.02551354467868805,0.0,-0.12172535868132218,"Node(id=17_9724_55, type=transcoder, layer=8, feature=9724, pos=55)",1
1,55,12154,transcoder,8,55,9724,transcoder,0.20959925651550293,0.18710172176361084,-0.02249753475189209,0.0,-0.10733594730202714,"Node(id=17_9724_55, type=transcoder, layer=8, feature=9724, pos=55)",1
0,54,1897,transcoder,8,55,9724,transcoder,0.20959925651550293,0.1863538920879364,-0.02324536442756653,0.0,-0.11090384963196276,"Node(id=17_9724_55, type=transcoder, layer=8, feature=9724, pos=55)",1
8,55,9724,transcoder,13,55,15835,transcoder,0.3478931784629822,0.30048301815986633,-0.047410160303115845,0.0,-0.1362779244841116,"Node(id=27_15835_55, type=transcoder, layer=13, feature=15835, pos=55)",1
5,55,12487,transcoder,8,55,9724,transcoder,0.20959925651550293,0.17947104573249817,-0.03012821078300476,0.0,-0.14374197353498885,"Node(id=17_9724_55, type=transcoder, layer=8, feature=9724, pos=55)",1
8,55,9724,transcoder,14,55,1214,transcoder,0.7802796959877014,0.6480782628059387,-0.1322014331817627,0.0,-0.16942826253401116,"Node(id=29_1214_55, type=transcoder, layer=14, feature=1214, pos=55)",1
1,51,11331,transcoder,8,55,9724,transcoder,0.20959925651550293,0.18307001888751984,-0.026529237627983093,0.0,-0.12657123917813548,"Node(id=17_9724_55, type=transcoder, layer=8, feature=9724, pos=55)",1
5,55,13666,transcoder,8,55,9724,transcoder,0.20959925651550293,0.1742538958787918,-0.03534536063671112,0.0,-0.16863304395403145,"Node(id=17_9724_55, type=transcoder, layer=8, feature=9724, pos=55)",1
8,55,9724,transcoder,10,55,3280,transcoder,0.24856069684028625,0.0,-0.24856069684028625,0.0,-1.0,"Node(id=21_3280_55, type=transcoder, layer=10, feature=3280, pos=55)",1
0,39,7176,lorsa,8,55,9724,transcoder,0.20959925651550293,0.17538601160049438,-0.034213244915008545,0.0,-0.16323170932850126,"Node(id=17_9724_55, type=transcoder, layer=8, feature=9724, pos=55)",1
0,51,2952,transcoder,8,55,9724,transcoder,0.20959925651550293,0.0,-0.20959925651550293,0.0,-1.0,"Node(id=17_9724_55, type=transcoder, layer=8, feature=9724, pos=55)",1
0,55,14602,lorsa,3,55,11167,transcoder,0.2644384503364563,0.2027158886194229,-0.061722561717033386,0.0,-0.23340993580359112,"Node(id=7_11167_55, type=transcoder, layer=3, feature=11167, pos=55)",1
0,55,14602,lorsa,1,55,12154,transcoder,0.19804225862026215,0.13859017193317413,-0.05945208668708801,0.0,-0.3001989933930462,"Node(id=3_12154_55, type=transcoder, layer=1, feature=12154, pos=55)",1
0,55,14602,lorsa,3,55,4439,transcoder,0.30011671781539917,0.259136438369751,-0.04098027944564819,0.0,-0.13654780628000548,"Node(id=7_4439_55, type=transcoder, layer=3, feature=4439, pos=55)",1
0,55,14602,lorsa,2,55,2823,transcoder,0.23902328312397003,0.0,-0.23902328312397003,0.0,-1.0,"Node(id=5_2823_55, type=transcoder, layer=2, feature=2823, pos=55)",1
0,55,14602,lorsa,14,55,1214,transcoder,0.7802796959877014,0.6945129632949829,-0.0857667326927185,0.0,-0.10991793472743439,"Node(id=29_1214_55, type=transcoder, layer=14, feature=1214, pos=55)",1
0,55,14602,lorsa,1,55,2396,lorsa,0.5269799828529358,0.0,-0.5269799828529358,0.0,-1.0,"Node(id=2_2396_55, type=lorsa, layer=1, feature=2396, pos=55)",1
0,55,7273,lorsa,3,55,11167,transcoder,0.2644384503364563,0.21452929079532623,-0.049909159541130066,0.0,-0.18873639396097094,"Node(id=7_11167_55, type=transcoder, layer=3, feature=11167, pos=55)",1
1,55,12154,transcoder,3,55,11167,transcoder,0.2644384503364563,0.1748334765434265,-0.08960497379302979,0.0,-0.33885001851667773,"Node(id=7_11167_55, type=transcoder, layer=3, feature=11167, pos=55)",1
0,55,2956,transcoder,3,55,11167,transcoder,0.2644384503364563,0.19126664102077484,-0.07317180931568146,0.0,-0.27670639130800323,"Node(id=7_11167_55, type=transcoder, layer=3, feature=11167, pos=55)",1
0,54,1897,transcoder,3,55,11167,transcoder,0.2644384503364563,0.2112656533718109,-0.053172796964645386,0.0,-0.20107815976455531,"Node(id=7_11167_55, type=transcoder, layer=3, feature=11167, pos=55)",1
0,54,11163,transcoder,3,55,11167,transcoder,0.2644384503364563,0.22441385686397552,-0.040024593472480774,0.0,-0.15135693550448423,"Node(id=7_11167_55, type=transcoder, layer=3, feature=11167, pos=55)",1
1,55,8874,transcoder,3,55,11167,transcoder,0.2644384503364563,0.21124835312366486,-0.05319009721279144,0.0,-0.2011435823539104,"Node(id=7_11167_55, type=transcoder, layer=3, feature=11167, pos=55)",1
3,55,11167,transcoder,13,55,5819,transcoder,0.5956785082817078,0.5253526568412781,-0.07032585144042969,0.0,-0.11806007848644968,"Node(id=27_5819_55, type=transcoder, layer=13, feature=5819, pos=55)",1
1,23,7319,transcoder,3,55,11167,transcoder,0.2644384503364563,0.21676377952098846,-0.047674670815467834,0.0,-0.1802864551460248,"Node(id=7_11167_55, type=transcoder, layer=3, feature=11167, pos=55)",1
1,55,8260,lorsa,3,55,11167,transcoder,0.2644384503364563,0.22171199321746826,-0.04272645711898804,0.0,-0.16157429853572863,"Node(id=7_11167_55, type=transcoder, layer=3, feature=11167, pos=55)",1
1,55,16036,lorsa,3,55,11167,transcoder,0.2644384503364563,0.2189062237739563,-0.0455322265625,0.0,-0.17218459155454666,"Node(id=7_11167_55, type=transcoder, layer=3, feature=11167, pos=55)",1
2,55,14393,transcoder,3,55,11167,transcoder,0.2644384503364563,0.22808101773262024,-0.03635743260383606,0.0,-0.1374892061180095,"Node(id=7_11167_55, type=transcoder, layer=3, feature=11167, pos=55)",1
2,55,2823,transcoder,3,55,11167,transcoder,0.2644384503364563,0.0,-0.2644384503364563,0.0,-1.0,"Node(id=7_11167_55, type=transcoder, layer=3, feature=11167, pos=55)",1
2,6,13953,transcoder,3,55,11167,transcoder,0.2644384503364563,0.23531922698020935,-0.029119223356246948,0.0,-0.11011720617481051,"Node(id=7_11167_55, type=transcoder, layer=3, feature=11167, pos=55)",1
0,55,4388,transcoder,3,55,11167,transcoder,0.2644384503364563,0.2281792163848877,-0.036259233951568604,0.0,-0.13711785825939624,"Node(id=7_11167_55, type=transcoder, layer=3, feature=11167, pos=55)",1
1,55,11918,lorsa,3,55,11167,transcoder,0.2644384503364563,0.2283317744731903,-0.03610667586326599,0.0,-0.13654094484870083,"Node(id=7_11167_55, type=transcoder, layer=3, feature=11167, pos=55)",1
3,55,11167,transcoder,13,55,7425,transcoder,0.6321931481361389,0.5679292678833008,-0.06426388025283813,0.0,-0.10165228845378012,"Node(id=27_7425_55, type=transcoder, layer=13, feature=7425, pos=55)",1
1,55,9145,lorsa,3,55,11167,transcoder,0.2644384503364563,0.23413148522377014,-0.030306965112686157,0.0,-0.1146087684076401,"Node(id=7_11167_55, type=transcoder, layer=3, feature=11167, pos=55)",1
1,23,2090,transcoder,3,55,11167,transcoder,0.2644384503364563,0.23215332627296448,-0.03228512406349182,0.0,-0.12208937097617266,"Node(id=7_11167_55, type=transcoder, layer=3, feature=11167, pos=55)",1
0,6,8484,transcoder,3,55,11167,transcoder,0.2644384503364563,0.22417068481445312,-0.040267765522003174,0.0,-0.15227651451885602,"Node(id=7_11167_55, type=transcoder, layer=3, feature=11167, pos=55)",1
3,55,11167,transcoder,14,55,1214,transcoder,0.7802796959877014,0.6266778111457825,-0.15360188484191895,0.0,-0.1968549042500524,"Node(id=29_1214_55, type=transcoder, layer=14, feature=1214, pos=55)",1
1,55,2396,lorsa,3,55,11167,transcoder,0.2644384503364563,0.22263818979263306,-0.04180026054382324,0.0,-0.15807179512146963,"Node(id=7_11167_55, type=transcoder, layer=3, feature=11167, pos=55)",1
0,54,6829,lorsa,3,55,11167,transcoder,0.2644384503364563,0.2303238809108734,-0.034114569425582886,0.0,-0.12900759848719984,"Node(id=7_11167_55, type=transcoder, layer=3, feature=11167, pos=55)",1
1,55,2413,lorsa,3,55,11167,transcoder,0.2644384503364563,0.21985465288162231,-0.044583797454833984,0.0,-0.16859801363269267,"Node(id=7_11167_55, type=transcoder, layer=3, feature=11167, pos=55)",1
1,55,10291,lorsa,3,55,11167,transcoder,0.2644384503364563,0.21785256266593933,-0.04658588767051697,0.0,-0.1761691146323228,"Node(id=7_11167_55, type=transcoder, layer=3, feature=11167, pos=55)",1
1,51,11331,transcoder,3,55,11167,transcoder,0.2644384503364563,0.22363613545894623,-0.04080231487751007,0.0,-0.15429796546453645,"Node(id=7_11167_55, type=transcoder, layer=3, feature=11167, pos=55)",1
0,47,15638,transcoder,3,55,11167,transcoder,0.2644384503364563,0.23576392233371735,-0.028674528002738953,0.0,-0.10843554697229216,"Node(id=7_11167_55, type=transcoder, layer=3, feature=11167, pos=55)",1
0,39,6625,transcoder,3,55,11167,transcoder,0.2644384503364563,0.2340751737356186,-0.030363276600837708,0.0,-0.11482171583672957,"Node(id=7_11167_55, type=transcoder, layer=3, feature=11167, pos=55)",1
0,39,7176,lorsa,3,55,11167,transcoder,0.2644384503364563,0.18653050065040588,-0.07790794968605042,0.0,-0.29461657178418954,"Node(id=7_11167_55, type=transcoder, layer=3, feature=11167, pos=55)",1
0,54,8584,transcoder,3,55,11167,transcoder,0.2644384503364563,0.23675648868083954,-0.02768196165561676,0.0,-0.10468205973978377,"Node(id=7_11167_55, type=transcoder, layer=3, feature=11167, pos=55)",1
2,63,14106,transcoder,3,55,11167,transcoder,0.2644384503364563,0.20282647013664246,-0.06161198019981384,0.0,-0.2329917609236565,"Node(id=7_11167_55, type=transcoder, layer=3, feature=11167, pos=55)",1
0,51,2952,transcoder,3,55,11167,transcoder,0.2644384503364563,0.0,-0.2644384503364563,0.0,-1.0,"Node(id=7_11167_55, type=transcoder, layer=3, feature=11167, pos=55)",1
2,6,13953,transcoder,8,2,11854,transcoder,15.785051345825195,13.118223190307617,-2.666828155517578,0.0,-0.16894643527547956,"Node(id=17_11854_2, type=transcoder, layer=8, feature=11854, pos=2)",1
0,6,8484,transcoder,8,2,11854,transcoder,15.785051345825195,11.301834106445312,-4.483217239379883,0.0,-0.2840166396142637,"Node(id=17_11854_2, type=transcoder, layer=8, feature=11854, pos=2)",1
0,51,2952,transcoder,8,2,11854,transcoder,15.785051345825195,9.017627716064453,-6.767423629760742,0.0,-0.4287235740636713,"Node(id=17_11854_2, type=transcoder, layer=8, feature=11854, pos=2)",1
0,55,7273,lorsa,13,55,5819,transcoder,0.5956785082817078,0.5335231423377991,-0.06215536594390869,0.0,-0.1043438114347987,"Node(id=27_5819_55, type=transcoder, layer=13, feature=5819, pos=55)",1
0,55,7273,lorsa,3,55,4439,transcoder,0.30011671781539917,0.26523396372795105,-0.03488275408744812,0.0,-0.11623062634219661,"Node(id=7_4439_55, type=transcoder, layer=3, feature=4439, pos=55)",1
0,55,7273,lorsa,2,55,2823,transcoder,0.23902328312397003,0.0,-0.23902328312397003,0.0,-1.0,"Node(id=5_2823_55, type=transcoder, layer=2, feature=2823, pos=55)",1
0,55,7273,lorsa,14,55,1214,transcoder,0.7802796959877014,0.6465051174163818,-0.13377457857131958,0.0,-0.17144439264433725,"Node(id=29_1214_55, type=transcoder, layer=14, feature=1214, pos=55)",1
0,55,7273,lorsa,1,55,2396,lorsa,0.5269799828529358,0.0,-0.5269799828529358,0.0,-1.0,"Node(id=2_2396_55, type=lorsa, layer=1, feature=2396, pos=55)",1
0,55,7273,lorsa,5,55,13666,transcoder,0.33196818828582764,0.2955020070075989,-0.03646618127822876,0.0,-0.10984842091806413,"Node(id=11_13666_55, type=transcoder, layer=5, feature=13666, pos=55)",1
0,55,2956,transcoder,1,55,12154,transcoder,0.19804225862026215,0.16374211013317108,-0.034300148487091064,0.0,-0.173196108376345,"Node(id=3_12154_55, type=transcoder, layer=1, feature=12154, pos=55)",1
0,54,1897,transcoder,1,55,12154,transcoder,0.19804225862026215,0.1765727996826172,-0.02146945893764496,0.0,-0.10840847346026163,"Node(id=3_12154_55, type=transcoder, layer=1, feature=12154, pos=55)",1
0,54,11163,transcoder,1,55,12154,transcoder,0.19804225862026215,0.16994187235832214,-0.028100386261940002,0.0,-0.14189085934341586,"Node(id=3_12154_55, type=transcoder, layer=1, feature=12154, pos=55)",1
1,55,12154,transcoder,13,55,5819,transcoder,0.5956785082817078,0.5298452377319336,-0.06583327054977417,0.0,-0.11051812283722742,"Node(id=27_5819_55, type=transcoder, layer=13, feature=5819, pos=55)",1
1,55,16036,lorsa,1,55,12154,transcoder,0.19804225862026215,0.13568249344825745,-0.0623597651720047,0.0,-0.31488110470188574,"Node(id=3_12154_55, type=transcoder, layer=1, feature=12154, pos=55)",1
1,55,12154,transcoder,3,55,4439,transcoder,0.30011671781539917,0.2549149692058563,-0.04520174860954285,0.0,-0.15061389761481497,"Node(id=7_4439_55, type=transcoder, layer=3, feature=4439, pos=55)",1
1,55,12154,transcoder,2,55,2823,transcoder,0.23902328312397003,0.0,-0.23902328312397003,0.0,-1.0,"Node(id=5_2823_55, type=transcoder, layer=2, feature=2823, pos=55)",1
1,55,12154,transcoder,14,55,1214,transcoder,0.7802796959877014,0.6302354335784912,-0.1500442624092102,0.0,-0.1922954847867465,"Node(id=29_1214_55, type=transcoder, layer=14, feature=1214, pos=55)",1
1,55,2396,lorsa,1,55,12154,transcoder,0.19804225862026215,0.13338954746723175,-0.0646527111530304,0.0,-0.32645916888374465,"Node(id=3_12154_55, type=transcoder, layer=1, feature=12154, pos=55)",1
0,54,8584,transcoder,1,55,12154,transcoder,0.19804225862026215,0.1720757633447647,-0.025966495275497437,0.0,-0.13111593180366177,"Node(id=3_12154_55, type=transcoder, layer=1, feature=12154, pos=55)",1
0,55,12046,lorsa,0,55,2956,transcoder,0.49862179160118103,0.43242180347442627,-0.06619998812675476,0.0,-0.13276593450553467,"Node(id=1_2956_55, type=transcoder, layer=0, feature=2956, pos=55)",1
0,55,12046,lorsa,2,55,2440,lorsa,1.7886356115341187,1.4455012083053589,-0.34313440322875977,0.0,-0.19184142427671574,"Node(id=4_2440_55, type=lorsa, layer=2, feature=2440, pos=55)",1
0,55,12046,lorsa,1,55,8260,lorsa,1.92356276512146,1.5241578817367554,-0.3994048833847046,0.0,-0.20763808211866946,"Node(id=2_8260_55, type=lorsa, layer=1, feature=8260, pos=55)",1
0,55,12046,lorsa,1,55,16036,lorsa,1.270075798034668,1.100020170211792,-0.17005562782287598,0.0,-0.13389407788576263,"Node(id=2_16036_55, type=lorsa, layer=1, feature=16036, pos=55)",1
0,55,12046,lorsa,2,55,2823,transcoder,0.23902328312397003,0.0,-0.23902328312397003,0.0,-1.0,"Node(id=5_2823_55, type=transcoder, layer=2, feature=2823, pos=55)",1
0,55,12046,lorsa,0,55,4388,transcoder,0.1894603967666626,0.15912234783172607,-0.030338048934936523,0.0,-0.16012871002429357,"Node(id=1_4388_55, type=transcoder, layer=0, feature=4388, pos=55)",1
0,55,12046,lorsa,1,54,14103,transcoder,0.2923813760280609,0.0,-0.2923813760280609,0.0,-1.0,"Node(id=3_14103_54, type=transcoder, layer=1, feature=14103, pos=54)",1
5,63,12930,transcoder,6,63,3789,transcoder,2.006242275238037,0.6395878195762634,-1.3666544556617737,0.0,-0.6812011054345979,"Node(id=13_3789_63, type=transcoder, layer=6, feature=3789, pos=63)",1
6,63,3789,transcoder,8,63,2167,transcoder,2.175069808959961,1.8478295803070068,-0.3272402286529541,0.0,-0.15045044867292257,"Node(id=17_2167_63, type=transcoder, layer=8, feature=2167, pos=63)",1
0,55,2956,transcoder,13,55,5819,transcoder,0.5956785082817078,0.5249764323234558,-0.07070207595825195,0.0,-0.11869166836688287,"Node(id=27_5819_55, type=transcoder, layer=13, feature=5819, pos=55)",1
0,55,2956,transcoder,1,55,16036,lorsa,1.270075798034668,1.1289379596710205,-0.14113783836364746,0.0,-0.1111255238325508,"Node(id=2_16036_55, type=lorsa, layer=1, feature=16036, pos=55)",1
0,55,2956,transcoder,3,55,4439,transcoder,0.30011671781539917,0.2498253881931305,-0.05029132962226868,0.0,-0.16757256972669785,"Node(id=7_4439_55, type=transcoder, layer=3, feature=4439, pos=55)",1
0,55,2956,transcoder,2,55,2823,transcoder,0.23902328312397003,0.0,-0.23902328312397003,0.0,-1.0,"Node(id=5_2823_55, type=transcoder, layer=2, feature=2823, pos=55)",1
0,55,2956,transcoder,14,55,1214,transcoder,0.7802796959877014,0.6349011659622192,-0.14537853002548218,0.0,-0.1863159207820443,"Node(id=29_1214_55, type=transcoder, layer=14, feature=1214, pos=55)",1
0,55,2956,transcoder,1,55,2396,lorsa,0.5269799828529358,0.0,-0.5269799828529358,0.0,-1.0,"Node(id=2_2396_55, type=lorsa, layer=1, feature=2396, pos=55)",1
0,55,2956,transcoder,1,55,2413,lorsa,1.1879911422729492,1.0266180038452148,-0.16137313842773438,0.0,-0.1358369879079938,"Node(id=2_2413_55, type=lorsa, layer=1, feature=2413, pos=55)",1
0,55,2956,transcoder,1,54,14103,transcoder,0.2923813760280609,0.0,-0.2923813760280609,0.0,-1.0,"Node(id=3_14103_54, type=transcoder, layer=1, feature=14103, pos=54)",1
0,54,1897,transcoder,7,54,3543,transcoder,0.46587416529655457,0.416598916053772,-0.04927524924278259,0.0,-0.10576943928929003,"Node(id=15_3543_54, type=transcoder, layer=7, feature=3543, pos=54)",1
0,54,1897,transcoder,14,55,1214,transcoder,0.7802796959877014,0.659923791885376,-0.12035590410232544,0.0,-0.154247130511291,"Node(id=29_1214_55, type=transcoder, layer=14, feature=1214, pos=55)",1
0,54,1897,transcoder,1,54,14103,transcoder,0.2923813760280609,0.0,-0.2923813760280609,0.0,-1.0,"Node(id=3_14103_54, type=transcoder, layer=1, feature=14103, pos=54)",1
2,6,13953,transcoder,13,55,15835,transcoder,0.3478931784629822,0.27435338497161865,-0.07353979349136353,0.0,-0.2113861324222216,"Node(id=27_15835_55, type=transcoder, layer=13, feature=15835, pos=55)",1
0,6,8484,transcoder,13,55,15835,transcoder,0.3478931784629822,0.24725617468357086,-0.10063700377941132,0.0,-0.2892755880527266,"Node(id=27_15835_55, type=transcoder, layer=13, feature=15835, pos=55)",1
13,55,15835,transcoder,14,55,1214,transcoder,0.7802796959877014,0.6886427402496338,-0.09163695573806763,0.0,-0.11744116399449664,"Node(id=29_1214_55, type=transcoder, layer=14, feature=1214, pos=55)",1
9,55,7448,transcoder,13,55,15835,transcoder,0.3478931784629822,0.3112203776836395,-0.03667280077934265,0.0,-0.10541396914238388,"Node(id=27_15835_55, type=transcoder, layer=13, feature=15835, pos=55)",1
1,51,11331,transcoder,13,55,15835,transcoder,0.3478931784629822,0.30268344283103943,-0.04520973563194275,0.0,-0.1299529235717777,"Node(id=27_15835_55, type=transcoder, layer=13, feature=15835, pos=55)",1
10,55,546,transcoder,13,55,15835,transcoder,0.3478931784629822,0.28627079725265503,-0.06162238121032715,0.0,-0.17713017967923197,"Node(id=27_15835_55, type=transcoder, layer=13, feature=15835, pos=55)",1
0,51,2952,transcoder,13,55,15835,transcoder,0.3478931784629822,0.0,-0.3478931784629822,0.0,-1.0,"Node(id=27_15835_55, type=transcoder, layer=13, feature=15835, pos=55)",1
5,63,12930,transcoder,8,63,2167,transcoder,2.175069808959961,1.936509609222412,-0.23856019973754883,0.0,-0.10967933017819764,"Node(id=17_2167_63, type=transcoder, layer=8, feature=2167, pos=63)",1
3,63,10866,transcoder,5,63,12930,transcoder,2.3792543411254883,1.9766907691955566,-0.40256357192993164,0.0,-0.16919736783563122,"Node(id=11_12930_63, type=transcoder, layer=5, feature=12930, pos=63)",1
2,63,14106,transcoder,5,63,12930,transcoder,2.3792543411254883,2.0952723026275635,-0.2839820384979248,0.0,-0.11935757921685214,"Node(id=11_12930_63, type=transcoder, layer=5, feature=12930, pos=63)",1
0,51,2952,transcoder,5,63,12930,transcoder,2.3792543411254883,1.7742897272109985,-0.6049646139144897,0.0,-0.25426647477642755,"Node(id=11_12930_63, type=transcoder, layer=5, feature=12930, pos=63)",1
4,55,16377,lorsa,14,55,1214,transcoder,0.7802796959877014,0.6829878091812134,-0.09729188680648804,0.0,-0.12468847684589954,"Node(id=29_1214_55, type=transcoder, layer=14, feature=1214, pos=55)",1
4,55,16377,lorsa,5,55,16275,lorsa,1.9964919090270996,1.463489294052124,-0.5330026149749756,0.0,-0.2669695842818168,"Node(id=10_16275_55, type=lorsa, layer=5, feature=16275, pos=55)",1
4,55,9531,transcoder,13,55,5819,transcoder,0.5956785082817078,0.520606279373169,-0.07507222890853882,0.0,-0.12602809714436722,"Node(id=27_5819_55, type=transcoder, layer=13, feature=5819, pos=55)",1
4,55,9531,transcoder,14,55,1214,transcoder,0.7802796959877014,0.6531225442886353,-0.12715715169906616,0.0,-0.1629635531373232,"Node(id=29_1214_55, type=transcoder, layer=14, feature=1214, pos=55)",1
1,51,11331,transcoder,4,55,9531,transcoder,0.5060067176818848,0.4364164471626282,-0.06959027051925659,0.0,-0.1375283530583609,"Node(id=9_9531_55, type=transcoder, layer=4, feature=9531, pos=55)",1
3,63,10866,transcoder,4,55,9531,transcoder,0.5060067176818848,0.3552341163158417,-0.1507726013660431,0.0,-0.2979656121103722,"Node(id=9_9531_55, type=transcoder, layer=4, feature=9531, pos=55)",1
4,55,9531,transcoder,5,55,16275,lorsa,1.9964919090270996,1.761518955230713,-0.23497295379638672,0.0,-0.11769291562563367,"Node(id=10_16275_55, type=lorsa, layer=5, feature=16275, pos=55)",1
1,51,11218,transcoder,4,55,9531,transcoder,0.5060067176818848,0.4234694838523865,-0.08253723382949829,0.0,-0.16311489738242493,"Node(id=9_9531_55, type=transcoder, layer=4, feature=9531, pos=55)",1
2,63,14106,transcoder,4,55,9531,transcoder,0.5060067176818848,0.40709662437438965,-0.09891009330749512,0.0,-0.19547189760764738,"Node(id=9_9531_55, type=transcoder, layer=4, feature=9531, pos=55)",1
0,51,2952,transcoder,4,55,9531,transcoder,0.5060067176818848,0.0,-0.5060067176818848,0.0,-1.0,"Node(id=9_9531_55, type=transcoder, layer=4, feature=9531, pos=55)",1
1,23,7319,transcoder,2,55,2440,lorsa,1.7886356115341187,1.592688798904419,-0.1959468126296997,0.0,-0.10955099594692487,"Node(id=4_2440_55, type=lorsa, layer=2, feature=2440, pos=55)",1
1,55,8260,lorsa,2,55,2440,lorsa,1.7886356115341187,1.6034586429595947,-0.18517696857452393,0.0,-0.10352973371456975,"Node(id=4_2440_55, type=lorsa, layer=2, feature=2440, pos=55)",1
2,55,2440,lorsa,3,55,4439,transcoder,0.30011671781539917,0.2406199425458908,-0.05949677526950836,0.0,-0.19824545497696877,"Node(id=7_4439_55, type=transcoder, layer=3, feature=4439, pos=55)",1
1,23,1358,transcoder,2,55,2440,lorsa,1.7886356115341187,1.3576388359069824,-0.43099677562713623,0.0,-0.24096399112699587,"Node(id=4_2440_55, type=lorsa, layer=2, feature=2440, pos=55)",1
2,55,2440,lorsa,14,55,1214,transcoder,0.7802796959877014,0.6729353666305542,-0.10734432935714722,0.0,-0.13757160401472135,"Node(id=29_1214_55, type=transcoder, layer=14, feature=1214, pos=55)",1
0,51,2952,transcoder,2,55,2440,lorsa,1.7886356115341187,1.0656338930130005,-0.7230017185211182,0.0,-0.4042196822308582,"Node(id=4_2440_55, type=lorsa, layer=2, feature=2440, pos=55)",1
2,55,5819,transcoder,7,54,3543,transcoder,0.46587416529655457,0.41733041405677795,-0.04854375123977661,0.0,-0.1041992770920788,"Node(id=15_3543_54, type=transcoder, layer=7, feature=3543, pos=54)",1
2,55,5819,transcoder,14,55,1214,transcoder,0.7802796959877014,0.6914970278739929,-0.0887826681137085,0.0,-0.11378313260006687,"Node(id=29_1214_55, type=transcoder, layer=14, feature=1214, pos=55)",1
2,55,5819,transcoder,4,55,15932,lorsa,2.069827079772949,1.8566901683807373,-0.21313691139221191,0.0,-0.10297329350604113,"Node(id=8_15932_55, type=lorsa, layer=4, feature=15932, pos=55)",1
0,23,13594,lorsa,1,23,7319,transcoder,0.4151616096496582,0.3630783259868622,-0.05208328366279602,0.0,-0.12545303431776234,"Node(id=3_7319_23, type=transcoder, layer=1, feature=7319, pos=23)",1
0,23,13594,lorsa,1,54,14103,transcoder,0.2923813760280609,0.0,-0.2923813760280609,0.0,-1.0,"Node(id=3_14103_54, type=transcoder, layer=1, feature=14103, pos=54)",1
12,55,6669,transcoder,13,55,5819,transcoder,0.5956785082817078,0.49141326546669006,-0.1042652428150177,0.0,-0.1750360997843969,"Node(id=27_5819_55, type=transcoder, layer=13, feature=5819, pos=55)",1
12,55,6669,transcoder,13,55,7425,transcoder,0.6321931481361389,0.5507211685180664,-0.08147197961807251,0.0,-0.1288719750574203,"Node(id=27_7425_55, type=transcoder, layer=13, feature=7425, pos=55)",1
0,6,8484,transcoder,12,55,6669,transcoder,0.8420363068580627,0.7473596334457397,-0.094676673412323,0.0,-0.1124377567109848,"Node(id=25_6669_55, type=transcoder, layer=12, feature=6669, pos=55)",1
12,55,6669,transcoder,14,55,1214,transcoder,0.7802796959877014,0.612659215927124,-0.1676204800605774,0.0,-0.21482101985032223,"Node(id=29_1214_55, type=transcoder, layer=14, feature=1214, pos=55)",1
0,51,2952,transcoder,12,55,6669,transcoder,0.8420363068580627,0.0,-0.8420363068580627,0.0,-1.0,"Node(id=25_6669_55, type=transcoder, layer=12, feature=6669, pos=55)",1
9,55,6254,transcoder,10,55,11535,transcoder,0.6737499833106995,0.4957583248615265,-0.17799165844917297,0.0,-0.2641805756707414,"Node(id=21_11535_55, type=transcoder, layer=10, feature=11535, pos=55)",1
10,55,11535,transcoder,13,55,7425,transcoder,0.6321931481361389,0.5686666965484619,-0.063526451587677,0.0,-0.10048582743259497,"Node(id=27_7425_55, type=transcoder, layer=13, feature=7425, pos=55)",1
10,55,11535,transcoder,14,55,1214,transcoder,0.7802796959877014,0.6325377821922302,-0.1477419137954712,0.0,-0.18934481385992627,"Node(id=29_1214_55, type=transcoder, layer=14, feature=1214, pos=55)",1
10,55,11535,transcoder,11,55,8862,transcoder,0.643543541431427,0.5728462934494019,-0.07069724798202515,0.0,-0.10985619997797509,"Node(id=23_8862_55, type=transcoder, layer=11, feature=8862, pos=55)",1
10,55,11535,transcoder,12,55,11739,transcoder,0.2567141354084015,0.0,-0.2567141354084015,0.0,-1.0,"Node(id=25_11739_55, type=transcoder, layer=12, feature=11739, pos=55)",1
0,51,2952,transcoder,10,55,11535,transcoder,0.6737499833106995,0.5843890309333801,-0.08936095237731934,0.0,-0.13263221460609756,"Node(id=21_11535_55, type=transcoder, layer=10, feature=11535, pos=55)",1
8,55,8745,transcoder,9,55,12225,transcoder,0.47227632999420166,0.4210771322250366,-0.05119919776916504,0.0,-0.10840940889371617,"Node(id=19_12225_55, type=transcoder, layer=9, feature=12225, pos=55)",1
9,55,12225,transcoder,14,55,1214,transcoder,0.7802796959877014,0.6312172412872314,-0.14906245470046997,0.0,-0.1910372081536509,"Node(id=29_1214_55, type=transcoder, layer=14, feature=1214, pos=55)",1
9,55,12225,transcoder,11,55,8862,transcoder,0.643543541431427,0.45341140031814575,-0.19013214111328125,0.0,-0.2954456518829672,"Node(id=23_8862_55, type=transcoder, layer=11, feature=8862, pos=55)",1
7,54,13289,transcoder,9,55,12225,transcoder,0.47227632999420166,0.4176844656467438,-0.054591864347457886,0.0,-0.11559305618413723,"Node(id=19_12225_55, type=transcoder, layer=9, feature=12225, pos=55)",1
9,55,12225,transcoder,12,55,11739,transcoder,0.2567141354084015,0.0,-0.2567141354084015,0.0,-1.0,"Node(id=25_11739_55, type=transcoder, layer=12, feature=11739, pos=55)",1
9,55,12225,transcoder,10,55,546,transcoder,0.65244460105896,0.5847272276878357,-0.06771737337112427,0.0,-0.10379022718743411,"Node(id=21_546_55, type=transcoder, layer=10, feature=546, pos=55)",1
9,55,12225,transcoder,11,55,1321,lorsa,4.358194351196289,3.420234441757202,-0.9379599094390869,0.0,-0.2152175497133634,"Node(id=22_1321_55, type=lorsa, layer=11, feature=1321, pos=55)",1
0,54,11163,transcoder,2,55,2823,transcoder,0.23902328312397003,0.0,-0.23902328312397003,0.0,-1.0,"Node(id=5_2823_55, type=transcoder, layer=2, feature=2823, pos=55)",1
0,54,11163,transcoder,14,55,1214,transcoder,0.7802796959877014,0.6977329850196838,-0.08254671096801758,0.0,-0.10579118153718901,"Node(id=29_1214_55, type=transcoder, layer=14, feature=1214, pos=55)",1
0,54,6829,lorsa,0,54,11163,transcoder,0.41022422909736633,0.34465840458869934,-0.06556582450866699,0.0,-0.15982923449678788,"Node(id=1_11163_54, type=transcoder, layer=0, feature=11163, pos=54)",1
0,54,11163,transcoder,1,54,14103,transcoder,0.2923813760280609,0.0,-0.2923813760280609,0.0,-1.0,"Node(id=3_14103_54, type=transcoder, layer=1, feature=14103, pos=54)",1
5,55,12487,transcoder,6,55,23,transcoder,0.9902805685997009,0.7951856851577759,-0.19509488344192505,0.0,-0.19700970576227458,"Node(id=13_23_55, type=transcoder, layer=6, feature=23, pos=55)",1
5,55,12487,transcoder,14,55,1214,transcoder,0.7802796959877014,0.6841043829917908,-0.09617531299591064,0.0,-0.12325748509214898,"Node(id=29_1214_55, type=transcoder, layer=14, feature=1214, pos=55)",1
9,55,6254,transcoder,14,55,5916,transcoder,0.3695855438709259,0.31819504499435425,-0.051390498876571655,0.0,-0.13904899617642857,"Node(id=29_5916_55, type=transcoder, layer=14, feature=5916, pos=55)",1
9,55,6254,transcoder,10,55,10622,transcoder,0.2998685836791992,0.21853749454021454,-0.08133108913898468,0.0,-0.2712224406475106,"Node(id=21_10622_55, type=transcoder, layer=10, feature=10622, pos=55)",1
9,55,6254,transcoder,10,55,15174,transcoder,0.40954360365867615,0.3104999363422394,-0.09904366731643677,0.0,-0.24183912636316554,"Node(id=21_15174_55, type=transcoder, layer=10, feature=15174, pos=55)",1
9,55,6254,transcoder,10,55,3280,transcoder,0.24856069684028625,0.1666460931301117,-0.08191460371017456,0.0,-0.3295557372966698,"Node(id=21_3280_55, type=transcoder, layer=10, feature=3280, pos=55)",1
9,55,6254,transcoder,10,55,546,transcoder,0.65244460105896,0.5591347217559814,-0.09330987930297852,0.0,-0.1430157888524643,"Node(id=21_546_55, type=transcoder, layer=10, feature=546, pos=55)",1
9,55,6254,transcoder,11,55,1321,lorsa,4.358194351196289,0.0,-4.358194351196289,0.0,-1.0,"Node(id=22_1321_55, type=lorsa, layer=11, feature=1321, pos=55)",1
1,55,8874,transcoder,3,55,4439,transcoder,0.30011671781539917,0.26312321424484253,-0.03699350357055664,0.0,-0.12326372166082139,"Node(id=7_4439_55, type=transcoder, layer=3, feature=4439, pos=55)",1
1,55,8874,transcoder,2,55,2823,transcoder,0.23902328312397003,0.0,-0.23902328312397003,0.0,-1.0,"Node(id=5_2823_55, type=transcoder, layer=2, feature=2823, pos=55)",1
1,55,8874,transcoder,14,55,1214,transcoder,0.7802796959877014,0.6899128556251526,-0.09036684036254883,0.0,-0.11581339464198126,"Node(id=29_1214_55, type=transcoder, layer=14, feature=1214, pos=55)",1
0,54,8584,transcoder,1,55,8874,transcoder,0.5501189231872559,0.4943230152130127,-0.055795907974243164,0.0,-0.10142517485305756,"Node(id=3_8874_55, type=transcoder, layer=1, feature=8874, pos=55)",1
0,51,2952,transcoder,1,55,8874,transcoder,0.5501189231872559,0.4807445704936981,-0.06937435269355774,0.0,-0.12610791915976918,"Node(id=3_8874_55, type=transcoder, layer=1, feature=8874, pos=55)",1
2,55,2823,transcoder,13,55,5819,transcoder,0.5956785082817078,0.5296695828437805,-0.06600892543792725,0.0,-0.11081300486790496,"Node(id=27_5819_55, type=transcoder, layer=13, feature=5819, pos=55)",1
2,6,13953,transcoder,13,55,5819,transcoder,0.5956785082817078,0.4553889036178589,-0.14028960466384888,0.0,-0.23551228173151287,"Node(id=27_5819_55, type=transcoder, layer=13, feature=5819, pos=55)",1
0,6,8484,transcoder,13,55,5819,transcoder,0.5956785082817078,0.4167175889015198,-0.178960919380188,0.0,-0.30043205670860623,"Node(id=27_5819_55, type=transcoder, layer=13, feature=5819, pos=55)",1
1,51,11331,transcoder,13,55,5819,transcoder,0.5956785082817078,0.5075006484985352,-0.08817785978317261,0.0,-0.14802927847360176,"Node(id=27_5819_55, type=transcoder, layer=13, feature=5819, pos=55)",1
0,39,7176,lorsa,13,55,5819,transcoder,0.5956785082817078,0.49764662981033325,-0.09803187847137451,0.0,-0.16457179016606951,"Node(id=27_5819_55, type=transcoder, layer=13, feature=5819, pos=55)",1
1,51,11218,transcoder,13,55,5819,transcoder,0.5956785082817078,0.5225642323493958,-0.07311427593231201,0.0,-0.12274116812308238,"Node(id=27_5819_55, type=transcoder, layer=13, feature=5819, pos=55)",1
0,51,2952,transcoder,13,55,5819,transcoder,0.5956785082817078,0.2815099358558655,-0.3141685724258423,0.0,-0.5274129720276327,"Node(id=27_5819_55, type=transcoder, layer=13, feature=5819, pos=55)",1
1,23,7319,transcoder,3,55,4439,transcoder,0.30011671781539917,0.2515076696872711,-0.04860904812812805,0.0,-0.16196714558909484,"Node(id=7_4439_55, type=transcoder, layer=3, feature=4439, pos=55)",1
1,23,7319,transcoder,14,55,1214,transcoder,0.7802796959877014,0.6705151796340942,-0.10976451635360718,0.0,-0.14067329563748798,"Node(id=29_1214_55, type=transcoder, layer=14, feature=1214, pos=55)",1
1,55,8260,lorsa,2,55,2823,transcoder,0.23902328312397003,0.0,-0.23902328312397003,0.0,-1.0,"Node(id=5_2823_55, type=transcoder, layer=2, feature=2823, pos=55)",1
1,55,8260,lorsa,1,55,9786,transcoder,0.7136760354042053,0.6379570364952087,-0.07571899890899658,0.0,-0.10609715774764883,"Node(id=3_9786_55, type=transcoder, layer=1, feature=9786, pos=55)",1
1,55,8260,lorsa,14,55,1214,transcoder,0.7802796959877014,0.6866567134857178,-0.09362298250198364,0.0,-0.11998643945678077,"Node(id=29_1214_55, type=transcoder, layer=14, feature=1214, pos=55)",1
1,55,16036,lorsa,2,55,2823,transcoder,0.23902328312397003,0.0,-0.23902328312397003,0.0,-1.0,"Node(id=5_2823_55, type=transcoder, layer=2, feature=2823, pos=55)",1
1,55,16036,lorsa,14,55,1214,transcoder,0.7802796959877014,0.6852920055389404,-0.09498769044876099,0.0,-0.12173543786567806,"Node(id=29_1214_55, type=transcoder, layer=14, feature=1214, pos=55)",1
2,55,14393,transcoder,14,55,1214,transcoder,0.7802796959877014,0.6584155559539795,-0.12186414003372192,0.0,-0.15618007319729452,"Node(id=29_1214_55, type=transcoder, layer=14, feature=1214, pos=55)",1
2,55,14393,transcoder,5,55,13666,transcoder,0.33196818828582764,0.29092004895210266,-0.041048139333724976,0.0,-0.12365082192267819,"Node(id=11_13666_55, type=transcoder, layer=5, feature=13666, pos=55)",1
2,54,12504,transcoder,4,55,16341,lorsa,0.9263823628425598,0.0,-0.9263823628425598,0.0,-1.0,"Node(id=8_16341_55, type=lorsa, layer=4, feature=16341, pos=55)",1
1,54,2519,transcoder,2,54,12504,transcoder,0.6575953364372253,0.5456659197807312,-0.11192941665649414,0.0,-0.1702101740303005,"Node(id=5_12504_54, type=transcoder, layer=2, feature=12504, pos=54)",1
0,51,2952,transcoder,2,54,12504,transcoder,0.6575953364372253,0.5033172965049744,-0.15427803993225098,0.0,-0.2346093887589157,"Node(id=5_12504_54, type=transcoder, layer=2, feature=12504, pos=54)",1
10,55,9278,transcoder,14,55,1214,transcoder,0.7802796959877014,0.7010425329208374,-0.07923716306686401,0.0,-0.10154969234021044,"Node(id=29_1214_55, type=transcoder, layer=14, feature=1214, pos=55)",1
10,55,9278,transcoder,11,55,1321,lorsa,4.358194351196289,0.0,-4.358194351196289,0.0,-1.0,"Node(id=22_1321_55, type=lorsa, layer=11, feature=1321, pos=55)",1
0,54,8584,transcoder,6,55,23,transcoder,0.9902805685997009,0.8466501832008362,-0.14363038539886475,0.0,-0.1450400926294699,"Node(id=13_23_55, type=transcoder, layer=6, feature=23, pos=55)",1
2,63,14106,transcoder,6,55,23,transcoder,0.9902805685997009,0.8618165254592896,-0.12846404314041138,0.0,-0.12972489536179127,"Node(id=13_23_55, type=transcoder, layer=6, feature=23, pos=55)",1
0,51,2952,transcoder,6,55,23,transcoder,0.9902805685997009,0.5063707828521729,-0.4839097857475281,0.0,-0.4886592760593063,"Node(id=13_23_55, type=transcoder, layer=6, feature=23, pos=55)",1
7,54,3543,transcoder,8,54,9517,transcoder,0.4715726673603058,0.4001240134239197,-0.07144865393638611,0.0,-0.15151144008479114,"Node(id=17_9517_54, type=transcoder, layer=8, feature=9517, pos=54)",1
1,54,2519,transcoder,7,54,3543,transcoder,0.46587416529655457,0.3927282392978668,-0.07314592599868774,0.0,-0.1570079035228887,"Node(id=15_3543_54, type=transcoder, layer=7, feature=3543, pos=54)",1
4,54,3019,transcoder,7,54,3543,transcoder,0.46587416529655457,0.36490362882614136,-0.10097053647041321,0.0,-0.2167334958489057,"Node(id=15_3543_54, type=transcoder, layer=7, feature=3543, pos=54)",1
7,54,3543,transcoder,8,55,3569,transcoder,0.576390266418457,0.4418056011199951,-0.13458466529846191,0.0,-0.2334957287442359,"Node(id=17_3569_55, type=transcoder, layer=8, feature=3569, pos=55)",1
3,62,11384,lorsa,7,54,3543,transcoder,0.46587416529655457,0.4114243686199188,-0.05444979667663574,0.0,-0.11687661762050156,"Node(id=15_3543_54, type=transcoder, layer=7, feature=3543, pos=54)",1
2,54,14622,lorsa,7,54,3543,transcoder,0.46587416529655457,0.3576053977012634,-0.10826876759529114,0.0,-0.23239916625634757,"Node(id=15_3543_54, type=transcoder, layer=7, feature=3543, pos=54)",1
0,39,7176,lorsa,7,54,3543,transcoder,0.46587416529655457,0.4053399860858917,-0.06053417921066284,0.0,-0.12993675915068076,"Node(id=15_3543_54, type=transcoder, layer=7, feature=3543, pos=54)",1
7,54,13289,transcoder,8,54,9517,transcoder,0.4715726673603058,0.38209643959999084,-0.08947622776031494,0.0,-0.18974006331022256,"Node(id=17_9517_54, type=transcoder, layer=8, feature=9517, pos=54)",1
0,51,2952,transcoder,8,54,9517,transcoder,0.4715726673603058,0.29566872119903564,-0.17590394616127014,0.0,-0.3730155675601751,"Node(id=17_9517_54, type=transcoder, layer=8, feature=9517, pos=54)",1
2,6,13953,transcoder,3,6,1991,transcoder,2.446690320968628,0.0,-2.446690320968628,0.0,-1.0,"Node(id=7_1991_6, type=transcoder, layer=3, feature=1991, pos=6)",1
0,6,8484,transcoder,3,6,1991,transcoder,2.446690320968628,0.0,-2.446690320968628,0.0,-1.0,"Node(id=7_1991_6, type=transcoder, layer=3, feature=1991, pos=6)",1
3,6,1991,transcoder,9,55,7448,transcoder,0.2919863760471344,0.261619508266449,-0.030366867780685425,0.0,-0.10400097494885652,"Node(id=19_7448_55, type=transcoder, layer=9, feature=7448, pos=55)",1
3,6,1991,transcoder,4,6,2640,transcoder,1.146464228630066,0.628793478012085,-0.517670750617981,0.0,-0.45153676642537427,"Node(id=9_2640_6, type=transcoder, layer=4, feature=2640, pos=6)",1
0,6,1334,lorsa,3,6,1991,transcoder,2.446690320968628,2.088510036468506,-0.35818028450012207,0.0,-0.14639379631759894,"Node(id=7_1991_6, type=transcoder, layer=3, feature=1991, pos=6)",1
0,55,4388,transcoder,3,55,4439,transcoder,0.30011671781539917,0.26887795329093933,-0.03123876452445984,0.0,-0.104088718388806,"Node(id=7_4439_55, type=transcoder, layer=3, feature=4439, pos=55)",1
1,23,1358,transcoder,3,55,4439,transcoder,0.30011671781539917,0.26473376154899597,-0.0353829562664032,0.0,-0.11789731849648956,"Node(id=7_4439_55, type=transcoder, layer=3, feature=4439, pos=55)",1
1,23,2090,transcoder,3,55,4439,transcoder,0.30011671781539917,0.26236414909362793,-0.03775256872177124,0.0,-0.12579295480964417,"Node(id=7_4439_55, type=transcoder, layer=3, feature=4439, pos=55)",1
3,55,4439,transcoder,14,55,1214,transcoder,0.7802796959877014,0.6887339949607849,-0.0915457010269165,0.0,-0.11732421271200094,"Node(id=29_1214_55, type=transcoder, layer=14, feature=1214, pos=55)",1
0,39,7176,lorsa,3,55,4439,transcoder,0.30011671781539917,0.24817168712615967,-0.0519450306892395,0.0,-0.17308276282426466,"Node(id=7_4439_55, type=transcoder, layer=3, feature=4439, pos=55)",1
0,54,8584,transcoder,3,55,4439,transcoder,0.30011671781539917,0.23436366021633148,-0.06575305759906769,0.0,-0.21909161901308072,"Node(id=7_4439_55, type=transcoder, layer=3, feature=4439, pos=55)",1
0,51,2952,transcoder,3,55,4439,transcoder,0.30011671781539917,0.0,-0.30011671781539917,0.0,-1.0,"Node(id=7_4439_55, type=transcoder, layer=3, feature=4439, pos=55)",1
13,55,10331,transcoder,14,55,5916,transcoder,0.3695855438709259,0.20734387636184692,-0.16224166750907898,0.0,-0.43898272050851717,"Node(id=29_5916_55, type=transcoder, layer=14, feature=5916, pos=55)",1
2,63,14106,transcoder,14,55,5916,transcoder,0.3695855438709259,0.332592248916626,-0.03699329495429993,0.0,-0.10009399871770815,"Node(id=29_5916_55, type=transcoder, layer=14, feature=5916, pos=55)",1
1,55,9786,transcoder,2,55,2823,transcoder,0.23902328312397003,0.0,-0.23902328312397003,0.0,-1.0,"Node(id=5_2823_55, type=transcoder, layer=2, feature=2823, pos=55)",1
0,55,4388,transcoder,2,55,2823,transcoder,0.23902328312397003,0.0,-0.23902328312397003,0.0,-1.0,"Node(id=5_2823_55, type=transcoder, layer=2, feature=2823, pos=55)",1
1,55,11918,lorsa,2,55,2823,transcoder,0.23902328312397003,0.0,-0.23902328312397003,0.0,-1.0,"Node(id=5_2823_55, type=transcoder, layer=2, feature=2823, pos=55)",1
2,55,2823,transcoder,14,55,1214,transcoder,0.7802796959877014,0.6417805552482605,-0.13849914073944092,0.0,-0.17749935241378356,"Node(id=29_1214_55, type=transcoder, layer=14, feature=1214, pos=55)",1
1,55,2396,lorsa,2,55,2823,transcoder,0.23902328312397003,0.0,-0.23902328312397003,0.0,-1.0,"Node(id=5_2823_55, type=transcoder, layer=2, feature=2823, pos=55)",1
0,54,6829,lorsa,2,55,2823,transcoder,0.23902328312397003,0.0,-0.23902328312397003,0.0,-1.0,"Node(id=5_2823_55, type=transcoder, layer=2, feature=2823, pos=55)",1
1,55,2413,lorsa,2,55,2823,transcoder,0.23902328312397003,0.0,-0.23902328312397003,0.0,-1.0,"Node(id=5_2823_55, type=transcoder, layer=2, feature=2823, pos=55)",1
1,55,10291,lorsa,2,55,2823,transcoder,0.23902328312397003,0.0,-0.23902328312397003,0.0,-1.0,"Node(id=5_2823_55, type=transcoder, layer=2, feature=2823, pos=55)",1
0,51,3106,transcoder,2,55,2823,transcoder,0.23902328312397003,0.0,-0.23902328312397003,0.0,-1.0,"Node(id=5_2823_55, type=transcoder, layer=2, feature=2823, pos=55)",1
1,54,14103,transcoder,2,55,2823,transcoder,0.23902328312397003,0.0,-0.23902328312397003,0.0,-1.0,"Node(id=5_2823_55, type=transcoder, layer=2, feature=2823, pos=55)",1
0,44,13231,transcoder,2,55,2823,transcoder,0.23902328312397003,0.0,-0.23902328312397003,0.0,-1.0,"Node(id=5_2823_55, type=transcoder, layer=2, feature=2823, pos=55)",1
2,55,2823,transcoder,5,55,13666,transcoder,0.33196818828582764,0.28687766194343567,-0.04509052634239197,0.0,-0.13582785319046478,"Node(id=11_13666_55, type=transcoder, layer=5, feature=13666, pos=55)",1
0,47,15638,transcoder,2,55,2823,transcoder,0.23902328312397003,0.0,-0.23902328312397003,0.0,-1.0,"Node(id=5_2823_55, type=transcoder, layer=2, feature=2823, pos=55)",1
0,39,6625,transcoder,2,55,2823,transcoder,0.23902328312397003,0.0,-0.23902328312397003,0.0,-1.0,"Node(id=5_2823_55, type=transcoder, layer=2, feature=2823, pos=55)",1
0,54,7232,transcoder,2,55,2823,transcoder,0.23902328312397003,0.0,-0.23902328312397003,0.0,-1.0,"Node(id=5_2823_55, type=transcoder, layer=2, feature=2823, pos=55)",1
1,55,6272,transcoder,2,55,2823,transcoder,0.23902328312397003,0.0,-0.23902328312397003,0.0,-1.0,"Node(id=5_2823_55, type=transcoder, layer=2, feature=2823, pos=55)",1
0,39,7176,lorsa,2,55,2823,transcoder,0.23902328312397003,0.0,-0.23902328312397003,0.0,-1.0,"Node(id=5_2823_55, type=transcoder, layer=2, feature=2823, pos=55)",1
0,54,8584,transcoder,2,55,2823,transcoder,0.23902328312397003,0.0,-0.23902328312397003,0.0,-1.0,"Node(id=5_2823_55, type=transcoder, layer=2, feature=2823, pos=55)",1
0,51,2952,transcoder,2,55,2823,transcoder,0.23902328312397003,0.0,-0.23902328312397003,0.0,-1.0,"Node(id=5_2823_55, type=transcoder, layer=2, feature=2823, pos=55)",1
8,63,2167,transcoder,10,55,10622,transcoder,0.2998685836791992,0.25114119052886963,-0.04872739315032959,0.0,-0.16249582584635935,"Node(id=21_10622_55, type=transcoder, layer=10, feature=10622, pos=55)",1
9,63,13165,transcoder,10,55,10622,transcoder,0.2998685836791992,0.21421191096305847,-0.08565667271614075,0.0,-0.2856473714758217,"Node(id=21_10622_55, type=transcoder, layer=10, feature=10622, pos=55)",1
10,55,10622,transcoder,14,55,1214,transcoder,0.7802796959877014,0.6948497891426086,-0.08542990684509277,0.0,-0.10948626150902599,"Node(id=29_1214_55, type=transcoder, layer=14, feature=1214, pos=55)",1
1,51,11331,transcoder,10,55,10622,transcoder,0.2998685836791992,0.2654012143611908,-0.03446736931800842,0.0,-0.1149415817259529,"Node(id=21_10622_55, type=transcoder, layer=10, feature=10622, pos=55)",1
0,51,2952,transcoder,10,55,10622,transcoder,0.2998685836791992,0.17371875047683716,-0.12614983320236206,0.0,-0.4206837263663396,"Node(id=21_10622_55, type=transcoder, layer=10, feature=10622, pos=55)",1
8,55,8745,transcoder,9,55,13128,transcoder,0.3520200252532959,0.17937539517879486,-0.17264463007450104,0.0,-0.49043979799238596,"Node(id=19_13128_55, type=transcoder, layer=9, feature=13128, pos=55)",1
8,55,8745,transcoder,9,55,7448,transcoder,0.2919863760471344,0.17990727722644806,-0.11207909882068634,0.0,-0.38385043966090315,"Node(id=19_7448_55, type=transcoder, layer=9, feature=7448, pos=55)",1
8,55,8745,transcoder,10,55,15174,transcoder,0.40954360365867615,0.36054420471191406,-0.048999398946762085,0.0,-0.11964391217204653,"Node(id=21_15174_55, type=transcoder, layer=10, feature=15174, pos=55)",1
8,55,8745,transcoder,10,55,3280,transcoder,0.24856069684028625,0.0,-0.24856069684028625,0.0,-1.0,"Node(id=21_3280_55, type=transcoder, layer=10, feature=3280, pos=55)",1
8,55,8745,transcoder,11,55,1321,lorsa,4.358194351196289,3.361762285232544,-0.9964320659637451,0.0,-0.22863415113422664,"Node(id=22_1321_55, type=lorsa, layer=11, feature=1321, pos=55)",1
0,6,8484,transcoder,2,6,13953,transcoder,1.7135149240493774,0.0,-1.7135149240493774,0.0,-1.0,"Node(id=5_13953_6, type=transcoder, layer=2, feature=13953, pos=6)",1
2,6,13953,transcoder,14,55,1214,transcoder,0.7802796959877014,0.5510470271110535,-0.22923266887664795,0.0,-0.2937826910726908,"Node(id=29_1214_55, type=transcoder, layer=14, feature=1214, pos=55)",1
2,6,13953,transcoder,9,55,7448,transcoder,0.2919863760471344,0.0,-0.2919863760471344,0.0,-1.0,"Node(id=19_7448_55, type=transcoder, layer=9, feature=7448, pos=55)",1
2,6,13953,transcoder,8,49,11854,transcoder,12.425396919250488,10.793249130249023,-1.6321477890014648,0.0,-0.13135578682985988,"Node(id=17_11854_49, type=transcoder, layer=8, feature=11854, pos=49)",1
2,6,13953,transcoder,10,1,5090,transcoder,17.671863555908203,15.202042579650879,-2.469820976257324,0.0,-0.13976007501662682,"Node(id=21_5090_1, type=transcoder, layer=10, feature=5090, pos=1)",1
2,6,13953,transcoder,4,6,2640,transcoder,1.146464228630066,0.32705798745155334,-0.8194062411785126,0.0,-0.714724647063466,"Node(id=9_2640_6, type=transcoder, layer=4, feature=2640, pos=6)",1
2,6,13953,transcoder,8,8,11854,transcoder,22.290363311767578,19.49810791015625,-2.792255401611328,0.0,-0.12526737956474826,"Node(id=17_11854_8, type=transcoder, layer=8, feature=11854, pos=8)",1
0,51,2952,transcoder,2,6,13953,transcoder,1.7135149240493774,1.4187846183776855,-0.2947303056716919,0.0,-0.1720033491013813,"Node(id=5_13953_6, type=transcoder, layer=2, feature=13953, pos=6)",1
2,6,13953,transcoder,10,2,10273,transcoder,24.12562370300293,17.543962478637695,-6.581661224365234,0.0,-0.2728079201345585,"Node(id=21_10273_2, type=transcoder, layer=10, feature=10273, pos=2)",1
0,6,1334,lorsa,2,6,13953,transcoder,1.7135149240493774,1.3292611837387085,-0.38425374031066895,0.0,-0.22424884365909153,"Node(id=5_13953_6, type=transcoder, layer=2, feature=13953, pos=6)",1
0,55,4388,transcoder,14,55,1214,transcoder,0.7802796959877014,0.6890960335731506,-0.09118366241455078,0.0,-0.11686022702298791,"Node(id=29_1214_55, type=transcoder, layer=14, feature=1214, pos=55)",1
1,54,2519,transcoder,4,55,16341,lorsa,0.9263823628425598,0.0,-0.9263823628425598,0.0,-1.0,"Node(id=8_16341_55, type=lorsa, layer=4, feature=16341, pos=55)",1
4,55,16341,lorsa,14,55,1214,transcoder,0.7802796959877014,0.696334183216095,-0.08394551277160645,0.0,-0.10758387435078097,"Node(id=29_1214_55, type=transcoder, layer=14, feature=1214, pos=55)",1
2,54,14622,lorsa,4,55,16341,lorsa,0.9263823628425598,0.0,-0.9263823628425598,0.0,-1.0,"Node(id=8_16341_55, type=lorsa, layer=4, feature=16341, pos=55)",1
4,55,16341,lorsa,5,55,16275,lorsa,1.9964919090270996,1.6801738739013672,-0.3163180351257324,0.0,-0.1584369231327743,"Node(id=10_16275_55, type=lorsa, layer=5, feature=16275, pos=55)",1
0,51,2952,transcoder,4,55,16341,lorsa,0.9263823628425598,0.0,-0.9263823628425598,0.0,-1.0,"Node(id=8_16341_55, type=lorsa, layer=4, feature=16341, pos=55)",1
8,63,2167,transcoder,9,63,13165,transcoder,2.440319061279297,1.6423252820968628,-0.7979937791824341,0.0,-0.3270038708643693,"Node(id=19_13165_63, type=transcoder, layer=9, feature=13165, pos=63)",1
8,63,2167,transcoder,10,55,3280,transcoder,0.24856069684028625,0.22208422422409058,-0.02647647261619568,0.0,-0.10651914382589718,"Node(id=21_3280_55, type=transcoder, layer=10, feature=3280, pos=55)",1
0,51,2952,transcoder,8,63,2167,transcoder,2.175069808959961,1.9371840953826904,-0.2378857135772705,0.0,-0.10936923155170766,"Node(id=17_2167_63, type=transcoder, layer=8, feature=2167, pos=63)",1
9,55,13128,transcoder,14,55,1214,transcoder,0.7802796959877014,0.6963858008384705,-0.08389389514923096,0.0,-0.1075177216331838,"Node(id=29_1214_55, type=transcoder, layer=14, feature=1214, pos=55)",1
9,63,13165,transcoder,13,63,7466,transcoder,0.8295653462409973,0.6965994834899902,-0.13296586275100708,0.0,-0.1602837719216626,"Node(id=27_7466_63, type=transcoder, layer=13, feature=7466, pos=63)",1
1,55,11918,lorsa,14,55,1214,transcoder,0.7802796959877014,0.6955022811889648,-0.08477741479873657,0.0,-0.10865003310309489,"Node(id=29_1214_55, type=transcoder, layer=14, feature=1214, pos=55)",1
0,54,1338,lorsa,1,55,11918,lorsa,1.2722526788711548,1.0892831087112427,-0.1829695701599121,0.0,-0.1438154332064425,"Node(id=2_11918_55, type=lorsa, layer=1, feature=11918, pos=55)",1
1,55,11918,lorsa,1,55,6272,transcoder,0.3085007071495056,0.26275768876075745,-0.04574301838874817,0.0,-0.1482752464699544,"Node(id=3_6272_55, type=transcoder, layer=1, feature=6272, pos=55)",1
13,55,7425,transcoder,14,55,1214,transcoder,0.7802796959877014,0.6637573838233948,-0.11652231216430664,0.0,-0.1493340308141803,"Node(id=29_1214_55, type=transcoder, layer=14, feature=1214, pos=55)",1
1,51,11331,transcoder,13,55,7425,transcoder,0.6321931481361389,0.5301474332809448,-0.10204571485519409,0.0,-0.1614154078639574,"Node(id=27_7425_55, type=transcoder, layer=13, feature=7425, pos=55)",1
0,39,7176,lorsa,13,55,7425,transcoder,0.6321931481361389,0.5612663626670837,-0.07092678546905518,0.0,-0.11219163902387239,"Node(id=27_7425_55, type=transcoder, layer=13, feature=7425, pos=55)",1
0,54,8584,transcoder,13,55,7425,transcoder,0.6321931481361389,0.5664383769035339,-0.06575477123260498,0.0,-0.1040105724436689,"Node(id=27_7425_55, type=transcoder, layer=13, feature=7425, pos=55)",1
1,51,11218,transcoder,13,55,7425,transcoder,0.6321931481361389,0.5536347031593323,-0.07855844497680664,0.0,-0.1242633603486787,"Node(id=27_7425_55, type=transcoder, layer=13, feature=7425, pos=55)",1
0,51,2952,transcoder,13,55,7425,transcoder,0.6321931481361389,0.4022895395755768,-0.22990360856056213,0.0,-0.36366039277454143,"Node(id=27_7425_55, type=transcoder, layer=13, feature=7425, pos=55)",1
1,54,2519,transcoder,4,54,3019,transcoder,0.2689710259437561,0.0,-0.2689710259437561,0.0,-1.0,"Node(id=9_3019_54, type=transcoder, layer=4, feature=3019, pos=54)",1
1,54,2519,transcoder,3,54,6230,transcoder,0.7401818633079529,0.5940696001052856,-0.14611226320266724,0.0,-0.19740049094107184,"Node(id=7_6230_54, type=transcoder, layer=3, feature=6230, pos=54)",1
1,54,2519,transcoder,4,55,15932,lorsa,2.069827079772949,1.684739112854004,-0.3850879669189453,0.0,-0.18604837606105132,"Node(id=8_15932_55, type=lorsa, layer=4, feature=15932, pos=55)",1
1,54,2519,transcoder,2,54,14622,lorsa,2.7454328536987305,2.172292947769165,-0.5731399059295654,0.0,-0.20876121780119808,"Node(id=4_14622_54, type=lorsa, layer=2, feature=14622, pos=54)",1
0,54,8584,transcoder,1,55,9145,lorsa,2.293473720550537,1.9954969882965088,-0.2979767322540283,0.0,-0.129923761316306,"Node(id=2_9145_55, type=lorsa, layer=1, feature=9145, pos=55)",1
1,23,1358,transcoder,14,55,1214,transcoder,0.7802796959877014,0.6973539590835571,-0.08292573690414429,0.0,-0.10627693803972998,"Node(id=29_1214_55, type=transcoder, layer=14, feature=1214, pos=55)",1
0,51,2952,transcoder,1,23,1358,transcoder,0.7991279363632202,0.5213151574134827,-0.27781277894973755,0.0,-0.3476449343193352,"Node(id=3_1358_23, type=transcoder, layer=1, feature=1358, pos=23)",1
1,23,2090,transcoder,14,55,1214,transcoder,0.7802796959877014,0.69542396068573,-0.08485573530197144,0.0,-0.1087504080117816,"Node(id=29_1214_55, type=transcoder, layer=14, feature=1214, pos=55)",1
0,6,8484,transcoder,13,63,7466,transcoder,0.8295653462409973,0.7355908155441284,-0.0939745306968689,0.0,-0.1132816493874713,"Node(id=27_7466_63, type=transcoder, layer=13, feature=7466, pos=63)",1
0,6,8484,transcoder,14,55,1214,transcoder,0.7802796959877014,0.6587448120117188,-0.12153488397598267,0.0,-0.15575810135894946,"Node(id=29_1214_55, type=transcoder, layer=14, feature=1214, pos=55)",1
0,6,8484,transcoder,9,55,7448,transcoder,0.2919863760471344,0.0,-0.2919863760471344,0.0,-1.0,"Node(id=19_7448_55, type=transcoder, layer=9, feature=7448, pos=55)",1
0,6,8484,transcoder,8,49,11854,transcoder,12.425396919250488,10.56045913696289,-1.8649377822875977,0.0,-0.1500908014775992,"Node(id=17_11854_49, type=transcoder, layer=8, feature=11854, pos=49)",1
0,6,8484,transcoder,1,54,14103,transcoder,0.2923813760280609,0.0,-0.2923813760280609,0.0,-1.0,"Node(id=3_14103_54, type=transcoder, layer=1, feature=14103, pos=54)",1
0,6,8484,transcoder,10,1,5090,transcoder,17.671863555908203,13.97861099243164,-3.6932525634765625,0.0,-0.208990554493151,"Node(id=21_5090_1, type=transcoder, layer=10, feature=5090, pos=1)",1
0,6,8484,transcoder,4,6,2640,transcoder,1.146464228630066,0.0,-1.146464228630066,0.0,-1.0,"Node(id=9_2640_6, type=transcoder, layer=4, feature=2640, pos=6)",1
0,6,8484,transcoder,8,8,11854,transcoder,22.290363311767578,18.665395736694336,-3.624967575073242,0.0,-0.1626248762468372,"Node(id=17_11854_8, type=transcoder, layer=8, feature=11854, pos=8)",1
0,6,8484,transcoder,10,2,10273,transcoder,24.12562370300293,11.332996368408203,-12.792627334594727,0.0,-0.5302506369193855,"Node(id=21_10273_2, type=transcoder, layer=10, feature=10273, pos=2)",1
0,6,1334,lorsa,0,6,8484,transcoder,2.3149871826171875,0.45708173513412476,-1.8579054474830627,0.0,-0.8025553927182546,"Node(id=1_8484_6, type=transcoder, layer=0, feature=8484, pos=6)",1
2,54,14622,lorsa,4,54,3019,transcoder,0.2689710259437561,0.0,-0.2689710259437561,0.0,-1.0,"Node(id=9_3019_54, type=transcoder, layer=4, feature=3019, pos=54)",1
1,51,11218,transcoder,4,54,3019,transcoder,0.2689710259437561,0.22325515747070312,-0.04571586847305298,0.0,-0.16996577349789532,"Node(id=9_3019_54, type=transcoder, layer=4, feature=3019, pos=54)",1
0,51,13740,lorsa,14,55,1214,transcoder,0.7802796959877014,0.6657558083534241,-0.11452388763427734,0.0,-0.14677286647746174,"Node(id=29_1214_55, type=transcoder, layer=14, feature=1214, pos=55)",1
0,51,13740,lorsa,0,51,3106,transcoder,0.5610666871070862,0.2900710701942444,-0.2709956169128418,0.0,-0.4830007254754711,"Node(id=1_3106_51, type=transcoder, layer=0, feature=3106, pos=51)",1
0,51,13740,lorsa,1,51,11331,transcoder,0.7390512824058533,0.5067070126533508,-0.23234426975250244,0.0,-0.31438179634320634,"Node(id=3_11331_51, type=transcoder, layer=1, feature=11331, pos=51)",1
0,51,13740,lorsa,5,55,13666,transcoder,0.33196818828582764,0.2971459627151489,-0.03482222557067871,0.0,-0.1048962725931331,"Node(id=11_13666_55, type=transcoder, layer=5, feature=13666, pos=55)",1
0,51,13740,lorsa,0,51,2952,transcoder,1.7277238368988037,1.5041389465332031,-0.22358489036560059,0.0,-0.1294100860279422,"Node(id=1_2952_51, type=transcoder, layer=0, feature=2952, pos=51)",1
9,55,7448,transcoder,14,55,1214,transcoder,0.7802796959877014,0.691653847694397,-0.08862584829330444,0.0,-0.11358215361623525,"Node(id=29_1214_55, type=transcoder, layer=14, feature=1214, pos=55)",1
1,55,10291,lorsa,14,55,1214,transcoder,0.7802796959877014,0.674420177936554,-0.10585951805114746,0.0,-0.13566868213474056,"Node(id=29_1214_55, type=transcoder, layer=14, feature=1214, pos=55)",1
0,51,3106,transcoder,14,55,1214,transcoder,0.7802796959877014,0.7020575404167175,-0.07822215557098389,0.0,-0.10024886713471115,"Node(id=29_1214_55, type=transcoder, layer=14, feature=1214, pos=55)",1
1,51,11331,transcoder,14,55,1214,transcoder,0.7802796959877014,0.46458637714385986,-0.31569331884384155,0.0,-0.40458994443553664,"Node(id=29_1214_55, type=transcoder, layer=14, feature=1214, pos=55)",1
1,54,14103,transcoder,14,55,1214,transcoder,0.7802796959877014,0.7000818252563477,-0.08019787073135376,0.0,-0.10278092733123972,"Node(id=29_1214_55, type=transcoder, layer=14, feature=1214, pos=55)",1
0,44,13231,transcoder,14,55,1214,transcoder,0.7802796959877014,0.6985371708869934,-0.08174252510070801,0.0,-0.10476054358589437,"Node(id=29_1214_55, type=transcoder, layer=14, feature=1214, pos=55)",1
5,55,13666,transcoder,14,55,1214,transcoder,0.7802796959877014,0.6548185348510742,-0.1254611611366272,0.0,-0.16078998567022137,"Node(id=29_1214_55, type=transcoder, layer=14, feature=1214, pos=55)",1
4,6,2640,transcoder,14,55,1214,transcoder,0.7802796959877014,0.7010729908943176,-0.07920670509338379,0.0,-0.10151065765349894,"Node(id=29_1214_55, type=transcoder, layer=14, feature=1214, pos=55)",1
10,55,3280,transcoder,14,55,1214,transcoder,0.7802796959877014,0.6961286664009094,-0.08415102958679199,0.0,-0.10784726300005935,"Node(id=29_1214_55, type=transcoder, layer=14, feature=1214, pos=55)",1
10,55,546,transcoder,14,55,1214,transcoder,0.7802796959877014,0.658605694770813,-0.12167400121688843,0.0,-0.15593639286342037,"Node(id=29_1214_55, type=transcoder, layer=14, feature=1214, pos=55)",1
0,39,7176,lorsa,14,55,1214,transcoder,0.7802796959877014,0.5920652747154236,-0.18821442127227783,0.0,-0.24121404445111233,"Node(id=29_1214_55, type=transcoder, layer=14, feature=1214, pos=55)",1
0,54,8584,transcoder,14,55,1214,transcoder,0.7802796959877014,0.6241096258163452,-0.1561700701713562,0.0,-0.20014626931138,"Node(id=29_1214_55, type=transcoder, layer=14, feature=1214, pos=55)",1
1,51,11218,transcoder,14,55,1214,transcoder,0.7802796959877014,0.4975599944591522,-0.2827197015285492,0.0,-0.36233122940700657,"Node(id=29_1214_55, type=transcoder, layer=14, feature=1214, pos=55)",1
3,54,6230,transcoder,4,55,15932,lorsa,2.069827079772949,1.7542210817337036,-0.3156059980392456,0.0,-0.15247940329095808,"Node(id=8_15932_55, type=lorsa, layer=4, feature=15932, pos=55)",1
0,51,2952,transcoder,1,55,2396,lorsa,0.5269799828529358,0.0,-0.5269799828529358,0.0,-1.0,"Node(id=2_2396_55, type=lorsa, layer=1, feature=2396, pos=55)",1
0,51,2952,transcoder,13,55,10331,transcoder,0.5097225308418274,0.4049822986125946,-0.10474023222923279,0.0,-0.20548479985032259,"Node(id=27_10331_55, type=transcoder, layer=13, feature=10331, pos=55)",1
4,6,2640,transcoder,9,55,7448,transcoder,0.2919863760471344,0.25210922956466675,-0.03987714648246765,0.0,-0.13657194223346372,"Node(id=19_7448_55, type=transcoder, layer=9, feature=7448, pos=55)",1
0,51,2952,transcoder,9,55,7448,transcoder,0.2919863760471344,0.0,-0.2919863760471344,0.0,-1.0,"Node(id=19_7448_55, type=transcoder, layer=9, feature=7448, pos=55)",1
1,55,2413,lorsa,1,55,6272,transcoder,0.3085007071495056,0.2775716781616211,-0.03092902898788452,0.0,-0.1002559419511985,"Node(id=3_6272_55, type=transcoder, layer=1, feature=6272, pos=55)",1
0,51,2952,transcoder,10,55,15174,transcoder,0.40954360365867615,0.3009949028491974,-0.10854870080947876,0.0,-0.26504797008121744,"Node(id=21_15174_55, type=transcoder, layer=10, feature=15174, pos=55)",1
7,54,13289,transcoder,11,55,8862,transcoder,0.643543541431427,0.5772197842597961,-0.06632375717163086,0.0,-0.10306024829976172,"Node(id=23_8862_55, type=transcoder, layer=11, feature=8862, pos=55)",1
11,55,8862,transcoder,12,55,11739,transcoder,0.2567141354084015,0.0,-0.2567141354084015,0.0,-1.0,"Node(id=25_11739_55, type=transcoder, layer=12, feature=11739, pos=55)",1
10,55,546,transcoder,11,55,8862,transcoder,0.643543541431427,0.5676770210266113,-0.07586652040481567,0.0,-0.11788871384843143,"Node(id=23_8862_55, type=transcoder, layer=11, feature=8862, pos=55)",1
0,51,2952,transcoder,11,55,8862,transcoder,0.643543541431427,0.34887903928756714,-0.29466450214385986,0.0,-0.45787811262691064,"Node(id=23_8862_55, type=transcoder, layer=11, feature=8862, pos=55)",1
7,54,13289,transcoder,8,55,3569,transcoder,0.576390266418457,0.44054436683654785,-0.13584589958190918,0.0,-0.23568388901849638,"Node(id=17_3569_55, type=transcoder, layer=8, feature=3569, pos=55)",1
0,51,2952,transcoder,8,55,3569,transcoder,0.576390266418457,0.37860915064811707,-0.19778111577033997,0.0,-0.3431375012616047,"Node(id=17_3569_55, type=transcoder, layer=8, feature=3569, pos=55)",1
0,54,1338,lorsa,0,54,7232,transcoder,0.6145036220550537,0.5064076781272888,-0.10809594392776489,0.0,-0.17590774089543204,"Node(id=1_7232_54, type=transcoder, layer=0, feature=7232, pos=54)",1
4,55,15932,lorsa,5,55,16275,lorsa,1.9964919090270996,1.726878046989441,-0.2696138620376587,0.0,-0.13504380399369756,"Node(id=10_16275_55, type=lorsa, layer=5, feature=16275, pos=55)",1
7,54,13289,transcoder,12,55,11739,transcoder,0.2567141354084015,0.0,-0.2567141354084015,0.0,-1.0,"Node(id=25_11739_55, type=transcoder, layer=12, feature=11739, pos=55)",1
0,51,2952,transcoder,7,54,13289,transcoder,0.9898383617401123,0.6509582996368408,-0.3388800621032715,0.0,-0.3423589903179024,"Node(id=15_13289_54, type=transcoder, layer=7, feature=13289, pos=54)",1
1,51,11331,transcoder,5,55,13666,transcoder,0.33196818828582764,0.26682162284851074,-0.0651465654373169,0.0,-0.1962433984223365,"Node(id=11_13666_55, type=transcoder, layer=5, feature=13666, pos=55)",1
0,51,2952,transcoder,1,51,11331,transcoder,0.7390512824058533,0.0,-0.7390512824058533,0.0,-1.0,"Node(id=3_11331_51, type=transcoder, layer=1, feature=11331, pos=51)",1
0,6,1334,lorsa,1,54,14103,transcoder,0.2923813760280609,0.0,-0.2923813760280609,0.0,-1.0,"Node(id=3_14103_54, type=transcoder, layer=1, feature=14103, pos=54)",1
0,51,2952,transcoder,3,62,11384,lorsa,8.462882995605469,7.149542331695557,-1.313340663909912,0.0,-0.15518832820823494,"Node(id=6_11384_62, type=lorsa, layer=3, feature=11384, pos=62)",1
8,8,11854,transcoder,10,1,5090,transcoder,17.671863555908203,15.592711448669434,-2.0791521072387695,0.0,-0.11765324583120439,"Node(id=21_5090_1, type=transcoder, layer=10, feature=5090, pos=1)",1
10,1,5090,transcoder,12,55,11739,transcoder,0.2567141354084015,0.22733654081821442,-0.029377594590187073,0.0,-0.11443699640244132,"Node(id=25_11739_55, type=transcoder, layer=12, feature=11739, pos=55)",1
0,51,2952,transcoder,10,1,5090,transcoder,17.671863555908203,9.77138900756836,-7.900474548339844,0.0,-0.44706516227591014,"Node(id=21_5090_1, type=transcoder, layer=10, feature=5090, pos=1)",1
5,55,13666,transcoder,10,55,3280,transcoder,0.24856069684028625,0.2212023138999939,-0.02735838294029236,0.0,-0.11006721210582865,"Node(id=21_3280_55, type=transcoder, layer=10, feature=3280, pos=55)",1
1,51,11218,transcoder,5,55,13666,transcoder,0.33196818828582764,0.2611668109893799,-0.07080137729644775,0.0,-0.21327759645296832,"Node(id=11_13666_55, type=transcoder, layer=5, feature=13666, pos=55)",1
0,51,2952,transcoder,5,55,13666,transcoder,0.33196818828582764,0.0,-0.33196818828582764,0.0,-1.0,"Node(id=11_13666_55, type=transcoder, layer=5, feature=13666, pos=55)",1
0,51,2952,transcoder,8,55,7940,transcoder,0.6999607682228088,0.25563907623291016,-0.4443216919898987,0.0,-0.634780850815433,"Node(id=17_7940_55, type=transcoder, layer=8, feature=7940, pos=55)",1
2,63,14106,transcoder,3,63,10866,transcoder,1.8151174783706665,0.06277555227279663,-1.7523419260978699,0.0,-0.9654151574094549,"Node(id=7_10866_63, type=transcoder, layer=3, feature=10866, pos=63)",1
0,39,7176,lorsa,0,39,6625,transcoder,0.23532579839229584,0.0,-0.23532579839229584,0.0,-1.0,"Node(id=1_6625_39, type=transcoder, layer=0, feature=6625, pos=39)",1
0,51,2952,transcoder,8,8,11854,transcoder,22.290363311767578,20.05851936340332,-2.231843948364258,0.0,-0.10012595654670275,"Node(id=17_11854_8, type=transcoder, layer=8, feature=11854, pos=8)",1
8,8,11854,transcoder,10,2,10273,transcoder,24.12562370300293,20.885114669799805,-3.240509033203125,0.0,-0.13431814543305576,"Node(id=21_10273_2, type=transcoder, layer=10, feature=10273, pos=2)",1
10,55,546,transcoder,12,55,11739,transcoder,0.2567141354084015,0.0,-0.2567141354084015,0.0,-1.0,"Node(id=25_11739_55, type=transcoder, layer=12, feature=11739, pos=55)",1
0,54,8584,transcoder,12,55,11739,transcoder,0.2567141354084015,0.0,-0.2567141354084015,0.0,-1.0,"Node(id=25_11739_55, type=transcoder, layer=12, feature=11739, pos=55)",1
0,51,2952,transcoder,10,55,3280,transcoder,0.24856069684028625,0.0,-0.24856069684028625,0.0,-1.0,"Node(id=21_3280_55, type=transcoder, layer=10, feature=3280, pos=55)",1
0,51,2952,transcoder,14,55,11920,transcoder,0.7073771357536316,0.0,-0.7073771357536316,0.0,-1.0,"Node(id=29_11920_55, type=transcoder, layer=14, feature=11920, pos=55)",1
0,51,2952,transcoder,5,55,16275,lorsa,1.9964919090270996,0.0,-1.9964919090270996,0.0,-1.0,"Node(id=10_16275_55, type=lorsa, layer=5, feature=16275, pos=55)",1
0,51,2952,transcoder,1,51,11218,transcoder,0.6390401721000671,0.0,-0.6390401721000671,0.0,-1.0,"Node(id=3_11218_51, type=transcoder, layer=1, feature=11218, pos=51)",1
0,51,2952,transcoder,2,63,14106,transcoder,1.4190014600753784,1.2646446228027344,-0.15435683727264404,0.0,-0.10877849080186605,"Node(id=5_14106_63, type=transcoder, layer=2, feature=14106, pos=63)",1
0,51,2952,transcoder,10,2,10273,transcoder,24.12562370300293,9.163463592529297,-14.962160110473633,0.0,-0.6201771317775832,"Node(id=21_10273_2, type=transcoder, layer=10, feature=10273, pos=2)",1
